Time	 Node0px 	 Node0py 	 Node0pz 	 Node1px 	 Node1py 	 Node1pz 	 Node2px 	 Node2py 	 Node2pz 	 Node3px 	 Node3py 	 Node3pz 	 Node4px 	 Node4py 	 Node4pz 	 Node5px 	 Node5py 	 Node5pz 	 Seg0Te 	 Seg1Te 	 Seg2Te 	 Seg3Te 	 Seg4Te 	 
(s)	 (m) 	(m) 	(m) 	(m) 	(m) 	(m) 	(m) 	(m) 	(m) 	(m) 	(m) 	(m) 	(m) 	(m) 	(m) 	(m) 	(m) 	(m) 	(N) 	(N) 	(N) 	(N) 	(N) 	
0	 0.381	 -0.678	 -0.99	 0.377669	 -0.67177	 -0.973767	 0.374392	 -0.665513	 -0.957535	 0.371182	 -0.659226	 -0.9413	 0.367887	 -0.652972	 -0.92507	 0.364491	 -0.646761	 -0.908844	 1.72466	 1.72464	 1.72462	 1.7246	 1.72458	 
0.01	 0.381	 -0.678	 -0.99	 0.377624	 -0.67175	 -0.973785	 0.374418	 -0.665505	 -0.957533	 0.371213	 -0.659246	 -0.941287	 0.367869	 -0.652983	 -0.925071	 0.364504	 -0.646733	 -0.908854	 1.72463	 1.72461	 1.72457	 1.72455	 1.72452	 
0.02	 0.381	 -0.678	 -0.99	 0.377693	 -0.671727	 -0.97378	 0.374425	 -0.665476	 -0.957543	 0.37115	 -0.659261	 -0.941294	 0.36785	 -0.653014	 -0.925063	 0.364555	 -0.646716	 -0.908851	 1.72461	 1.72458	 1.72456	 1.72451	 1.72448	 
0.03	 0.381	 -0.678	 -0.99	 0.377795	 -0.671711	 -0.973766	 0.374425	 -0.665487	 -0.957541	 0.371074	 -0.659267	 -0.941311	 0.367848	 -0.653005	 -0.925072	 0.364618	 -0.646737	 -0.908836	 1.72447	 1.72444	 1.7244	 1.72437	 1.72434	 
0.04	 0.381	 -0.678	 -0.99	 0.377777	 -0.671749	 -0.973758	 0.374451	 -0.665503	 -0.957534	 0.371066	 -0.659246	 -0.941327	 0.367798	 -0.65299	 -0.925096	 0.364631	 -0.64675	 -0.908839	 1.72414	 1.72411	 1.7241	 1.72404	 1.72406	 
0.05	 0.381	 -0.678	 -0.99	 0.377731	 -0.671794	 -0.973753	 0.374468	 -0.665506	 -0.957537	 0.371174	 -0.659224	 -0.941325	 0.367882	 -0.652993	 -0.925093	 0.364618	 -0.646757	 -0.908857	 1.72364	 1.72361	 1.72358	 1.72354	 1.72353	 
0.06	 0.381	 -0.678	 -0.99	 0.377672	 -0.671771	 -0.973779	 0.374412	 -0.665513	 -0.957555	 0.371227	 -0.659233	 -0.941325	 0.367938	 -0.652987	 -0.925102	 0.364533	 -0.646776	 -0.908891	 1.72298	 1.72295	 1.72293	 1.7229	 1.72289	 
0.07	 0.381	 -0.678	 -0.99	 0.377637	 -0.671738	 -0.973804	 0.374436	 -0.665504	 -0.957566	 0.371243	 -0.659262	 -0.941328	 0.367913	 -0.653008	 -0.925123	 0.364551	 -0.646766	 -0.908921	 1.72215	 1.72212	 1.72209	 1.72206	 1.72204	 
0.08	 0.381	 -0.678	 -0.99	 0.377713	 -0.671734	 -0.973797	 0.374459	 -0.665492	 -0.957579	 0.371179	 -0.659286	 -0.941353	 0.367891	 -0.65304	 -0.925144	 0.364632	 -0.646739	 -0.90895	 1.72116	 1.72113	 1.7211	 1.72106	 1.72103	 
0.09	 0.381	 -0.678	 -0.99	 0.377818	 -0.671734	 -0.973784	 0.374446	 -0.665517	 -0.957588	 0.371091	 -0.659298	 -0.941389	 0.367883	 -0.653036	 -0.925177	 0.364676	 -0.646768	 -0.908968	 1.72012	 1.7201	 1.72007	 1.72004	 1.72001	 
0.1	 0.381	 -0.678	 -0.99	 0.377797	 -0.671757	 -0.973787	 0.374483	 -0.665521	 -0.957594	 0.371121	 -0.659268	 -0.941418	 0.367879	 -0.653025	 -0.925214	 0.364718	 -0.646809	 -0.908983	 1.71902	 1.71898	 1.71897	 1.71892	 1.71894	 
0.11	 0.381	 -0.678	 -0.99	 0.3777	 -0.671799	 -0.973798	 0.374454	 -0.665519	 -0.957617	 0.37118	 -0.659253	 -0.941435	 0.367889	 -0.65305	 -0.925234	 0.364639	 -0.646837	 -0.909027	 1.71789	 1.71787	 1.71786	 1.71782	 1.7178	 
0.12	 0.381	 -0.678	 -0.99	 0.377681	 -0.671786	 -0.973815	 0.37445	 -0.665536	 -0.957626	 0.371297	 -0.659271	 -0.941428	 0.368014	 -0.65304	 -0.925243	 0.364602	 -0.646834	 -0.909075	 1.71682	 1.71679	 1.71678	 1.71676	 1.71676	 
0.13	 0.381	 -0.678	 -0.99	 0.377655	 -0.671753	 -0.973841	 0.374449	 -0.665545	 -0.957639	 0.371261	 -0.659315	 -0.941443	 0.367947	 -0.653057	 -0.925282	 0.364587	 -0.646819	 -0.909123	 1.71572	 1.71569	 1.71567	 1.71564	 1.71563	 
0.14	 0.381	 -0.678	 -0.99	 0.377738	 -0.671744	 -0.973836	 0.374493	 -0.665521	 -0.957656	 0.371201	 -0.659336	 -0.941471	 0.367925	 -0.653103	 -0.925301	 0.364708	 -0.646814	 -0.909142	 1.71457	 1.71455	 1.71453	 1.71449	 1.71446	 
0.15	 0.381	 -0.678	 -0.99	 0.377842	 -0.671746	 -0.973823	 0.374471	 -0.665533	 -0.957673	 0.37111	 -0.659335	 -0.941515	 0.367915	 -0.653106	 -0.925336	 0.364735	 -0.646856	 -0.909162	 1.71344	 1.71341	 1.71338	 1.71335	 1.71332	 
0.16	 0.381	 -0.678	 -0.99	 0.377807	 -0.671782	 -0.973824	 0.374493	 -0.665564	 -0.957674	 0.371147	 -0.659315	 -0.941541	 0.367913	 -0.653084	 -0.92538	 0.364739	 -0.646895	 -0.909191	 1.71219	 1.71216	 1.71215	 1.71208	 1.71209	 
0.17	 0.381	 -0.678	 -0.99	 0.377699	 -0.67183	 -0.973837	 0.374499	 -0.665567	 -0.95769	 0.37126	 -0.659302	 -0.941551	 0.367957	 -0.653099	 -0.925402	 0.364688	 -0.646901	 -0.909243	 1.71091	 1.71088	 1.71086	 1.71082	 1.7108	 
0.18	 0.381	 -0.678	 -0.99	 0.377664	 -0.671801	 -0.973864	 0.37445	 -0.665565	 -0.957719	 0.37132	 -0.659325	 -0.941558	 0.368042	 -0.653113	 -0.925416	 0.364632	 -0.646911	 -0.909297	 1.70964	 1.70961	 1.7096	 1.70957	 1.70958	 
0.19	 0.381	 -0.678	 -0.99	 0.37767	 -0.671743	 -0.973895	 0.374444	 -0.66556	 -0.957741	 0.371259	 -0.659367	 -0.941582	 0.367981	 -0.653134	 -0.925457	 0.364643	 -0.646915	 -0.90934	 1.70833	 1.70829	 1.70827	 1.70824	 1.70824	 
0.2	 0.381	 -0.678	 -0.99	 0.377766	 -0.671751	 -0.973882	 0.374518	 -0.66555	 -0.957748	 0.371204	 -0.659386	 -0.941614	 0.367942	 -0.653172	 -0.925488	 0.364776	 -0.646902	 -0.909366	 1.707	 1.70698	 1.70696	 1.70693	 1.7069	 
0.21	 0.381	 -0.678	 -0.99	 0.377862	 -0.671786	 -0.973859	 0.374501	 -0.665578	 -0.957761	 0.371132	 -0.65938	 -0.94166	 0.367942	 -0.653163	 -0.925531	 0.364793	 -0.646924	 -0.909403	 1.70567	 1.70564	 1.70561	 1.70558	 1.70556	 
0.22	 0.381	 -0.678	 -0.99	 0.377809	 -0.671812	 -0.97387	 0.374503	 -0.665608	 -0.95777	 0.371191	 -0.659358	 -0.941689	 0.367968	 -0.653138	 -0.925578	 0.364763	 -0.646977	 -0.909442	 1.70417	 1.70412	 1.70411	 1.70404	 1.70403	 
0.23	 0.381	 -0.678	 -0.99	 0.377674	 -0.671835	 -0.973901	 0.37451	 -0.66559	 -0.957799	 0.371315	 -0.659345	 -0.941705	 0.368005	 -0.653166	 -0.925609	 0.36472	 -0.646997	 -0.909503	 1.70249	 1.70246	 1.70242	 1.70238	 1.70235	 
0.24	 0.381	 -0.678	 -0.99	 0.377655	 -0.671809	 -0.973928	 0.374463	 -0.665589	 -0.957837	 0.371341	 -0.659386	 -0.941726	 0.368054	 -0.653202	 -0.925641	 0.364649	 -0.647	 -0.909587	 1.70054	 1.7005	 1.70048	 1.70042	 1.70045	 
0.25	 0.381	 -0.678	 -0.99	 0.377734	 -0.67176	 -0.973948	 0.374495	 -0.665607	 -0.957858	 0.371301	 -0.659437	 -0.941764	 0.368053	 -0.653208	 -0.925706	 0.364726	 -0.646991	 -0.909658	 1.69818	 1.69815	 1.69813	 1.69807	 1.69808	 
0.26	 0.381	 -0.678	 -0.99	 0.377793	 -0.671781	 -0.973947	 0.374522	 -0.665612	 -0.957888	 0.371173	 -0.659462	 -0.941838	 0.367931	 -0.653254	 -0.925789	 0.364819	 -0.647009	 -0.909728	 1.69552	 1.69549	 1.69546	 1.69543	 1.69542	 
0.27	 0.381	 -0.678	 -0.99	 0.377866	 -0.671823	 -0.973938	 0.374535	 -0.665621	 -0.957925	 0.371173	 -0.659442	 -0.94191	 0.36799	 -0.653269	 -0.925857	 0.364875	 -0.647065	 -0.909802	 1.69257	 1.69254	 1.6925	 1.69246	 1.69245	 
0.28	 0.381	 -0.678	 -0.99	 0.377787	 -0.671843	 -0.973968	 0.374491	 -0.665656	 -0.957966	 0.371232	 -0.65943	 -0.941971	 0.368019	 -0.653255	 -0.925947	 0.36477	 -0.647142	 -0.909907	 1.68938	 1.68934	 1.68933	 1.68926	 1.68924	 
0.29	 0.381	 -0.678	 -0.99	 0.377655	 -0.671858	 -0.974012	 0.374526	 -0.665659	 -0.958003	 0.371385	 -0.659446	 -0.942002	 0.368073	 -0.653287	 -0.926014	 0.364752	 -0.647157	 -0.910018	 1.68625	 1.68622	 1.68619	 1.68616	 1.68612	 
0.3	 0.381	 -0.678	 -0.99	 0.377659	 -0.671836	 -0.974041	 0.374498	 -0.665653	 -0.958053	 0.371375	 -0.659499	 -0.942047	 0.368088	 -0.653341	 -0.926076	 0.364724	 -0.647142	 -0.910136	 1.68327	 1.68324	 1.68323	 1.68317	 1.6832	 
0.31	 0.381	 -0.678	 -0.99	 0.377784	 -0.671788	 -0.974054	 0.374495	 -0.665673	 -0.958085	 0.37126	 -0.659553	 -0.942107	 0.368057	 -0.653359	 -0.926151	 0.364791	 -0.647158	 -0.910211	 1.68058	 1.68056	 1.68056	 1.68052	 1.68052	 
0.32	 0.381	 -0.678	 -0.99	 0.377856	 -0.67181	 -0.974047	 0.374568	 -0.665682	 -0.958098	 0.371195	 -0.659555	 -0.942168	 0.367983	 -0.65338	 -0.926222	 0.364906	 -0.647197	 -0.910254	 1.67835	 1.67833	 1.67834	 1.67832	 1.67833	 
0.33	 0.381	 -0.678	 -0.99	 0.377847	 -0.671881	 -0.974035	 0.374569	 -0.665692	 -0.958122	 0.371224	 -0.659525	 -0.942214	 0.36801	 -0.653398	 -0.926264	 0.364895	 -0.647246	 -0.910305	 1.67644	 1.67641	 1.67642	 1.67639	 1.67642	 
0.34	 0.381	 -0.678	 -0.99	 0.377749	 -0.671895	 -0.974061	 0.374493	 -0.665726	 -0.958148	 0.371309	 -0.659521	 -0.942234	 0.368083	 -0.653381	 -0.926303	 0.364757	 -0.647296	 -0.910373	 1.67478	 1.67477	 1.67476	 1.67474	 1.67471	 
0.35	 0.381	 -0.678	 -0.99	 0.377637	 -0.671869	 -0.974105	 0.374508	 -0.66573	 -0.958165	 0.371408	 -0.659558	 -0.942233	 0.368105	 -0.653409	 -0.926333	 0.364734	 -0.647303	 -0.91043	 1.67329	 1.67327	 1.67324	 1.67322	 1.6732	 
0.36	 0.381	 -0.678	 -0.99	 0.377677	 -0.671842	 -0.974118	 0.374517	 -0.665703	 -0.958197	 0.371346	 -0.659608	 -0.942261	 0.368061	 -0.653475	 -0.926362	 0.364776	 -0.647279	 -0.910489	 1.67167	 1.67163	 1.67161	 1.67154	 1.67154	 
0.37	 0.381	 -0.678	 -0.99	 0.377847	 -0.671818	 -0.974106	 0.374512	 -0.665716	 -0.958218	 0.371208	 -0.659637	 -0.942315	 0.368034	 -0.653486	 -0.926414	 0.364842	 -0.647301	 -0.91053	 1.66993	 1.66989	 1.66987	 1.66982	 1.66978	 
0.38	 0.381	 -0.678	 -0.99	 0.377881	 -0.67185	 -0.9741	 0.374551	 -0.665746	 -0.958225	 0.371172	 -0.659616	 -0.942371	 0.367994	 -0.653468	 -0.926483	 0.364915	 -0.647351	 -0.910563	 1.66807	 1.66803	 1.66801	 1.66795	 1.66798	 
0.39	 0.381	 -0.678	 -0.99	 0.377768	 -0.671927	 -0.974107	 0.374546	 -0.665753	 -0.958251	 0.371254	 -0.659582	 -0.942408	 0.367998	 -0.653483	 -0.926531	 0.364843	 -0.647385	 -0.910632	 1.66612	 1.66608	 1.66609	 1.66602	 1.66604	 
0.4	 0.381	 -0.678	 -0.99	 0.377696	 -0.67192	 -0.974136	 0.374509	 -0.665755	 -0.958282	 0.3714	 -0.659581	 -0.942415	 0.368138	 -0.653474	 -0.926553	 0.364741	 -0.647387	 -0.910712	 1.66445	 1.66444	 1.66443	 1.66442	 1.66442	 
0.41	 0.381	 -0.678	 -0.99	 0.377658	 -0.671852	 -0.974179	 0.374486	 -0.665758	 -0.958302	 0.371385	 -0.659635	 -0.942423	 0.368107	 -0.653487	 -0.926589	 0.364705	 -0.647375	 -0.910766	 1.66328	 1.66325	 1.66326	 1.66324	 1.66329	 
0.42	 0.381	 -0.678	 -0.99	 0.377749	 -0.671829	 -0.974173	 0.374558	 -0.665727	 -0.958306	 0.371304	 -0.659663	 -0.942438	 0.368039	 -0.653528	 -0.9266	 0.364853	 -0.647336	 -0.910768	 1.66278	 1.66277	 1.66278	 1.66277	 1.66274	 
0.43	 0.381	 -0.678	 -0.99	 0.377878	 -0.671855	 -0.974134	 0.374521	 -0.665734	 -0.958306	 0.371138	 -0.659651	 -0.942469	 0.367965	 -0.653526	 -0.926605	 0.364865	 -0.647344	 -0.910748	 1.66321	 1.6632	 1.6632	 1.6632	 1.66319	 
0.44	 0.381	 -0.678	 -0.99	 0.377873	 -0.671891	 -0.974113	 0.374528	 -0.665774	 -0.958273	 0.371187	 -0.65961	 -0.94245	 0.368013	 -0.653472	 -0.926584	 0.364854	 -0.647394	 -0.910691	 1.66433	 1.66431	 1.66432	 1.66427	 1.66429	 
0.45	 0.381	 -0.678	 -0.99	 0.377687	 -0.671929	 -0.974124	 0.37452	 -0.665767	 -0.958254	 0.371314	 -0.659578	 -0.942402	 0.368011	 -0.653469	 -0.926539	 0.364745	 -0.647404	 -0.910651	 1.66592	 1.6659	 1.66591	 1.66586	 1.66585	 
0.46	 0.381	 -0.678	 -0.99	 0.37761	 -0.671903	 -0.974138	 0.374458	 -0.665739	 -0.958253	 0.37136	 -0.6596	 -0.942347	 0.368047	 -0.653501	 -0.92647	 0.364634	 -0.647374	 -0.910625	 1.66769	 1.66765	 1.66765	 1.6676	 1.66763	 
0.47	 0.381	 -0.678	 -0.99	 0.377709	 -0.67182	 -0.974139	 0.37446	 -0.665737	 -0.958233	 0.371299	 -0.65965	 -0.94231	 0.368053	 -0.653497	 -0.92643	 0.364675	 -0.647344	 -0.910578	 1.66906	 1.66902	 1.66902	 1.66893	 1.66899	 
0.48	 0.381	 -0.678	 -0.99	 0.377806	 -0.671818	 -0.974114	 0.374518	 -0.665738	 -0.958208	 0.371156	 -0.659666	 -0.942314	 0.367915	 -0.653509	 -0.926428	 0.364792	 -0.647331	 -0.910527	 1.66995	 1.66992	 1.66988	 1.66985	 1.66983	 
0.49	 0.381	 -0.678	 -0.99	 0.37786	 -0.671888	 -0.974074	 0.374521	 -0.665737	 -0.958203	 0.371095	 -0.65962	 -0.942338	 0.367881	 -0.653508	 -0.926427	 0.36481	 -0.647349	 -0.910506	 1.67028	 1.67024	 1.67022	 1.67016	 1.67019	 
0.5	 0.381	 -0.678	 -0.99	 0.377791	 -0.671917	 -0.974077	 0.374457	 -0.665767	 -0.958207	 0.371173	 -0.659584	 -0.942339	 0.367958	 -0.653472	 -0.92643	 0.364686	 -0.647415	 -0.910512	 1.67009	 1.67005	 1.67002	 1.66996	 1.66993	 
0.51	 0.381	 -0.678	 -0.99	 0.377619	 -0.671906	 -0.97412	 0.374458	 -0.66577	 -0.958211	 0.371321	 -0.659592	 -0.942314	 0.367991	 -0.653477	 -0.926432	 0.364599	 -0.647428	 -0.910538	 1.66973	 1.66969	 1.66966	 1.66962	 1.66959	 
0.52	 0.381	 -0.678	 -0.99	 0.377594	 -0.671881	 -0.974139	 0.374459	 -0.665743	 -0.958229	 0.371323	 -0.659644	 -0.942306	 0.367968	 -0.653537	 -0.92643	 0.364574	 -0.647378	 -0.910583	 1.66919	 1.66915	 1.66913	 1.66905	 1.66907	 
0.53	 0.381	 -0.678	 -0.99	 0.377768	 -0.671834	 -0.974127	 0.374446	 -0.665758	 -0.958238	 0.37118	 -0.659701	 -0.942331	 0.367953	 -0.653554	 -0.92645	 0.364659	 -0.647365	 -0.9106	 1.66832	 1.66828	 1.66827	 1.66818	 1.66818	 
0.54	 0.381	 -0.678	 -0.99	 0.377857	 -0.671846	 -0.974114	 0.374475	 -0.665788	 -0.958241	 0.371046	 -0.659706	 -0.942387	 0.367843	 -0.653557	 -0.926512	 0.364746	 -0.647428	 -0.910609	 1.66695	 1.6669	 1.66688	 1.66682	 1.66682	 
0.55	 0.381	 -0.678	 -0.99	 0.377803	 -0.671931	 -0.974111	 0.374506	 -0.665785	 -0.958272	 0.371103	 -0.659657	 -0.942448	 0.367844	 -0.653585	 -0.926574	 0.364746	 -0.647499	 -0.910672	 1.66441	 1.66435	 1.66433	 1.66421	 1.66429	 
0.56	 0.381	 -0.678	 -0.99	 0.377691	 -0.671965	 -0.974149	 0.374426	 -0.665815	 -0.958334	 0.371226	 -0.659659	 -0.942508	 0.367949	 -0.653601	 -0.926661	 0.364576	 -0.647566	 -0.910826	 1.6604	 1.66035	 1.66029	 1.66021	 1.66017	 
0.57	 0.381	 -0.678	 -0.99	 0.377611	 -0.671919	 -0.974224	 0.374437	 -0.665848	 -0.958398	 0.371354	 -0.659727	 -0.942576	 0.368035	 -0.65362	 -0.926796	 0.364553	 -0.647579	 -0.911025	 1.6549	 1.65483	 1.65478	 1.65469	 1.65471	 
0.58	 0.381	 -0.678	 -0.99	 0.37764	 -0.671888	 -0.974279	 0.374468	 -0.665834	 -0.958496	 0.371258	 -0.659805	 -0.942712	 0.367928	 -0.653704	 -0.926982	 0.364635	 -0.647557	 -0.911261	 1.64804	 1.64798	 1.6479	 1.6478	 1.64778	 
0.59	 0.381	 -0.678	 -0.99	 0.377849	 -0.671886	 -0.974289	 0.374504	 -0.66583	 -0.958596	 0.371133	 -0.659831	 -0.942886	 0.367935	 -0.653759	 -0.927169	 0.364798	 -0.647602	 -0.911473	 1.64069	 1.64065	 1.64062	 1.64055	 1.6405	 
0.6	 0.381	 -0.678	 -0.99	 0.377908	 -0.671918	 -0.974314	 0.374503	 -0.665874	 -0.958679	 0.371099	 -0.659805	 -0.943053	 0.367946	 -0.653739	 -0.927374	 0.364832	 -0.647714	 -0.911671	 1.63378	 1.63374	 1.63372	 1.63367	 1.63369	 
0.61	 0.381	 -0.678	 -0.99	 0.37772	 -0.671995	 -0.974365	 0.374501	 -0.665904	 -0.95875	 0.371231	 -0.659781	 -0.943158	 0.367947	 -0.653751	 -0.927533	 0.364737	 -0.647779	 -0.91187	 1.62795	 1.62794	 1.628	 1.62793	 1.62796	 
0.62	 0.381	 -0.678	 -0.99	 0.377606	 -0.67201	 -0.974411	 0.374489	 -0.665902	 -0.95881	 0.371402	 -0.659811	 -0.943197	 0.36807	 -0.653791	 -0.927606	 0.364654	 -0.647755	 -0.912038	 1.62405	 1.62405	 1.62409	 1.62412	 1.62414	 
0.63	 0.381	 -0.678	 -0.99	 0.377679	 -0.671923	 -0.974445	 0.374456	 -0.665914	 -0.958843	 0.371345	 -0.659897	 -0.943221	 0.368086	 -0.653817	 -0.927653	 0.364652	 -0.647734	 -0.912124	 1.62184	 1.62183	 1.62193	 1.62189	 1.62202	 
0.64	 0.381	 -0.678	 -0.99	 0.377823	 -0.671879	 -0.974437	 0.374541	 -0.665902	 -0.95884	 0.37121	 -0.659922	 -0.943255	 0.367986	 -0.653831	 -0.927689	 0.364838	 -0.647729	 -0.912112	 1.62114	 1.62115	 1.6212	 1.62122	 1.62121	 
0.65	 0.381	 -0.678	 -0.99	 0.377875	 -0.671955	 -0.974395	 0.374547	 -0.665891	 -0.958839	 0.371095	 -0.659871	 -0.943294	 0.367884	 -0.653847	 -0.927698	 0.364878	 -0.647765	 -0.912083	 1.62143	 1.62141	 1.62146	 1.62145	 1.62155	 
0.66	 0.381	 -0.678	 -0.99	 0.377813	 -0.672016	 -0.974381	 0.374492	 -0.665923	 -0.958832	 0.371206	 -0.659817	 -0.94328	 0.368002	 -0.653802	 -0.927677	 0.364763	 -0.647818	 -0.912069	 1.6219	 1.62189	 1.62187	 1.62184	 1.62183	 
0.67	 0.381	 -0.678	 -0.99	 0.377624	 -0.671993	 -0.974426	 0.374445	 -0.665944	 -0.958827	 0.371346	 -0.659826	 -0.943239	 0.368039	 -0.653774	 -0.927668	 0.364594	 -0.647819	 -0.91209	 1.62236	 1.62232	 1.62233	 1.62229	 1.62227	 
0.68	 0.381	 -0.678	 -0.99	 0.377575	 -0.671943	 -0.974455	 0.374472	 -0.665901	 -0.958837	 0.371355	 -0.659881	 -0.943214	 0.367999	 -0.653832	 -0.927652	 0.364623	 -0.647749	 -0.912107	 1.6225	 1.62246	 1.62241	 1.62234	 1.62234	 
0.69	 0.381	 -0.678	 -0.99	 0.377783	 -0.671898	 -0.97443	 0.374481	 -0.665874	 -0.958847	 0.371185	 -0.659915	 -0.943238	 0.367958	 -0.653862	 -0.927652	 0.364736	 -0.647713	 -0.912103	 1.62229	 1.62225	 1.62225	 1.62215	 1.62213	 
0.7	 0.381	 -0.678	 -0.99	 0.377924	 -0.671908	 -0.974398	 0.374492	 -0.665907	 -0.958835	 0.371053	 -0.659887	 -0.943282	 0.367901	 -0.653814	 -0.927688	 0.364804	 -0.647762	 -0.912075	 1.62222	 1.62218	 1.62214	 1.62209	 1.62209	 
0.71	 0.381	 -0.678	 -0.99	 0.377793	 -0.671996	 -0.974391	 0.374514	 -0.665921	 -0.958825	 0.371142	 -0.659815	 -0.94329	 0.367878	 -0.653786	 -0.927704	 0.364752	 -0.647811	 -0.912068	 1.6221	 1.62205	 1.62209	 1.62196	 1.62206	 
0.72	 0.381	 -0.678	 -0.99	 0.377615	 -0.672033	 -0.974413	 0.37445	 -0.665909	 -0.95884	 0.371304	 -0.659801	 -0.943257	 0.367969	 -0.653807	 -0.92767	 0.364583	 -0.64781	 -0.912095	 1.62236	 1.62233	 1.62233	 1.62231	 1.62228	 
0.73	 0.381	 -0.678	 -0.99	 0.377599	 -0.67194	 -0.974449	 0.374389	 -0.665909	 -0.958846	 0.37132	 -0.659867	 -0.943219	 0.368019	 -0.653812	 -0.927644	 0.364495	 -0.647772	 -0.912112	 1.62281	 1.62277	 1.62281	 1.62273	 1.62289	 
0.74	 0.381	 -0.678	 -0.99	 0.377721	 -0.671872	 -0.974447	 0.374468	 -0.665901	 -0.958827	 0.371198	 -0.659925	 -0.943213	 0.367913	 -0.65383	 -0.927648	 0.364646	 -0.647725	 -0.912085	 1.62315	 1.62313	 1.62312	 1.62308	 1.62306	 
0.75	 0.381	 -0.678	 -0.99	 0.377865	 -0.671929	 -0.974393	 0.374525	 -0.665886	 -0.958818	 0.371054	 -0.659895	 -0.943252	 0.367821	 -0.653846	 -0.927657	 0.364796	 -0.647716	 -0.912051	 1.62338	 1.62334	 1.62334	 1.62331	 1.62335	 
0.76	 0.381	 -0.678	 -0.99	 0.377864	 -0.672001	 -0.974368	 0.374456	 -0.665919	 -0.958825	 0.371054	 -0.659829	 -0.943285	 0.367864	 -0.6538	 -0.927676	 0.364699	 -0.647787	 -0.912056	 1.62306	 1.62303	 1.62298	 1.6229	 1.6229	 
0.77	 0.381	 -0.678	 -0.99	 0.377663	 -0.672007	 -0.974413	 0.374427	 -0.665942	 -0.958833	 0.37125	 -0.659802	 -0.94327	 0.367953	 -0.65376	 -0.927694	 0.364563	 -0.647834	 -0.912094	 1.62225	 1.62221	 1.6222	 1.62211	 1.62208	 
0.78	 0.381	 -0.678	 -0.99	 0.377519	 -0.671972	 -0.974464	 0.37443	 -0.665907	 -0.958861	 0.371339	 -0.659852	 -0.943254	 0.36794	 -0.653824	 -0.927702	 0.364495	 -0.647785	 -0.912164	 1.62134	 1.6213	 1.62124	 1.62119	 1.62118	 
0.79	 0.381	 -0.678	 -0.99	 0.377692	 -0.671904	 -0.974461	 0.374441	 -0.665877	 -0.958882	 0.371229	 -0.659915	 -0.943271	 0.367946	 -0.653864	 -0.92771	 0.364596	 -0.647716	 -0.912201	 1.62033	 1.62028	 1.62032	 1.62018	 1.62023	 
0.8	 0.381	 -0.678	 -0.99	 0.377885	 -0.671882	 -0.974431	 0.374447	 -0.665907	 -0.958875	 0.371016	 -0.659919	 -0.943322	 0.367845	 -0.653825	 -0.927755	 0.364711	 -0.647733	 -0.912181	 1.62009	 1.62007	 1.62006	 1.62004	 1.62002	 
0.81	 0.381	 -0.678	 -0.99	 0.377854	 -0.67197	 -0.974399	 0.374518	 -0.665914	 -0.958848	 0.371058	 -0.659835	 -0.943333	 0.36782	 -0.65379	 -0.927757	 0.364776	 -0.64778	 -0.912127	 1.62064	 1.6206	 1.62067	 1.62057	 1.62075	 
0.82	 0.381	 -0.678	 -0.99	 0.377671	 -0.672041	 -0.974399	 0.374442	 -0.665898	 -0.958849	 0.371201	 -0.659771	 -0.943295	 0.367884	 -0.65378	 -0.927703	 0.364574	 -0.647792	 -0.91211	 1.62211	 1.6221	 1.62214	 1.62212	 1.62212	 
0.83	 0.381	 -0.678	 -0.99	 0.377567	 -0.671967	 -0.974433	 0.374356	 -0.665902	 -0.958831	 0.371297	 -0.65981	 -0.943209	 0.367972	 -0.653762	 -0.927624	 0.364406	 -0.647759	 -0.912074	 1.62451	 1.62449	 1.62455	 1.62453	 1.62466	 
0.84	 0.381	 -0.678	 -0.99	 0.377616	 -0.671869	 -0.974441	 0.374412	 -0.665879	 -0.95879	 0.371227	 -0.659877	 -0.94314	 0.36789	 -0.653776	 -0.92756	 0.364502	 -0.647678	 -0.911989	 1.62717	 1.62715	 1.62716	 1.62711	 1.62715	 
0.85	 0.381	 -0.678	 -0.99	 0.377792	 -0.671882	 -0.97438	 0.374457	 -0.665842	 -0.958756	 0.371013	 -0.659874	 -0.943127	 0.36774	 -0.653806	 -0.927501	 0.364643	 -0.647629	 -0.911882	 1.62988	 1.62985	 1.62987	 1.62984	 1.62983	 
0.86	 0.381	 -0.678	 -0.99	 0.377913	 -0.67194	 -0.974315	 0.374448	 -0.66586	 -0.958717	 0.370965	 -0.659792	 -0.943119	 0.367788	 -0.653735	 -0.927452	 0.364671	 -0.647664	 -0.911778	 1.63236	 1.63232	 1.63226	 1.63221	 1.63223	 
0.87	 0.381	 -0.678	 -0.99	 0.377725	 -0.671989	 -0.974321	 0.374398	 -0.6659	 -0.958683	 0.371089	 -0.659729	 -0.943074	 0.367807	 -0.653661	 -0.92742	 0.36451	 -0.647714	 -0.911722	 1.63421	 1.63415	 1.63416	 1.63403	 1.63403	 
0.88	 0.381	 -0.678	 -0.99	 0.377509	 -0.671992	 -0.974354	 0.374399	 -0.665866	 -0.958674	 0.371278	 -0.659731	 -0.943	 0.367851	 -0.653684	 -0.927356	 0.364389	 -0.647656	 -0.911712	 1.63593	 1.63589	 1.63583	 1.63579	 1.63575	 
0.89	 0.381	 -0.678	 -0.99	 0.37757	 -0.671902	 -0.974366	 0.37435	 -0.665827	 -0.958678	 0.371213	 -0.6598	 -0.942955	 0.367857	 -0.653724	 -0.927298	 0.364352	 -0.647573	 -0.911701	 1.63727	 1.63721	 1.63725	 1.63708	 1.63723	 
0.9	 0.381	 -0.678	 -0.99	 0.377784	 -0.67182	 -0.974343	 0.374385	 -0.665833	 -0.95865	 0.371022	 -0.659841	 -0.942952	 0.367786	 -0.653704	 -0.927283	 0.364524	 -0.647556	 -0.911624	 1.63856	 1.63853	 1.63853	 1.63846	 1.63844	 
0.91	 0.381	 -0.678	 -0.99	 0.377849	 -0.671889	 -0.974293	 0.374449	 -0.665828	 -0.958619	 0.370905	 -0.659774	 -0.942974	 0.367653	 -0.653682	 -0.92728	 0.364643	 -0.647578	 -0.911542	 1.63994	 1.6399	 1.63994	 1.63987	 1.64002	 
0.92	 0.381	 -0.678	 -0.99	 0.377762	 -0.672	 -0.97426	 0.374405	 -0.66583	 -0.95861	 0.371001	 -0.659681	 -0.942963	 0.367725	 -0.653653	 -0.927242	 0.364535	 -0.647615	 -0.911506	 1.64111	 1.64108	 1.64108	 1.641	 1.64106	 
0.93	 0.381	 -0.678	 -0.99	 0.377598	 -0.671974	 -0.974296	 0.374334	 -0.665852	 -0.958599	 0.371202	 -0.659673	 -0.942899	 0.367875	 -0.653603	 -0.927196	 0.364342	 -0.647628	 -0.911501	 1.64228	 1.64225	 1.64226	 1.64222	 1.64225	 
0.94	 0.381	 -0.678	 -0.99	 0.377497	 -0.671885	 -0.974345	 0.374355	 -0.665825	 -0.958592	 0.37125	 -0.659742	 -0.942841	 0.367833	 -0.653634	 -0.927165	 0.364317	 -0.647557	 -0.911498	 1.64334	 1.64331	 1.64328	 1.64323	 1.64327	 
0.95	 0.381	 -0.678	 -0.99	 0.37766	 -0.671844	 -0.974319	 0.37439	 -0.665776	 -0.95859	 0.371072	 -0.659792	 -0.942839	 0.367729	 -0.653692	 -0.927138	 0.364447	 -0.647463	 -0.911475	 1.64414	 1.6441	 1.64411	 1.644	 1.644	 
0.96	 0.381	 -0.678	 -0.99	 0.377903	 -0.671854	 -0.974258	 0.374404	 -0.665801	 -0.958565	 0.370902	 -0.659766	 -0.942865	 0.367717	 -0.653643	 -0.927133	 0.364579	 -0.647479	 -0.911407	 1.64522	 1.64518	 1.64513	 1.6451	 1.64507	 
0.97	 0.381	 -0.678	 -0.99	 0.377835	 -0.671926	 -0.974236	 0.374417	 -0.665832	 -0.958533	 0.370938	 -0.659671	 -0.942869	 0.367694	 -0.653562	 -0.927136	 0.364569	 -0.647547	 -0.911342	 1.64629	 1.64623	 1.64627	 1.64611	 1.64625	 
0.98	 0.381	 -0.678	 -0.99	 0.377587	 -0.671995	 -0.974251	 0.374384	 -0.6658	 -0.958532	 0.371136	 -0.659605	 -0.942822	 0.367748	 -0.653565	 -0.927082	 0.364405	 -0.647548	 -0.911323	 1.64769	 1.64766	 1.64767	 1.6476	 1.64759	 
0.99	 0.381	 -0.678	 -0.99	 0.377513	 -0.671923	 -0.974281	 0.374314	 -0.665778	 -0.958528	 0.37125	 -0.65965	 -0.942741	 0.367877	 -0.653571	 -0.926999	 0.364275	 -0.647481	 -0.911311	 1.64959	 1.64955	 1.6496	 1.64954	 1.6497	 
1	 0.381	 -0.678	 -0.99	 0.377614	 -0.671805	 -0.974291	 0.374332	 -0.665787	 -0.958491	 0.371126	 -0.659741	 -0.942686	 0.367788	 -0.653565	 -0.926959	 0.36433	 -0.647402	 -0.911252	 1.65165	 1.65161	 1.65165	 1.65157	 1.65167	 
1.01	 0.381	 -0.678	 -0.99	 0.377789	 -0.671821	 -0.97423	 0.374437	 -0.665757	 -0.958446	 0.370947	 -0.659732	 -0.942676	 0.367644	 -0.653579	 -0.926915	 0.364549	 -0.647348	 -0.911142	 1.65405	 1.65403	 1.65406	 1.65404	 1.65407	 
1.02	 0.381	 -0.678	 -0.99	 0.377873	 -0.671908	 -0.974162	 0.374388	 -0.665754	 -0.958422	 0.370842	 -0.65964	 -0.942681	 0.367626	 -0.653549	 -0.926861	 0.364545	 -0.647407	 -0.911032	 1.65658	 1.65654	 1.65654	 1.6565	 1.65657	 
1.03	 0.381	 -0.678	 -0.99	 0.37773	 -0.671935	 -0.974164	 0.374345	 -0.665782	 -0.958386	 0.37102	 -0.659558	 -0.942624	 0.36775	 -0.653462	 -0.926801	 0.364412	 -0.647487	 -0.910945	 1.65882	 1.65878	 1.65879	 1.65868	 1.6587	 
1.04	 0.381	 -0.678	 -0.99	 0.37747	 -0.671927	 -0.974207	 0.374333	 -0.665761	 -0.958367	 0.371202	 -0.659564	 -0.942539	 0.367755	 -0.65347	 -0.926736	 0.364252	 -0.647437	 -0.910922	 1.66106	 1.66102	 1.66099	 1.66095	 1.66091	 
1.05	 0.381	 -0.678	 -0.99	 0.377509	 -0.671864	 -0.97421	 0.374327	 -0.665723	 -0.958356	 0.371196	 -0.659644	 -0.942469	 0.367786	 -0.653523	 -0.926657	 0.364258	 -0.647311	 -0.910905	 1.66286	 1.66279	 1.66281	 1.66265	 1.66279	 
1.06	 0.381	 -0.678	 -0.99	 0.377752	 -0.671771	 -0.974184	 0.374332	 -0.665733	 -0.958331	 0.370976	 -0.659699	 -0.942462	 0.367718	 -0.6535	 -0.926638	 0.364391	 -0.647267	 -0.91084	 1.66426	 1.66422	 1.66423	 1.66411	 1.66413	 
1.07	 0.381	 -0.678	 -0.99	 0.377853	 -0.671811	 -0.974139	 0.374402	 -0.665731	 -0.958299	 0.370824	 -0.659641	 -0.942491	 0.36757	 -0.653475	 -0.926643	 0.36454	 -0.647313	 -0.910748	 1.66556	 1.6655	 1.66553	 1.66545	 1.66558	 
1.08	 0.381	 -0.678	 -0.99	 0.377787	 -0.671938	 -0.974097	 0.374412	 -0.665713	 -0.95829	 0.370932	 -0.659524	 -0.942493	 0.36764	 -0.653456	 -0.926609	 0.364509	 -0.647364	 -0.9107	 1.66643	 1.66638	 1.66641	 1.66629	 1.66643	 
1.09	 0.381	 -0.678	 -0.99	 0.377609	 -0.67195	 -0.974124	 0.374303	 -0.665749	 -0.958287	 0.371118	 -0.659502	 -0.942445	 0.367788	 -0.6534	 -0.926575	 0.364277	 -0.647385	 -0.910712	 1.66722	 1.66719	 1.66721	 1.66717	 1.66716	 
1.1	 0.381	 -0.678	 -0.99	 0.377465	 -0.671861	 -0.974182	 0.374316	 -0.665747	 -0.958274	 0.371241	 -0.659571	 -0.942376	 0.367812	 -0.653399	 -0.926548	 0.364228	 -0.647304	 -0.910725	 1.66814	 1.6681	 1.66809	 1.66805	 1.66812	 
1.11	 0.381	 -0.678	 -0.99	 0.377581	 -0.671798	 -0.974175	 0.374369	 -0.665682	 -0.958274	 0.371118	 -0.659641	 -0.942352	 0.367726	 -0.653479	 -0.926507	 0.364363	 -0.647195	 -0.910703	 1.66903	 1.66898	 1.66901	 1.66888	 1.66891	 
1.12	 0.381	 -0.678	 -0.99	 0.377864	 -0.671773	 -0.974116	 0.374378	 -0.665677	 -0.958253	 0.370896	 -0.659632	 -0.942371	 0.367689	 -0.653456	 -0.926481	 0.364518	 -0.647194	 -0.910618	 1.67055	 1.67052	 1.67052	 1.67048	 1.67044	 
1.13	 0.381	 -0.678	 -0.99	 0.377887	 -0.671836	 -0.974071	 0.3744	 -0.665714	 -0.958202	 0.370845	 -0.659535	 -0.942371	 0.367628	 -0.653362	 -0.926467	 0.364551	 -0.647268	 -0.910503	 1.67279	 1.67273	 1.67278	 1.67267	 1.67282	 
1.14	 0.381	 -0.678	 -0.99	 0.377659	 -0.67195	 -0.974052	 0.37439	 -0.665697	 -0.958166	 0.371036	 -0.659433	 -0.942303	 0.367678	 -0.653336	 -0.926377	 0.364441	 -0.647279	 -0.910409	 1.67577	 1.67574	 1.67581	 1.6757	 1.67579	 
1.15	 0.381	 -0.678	 -0.99	 0.377504	 -0.671914	 -0.974069	 0.37429	 -0.665674	 -0.958138	 0.371204	 -0.659439	 -0.942179	 0.367821	 -0.653325	 -0.926234	 0.364226	 -0.647226	 -0.910329	 1.67992	 1.6799	 1.67995	 1.67995	 1.68003	 
1.16	 0.381	 -0.678	 -0.99	 0.377521	 -0.671761	 -0.97409	 0.374301	 -0.665659	 -0.958073	 0.371201	 -0.659524	 -0.942045	 0.367821	 -0.653308	 -0.926106	 0.364234	 -0.647132	 -0.910194	 1.68461	 1.68459	 1.68465	 1.68457	 1.68475	 
1.17	 0.381	 -0.678	 -0.99	 0.377675	 -0.671726	 -0.974037	 0.37438	 -0.665615	 -0.958004	 0.370989	 -0.659562	 -0.941969	 0.367632	 -0.653346	 -0.92599	 0.36441	 -0.647031	 -0.910022	 1.68943	 1.68941	 1.68942	 1.68937	 1.68937	 
1.18	 0.381	 -0.678	 -0.99	 0.377897	 -0.671792	 -0.973933	 0.374393	 -0.665615	 -0.957937	 0.370819	 -0.659499	 -0.941933	 0.367601	 -0.653312	 -0.925882	 0.364523	 -0.647027	 -0.90984	 1.69407	 1.69401	 1.69399	 1.69395	 1.69397	 
1.19	 0.381	 -0.678	 -0.99	 0.377845	 -0.671854	 -0.973894	 0.37435	 -0.665664	 -0.957876	 0.370851	 -0.659393	 -0.94189	 0.367623	 -0.653197	 -0.925819	 0.36444	 -0.647115	 -0.909696	 1.69762	 1.69754	 1.69752	 1.69734	 1.69742	 
1.2	 0.381	 -0.678	 -0.99	 0.377567	 -0.671907	 -0.973913	 0.374357	 -0.665638	 -0.957848	 0.371102	 -0.659325	 -0.94181	 0.367691	 -0.653182	 -0.925739	 0.364318	 -0.647123	 -0.909628	 1.70007	 1.7	 1.69998	 1.69983	 1.69982	 
1.21	 0.381	 -0.678	 -0.99	 0.377454	 -0.671854	 -0.973946	 0.374296	 -0.665587	 -0.957858	 0.371233	 -0.659362	 -0.941735	 0.367805	 -0.653214	 -0.925658	 0.364192	 -0.647024	 -0.909636	 1.70175	 1.70167	 1.70166	 1.70155	 1.70165	 
1.22	 0.381	 -0.678	 -0.99	 0.377575	 -0.671708	 -0.97397	 0.374282	 -0.665594	 -0.957844	 0.371121	 -0.659464	 -0.941697	 0.36778	 -0.653198	 -0.92564	 0.364243	 -0.646931	 -0.909625	 1.70261	 1.70254	 1.70259	 1.70241	 1.7026	 
1.23	 0.381	 -0.678	 -0.99	 0.377764	 -0.671687	 -0.973933	 0.374415	 -0.665567	 -0.957814	 0.370953	 -0.659472	 -0.94171	 0.367648	 -0.653202	 -0.92564	 0.364514	 -0.646873	 -0.909559	 1.70346	 1.70343	 1.70345	 1.70341	 1.70341	 
1.24	 0.381	 -0.678	 -0.99	 0.377895	 -0.671791	 -0.973858	 0.374413	 -0.665549	 -0.957806	 0.37082	 -0.659375	 -0.941751	 0.3676	 -0.653189	 -0.925623	 0.364586	 -0.646912	 -0.909489	 1.7047	 1.70465	 1.70468	 1.70464	 1.70477	 
1.25	 0.381	 -0.678	 -0.99	 0.377814	 -0.671847	 -0.973842	 0.37436	 -0.66559	 -0.957779	 0.370948	 -0.65927	 -0.941732	 0.367723	 -0.653082	 -0.925596	 0.364476	 -0.647006	 -0.909421	 1.70611	 1.70608	 1.70609	 1.70598	 1.70603	 
1.26	 0.381	 -0.678	 -0.99	 0.377523	 -0.671862	 -0.973883	 0.374354	 -0.665587	 -0.957754	 0.371188	 -0.659246	 -0.941652	 0.367774	 -0.653061	 -0.925539	 0.364323	 -0.646992	 -0.909391	 1.70802	 1.70798	 1.70801	 1.70794	 1.70792	 
1.27	 0.381	 -0.678	 -0.99	 0.377451	 -0.671808	 -0.973903	 0.374339	 -0.665534	 -0.957748	 0.371285	 -0.659314	 -0.941561	 0.367845	 -0.653119	 -0.925442	 0.364262	 -0.646855	 -0.909381	 1.71022	 1.71015	 1.71017	 1.71007	 1.7102	 
1.28	 0.381	 -0.678	 -0.99	 0.377656	 -0.671671	 -0.973899	 0.374335	 -0.665534	 -0.957719	 0.371127	 -0.659406	 -0.941512	 0.367824	 -0.653107	 -0.925391	 0.364351	 -0.646766	 -0.909322	 1.71215	 1.7121	 1.71217	 1.71199	 1.71215	 
1.29	 0.381	 -0.678	 -0.99	 0.377835	 -0.671659	 -0.973852	 0.374435	 -0.665527	 -0.957672	 0.370924	 -0.659393	 -0.941516	 0.367667	 -0.653089	 -0.925373	 0.364592	 -0.646758	 -0.909205	 1.71419	 1.71415	 1.71417	 1.71413	 1.71416	 
1.3	 0.381	 -0.678	 -0.99	 0.377889	 -0.671793	 -0.973777	 0.374442	 -0.665504	 -0.957654	 0.370855	 -0.659273	 -0.941538	 0.367626	 -0.653076	 -0.925335	 0.364642	 -0.646806	 -0.909111	 1.71605	 1.716	 1.71605	 1.71595	 1.71615	 
1.31	 0.381	 -0.678	 -0.99	 0.377776	 -0.671852	 -0.973765	 0.374368	 -0.665542	 -0.957631	 0.371024	 -0.659177	 -0.941504	 0.367788	 -0.65298	 -0.925292	 0.364485	 -0.646884	 -0.909054	 1.7176	 1.71756	 1.71756	 1.71745	 1.71747	 
1.32	 0.381	 -0.678	 -0.99	 0.3775	 -0.671825	 -0.973821	 0.374353	 -0.665546	 -0.957609	 0.371252	 -0.659183	 -0.941421	 0.367845	 -0.652954	 -0.925243	 0.364333	 -0.646859	 -0.909037	 1.7193	 1.71925	 1.71927	 1.7192	 1.71919	 
1.33	 0.381	 -0.678	 -0.99	 0.377456	 -0.671755	 -0.973845	 0.374366	 -0.665476	 -0.95761	 0.37131	 -0.659261	 -0.941344	 0.367871	 -0.653033	 -0.92516	 0.364327	 -0.64672	 -0.909032	 1.72105	 1.72099	 1.72099	 1.72086	 1.72097	 
1.34	 0.381	 -0.678	 -0.99	 0.377697	 -0.671632	 -0.973829	 0.374348	 -0.665466	 -0.957591	 0.371098	 -0.659341	 -0.941316	 0.367828	 -0.653034	 -0.925116	 0.364428	 -0.646647	 -0.908973	 1.72271	 1.72266	 1.72273	 1.72255	 1.72267	 
1.35	 0.381	 -0.678	 -0.99	 0.377884	 -0.671634	 -0.973776	 0.374449	 -0.665483	 -0.957534	 0.370914	 -0.659318	 -0.941318	 0.367694	 -0.652996	 -0.925098	 0.36465	 -0.646669	 -0.908845	 1.72487	 1.72483	 1.72486	 1.72482	 1.72487	 
1.36	 0.381	 -0.678	 -0.99	 0.37789	 -0.671792	 -0.973697	 0.374477	 -0.665469	 -0.9575	 0.370906	 -0.659189	 -0.941321	 0.367667	 -0.652974	 -0.925047	 0.364688	 -0.646711	 -0.90874	 1.72715	 1.72709	 1.72716	 1.72704	 1.7273	 
1.37	 0.381	 -0.678	 -0.99	 0.377742	 -0.671856	 -0.973686	 0.374365	 -0.665506	 -0.957475	 0.37106	 -0.659107	 -0.941269	 0.367806	 -0.652895	 -0.92498	 0.364469	 -0.646775	 -0.908674	 1.72944	 1.72942	 1.72943	 1.72935	 1.72934	 
1.38	 0.381	 -0.678	 -0.99	 0.377499	 -0.671791	 -0.973742	 0.374364	 -0.665504	 -0.957441	 0.371303	 -0.659124	 -0.941161	 0.3679	 -0.652861	 -0.924904	 0.364345	 -0.646739	 -0.908625	 1.73201	 1.73196	 1.73198	 1.73193	 1.73196	 
1.39	 0.381	 -0.678	 -0.99	 0.377457	 -0.671714	 -0.973764	 0.374372	 -0.665427	 -0.957435	 0.371307	 -0.659207	 -0.941078	 0.367865	 -0.652945	 -0.924812	 0.364341	 -0.646589	 -0.9086	 1.73441	 1.73435	 1.73434	 1.7342	 1.73432	 
1.4	 0.381	 -0.678	 -0.99	 0.377729	 -0.671608	 -0.973734	 0.374379	 -0.665412	 -0.957409	 0.371108	 -0.659272	 -0.941046	 0.367853	 -0.652937	 -0.924756	 0.364491	 -0.646498	 -0.908527	 1.7364	 1.73634	 1.73641	 1.73621	 1.73631	 
1.41	 0.381	 -0.678	 -0.99	 0.377908	 -0.67161	 -0.973684	 0.374453	 -0.665433	 -0.957359	 0.370913	 -0.659231	 -0.941061	 0.367721	 -0.652874	 -0.924752	 0.364698	 -0.646528	 -0.908406	 1.73842	 1.73837	 1.73837	 1.73832	 1.73837	 
1.42	 0.381	 -0.678	 -0.99	 0.377883	 -0.671763	 -0.973618	 0.374482	 -0.665406	 -0.95734	 0.370921	 -0.65909	 -0.94108	 0.367694	 -0.652855	 -0.924719	 0.364739	 -0.646585	 -0.908319	 1.73997	 1.7399	 1.73998	 1.73982	 1.74009	 
1.43	 0.381	 -0.678	 -0.99	 0.377744	 -0.671828	 -0.973613	 0.374395	 -0.665433	 -0.95733	 0.371117	 -0.659005	 -0.941046	 0.367868	 -0.652783	 -0.924677	 0.364531	 -0.646642	 -0.908295	 1.74111	 1.74107	 1.74107	 1.74098	 1.74098	 
1.44	 0.381	 -0.678	 -0.99	 0.377512	 -0.671767	 -0.973676	 0.374391	 -0.665457	 -0.957308	 0.371355	 -0.659045	 -0.940963	 0.367965	 -0.652749	 -0.924644	 0.3644	 -0.646603	 -0.908303	 1.74215	 1.74209	 1.74212	 1.74205	 1.74209	 
1.45	 0.381	 -0.678	 -0.99	 0.377469	 -0.671692	 -0.97371	 0.374405	 -0.665391	 -0.957322	 0.371356	 -0.659147	 -0.940911	 0.367922	 -0.652849	 -0.924598	 0.364412	 -0.646465	 -0.908333	 1.74279	 1.74272	 1.7427	 1.74256	 1.74266	 
1.46	 0.381	 -0.678	 -0.99	 0.377744	 -0.671583	 -0.973694	 0.37441	 -0.665369	 -0.957326	 0.371151	 -0.659224	 -0.940916	 0.367912	 -0.65288	 -0.924579	 0.364574	 -0.646415	 -0.90831	 1.74291	 1.74284	 1.74291	 1.74269	 1.74278	 
1.47	 0.381	 -0.678	 -0.99	 0.377932	 -0.671588	 -0.973655	 0.37448	 -0.665405	 -0.957298	 0.37095	 -0.6592	 -0.940966	 0.36778	 -0.652838	 -0.924622	 0.364773	 -0.646482	 -0.908244	 1.74305	 1.743	 1.743	 1.74293	 1.74297	 
1.48	 0.381	 -0.678	 -0.99	 0.377914	 -0.671769	 -0.97359	 0.374535	 -0.665408	 -0.957288	 0.370985	 -0.659075	 -0.941012	 0.367768	 -0.652825	 -0.924635	 0.364828	 -0.646547	 -0.908215	 1.7428	 1.74272	 1.7428	 1.74262	 1.74291	 
1.49	 0.381	 -0.678	 -0.99	 0.377759	 -0.671847	 -0.973594	 0.374431	 -0.665443	 -0.957302	 0.371169	 -0.658999	 -0.941013	 0.367934	 -0.652768	 -0.924636	 0.364617	 -0.646618	 -0.908245	 1.74228	 1.74224	 1.74225	 1.74215	 1.74214	 
1.5	 0.381	 -0.678	 -0.99	 0.377517	 -0.671763	 -0.973678	 0.374404	 -0.665453	 -0.95731	 0.371395	 -0.659045	 -0.940961	 0.368029	 -0.652757	 -0.924635	 0.364478	 -0.646622	 -0.90829	 1.7419	 1.74184	 1.74188	 1.74181	 1.74186	 
1.51	 0.381	 -0.678	 -0.99	 0.377481	 -0.671674	 -0.973724	 0.374445	 -0.665376	 -0.95734	 0.371423	 -0.659148	 -0.940928	 0.36801	 -0.652867	 -0.924613	 0.364518	 -0.646492	 -0.908351	 1.74142	 1.74135	 1.74134	 1.7412	 1.74131	 
1.52	 0.381	 -0.678	 -0.99	 0.377759	 -0.671588	 -0.973704	 0.374444	 -0.665377	 -0.957347	 0.371197	 -0.65924	 -0.940947	 0.367972	 -0.652896	 -0.924623	 0.364658	 -0.646419	 -0.908368	 1.74076	 1.74069	 1.74077	 1.74057	 1.74068	 
1.53	 0.381	 -0.678	 -0.99	 0.37797	 -0.671601	 -0.97366	 0.374533	 -0.665426	 -0.957316	 0.37102	 -0.659214	 -0.941001	 0.367875	 -0.652835	 -0.924676	 0.364886	 -0.646474	 -0.908315	 1.74052	 1.74048	 1.74049	 1.74044	 1.74048	 
1.54	 0.381	 -0.678	 -0.99	 0.377928	 -0.671771	 -0.973605	 0.374562	 -0.665413	 -0.957318	 0.371022	 -0.659079	 -0.941058	 0.367824	 -0.652833	 -0.924695	 0.364912	 -0.646568	 -0.908283	 1.74022	 1.74014	 1.74025	 1.74007	 1.74039	 
1.55	 0.381	 -0.678	 -0.99	 0.377772	 -0.671846	 -0.973609	 0.37447	 -0.665433	 -0.957333	 0.371228	 -0.658997	 -0.941054	 0.368006	 -0.652789	 -0.924683	 0.364705	 -0.646652	 -0.9083	 1.73987	 1.73984	 1.73985	 1.73977	 1.73977	 
1.56	 0.381	 -0.678	 -0.99	 0.377537	 -0.671769	 -0.973688	 0.374441	 -0.665464	 -0.95733	 0.371457	 -0.659056	 -0.940992	 0.368104	 -0.652768	 -0.924679	 0.364544	 -0.646641	 -0.908348	 1.7397	 1.73964	 1.73969	 1.73962	 1.7397	 
1.57	 0.381	 -0.678	 -0.99	 0.37749	 -0.671684	 -0.973734	 0.374469	 -0.665403	 -0.957356	 0.371461	 -0.659176	 -0.940956	 0.368057	 -0.652882	 -0.92466	 0.364576	 -0.646505	 -0.908412	 1.73926	 1.73919	 1.73917	 1.73903	 1.73913	 
1.58	 0.381	 -0.678	 -0.99	 0.377771	 -0.67159	 -0.973719	 0.374467	 -0.665383	 -0.957375	 0.371225	 -0.659266	 -0.940984	 0.368013	 -0.652935	 -0.92467	 0.364723	 -0.646453	 -0.908431	 1.73832	 1.73825	 1.73833	 1.7381	 1.73819	 
1.59	 0.381	 -0.678	 -0.99	 0.377993	 -0.671598	 -0.973679	 0.374553	 -0.665432	 -0.957354	 0.371045	 -0.659238	 -0.941054	 0.367921	 -0.652878	 -0.92474	 0.364948	 -0.646531	 -0.908392	 1.73746	 1.7374	 1.73739	 1.73731	 1.73735	 
1.6	 0.381	 -0.678	 -0.99	 0.377941	 -0.671789	 -0.973625	 0.374589	 -0.665442	 -0.95736	 0.371057	 -0.659106	 -0.941128	 0.367865	 -0.652864	 -0.924791	 0.364966	 -0.646619	 -0.908398	 1.73618	 1.73609	 1.7362	 1.73598	 1.73629	 
1.61	 0.381	 -0.678	 -0.99	 0.377776	 -0.671878	 -0.973633	 0.374504	 -0.665466	 -0.957387	 0.371286	 -0.659026	 -0.941142	 0.368067	 -0.652825	 -0.924804	 0.364772	 -0.646695	 -0.908456	 1.73473	 1.73469	 1.7347	 1.7346	 1.7346	 
1.62	 0.381	 -0.678	 -0.99	 0.377533	 -0.671777	 -0.97373	 0.374442	 -0.665487	 -0.95741	 0.371484	 -0.659094	 -0.941105	 0.36815	 -0.652819	 -0.924828	 0.364589	 -0.646703	 -0.908537	 1.73351	 1.73345	 1.7335	 1.73343	 1.73353	 
1.63	 0.381	 -0.678	 -0.99	 0.377505	 -0.671676	 -0.973784	 0.374498	 -0.665421	 -0.957445	 0.371498	 -0.659224	 -0.941082	 0.368107	 -0.652944	 -0.924829	 0.364644	 -0.646579	 -0.908623	 1.73218	 1.73211	 1.7321	 1.73196	 1.73207	 
1.64	 0.381	 -0.678	 -0.99	 0.377805	 -0.671606	 -0.973761	 0.374514	 -0.665411	 -0.957465	 0.371262	 -0.659316	 -0.941123	 0.36806	 -0.652998	 -0.924858	 0.364807	 -0.646514	 -0.908667	 1.7306	 1.73052	 1.73061	 1.7304	 1.73049	 
1.65	 0.381	 -0.678	 -0.99	 0.378023	 -0.671629	 -0.973721	 0.374574	 -0.665477	 -0.957451	 0.371065	 -0.659287	 -0.941208	 0.367965	 -0.652937	 -0.924945	 0.365008	 -0.646613	 -0.908644	 1.72923	 1.72917	 1.72916	 1.72909	 1.72914	 
1.66	 0.381	 -0.678	 -0.99	 0.377944	 -0.671808	 -0.97368	 0.374615	 -0.665477	 -0.957467	 0.37111	 -0.659144	 -0.941292	 0.367929	 -0.65293	 -0.925006	 0.365033	 -0.646735	 -0.908656	 1.72735	 1.72726	 1.72738	 1.72714	 1.72748	 
1.67	 0.381	 -0.678	 -0.99	 0.377747	 -0.671899	 -0.973699	 0.37451	 -0.665492	 -0.957514	 0.371327	 -0.659079	 -0.94132	 0.368099	 -0.652924	 -0.925035	 0.364796	 -0.646821	 -0.908746	 1.72514	 1.72511	 1.72512	 1.72502	 1.72502	 
1.68	 0.381	 -0.678	 -0.99	 0.377545	 -0.671792	 -0.973798	 0.37447	 -0.665533	 -0.957539	 0.371547	 -0.659176	 -0.941291	 0.368221	 -0.652917	 -0.925082	 0.364633	 -0.646807	 -0.908872	 1.72285	 1.72277	 1.72284	 1.72275	 1.7229	 
1.69	 0.381	 -0.678	 -0.99	 0.377535	 -0.671689	 -0.97386	 0.374526	 -0.665489	 -0.957586	 0.371516	 -0.659327	 -0.941298	 0.36814	 -0.65304	 -0.925131	 0.364705	 -0.646677	 -0.909006	 1.7201	 1.72004	 1.72003	 1.71988	 1.71998	 
1.7	 0.381	 -0.678	 -0.99	 0.377842	 -0.671636	 -0.973839	 0.374547	 -0.665463	 -0.957633	 0.371258	 -0.659403	 -0.941382	 0.368078	 -0.653113	 -0.925198	 0.364906	 -0.646633	 -0.909088	 1.71706	 1.71698	 1.71706	 1.71687	 1.71693	 
1.71	 0.381	 -0.678	 -0.99	 0.378062	 -0.671669	 -0.973805	 0.374597	 -0.665526	 -0.957641	 0.371084	 -0.659348	 -0.941502	 0.368019	 -0.653043	 -0.925321	 0.36509	 -0.646768	 -0.909103	 1.71434	 1.71428	 1.71427	 1.71419	 1.71424	 
1.72	 0.381	 -0.678	 -0.99	 0.377933	 -0.671851	 -0.973779	 0.374637	 -0.665543	 -0.957665	 0.37118	 -0.659203	 -0.941597	 0.368002	 -0.653017	 -0.925413	 0.365081	 -0.6469	 -0.909153	 1.71144	 1.71135	 1.71148	 1.71122	 1.71155	 
1.73	 0.381	 -0.678	 -0.99	 0.377698	 -0.671942	 -0.973809	 0.374537	 -0.665549	 -0.95772	 0.371424	 -0.659158	 -0.94162	 0.368168	 -0.653035	 -0.925445	 0.364827	 -0.646953	 -0.909272	 1.70888	 1.70885	 1.70888	 1.7088	 1.7088	 
1.74	 0.381	 -0.678	 -0.99	 0.377546	 -0.671797	 -0.973911	 0.374482	 -0.665581	 -0.957749	 0.371599	 -0.659287	 -0.941583	 0.368292	 -0.653049	 -0.925478	 0.364676	 -0.646927	 -0.909392	 1.70679	 1.70672	 1.70683	 1.70672	 1.70697	 
1.75	 0.381	 -0.678	 -0.99	 0.377587	 -0.671669	 -0.973968	 0.374541	 -0.665544	 -0.957783	 0.371488	 -0.65945	 -0.941587	 0.368149	 -0.653173	 -0.92552	 0.364775	 -0.646825	 -0.909487	 1.70465	 1.7046	 1.7046	 1.70447	 1.70457	 
1.76	 0.381	 -0.678	 -0.99	 0.377909	 -0.671671	 -0.973917	 0.374601	 -0.665517	 -0.95781	 0.371234	 -0.659496	 -0.941664	 0.368069	 -0.653256	 -0.925562	 0.365009	 -0.646807	 -0.909521	 1.70254	 1.70247	 1.70256	 1.70241	 1.70245	 
1.77	 0.381	 -0.678	 -0.99	 0.378084	 -0.671753	 -0.973867	 0.374594	 -0.665604	 -0.957811	 0.371067	 -0.659419	 -0.941776	 0.36802	 -0.653179	 -0.925666	 0.365094	 -0.646977	 -0.909519	 1.70053	 1.70046	 1.70043	 1.70032	 1.7004	 
1.78	 0.381	 -0.678	 -0.99	 0.377871	 -0.671919	 -0.973862	 0.374603	 -0.66565	 -0.957826	 0.371221	 -0.659297	 -0.941845	 0.36802	 -0.653143	 -0.925751	 0.365002	 -0.647129	 -0.909568	 1.69783	 1.69773	 1.69785	 1.69755	 1.6978	 
1.79	 0.381	 -0.678	 -0.99	 0.377599	 -0.671981	 -0.973914	 0.374519	 -0.665632	 -0.95789	 0.371481	 -0.659295	 -0.941854	 0.368159	 -0.653209	 -0.925778	 0.36474	 -0.647144	 -0.909714	 1.69511	 1.69505	 1.69506	 1.69497	 1.69495	 
1.8	 0.381	 -0.678	 -0.99	 0.377539	 -0.671803	 -0.974016	 0.374453	 -0.665649	 -0.957939	 0.371564	 -0.659465	 -0.941836	 0.368253	 -0.65326	 -0.925824	 0.364615	 -0.647094	 -0.909866	 1.69217	 1.69208	 1.69219	 1.69201	 1.69235	 
1.81	 0.381	 -0.678	 -0.99	 0.377683	 -0.671662	 -0.974064	 0.374545	 -0.665633	 -0.957973	 0.371394	 -0.659616	 -0.94188	 0.368105	 -0.653346	 -0.925912	 0.364809	 -0.647021	 -0.909968	 1.68889	 1.68885	 1.68887	 1.68873	 1.68878	 
1.82	 0.381	 -0.678	 -0.99	 0.377957	 -0.671739	 -0.974001	 0.374604	 -0.66561	 -0.958014	 0.371118	 -0.659604	 -0.942008	 0.367962	 -0.653419	 -0.926002	 0.365037	 -0.647044	 -0.910026	 1.68582	 1.68575	 1.68583	 1.68573	 1.68584	 
1.83	 0.381	 -0.678	 -0.99	 0.378063	 -0.671873	 -0.973951	 0.374581	 -0.665688	 -0.958034	 0.371074	 -0.65948	 -0.942133	 0.368016	 -0.653334	 -0.926115	 0.365059	 -0.647231	 -0.910061	 1.68281	 1.68275	 1.68274	 1.68261	 1.68272	 
1.84	 0.381	 -0.678	 -0.99	 0.377777	 -0.671973	 -0.973991	 0.374558	 -0.665746	 -0.95806	 0.371314	 -0.659391	 -0.942182	 0.368078	 -0.653279	 -0.92621	 0.364877	 -0.647376	 -0.910152	 1.67955	 1.67947	 1.67958	 1.67933	 1.67947	 
1.85	 0.381	 -0.678	 -0.99	 0.377498	 -0.671968	 -0.974072	 0.37451	 -0.665701	 -0.958131	 0.371557	 -0.659455	 -0.942175	 0.368172	 -0.653388	 -0.926237	 0.364674	 -0.647321	 -0.910322	 1.67673	 1.67668	 1.67667	 1.6766	 1.67661	 
1.86	 0.381	 -0.678	 -0.99	 0.377582	 -0.671787	 -0.974146	 0.374466	 -0.665693	 -0.958185	 0.371514	 -0.659646	 -0.942173	 0.368222	 -0.653472	 -0.926279	 0.364655	 -0.647216	 -0.910474	 1.67365	 1.67355	 1.67369	 1.67342	 1.67379	 
1.87	 0.381	 -0.678	 -0.99	 0.37784	 -0.671676	 -0.974158	 0.374553	 -0.66572	 -0.9582	 0.371254	 -0.659754	 -0.942248	 0.368062	 -0.653491	 -0.926389	 0.364903	 -0.647191	 -0.910538	 1.67062	 1.67058	 1.67061	 1.6705	 1.67051	 
1.88	 0.381	 -0.678	 -0.99	 0.378012	 -0.67183	 -0.974083	 0.374637	 -0.66571	 -0.958225	 0.371065	 -0.659652	 -0.942385	 0.367919	 -0.653513	 -0.926487	 0.365102	 -0.647276	 -0.910564	 1.66801	 1.66793	 1.66805	 1.66793	 1.6682	 
1.89	 0.381	 -0.678	 -0.99	 0.377959	 -0.672001	 -0.974045	 0.374572	 -0.665748	 -0.958258	 0.371163	 -0.659493	 -0.942477	 0.368041	 -0.65345	 -0.926555	 0.36499	 -0.647444	 -0.910605	 1.6656	 1.66555	 1.66558	 1.66545	 1.66558	 
1.9	 0.381	 -0.678	 -0.99	 0.377643	 -0.671992	 -0.974123	 0.374482	 -0.665803	 -0.958277	 0.371425	 -0.65948	 -0.942461	 0.368149	 -0.65339	 -0.9266	 0.364707	 -0.647519	 -0.91069	 1.66398	 1.66393	 1.66405	 1.66394	 1.66403	 
1.91	 0.381	 -0.678	 -0.99	 0.377458	 -0.67189	 -0.974205	 0.374503	 -0.66575	 -0.958301	 0.37158	 -0.659614	 -0.94239	 0.368163	 -0.653494	 -0.926572	 0.364621	 -0.64737	 -0.910781	 1.6637	 1.66366	 1.66368	 1.66363	 1.66374	 
1.92	 0.381	 -0.678	 -0.99	 0.377683	 -0.671759	 -0.974203	 0.374497	 -0.665699	 -0.958309	 0.371364	 -0.65976	 -0.942358	 0.368092	 -0.653591	 -0.926524	 0.364722	 -0.647223	 -0.910788	 1.66429	 1.66422	 1.6644	 1.66417	 1.66441	 
1.93	 0.381	 -0.678	 -0.99	 0.377992	 -0.671719	 -0.974141	 0.374537	 -0.665737	 -0.958258	 0.371064	 -0.659751	 -0.94238	 0.367958	 -0.653529	 -0.926518	 0.364932	 -0.647274	 -0.910652	 1.66646	 1.66644	 1.66648	 1.66645	 1.66646	 
1.94	 0.381	 -0.678	 -0.99	 0.377978	 -0.671899	 -0.974053	 0.374583	 -0.66575	 -0.958201	 0.37101	 -0.659571	 -0.942398	 0.367845	 -0.65346	 -0.926484	 0.364984	 -0.647404	 -0.910489	 1.66935	 1.66926	 1.66944	 1.66923	 1.66962	 
1.95	 0.381	 -0.678	 -0.99	 0.377745	 -0.672064	 -0.974017	 0.374495	 -0.665748	 -0.958178	 0.371225	 -0.65944	 -0.942341	 0.367964	 -0.653436	 -0.926385	 0.364732	 -0.647469	 -0.910409	 1.67221	 1.67216	 1.67221	 1.67208	 1.67213	 
1.96	 0.381	 -0.678	 -0.99	 0.377522	 -0.671953	 -0.974089	 0.374394	 -0.665776	 -0.958155	 0.371452	 -0.659517	 -0.942217	 0.368112	 -0.653403	 -0.926303	 0.364463	 -0.647424	 -0.910404	 1.67453	 1.67444	 1.67453	 1.67439	 1.6746	 
1.97	 0.381	 -0.678	 -0.99	 0.377488	 -0.67177	 -0.974163	 0.374422	 -0.665742	 -0.958157	 0.371403	 -0.6597	 -0.942148	 0.368002	 -0.653498	 -0.926278	 0.364481	 -0.647288	 -0.910437	 1.67504	 1.67495	 1.6749	 1.67471	 1.67484	 
1.98	 0.381	 -0.678	 -0.99	 0.377783	 -0.671733	 -0.97413	 0.374495	 -0.665682	 -0.958191	 0.371135	 -0.65978	 -0.942211	 0.367875	 -0.653619	 -0.92631	 0.36472	 -0.647223	 -0.910481	 1.67304	 1.67292	 1.67296	 1.67268	 1.67274	 
1.99	 0.381	 -0.678	 -0.99	 0.378044	 -0.671821	 -0.974075	 0.374499	 -0.665757	 -0.958227	 0.370915	 -0.65971	 -0.942381	 0.367819	 -0.653566	 -0.926472	 0.364847	 -0.647388	 -0.910552	 1.66882	 1.6687	 1.66859	 1.66841	 1.66843	 
2	 0.381	 -0.678	 -0.99	 0.37789	 -0.671999	 -0.974085	 0.374514	 -0.665849	 -0.958283	 0.371047	 -0.659578	 -0.942548	 0.36784	 -0.653496	 -0.926687	 0.364794	 -0.647602	 -0.910722	 1.66192	 1.66177	 1.66183	 1.66143	 1.66167	 
2.01	 0.381	 -0.678	 -0.99	 0.377558	 -0.672099	 -0.974175	 0.374459	 -0.665841	 -0.958416	 0.371353	 -0.659571	 -0.942664	 0.367976	 -0.653585	 -0.926859	 0.364566	 -0.647656	 -0.911039	 1.65377	 1.65369	 1.65366	 1.65348	 1.65344	 
2.02	 0.381	 -0.678	 -0.99	 0.377479	 -0.671927	 -0.974317	 0.374377	 -0.665833	 -0.958556	 0.371465	 -0.659762	 -0.942748	 0.368108	 -0.653694	 -0.927029	 0.364434	 -0.647598	 -0.91139	 1.64541	 1.6453	 1.64541	 1.64517	 1.6455	 
2.03	 0.381	 -0.678	 -0.99	 0.37768	 -0.671732	 -0.974407	 0.374453	 -0.665845	 -0.958646	 0.371278	 -0.659955	 -0.942876	 0.368	 -0.653769	 -0.927242	 0.364635	 -0.647545	 -0.91164	 1.63765	 1.6376	 1.63768	 1.63752	 1.63763	 
2.04	 0.381	 -0.678	 -0.99	 0.377944	 -0.671829	 -0.974356	 0.37457	 -0.665839	 -0.958707	 0.371016	 -0.659929	 -0.943066	 0.367823	 -0.653826	 -0.927422	 0.364926	 -0.647588	 -0.911773	 1.63185	 1.63181	 1.63196	 1.63189	 1.63209	 
2.05	 0.381	 -0.678	 -0.99	 0.377994	 -0.672048	 -0.974289	 0.374528	 -0.66589	 -0.958752	 0.370991	 -0.659756	 -0.943222	 0.367863	 -0.653766	 -0.927549	 0.364895	 -0.647764	 -0.911847	 1.62808	 1.62806	 1.62816	 1.62807	 1.62827	 
2.06	 0.381	 -0.678	 -0.99	 0.377709	 -0.672097	 -0.974342	 0.374452	 -0.665957	 -0.958768	 0.37128	 -0.659677	 -0.943231	 0.368025	 -0.653671	 -0.927605	 0.364646	 -0.647897	 -0.911916	 1.62605	 1.62602	 1.62618	 1.62605	 1.62619	 
2.07	 0.381	 -0.678	 -0.99	 0.377428	 -0.671987	 -0.974447	 0.37444	 -0.665907	 -0.958799	 0.371501	 -0.659791	 -0.943154	 0.368066	 -0.653759	 -0.927578	 0.364486	 -0.647792	 -0.912009	 1.62576	 1.62573	 1.62576	 1.62573	 1.62583	 
2.08	 0.381	 -0.678	 -0.99	 0.377588	 -0.671835	 -0.974472	 0.374448	 -0.665831	 -0.958823	 0.371352	 -0.659967	 -0.943113	 0.368011	 -0.653893	 -0.927534	 0.364567	 -0.647605	 -0.912061	 1.62573	 1.62565	 1.62579	 1.62553	 1.62579	 
2.09	 0.381	 -0.678	 -0.99	 0.377946	 -0.671785	 -0.974415	 0.374478	 -0.665877	 -0.958798	 0.371015	 -0.659999	 -0.943169	 0.367878	 -0.65385	 -0.927576	 0.364785	 -0.647613	 -0.912009	 1.62593	 1.62588	 1.62589	 1.62579	 1.62579	 
2.1	 0.381	 -0.678	 -0.99	 0.377991	 -0.671965	 -0.974337	 0.374537	 -0.665937	 -0.958765	 0.37093	 -0.659832	 -0.943256	 0.367768	 -0.653756	 -0.927642	 0.364876	 -0.647779	 -0.911934	 1.62576	 1.62564	 1.62575	 1.62549	 1.62582	 
2.11	 0.381	 -0.678	 -0.99	 0.377723	 -0.672158	 -0.974324	 0.374485	 -0.665922	 -0.958794	 0.371178	 -0.659676	 -0.943282	 0.367877	 -0.653748	 -0.927645	 0.364668	 -0.64788	 -0.911966	 1.62485	 1.62477	 1.62481	 1.6246	 1.62471	 
2.12	 0.381	 -0.678	 -0.99	 0.377485	 -0.672051	 -0.974423	 0.374352	 -0.665917	 -0.958838	 0.371403	 -0.65976	 -0.943225	 0.368042	 -0.65377	 -0.927632	 0.364378	 -0.647842	 -0.912081	 1.62386	 1.62378	 1.62387	 1.62372	 1.62393	 
2.13	 0.381	 -0.678	 -0.99	 0.377525	 -0.671807	 -0.974519	 0.374395	 -0.665902	 -0.958853	 0.371369	 -0.659969	 -0.943177	 0.368006	 -0.65383	 -0.927652	 0.364451	 -0.6477	 -0.912164	 1.62263	 1.62255	 1.62262	 1.62242	 1.62266	 
2.14	 0.381	 -0.678	 -0.99	 0.377803	 -0.671791	 -0.974473	 0.374492	 -0.665855	 -0.958864	 0.371055	 -0.660027	 -0.943241	 0.367788	 -0.653917	 -0.927691	 0.364715	 -0.647621	 -0.912174	 1.62154	 1.62148	 1.62158	 1.62144	 1.62155	 
2.15	 0.381	 -0.678	 -0.99	 0.378023	 -0.671966	 -0.974364	 0.374496	 -0.665889	 -0.95886	 0.370878	 -0.659877	 -0.943352	 0.367752	 -0.653859	 -0.92774	 0.364818	 -0.647754	 -0.912123	 1.62112	 1.62105	 1.62109	 1.621	 1.62117	 
2.16	 0.381	 -0.678	 -0.99	 0.377825	 -0.672097	 -0.974355	 0.374428	 -0.665978	 -0.958842	 0.37105	 -0.659722	 -0.943378	 0.367835	 -0.653722	 -0.92778	 0.364622	 -0.647944	 -0.912097	 1.62075	 1.62068	 1.6208	 1.62056	 1.62075	 
2.17	 0.381	 -0.678	 -0.99	 0.377453	 -0.672086	 -0.974437	 0.374389	 -0.665955	 -0.958857	 0.371351	 -0.65975	 -0.9433	 0.36791	 -0.653761	 -0.927743	 0.364375	 -0.647904	 -0.912157	 1.62107	 1.62102	 1.62106	 1.62098	 1.62102	 
2.18	 0.381	 -0.678	 -0.99	 0.377454	 -0.671916	 -0.9745	 0.374362	 -0.66587	 -0.958888	 0.371361	 -0.659932	 -0.943218	 0.367941	 -0.653894	 -0.927672	 0.364332	 -0.6477	 -0.91223	 1.62153	 1.62144	 1.62155	 1.62131	 1.6216	 
2.19	 0.381	 -0.678	 -0.99	 0.377783	 -0.671757	 -0.974489	 0.374383	 -0.665881	 -0.958873	 0.371044	 -0.660053	 -0.943227	 0.367818	 -0.653902	 -0.927682	 0.364531	 -0.647637	 -0.912195	 1.6219	 1.62184	 1.62191	 1.62172	 1.62181	 
2.2	 0.381	 -0.678	 -0.99	 0.377969	 -0.671873	 -0.974401	 0.374474	 -0.665918	 -0.958833	 0.370826	 -0.659933	 -0.943311	 0.367642	 -0.653832	 -0.927734	 0.364735	 -0.647754	 -0.912092	 1.62246	 1.62238	 1.62247	 1.62231	 1.62254	 
2.21	 0.381	 -0.678	 -0.99	 0.377819	 -0.672133	 -0.974331	 0.374438	 -0.665927	 -0.958835	 0.370934	 -0.659728	 -0.943364	 0.367662	 -0.653796	 -0.92774	 0.364593	 -0.647896	 -0.91206	 1.62252	 1.62244	 1.62253	 1.62228	 1.62253	 
2.22	 0.381	 -0.678	 -0.99	 0.377543	 -0.672132	 -0.97439	 0.374319	 -0.665954	 -0.95885	 0.371234	 -0.659721	 -0.943304	 0.367872	 -0.653763	 -0.927707	 0.364279	 -0.647924	 -0.912117	 1.62249	 1.62243	 1.6225	 1.62237	 1.62247	 
2.23	 0.381	 -0.678	 -0.99	 0.377415	 -0.671899	 -0.974509	 0.374303	 -0.665943	 -0.95886	 0.371323	 -0.659918	 -0.943212	 0.367883	 -0.653813	 -0.927691	 0.364193	 -0.647787	 -0.912195	 1.62244	 1.62236	 1.62244	 1.62227	 1.62254	 
2.24	 0.381	 -0.678	 -0.99	 0.37763	 -0.671785	 -0.974508	 0.374386	 -0.665863	 -0.958875	 0.371078	 -0.660051	 -0.943214	 0.367711	 -0.653936	 -0.927683	 0.364425	 -0.647627	 -0.912211	 1.62217	 1.6221	 1.62218	 1.62199	 1.62212	 
2.25	 0.381	 -0.678	 -0.99	 0.377961	 -0.671878	 -0.974401	 0.374416	 -0.665869	 -0.958865	 0.370794	 -0.659963	 -0.943306	 0.367624	 -0.653905	 -0.927709	 0.364627	 -0.647686	 -0.912139	 1.62247	 1.62241	 1.62248	 1.62238	 1.6225	 
2.26	 0.381	 -0.678	 -0.99	 0.37791	 -0.672042	 -0.974343	 0.374387	 -0.665961	 -0.958827	 0.370832	 -0.659765	 -0.943363	 0.367642	 -0.65374	 -0.927753	 0.364556	 -0.647895	 -0.912053	 1.62299	 1.62291	 1.62299	 1.62277	 1.623	 
2.27	 0.381	 -0.678	 -0.99	 0.377526	 -0.672132	 -0.974383	 0.374339	 -0.665955	 -0.958825	 0.371134	 -0.659685	 -0.943307	 0.367714	 -0.653721	 -0.927716	 0.364291	 -0.647931	 -0.91206	 1.62391	 1.62385	 1.62395	 1.62379	 1.62387	 
2.28	 0.381	 -0.678	 -0.99	 0.377373	 -0.671999	 -0.974458	 0.374277	 -0.665878	 -0.958848	 0.371293	 -0.659828	 -0.943189	 0.367819	 -0.653832	 -0.92761	 0.364122	 -0.647754	 -0.912114	 1.62547	 1.62539	 1.62547	 1.62532	 1.62554	 
2.29	 0.381	 -0.678	 -0.99	 0.377606	 -0.67176	 -0.974489	 0.374288	 -0.665868	 -0.958827	 0.371087	 -0.660017	 -0.943124	 0.367754	 -0.653862	 -0.927567	 0.364243	 -0.647608	 -0.912087	 1.6269	 1.62682	 1.62695	 1.62669	 1.62694	 
2.3	 0.381	 -0.678	 -0.99	 0.377879	 -0.671782	 -0.97441	 0.374401	 -0.665881	 -0.958773	 0.370793	 -0.659983	 -0.943164	 0.367544	 -0.653826	 -0.927578	 0.364521	 -0.647623	 -0.911963	 1.62865	 1.62859	 1.62865	 1.62854	 1.62865	 
2.31	 0.381	 -0.678	 -0.99	 0.377897	 -0.672047	 -0.974292	 0.374402	 -0.665884	 -0.958749	 0.370745	 -0.659758	 -0.943228	 0.367499	 -0.653773	 -0.927563	 0.364535	 -0.647755	 -0.911852	 1.63024	 1.63014	 1.63026	 1.63003	 1.63037	 
2.32	 0.381	 -0.678	 -0.99	 0.37765	 -0.672143	 -0.974298	 0.374283	 -0.665925	 -0.958739	 0.370998	 -0.659638	 -0.94319	 0.367676	 -0.65368	 -0.927521	 0.364242	 -0.647867	 -0.911821	 1.63152	 1.63146	 1.63152	 1.63135	 1.63144	 
2.33	 0.381	 -0.678	 -0.99	 0.377374	 -0.671978	 -0.974412	 0.374241	 -0.665918	 -0.958732	 0.371236	 -0.659752	 -0.943068	 0.36776	 -0.653682	 -0.927465	 0.364041	 -0.647772	 -0.911855	 1.63296	 1.63288	 1.63297	 1.63283	 1.63304	 
2.34	 0.381	 -0.678	 -0.99	 0.377446	 -0.671809	 -0.974453	 0.374286	 -0.665825	 -0.958741	 0.37113	 -0.659936	 -0.942992	 0.367662	 -0.65382	 -0.927398	 0.364143	 -0.64754	 -0.911879	 1.63411	 1.63403	 1.63409	 1.63388	 1.63407	 
2.35	 0.381	 -0.678	 -0.99	 0.377828	 -0.671775	 -0.974375	 0.374334	 -0.665804	 -0.958721	 0.370817	 -0.659957	 -0.943024	 0.367571	 -0.653825	 -0.927379	 0.364397	 -0.64748	 -0.911803	 1.63533	 1.63525	 1.63536	 1.63519	 1.63531	 
2.36	 0.381	 -0.678	 -0.99	 0.377961	 -0.671906	 -0.974286	 0.374357	 -0.66588	 -0.958667	 0.370676	 -0.659778	 -0.943095	 0.367492	 -0.653668	 -0.927418	 0.364488	 -0.647658	 -0.911665	 1.63684	 1.63676	 1.6368	 1.63664	 1.63684	 
2.37	 0.381	 -0.678	 -0.99	 0.377689	 -0.672104	 -0.974257	 0.374353	 -0.665883	 -0.958645	 0.370916	 -0.659585	 -0.943086	 0.367555	 -0.653603	 -0.927387	 0.36434	 -0.647778	 -0.911598	 1.6381	 1.63801	 1.63815	 1.63788	 1.63813	 
2.38	 0.381	 -0.678	 -0.99	 0.377406	 -0.672079	 -0.974316	 0.374241	 -0.665839	 -0.958664	 0.371178	 -0.659622	 -0.942983	 0.367712	 -0.65365	 -0.92729	 0.364049	 -0.647693	 -0.911637	 1.6398	 1.63974	 1.63979	 1.63969	 1.63977	 
2.39	 0.381	 -0.678	 -0.99	 0.377428	 -0.67181	 -0.974404	 0.374209	 -0.665832	 -0.95865	 0.371166	 -0.659841	 -0.942864	 0.367739	 -0.653684	 -0.927224	 0.364018	 -0.647516	 -0.911653	 1.64142	 1.64132	 1.64147	 1.64122	 1.64159	 
2.4	 0.381	 -0.678	 -0.99	 0.377684	 -0.671698	 -0.97438	 0.374327	 -0.665799	 -0.958614	 0.3709	 -0.659937	 -0.942847	 0.367551	 -0.653724	 -0.9272	 0.364304	 -0.647402	 -0.911575	 1.64301	 1.64296	 1.64302	 1.64288	 1.64295	 
2.41	 0.381	 -0.678	 -0.99	 0.37792	 -0.671877	 -0.974248	 0.374374	 -0.665778	 -0.958585	 0.370671	 -0.659783	 -0.942918	 0.367438	 -0.653706	 -0.92718	 0.364488	 -0.647475	 -0.911444	 1.64491	 1.64482	 1.64495	 1.64479	 1.64507	 
2.42	 0.381	 -0.678	 -0.99	 0.377844	 -0.672052	 -0.974184	 0.374309	 -0.665847	 -0.958547	 0.370774	 -0.659572	 -0.942938	 0.367539	 -0.65355	 -0.927168	 0.364352	 -0.64766	 -0.911336	 1.64667	 1.6466	 1.64665	 1.64646	 1.64663	 
2.43	 0.381	 -0.678	 -0.99	 0.377478	 -0.672057	 -0.974245	 0.374255	 -0.665872	 -0.95852	 0.371084	 -0.65954	 -0.942842	 0.36764	 -0.653488	 -0.927113	 0.364091	 -0.647679	 -0.911314	 1.64859	 1.64851	 1.64864	 1.64846	 1.64859	 
2.44	 0.381	 -0.678	 -0.99	 0.377329	 -0.671915	 -0.974317	 0.374244	 -0.665777	 -0.95853	 0.371219	 -0.659695	 -0.942709	 0.367689	 -0.653614	 -0.926994	 0.363998	 -0.647456	 -0.911344	 1.65085	 1.65078	 1.6508	 1.65067	 1.65084	 
2.45	 0.381	 -0.678	 -0.99	 0.377599	 -0.671711	 -0.974322	 0.374249	 -0.665728	 -0.958514	 0.370989	 -0.659855	 -0.942646	 0.367634	 -0.65367	 -0.926918	 0.364143	 -0.647293	 -0.911295	 1.65292	 1.65283	 1.653	 1.65271	 1.65296	 
2.46	 0.381	 -0.678	 -0.99	 0.377888	 -0.671708	 -0.974245	 0.374335	 -0.665762	 -0.958449	 0.370705	 -0.659803	 -0.942675	 0.367475	 -0.653583	 -0.926916	 0.364412	 -0.647342	 -0.911131	 1.6555	 1.65544	 1.65548	 1.65538	 1.65544	 
2.47	 0.381	 -0.678	 -0.99	 0.377874	 -0.671972	 -0.974126	 0.37438	 -0.66577	 -0.958398	 0.370702	 -0.659564	 -0.942711	 0.367427	 -0.653502	 -0.926882	 0.364458	 -0.647466	 -0.91098	 1.65806	 1.65796	 1.65812	 1.65786	 1.65824	 
2.48	 0.381	 -0.678	 -0.99	 0.377631	 -0.672111	 -0.974105	 0.374275	 -0.665785	 -0.958377	 0.370961	 -0.659425	 -0.942653	 0.367605	 -0.653425	 -0.926798	 0.364189	 -0.647524	 -0.910919	 1.66065	 1.66059	 1.66064	 1.66048	 1.66054	 
2.49	 0.381	 -0.678	 -0.99	 0.37738	 -0.67193	 -0.974209	 0.374202	 -0.665787	 -0.958352	 0.37119	 -0.659534	 -0.942504	 0.367726	 -0.653399	 -0.926704	 0.363973	 -0.647431	 -0.910904	 1.66344	 1.66336	 1.66349	 1.66332	 1.66358	 
2.5	 0.381	 -0.678	 -0.99	 0.377413	 -0.67172	 -0.974265	 0.374259	 -0.665691	 -0.958341	 0.371127	 -0.659718	 -0.942391	 0.367643	 -0.653517	 -0.926603	 0.36408	 -0.647211	 -0.910873	 1.66603	 1.66596	 1.66599	 1.6658	 1.66596	 
2.51	 0.381	 -0.678	 -0.99	 0.377759	 -0.671683	 -0.974188	 0.374307	 -0.665636	 -0.958316	 0.370814	 -0.659754	 -0.942389	 0.367521	 -0.653566	 -0.926539	 0.364315	 -0.647117	 -0.910773	 1.66836	 1.66828	 1.66841	 1.66819	 1.66836	 
2.52	 0.381	 -0.678	 -0.99	 0.377974	 -0.671806	 -0.97408	 0.374347	 -0.665722	 -0.958245	 0.370657	 -0.659598	 -0.942439	 0.367479	 -0.653411	 -0.926548	 0.364461	 -0.647264	 -0.910609	 1.67068	 1.6706	 1.67059	 1.67046	 1.67058	 
2.53	 0.381	 -0.678	 -0.99	 0.377756	 -0.672023	 -0.97403	 0.374347	 -0.665766	 -0.958202	 0.370825	 -0.659396	 -0.942444	 0.367499	 -0.653308	 -0.926535	 0.364353	 -0.647411	 -0.910515	 1.67219	 1.67207	 1.67221	 1.67188	 1.67218	 
2.54	 0.381	 -0.678	 -0.99	 0.377451	 -0.672063	 -0.974071	 0.37426	 -0.66572	 -0.958223	 0.371123	 -0.659377	 -0.942364	 0.367664	 -0.653352	 -0.92645	 0.364085	 -0.647375	 -0.910544	 1.67342	 1.67336	 1.67336	 1.67323	 1.67325	 
2.55	 0.381	 -0.678	 -0.99	 0.377392	 -0.671805	 -0.974178	 0.374207	 -0.665696	 -0.958232	 0.371214	 -0.659576	 -0.942253	 0.367766	 -0.653397	 -0.926391	 0.36399	 -0.647229	 -0.910596	 1.67412	 1.67401	 1.67414	 1.67387	 1.67425	 
2.56	 0.381	 -0.678	 -0.99	 0.377583	 -0.67162	 -0.974208	 0.374299	 -0.665666	 -0.958222	 0.371009	 -0.659742	 -0.942227	 0.367619	 -0.653461	 -0.92639	 0.364223	 -0.647087	 -0.910592	 1.67429	 1.67422	 1.67426	 1.67407	 1.67417	 
2.57	 0.381	 -0.678	 -0.99	 0.37788	 -0.671736	 -0.974098	 0.374385	 -0.665635	 -0.958212	 0.370745	 -0.659663	 -0.942308	 0.367494	 -0.653479	 -0.926402	 0.364498	 -0.647088	 -0.910526	 1.67454	 1.67446	 1.67459	 1.67441	 1.67465	 
2.58	 0.381	 -0.678	 -0.99	 0.377943	 -0.67193	 -0.974007	 0.374352	 -0.665707	 -0.958185	 0.37072	 -0.659451	 -0.942385	 0.367542	 -0.653335	 -0.926434	 0.364494	 -0.647284	 -0.910433	 1.67511	 1.67505	 1.67508	 1.67493	 1.67511	 
2.59	 0.381	 -0.678	 -0.99	 0.377639	 -0.672021	 -0.974026	 0.37433	 -0.665751	 -0.958153	 0.371022	 -0.659322	 -0.942343	 0.367668	 -0.653226	 -0.926413	 0.364308	 -0.647398	 -0.910382	 1.67619	 1.67611	 1.67628	 1.67605	 1.67628	 
2.6	 0.381	 -0.678	 -0.99	 0.377362	 -0.671951	 -0.974095	 0.374288	 -0.66567	 -0.958162	 0.371268	 -0.659404	 -0.942212	 0.367764	 -0.653318	 -0.926292	 0.36411	 -0.647244	 -0.910401	 1.67864	 1.67861	 1.67865	 1.67859	 1.67868	 
2.61	 0.381	 -0.678	 -0.99	 0.377476	 -0.671709	 -0.97414	 0.374262	 -0.665617	 -0.958138	 0.371196	 -0.659609	 -0.942074	 0.367794	 -0.653389	 -0.926161	 0.364142	 -0.647029	 -0.910356	 1.68192	 1.68183	 1.68204	 1.68178	 1.68216	 
2.62	 0.381	 -0.678	 -0.99	 0.377767	 -0.671582	 -0.974099	 0.374351	 -0.665625	 -0.958057	 0.370913	 -0.659678	 -0.942016	 0.367638	 -0.653355	 -0.926086	 0.364415	 -0.646959	 -0.910173	 1.68614	 1.68611	 1.68618	 1.68608	 1.68613	 
2.63	 0.381	 -0.678	 -0.99	 0.377936	 -0.67178	 -0.973953	 0.374431	 -0.665608	 -0.957978	 0.370735	 -0.659493	 -0.942023	 0.367507	 -0.653304	 -0.925997	 0.364608	 -0.647025	 -0.909941	 1.6909	 1.69081	 1.69097	 1.69079	 1.69113	 
2.64	 0.381	 -0.678	 -0.99	 0.377858	 -0.671995	 -0.973855	 0.374372	 -0.665639	 -0.957916	 0.370853	 -0.659262	 -0.941992	 0.367624	 -0.653176	 -0.925896	 0.364482	 -0.647159	 -0.909755	 1.69534	 1.69526	 1.6953	 1.69512	 1.69528	 
2.65	 0.381	 -0.678	 -0.99	 0.377542	 -0.671971	 -0.973901	 0.374303	 -0.665676	 -0.957859	 0.371155	 -0.65922	 -0.941862	 0.367774	 -0.653068	 -0.925795	 0.364237	 -0.647177	 -0.909663	 1.69911	 1.69901	 1.69914	 1.69891	 1.6991	 
2.66	 0.381	 -0.678	 -0.99	 0.377345	 -0.671814	 -0.973982	 0.374299	 -0.665584	 -0.957856	 0.371311	 -0.659361	 -0.941716	 0.367805	 -0.653164	 -0.925671	 0.364146	 -0.646961	 -0.909662	 1.70216	 1.70207	 1.70204	 1.7019	 1.70202	 
2.67	 0.381	 -0.678	 -0.99	 0.377565	 -0.67162	 -0.973997	 0.374319	 -0.665501	 -0.957855	 0.371155	 -0.659524	 -0.941642	 0.367794	 -0.653255	 -0.925583	 0.364293	 -0.646756	 -0.909643	 1.70389	 1.70377	 1.70391	 1.70357	 1.70385	 
2.68	 0.381	 -0.678	 -0.99	 0.377886	 -0.671562	 -0.973946	 0.374393	 -0.665536	 -0.957811	 0.370872	 -0.659523	 -0.941677	 0.367675	 -0.653182	 -0.925603	 0.364566	 -0.646775	 -0.909537	 1.70512	 1.70505	 1.70504	 1.7049	 1.70492	 
2.69	 0.381	 -0.678	 -0.99	 0.377955	 -0.671794	 -0.973836	 0.37447	 -0.665557	 -0.957775	 0.370797	 -0.659315	 -0.941756	 0.367589	 -0.653106	 -0.925627	 0.364708	 -0.646911	 -0.909428	 1.70591	 1.70579	 1.70593	 1.70567	 1.70603	 
2.7	 0.381	 -0.678	 -0.99	 0.377786	 -0.67201	 -0.973783	 0.374408	 -0.665577	 -0.957771	 0.371003	 -0.659129	 -0.94177	 0.367742	 -0.653041	 -0.925601	 0.364539	 -0.647031	 -0.90939	 1.70656	 1.70649	 1.70653	 1.70634	 1.70647	 
2.71	 0.381	 -0.678	 -0.99	 0.377505	 -0.671922	 -0.973867	 0.374326	 -0.665615	 -0.957756	 0.371291	 -0.659175	 -0.94167	 0.367913	 -0.652992	 -0.925552	 0.364292	 -0.647027	 -0.909403	 1.70762	 1.70754	 1.70769	 1.70751	 1.70774	 
2.72	 0.381	 -0.678	 -0.99	 0.377393	 -0.671718	 -0.973958	 0.374357	 -0.665543	 -0.957757	 0.371381	 -0.659368	 -0.941545	 0.367911	 -0.653104	 -0.925466	 0.364284	 -0.646826	 -0.909426	 1.70928	 1.70922	 1.70927	 1.70914	 1.70932	 
2.73	 0.381	 -0.678	 -0.99	 0.37765	 -0.671586	 -0.97394	 0.374384	 -0.665464	 -0.957749	 0.371142	 -0.659506	 -0.941492	 0.367824	 -0.653216	 -0.925377	 0.364467	 -0.646654	 -0.909377	 1.71129	 1.7112	 1.71138	 1.71113	 1.71139	 
2.74	 0.381	 -0.678	 -0.99	 0.377969	 -0.671597	 -0.973852	 0.374443	 -0.665516	 -0.957679	 0.37088	 -0.659449	 -0.941509	 0.367738	 -0.653115	 -0.925356	 0.364711	 -0.646718	 -0.909204	 1.71416	 1.71412	 1.71415	 1.71407	 1.71412	 
2.75	 0.381	 -0.678	 -0.99	 0.377956	 -0.671826	 -0.973742	 0.374496	 -0.665554	 -0.957607	 0.370869	 -0.659218	 -0.941531	 0.367676	 -0.652995	 -0.925322	 0.364774	 -0.64687	 -0.909019	 1.71733	 1.71723	 1.7174	 1.71714	 1.71752	 
2.76	 0.381	 -0.678	 -0.99	 0.377723	 -0.672008	 -0.973696	 0.374432	 -0.665535	 -0.95758	 0.371118	 -0.659045	 -0.941475	 0.367828	 -0.652947	 -0.925214	 0.364573	 -0.646931	 -0.908915	 1.72066	 1.7206	 1.72065	 1.72048	 1.72059	 
2.77	 0.381	 -0.678	 -0.99	 0.377484	 -0.671861	 -0.973776	 0.374344	 -0.665532	 -0.957548	 0.371377	 -0.659111	 -0.941324	 0.368005	 -0.652903	 -0.925097	 0.364346	 -0.646858	 -0.908868	 1.72407	 1.72398	 1.72412	 1.72393	 1.72419	 
2.78	 0.381	 -0.678	 -0.99	 0.377434	 -0.671626	 -0.973856	 0.374385	 -0.665463	 -0.957525	 0.371403	 -0.659302	 -0.941181	 0.367973	 -0.652978	 -0.92499	 0.364388	 -0.646632	 -0.908839	 1.72715	 1.72707	 1.7271	 1.72692	 1.72711	 
2.79	 0.381	 -0.678	 -0.99	 0.377718	 -0.671539	 -0.973813	 0.374455	 -0.665383	 -0.957506	 0.371172	 -0.659396	 -0.941138	 0.367889	 -0.653061	 -0.924903	 0.36463	 -0.646448	 -0.908774	 1.72944	 1.72935	 1.72948	 1.72921	 1.72945	 
2.8	 0.381	 -0.678	 -0.99	 0.378024	 -0.671591	 -0.97372	 0.374504	 -0.665439	 -0.957451	 0.370939	 -0.659305	 -0.941185	 0.367834	 -0.652948	 -0.92491	 0.364858	 -0.646528	 -0.908636	 1.73131	 1.73123	 1.73122	 1.7311	 1.73116	 
2.81	 0.381	 -0.678	 -0.99	 0.377973	 -0.671808	 -0.97364	 0.374546	 -0.665489	 -0.957409	 0.370971	 -0.659081	 -0.941243	 0.367804	 -0.652826	 -0.924935	 0.364901	 -0.646711	 -0.908523	 1.73221	 1.73208	 1.73221	 1.7319	 1.73226	 
2.82	 0.381	 -0.678	 -0.99	 0.377717	 -0.671978	 -0.973624	 0.374492	 -0.66547	 -0.957424	 0.371245	 -0.658944	 -0.941235	 0.367963	 -0.65282	 -0.924899	 0.364706	 -0.646781	 -0.908525	 1.73245	 1.73237	 1.73239	 1.73219	 1.73227	 
2.83	 0.381	 -0.678	 -0.99	 0.377502	 -0.671833	 -0.973723	 0.374405	 -0.665484	 -0.957436	 0.371486	 -0.65906	 -0.941145	 0.36814	 -0.652823	 -0.924864	 0.364492	 -0.646719	 -0.908596	 1.73236	 1.73225	 1.73238	 1.73216	 1.73243	 
2.84	 0.381	 -0.678	 -0.99	 0.377485	 -0.671596	 -0.973821	 0.374451	 -0.665446	 -0.957448	 0.371488	 -0.659286	 -0.941066	 0.368101	 -0.652923	 -0.924845	 0.364556	 -0.646542	 -0.908664	 1.73202	 1.73194	 1.73199	 1.7318	 1.73199	 
2.85	 0.381	 -0.678	 -0.99	 0.377768	 -0.671527	 -0.973793	 0.374524	 -0.665372	 -0.957466	 0.37124	 -0.659387	 -0.941083	 0.367996	 -0.653046	 -0.924828	 0.364811	 -0.646426	 -0.908671	 1.73154	 1.73145	 1.7316	 1.73135	 1.73157	 
2.86	 0.381	 -0.678	 -0.99	 0.378059	 -0.671606	 -0.973707	 0.374555	 -0.665433	 -0.957441	 0.371005	 -0.659295	 -0.941172	 0.367936	 -0.652965	 -0.924879	 0.365009	 -0.646563	 -0.908587	 1.73144	 1.73138	 1.73141	 1.7313	 1.73139	 
2.87	 0.381	 -0.678	 -0.99	 0.377995	 -0.671827	 -0.973635	 0.3746	 -0.665507	 -0.957404	 0.371073	 -0.659082	 -0.94124	 0.367935	 -0.65284	 -0.924929	 0.365034	 -0.646767	 -0.908507	 1.73131	 1.73119	 1.73135	 1.73106	 1.73141	 
2.88	 0.381	 -0.678	 -0.99	 0.377712	 -0.671993	 -0.973628	 0.37454	 -0.665494	 -0.957422	 0.371346	 -0.658968	 -0.94123	 0.368072	 -0.652847	 -0.924899	 0.364816	 -0.646824	 -0.908527	 1.7313	 1.73123	 1.73128	 1.7311	 1.73118	 
2.89	 0.381	 -0.678	 -0.99	 0.377517	 -0.671829	 -0.973728	 0.374455	 -0.665489	 -0.957437	 0.371576	 -0.659095	 -0.941133	 0.36825	 -0.652868	 -0.924851	 0.364613	 -0.646742	 -0.908595	 1.73146	 1.73136	 1.7315	 1.73129	 1.73157	 
2.9	 0.381	 -0.678	 -0.99	 0.377532	 -0.671574	 -0.973823	 0.374503	 -0.665451	 -0.957443	 0.371549	 -0.65932	 -0.941051	 0.3682	 -0.652953	 -0.924828	 0.364689	 -0.64656	 -0.908648	 1.73152	 1.73145	 1.7315	 1.73131	 1.73152	 
2.91	 0.381	 -0.678	 -0.99	 0.377819	 -0.671531	 -0.973783	 0.37459	 -0.665385	 -0.95745	 0.371298	 -0.659401	 -0.94107	 0.368082	 -0.653053	 -0.924813	 0.36496	 -0.646432	 -0.908645	 1.73137	 1.73128	 1.73142	 1.73118	 1.73141	 
2.92	 0.381	 -0.678	 -0.99	 0.378101	 -0.671637	 -0.973689	 0.374621	 -0.665441	 -0.957427	 0.371085	 -0.65928	 -0.941165	 0.368045	 -0.652957	 -0.924865	 0.365155	 -0.64656	 -0.908566	 1.73129	 1.73121	 1.73124	 1.73112	 1.73124	 
2.93	 0.381	 -0.678	 -0.99	 0.378006	 -0.671838	 -0.973633	 0.374639	 -0.665509	 -0.957403	 0.37116	 -0.659062	 -0.941243	 0.368049	 -0.652825	 -0.924927	 0.365148	 -0.646782	 -0.908498	 1.73077	 1.73064	 1.73079	 1.7305	 1.73084	 
2.94	 0.381	 -0.678	 -0.99	 0.377706	 -0.671981	 -0.973642	 0.374587	 -0.665484	 -0.957435	 0.37145	 -0.658961	 -0.941241	 0.368186	 -0.652845	 -0.924914	 0.364931	 -0.646833	 -0.908547	 1.73001	 1.72994	 1.72998	 1.7298	 1.72988	 
2.95	 0.381	 -0.678	 -0.99	 0.377534	 -0.671818	 -0.973745	 0.37451	 -0.665481	 -0.957463	 0.371667	 -0.659113	 -0.941159	 0.368359	 -0.652887	 -0.92489	 0.364739	 -0.646727	 -0.90866	 1.72912	 1.72901	 1.72915	 1.72892	 1.72921	 
2.96	 0.381	 -0.678	 -0.99	 0.377583	 -0.671562	 -0.973843	 0.374557	 -0.665465	 -0.957479	 0.371611	 -0.659354	 -0.941104	 0.368303	 -0.65297	 -0.924905	 0.364834	 -0.646558	 -0.908749	 1.72791	 1.72782	 1.72789	 1.72768	 1.72789	 
2.97	 0.381	 -0.678	 -0.99	 0.377872	 -0.671532	 -0.973807	 0.374654	 -0.665401	 -0.957502	 0.371352	 -0.659424	 -0.941156	 0.368174	 -0.653083	 -0.924924	 0.365123	 -0.646481	 -0.908771	 1.72646	 1.72636	 1.72651	 1.72627	 1.72649	 
2.98	 0.381	 -0.678	 -0.99	 0.378132	 -0.67167	 -0.973714	 0.374674	 -0.665454	 -0.9575	 0.371151	 -0.65929	 -0.941281	 0.368139	 -0.653011	 -0.925003	 0.365293	 -0.64665	 -0.908726	 1.72512	 1.72504	 1.72508	 1.72494	 1.72508	 
2.99	 0.381	 -0.678	 -0.99	 0.378017	 -0.671877	 -0.973668	 0.374684	 -0.665552	 -0.957482	 0.371262	 -0.65909	 -0.941368	 0.368169	 -0.652876	 -0.925093	 0.365247	 -0.646882	 -0.908701	 1.72347	 1.72336	 1.72351	 1.72321	 1.72352	 
3	 0.381	 -0.678	 -0.99	 0.377698	 -0.672003	 -0.973694	 0.374643	 -0.665538	 -0.95752	 0.371572	 -0.659026	 -0.941367	 0.368307	 -0.652909	 -0.9251	 0.365029	 -0.646913	 -0.90879	 1.72185	 1.72178	 1.72183	 1.72164	 1.72172	 
3.01	 0.381	 -0.678	 -0.99	 0.377544	 -0.671819	 -0.973806	 0.374555	 -0.665513	 -0.957569	 0.371744	 -0.659204	 -0.9413	 0.368451	 -0.652991	 -0.925086	 0.364848	 -0.646796	 -0.908929	 1.72027	 1.72017	 1.72031	 1.72007	 1.72036	 
3.02	 0.381	 -0.678	 -0.99	 0.377649	 -0.671545	 -0.973904	 0.374609	 -0.665492	 -0.957592	 0.371652	 -0.659441	 -0.941264	 0.368396	 -0.65307	 -0.925116	 0.364983	 -0.64665	 -0.909019	 1.71855	 1.71847	 1.71854	 1.71831	 1.71852	 
3.03	 0.381	 -0.678	 -0.99	 0.377936	 -0.671551	 -0.973857	 0.374711	 -0.665445	 -0.957613	 0.371375	 -0.659479	 -0.941338	 0.368238	 -0.653158	 -0.92516	 0.365277	 -0.646599	 -0.909042	 1.71679	 1.7167	 1.71684	 1.71661	 1.71683	 
3.04	 0.381	 -0.678	 -0.99	 0.378158	 -0.671744	 -0.973752	 0.374726	 -0.665502	 -0.957614	 0.371214	 -0.659311	 -0.941473	 0.368222	 -0.653078	 -0.925245	 0.365416	 -0.646772	 -0.90901	 1.71519	 1.71511	 1.71516	 1.71501	 1.71519	 
3.05	 0.381	 -0.678	 -0.99	 0.377998	 -0.671928	 -0.973725	 0.374705	 -0.665601	 -0.957604	 0.371362	 -0.659119	 -0.941554	 0.36828	 -0.652937	 -0.925338	 0.365307	 -0.647006	 -0.909004	 1.71334	 1.71323	 1.71337	 1.71309	 1.71338	 
3.06	 0.381	 -0.678	 -0.99	 0.377655	 -0.671994	 -0.973779	 0.374662	 -0.665577	 -0.957648	 0.371672	 -0.6591	 -0.94154	 0.368396	 -0.65299	 -0.925346	 0.365072	 -0.647015	 -0.90911	 1.7116	 1.71153	 1.71158	 1.71142	 1.7115	 
3.07	 0.381	 -0.678	 -0.99	 0.377556	 -0.671797	 -0.973887	 0.374599	 -0.665532	 -0.957702	 0.371805	 -0.65931	 -0.94147	 0.368516	 -0.653107	 -0.925326	 0.364932	 -0.646854	 -0.909262	 1.70991	 1.7098	 1.70994	 1.7097	 1.71001	 
3.08	 0.381	 -0.678	 -0.99	 0.377734	 -0.671539	 -0.973964	 0.374647	 -0.665534	 -0.957717	 0.371638	 -0.65954	 -0.941451	 0.368435	 -0.653171	 -0.925368	 0.365093	 -0.646726	 -0.909341	 1.70812	 1.70804	 1.70812	 1.70789	 1.70809	 
3.09	 0.381	 -0.678	 -0.99	 0.378009	 -0.67159	 -0.973902	 0.374751	 -0.66551	 -0.957729	 0.371352	 -0.659531	 -0.941546	 0.368253	 -0.653228	 -0.925427	 0.365385	 -0.64674	 -0.909338	 1.70646	 1.70636	 1.7065	 1.70629	 1.70651	 
3.1	 0.381	 -0.678	 -0.99	 0.378153	 -0.671836	 -0.973791	 0.37475	 -0.665555	 -0.957736	 0.371248	 -0.659324	 -0.941682	 0.368249	 -0.653162	 -0.925501	 0.365459	 -0.646945	 -0.909302	 1.70495	 1.70486	 1.70494	 1.70476	 1.70498	 
3.11	 0.381	 -0.678	 -0.99	 0.377939	 -0.671988	 -0.973785	 0.374692	 -0.665656	 -0.957729	 0.371447	 -0.659165	 -0.941736	 0.368346	 -0.653029	 -0.925577	 0.365267	 -0.64716	 -0.909312	 1.70327	 1.70318	 1.70332	 1.70305	 1.70331	 
3.12	 0.381	 -0.678	 -0.99	 0.377597	 -0.671974	 -0.973869	 0.37466	 -0.665633	 -0.957768	 0.371754	 -0.659216	 -0.941691	 0.368451	 -0.653092	 -0.925577	 0.365043	 -0.647117	 -0.909429	 1.70179	 1.70171	 1.70178	 1.70162	 1.70173	 
3.13	 0.381	 -0.678	 -0.99	 0.377565	 -0.67176	 -0.973969	 0.374615	 -0.665558	 -0.957828	 0.371797	 -0.659449	 -0.941627	 0.368512	 -0.653248	 -0.925551	 0.364977	 -0.646913	 -0.909579	 1.70019	 1.70008	 1.70021	 1.69996	 1.70026	 
3.14	 0.381	 -0.678	 -0.99	 0.377831	 -0.671538	 -0.974015	 0.374661	 -0.665564	 -0.957843	 0.371555	 -0.659634	 -0.941641	 0.368414	 -0.65329	 -0.925605	 0.365182	 -0.646824	 -0.909635	 1.69837	 1.69829	 1.69837	 1.69813	 1.69829	 
3.15	 0.381	 -0.678	 -0.99	 0.378084	 -0.671646	 -0.973937	 0.374777	 -0.665575	 -0.957841	 0.371309	 -0.659552	 -0.94176	 0.368249	 -0.65328	 -0.925694	 0.365463	 -0.646907	 -0.909615	 1.69656	 1.69646	 1.69659	 1.69637	 1.69659	 
3.16	 0.381	 -0.678	 -0.99	 0.378109	 -0.671944	 -0.973831	 0.37476	 -0.665615	 -0.957858	 0.371295	 -0.659315	 -0.941897	 0.368263	 -0.653217	 -0.925772	 0.365448	 -0.647111	 -0.909608	 1.69466	 1.69456	 1.69465	 1.69441	 1.69467	 
3.17	 0.381	 -0.678	 -0.99	 0.377848	 -0.67204	 -0.973859	 0.374673	 -0.665698	 -0.957869	 0.371559	 -0.65921	 -0.941925	 0.368419	 -0.653111	 -0.925835	 0.365192	 -0.647267	 -0.909667	 1.69265	 1.69255	 1.69269	 1.69244	 1.69266	 
3.18	 0.381	 -0.678	 -0.99	 0.377545	 -0.671912	 -0.973981	 0.374639	 -0.665674	 -0.957912	 0.371806	 -0.659348	 -0.941862	 0.368485	 -0.65319	 -0.925843	 0.364992	 -0.647171	 -0.909806	 1.69098	 1.6909	 1.69098	 1.69083	 1.691	 
3.19	 0.381	 -0.678	 -0.99	 0.377612	 -0.671699	 -0.974061	 0.374641	 -0.665577	 -0.957971	 0.371747	 -0.659588	 -0.941815	 0.368471	 -0.653374	 -0.925821	 0.365032	 -0.646949	 -0.909941	 1.68934	 1.68924	 1.68937	 1.68912	 1.68941	 
3.2	 0.381	 -0.678	 -0.99	 0.377952	 -0.671569	 -0.974056	 0.374683	 -0.66559	 -0.95798	 0.371439	 -0.659694	 -0.941869	 0.368356	 -0.65339	 -0.925882	 0.365264	 -0.646919	 -0.909963	 1.68776	 1.68768	 1.68777	 1.68756	 1.68769	 
3.21	 0.381	 -0.678	 -0.99	 0.378128	 -0.67174	 -0.973967	 0.374761	 -0.665651	 -0.957965	 0.371239	 -0.65954	 -0.942005	 0.368208	 -0.653312	 -0.925991	 0.36546	 -0.647098	 -0.909918	 1.68611	 1.686	 1.68611	 1.68588	 1.68612	 
3.22	 0.381	 -0.678	 -0.99	 0.378002	 -0.672047	 -0.973891	 0.374735	 -0.665683	 -0.957993	 0.371357	 -0.659308	 -0.942122	 0.368258	 -0.653268	 -0.926066	 0.365351	 -0.647296	 -0.909948	 1.68371	 1.6836	 1.68368	 1.6834	 1.68364	 
3.23	 0.381	 -0.678	 -0.99	 0.377715	 -0.672064	 -0.973965	 0.374626	 -0.665732	 -0.958043	 0.371652	 -0.659304	 -0.942138	 0.368446	 -0.653246	 -0.926134	 0.365049	 -0.647375	 -0.910099	 1.68029	 1.68018	 1.68027	 1.68	 1.68018	 
3.24	 0.381	 -0.678	 -0.99	 0.377533	 -0.671823	 -0.974128	 0.374613	 -0.66572	 -0.958119	 0.371809	 -0.659549	 -0.942116	 0.368493	 -0.653358	 -0.92622	 0.364942	 -0.647258	 -0.910337	 1.67561	 1.67549	 1.67554	 1.67529	 1.67553	 
3.25	 0.381	 -0.678	 -0.99	 0.377717	 -0.671656	 -0.974201	 0.374677	 -0.665646	 -0.958224	 0.371634	 -0.659783	 -0.942193	 0.368397	 -0.653566	 -0.926337	 0.365132	 -0.647102	 -0.910584	 1.66928	 1.66915	 1.66923	 1.66891	 1.66914	 
3.26	 0.381	 -0.678	 -0.99	 0.378082	 -0.671697	 -0.974166	 0.374723	 -0.665693	 -0.958305	 0.371322	 -0.659797	 -0.942411	 0.368298	 -0.653596	 -0.926559	 0.365387	 -0.647205	 -0.91076	 1.66188	 1.66176	 1.66181	 1.66158	 1.66171	 
3.27	 0.381	 -0.678	 -0.99	 0.37814	 -0.671934	 -0.97412	 0.374764	 -0.665821	 -0.958361	 0.37128	 -0.659606	 -0.942665	 0.368267	 -0.653488	 -0.926836	 0.36547	 -0.647519	 -0.910908	 1.65392	 1.65379	 1.65388	 1.6536	 1.65385	 
3.28	 0.381	 -0.678	 -0.99	 0.377833	 -0.672161	 -0.974149	 0.374723	 -0.665857	 -0.958466	 0.371549	 -0.659472	 -0.942827	 0.368364	 -0.653505	 -0.927029	 0.365261	 -0.647709	 -0.911149	 1.64617	 1.64608	 1.6462	 1.64595	 1.64613	 
3.29	 0.381	 -0.678	 -0.99	 0.377577	 -0.672053	 -0.974286	 0.374616	 -0.665837	 -0.958584	 0.371799	 -0.659625	 -0.942852	 0.368525	 -0.653625	 -0.927127	 0.36499	 -0.647655	 -0.911446	 1.64001	 1.63994	 1.64008	 1.63992	 1.64013	 
3.3	 0.381	 -0.678	 -0.99	 0.377643	 -0.671736	 -0.974425	 0.374622	 -0.665825	 -0.958644	 0.371732	 -0.659922	 -0.942834	 0.368494	 -0.653734	 -0.927203	 0.365024	 -0.647496	 -0.91164	 1.63606	 1.636	 1.6362	 1.63601	 1.63632	 
3.31	 0.381	 -0.678	 -0.99	 0.377932	 -0.671682	 -0.974394	 0.374718	 -0.665798	 -0.958648	 0.371404	 -0.660001	 -0.94289	 0.368267	 -0.653807	 -0.927248	 0.365289	 -0.647436	 -0.911643	 1.63504	 1.63501	 1.63522	 1.6351	 1.63532	 
3.32	 0.381	 -0.678	 -0.99	 0.378132	 -0.671934	 -0.974241	 0.374732	 -0.665816	 -0.958608	 0.371197	 -0.659779	 -0.942973	 0.368167	 -0.653735	 -0.927235	 0.365391	 -0.647586	 -0.911489	 1.63722	 1.63719	 1.63741	 1.63731	 1.63763	 
3.33	 0.381	 -0.678	 -0.99	 0.37795	 -0.672126	 -0.974169	 0.374638	 -0.665898	 -0.958527	 0.371331	 -0.659546	 -0.942933	 0.368227	 -0.653556	 -0.927156	 0.36515	 -0.647788	 -0.911289	 1.6419	 1.64187	 1.64207	 1.64193	 1.64221	 
3.34	 0.381	 -0.678	 -0.99	 0.377573	 -0.672079	 -0.974217	 0.374568	 -0.665881	 -0.958455	 0.371619	 -0.659557	 -0.942731	 0.368293	 -0.653531	 -0.926966	 0.364835	 -0.647722	 -0.911147	 1.64844	 1.64838	 1.64857	 1.64845	 1.64869	 
3.35	 0.381	 -0.678	 -0.99	 0.377495	 -0.671856	 -0.974269	 0.374521	 -0.665768	 -0.958408	 0.371634	 -0.659772	 -0.942496	 0.368268	 -0.653668	 -0.92672	 0.364709	 -0.647423	 -0.91104	 1.65546	 1.65538	 1.6555	 1.65532	 1.65559	 
3.36	 0.381	 -0.678	 -0.99	 0.377791	 -0.671652	 -0.974244	 0.374528	 -0.66574	 -0.958332	 0.371324	 -0.659927	 -0.94237	 0.368128	 -0.653695	 -0.926567	 0.364852	 -0.647264	 -0.910859	 1.66137	 1.66126	 1.66137	 1.6611	 1.66132	 
3.37	 0.381	 -0.678	 -0.99	 0.378037	 -0.671742	 -0.974133	 0.3746	 -0.66578	 -0.958248	 0.371039	 -0.659808	 -0.942395	 0.367931	 -0.653605	 -0.926537	 0.36506	 -0.647379	 -0.910642	 1.66519	 1.66505	 1.66507	 1.66482	 1.66497	 
3.38	 0.381	 -0.678	 -0.99	 0.37797	 -0.672058	 -0.974021	 0.374589	 -0.665803	 -0.958234	 0.371062	 -0.659542	 -0.942482	 0.367903	 -0.653543	 -0.926553	 0.364998	 -0.647596	 -0.910554	 1.66566	 1.6655	 1.66553	 1.66515	 1.66543	 
3.39	 0.381	 -0.678	 -0.99	 0.37769	 -0.672157	 -0.974062	 0.374478	 -0.66585	 -0.958282	 0.371345	 -0.65947	 -0.942516	 0.368081	 -0.653509	 -0.926616	 0.364694	 -0.647715	 -0.910679	 1.66263	 1.66248	 1.66246	 1.66212	 1.66224	 
3.4	 0.381	 -0.678	 -0.99	 0.377458	 -0.671938	 -0.974237	 0.374432	 -0.665864	 -0.958373	 0.371545	 -0.659696	 -0.942519	 0.36816	 -0.65359	 -0.926742	 0.364512	 -0.647622	 -0.910969	 1.65663	 1.65647	 1.65651	 1.65616	 1.65641	 
3.41	 0.381	 -0.678	 -0.99	 0.377577	 -0.671729	 -0.974351	 0.374488	 -0.665793	 -0.958505	 0.371412	 -0.659962	 -0.942616	 0.368062	 -0.653796	 -0.926913	 0.364653	 -0.647436	 -0.911299	 1.64854	 1.6484	 1.64842	 1.64811	 1.64831	 
3.42	 0.381	 -0.678	 -0.99	 0.37795	 -0.67174	 -0.974331	 0.374547	 -0.665794	 -0.958614	 0.371091	 -0.659995	 -0.942853	 0.367949	 -0.653859	 -0.927155	 0.364921	 -0.647477	 -0.911531	 1.64	 1.63988	 1.64	 1.63974	 1.63995	 
3.43	 0.381	 -0.678	 -0.99	 0.378066	 -0.671958	 -0.974277	 0.374569	 -0.665908	 -0.958673	 0.370986	 -0.659786	 -0.943116	 0.367902	 -0.653722	 -0.927432	 0.365012	 -0.647766	 -0.911667	 1.63258	 1.6325	 1.6326	 1.63242	 1.63264	 
3.44	 0.381	 -0.678	 -0.99	 0.377766	 -0.672188	 -0.974288	 0.374534	 -0.665956	 -0.958738	 0.371237	 -0.659605	 -0.943248	 0.367976	 -0.653662	 -0.927591	 0.364811	 -0.647943	 -0.91183	 1.62714	 1.62708	 1.6273	 1.62708	 1.62735	 
3.45	 0.381	 -0.678	 -0.99	 0.377478	 -0.672114	 -0.974396	 0.37444	 -0.665909	 -0.958815	 0.371509	 -0.65971	 -0.943209	 0.368127	 -0.653756	 -0.9276	 0.364533	 -0.64783	 -0.912026	 1.62457	 1.62453	 1.62469	 1.6246	 1.62477	 
3.46	 0.381	 -0.678	 -0.99	 0.377541	 -0.671786	 -0.974512	 0.374417	 -0.665873	 -0.958837	 0.371444	 -0.659993	 -0.943118	 0.368112	 -0.653848	 -0.927575	 0.364523	 -0.647618	 -0.91212	 1.62425	 1.62418	 1.62442	 1.62422	 1.62457	 
3.47	 0.381	 -0.678	 -0.99	 0.377836	 -0.671681	 -0.974482	 0.374513	 -0.665853	 -0.958806	 0.371119	 -0.660078	 -0.943125	 0.367894	 -0.653881	 -0.927571	 0.364787	 -0.647547	 -0.912047	 1.62556	 1.62551	 1.62564	 1.6255	 1.62565	 
3.48	 0.381	 -0.678	 -0.99	 0.37802	 -0.671948	 -0.974326	 0.374546	 -0.665866	 -0.958767	 0.370907	 -0.659856	 -0.943216	 0.367761	 -0.653825	 -0.927567	 0.364911	 -0.647696	 -0.911898	 1.62746	 1.62736	 1.62754	 1.62731	 1.62764	 
3.49	 0.381	 -0.678	 -0.99	 0.377861	 -0.672182	 -0.974259	 0.374464	 -0.665945	 -0.958734	 0.371064	 -0.659623	 -0.943243	 0.367866	 -0.653682	 -0.927562	 0.364701	 -0.647909	 -0.91181	 1.62884	 1.62875	 1.62882	 1.62857	 1.62876	 
3.5	 0.381	 -0.678	 -0.99	 0.377498	 -0.672109	 -0.97436	 0.374382	 -0.665963	 -0.958737	 0.371363	 -0.659666	 -0.943155	 0.367975	 -0.653659	 -0.927536	 0.364404	 -0.647897	 -0.911863	 1.62925	 1.62913	 1.62926	 1.62899	 1.62925	 
3.51	 0.381	 -0.678	 -0.99	 0.377414	 -0.671866	 -0.974477	 0.374373	 -0.665858	 -0.958791	 0.3714	 -0.659917	 -0.943065	 0.367955	 -0.653836	 -0.927492	 0.36435	 -0.647647	 -0.911997	 1.62864	 1.62853	 1.62856	 1.62832	 1.62852	 
3.52	 0.381	 -0.678	 -0.99	 0.377739	 -0.671706	 -0.974481	 0.374405	 -0.665808	 -0.958823	 0.371095	 -0.660071	 -0.943099	 0.367834	 -0.653927	 -0.927521	 0.364551	 -0.647512	 -0.912056	 1.62713	 1.62701	 1.62714	 1.62684	 1.6271	 
3.53	 0.381	 -0.678	 -0.99	 0.378004	 -0.671825	 -0.97439	 0.374457	 -0.665888	 -0.958803	 0.370823	 -0.659937	 -0.943242	 0.367682	 -0.65381	 -0.927643	 0.364738	 -0.64768	 -0.912006	 1.62571	 1.62563	 1.62567	 1.6255	 1.62564	 
3.54	 0.381	 -0.678	 -0.99	 0.377863	 -0.672132	 -0.974307	 0.374457	 -0.665943	 -0.958796	 0.370919	 -0.659667	 -0.943348	 0.367674	 -0.653702	 -0.927716	 0.364648	 -0.647903	 -0.911974	 1.6246	 1.62449	 1.62467	 1.62438	 1.62471	 
3.55	 0.381	 -0.678	 -0.99	 0.37753	 -0.672206	 -0.974351	 0.374339	 -0.665931	 -0.958829	 0.371211	 -0.659623	 -0.943306	 0.367822	 -0.653718	 -0.927682	 0.364311	 -0.647921	 -0.912043	 1.62449	 1.62443	 1.62452	 1.62436	 1.62448	 
3.56	 0.381	 -0.678	 -0.99	 0.377402	 -0.671912	 -0.974486	 0.37427	 -0.665903	 -0.95884	 0.371317	 -0.659873	 -0.943167	 0.367884	 -0.653793	 -0.927613	 0.36414	 -0.647737	 -0.912119	 1.6254	 1.6253	 1.62549	 1.62526	 1.62562	 
3.57	 0.381	 -0.678	 -0.99	 0.377599	 -0.671684	 -0.97452	 0.374335	 -0.665856	 -0.958821	 0.37107	 -0.660086	 -0.9431	 0.367698	 -0.653891	 -0.927566	 0.364311	 -0.647552	 -0.912092	 1.62707	 1.627	 1.62711	 1.62692	 1.6271	 
3.58	 0.381	 -0.678	 -0.99	 0.377903	 -0.671822	 -0.974385	 0.374391	 -0.665843	 -0.958781	 0.370741	 -0.659989	 -0.94316	 0.367507	 -0.653895	 -0.927541	 0.364521	 -0.647594	 -0.911952	 1.62929	 1.6292	 1.62938	 1.62916	 1.62947	 
3.59	 0.381	 -0.678	 -0.99	 0.377915	 -0.672088	 -0.974263	 0.374341	 -0.66593	 -0.958726	 0.370711	 -0.65972	 -0.943222	 0.367504	 -0.653731	 -0.92754	 0.364439	 -0.647839	 -0.911792	 1.63165	 1.63157	 1.63165	 1.63145	 1.63166	 
3.6	 0.381	 -0.678	 -0.99	 0.377564	 -0.672176	 -0.974288	 0.374263	 -0.665979	 -0.958691	 0.370991	 -0.659608	 -0.943158	 0.367593	 -0.653633	 -0.927496	 0.364142	 -0.647951	 -0.911735	 1.63373	 1.63362	 1.63379	 1.63352	 1.63379	 
3.61	 0.381	 -0.678	 -0.99	 0.377314	 -0.672013	 -0.974392	 0.374214	 -0.665887	 -0.958712	 0.371193	 -0.659772	 -0.943012	 0.367657	 -0.653757	 -0.927382	 0.363937	 -0.647747	 -0.911791	 1.63571	 1.63563	 1.63566	 1.6355	 1.63565	 
3.62	 0.381	 -0.678	 -0.99	 0.377491	 -0.67174	 -0.974448	 0.374204	 -0.665809	 -0.95872	 0.371017	 -0.660009	 -0.942922	 0.367596	 -0.65387	 -0.927304	 0.364007	 -0.647507	 -0.911812	 1.63721	 1.63709	 1.63726	 1.63695	 1.63727	 
3.63	 0.381	 -0.678	 -0.99	 0.377818	 -0.67169	 -0.974387	 0.374275	 -0.665833	 -0.958676	 0.370682	 -0.660009	 -0.942964	 0.367412	 -0.653811	 -0.927326	 0.364259	 -0.647513	 -0.911703	 1.6387	 1.63862	 1.63867	 1.6385	 1.6386	 
3.64	 0.381	 -0.678	 -0.99	 0.377885	 -0.671978	 -0.97425	 0.374319	 -0.665865	 -0.958632	 0.37058	 -0.659738	 -0.943059	 0.367307	 -0.653698	 -0.92735	 0.364338	 -0.647695	 -0.911563	 1.64015	 1.64003	 1.6402	 1.63992	 1.64027	 
3.65	 0.381	 -0.678	 -0.99	 0.377646	 -0.672203	 -0.974204	 0.374226	 -0.665888	 -0.958622	 0.3708	 -0.659528	 -0.943059	 0.367428	 -0.65361	 -0.927313	 0.364078	 -0.647821	 -0.911513	 1.64172	 1.64164	 1.64171	 1.64151	 1.64166	 
3.66	 0.381	 -0.678	 -0.99	 0.377357	 -0.672046	 -0.974313	 0.37413	 -0.665891	 -0.958613	 0.37106	 -0.659633	 -0.942921	 0.367563	 -0.653594	 -0.927235	 0.363795	 -0.64773	 -0.911543	 1.64357	 1.64346	 1.64364	 1.6434	 1.64371	 
3.67	 0.381	 -0.678	 -0.99	 0.377347	 -0.67176	 -0.974412	 0.374154	 -0.665811	 -0.95861	 0.371026	 -0.65989	 -0.942785	 0.367495	 -0.653716	 -0.927144	 0.363819	 -0.647467	 -0.911564	 1.64569	 1.64561	 1.64569	 1.6455	 1.64572	 
3.68	 0.381	 -0.678	 -0.99	 0.37767	 -0.671685	 -0.974354	 0.374212	 -0.665742	 -0.958591	 0.370705	 -0.659969	 -0.942773	 0.367334	 -0.653796	 -0.927081	 0.36405	 -0.647333	 -0.911484	 1.64788	 1.64779	 1.64797	 1.64772	 1.64802	 
3.69	 0.381	 -0.678	 -0.99	 0.37791	 -0.671852	 -0.974221	 0.374232	 -0.66581	 -0.958528	 0.37048	 -0.659778	 -0.942848	 0.367242	 -0.653655	 -0.92709	 0.364185	 -0.647502	 -0.911306	 1.65031	 1.65023	 1.65029	 1.65014	 1.6503	 
3.7	 0.381	 -0.678	 -0.99	 0.377726	 -0.6721	 -0.974149	 0.374208	 -0.665886	 -0.958471	 0.370608	 -0.659526	 -0.94287	 0.367252	 -0.6535	 -0.927085	 0.364048	 -0.647718	 -0.911175	 1.65238	 1.65227	 1.65244	 1.65214	 1.65246	 
3.71	 0.381	 -0.678	 -0.99	 0.377385	 -0.672149	 -0.974191	 0.374132	 -0.665846	 -0.958478	 0.370915	 -0.659499	 -0.942776	 0.367385	 -0.653532	 -0.926993	 0.363759	 -0.647682	 -0.911187	 1.65425	 1.65417	 1.6542	 1.65402	 1.65413	 
3.72	 0.381	 -0.678	 -0.99	 0.377301	 -0.67187	 -0.974307	 0.374067	 -0.665788	 -0.958493	 0.371002	 -0.659737	 -0.942633	 0.367464	 -0.653625	 -0.926898	 0.363627	 -0.647464	 -0.91125	 1.65565	 1.65553	 1.65568	 1.65539	 1.65572	 
3.73	 0.381	 -0.678	 -0.99	 0.377523	 -0.67162	 -0.974349	 0.374134	 -0.665757	 -0.958478	 0.370776	 -0.659936	 -0.942584	 0.367331	 -0.653677	 -0.926879	 0.363831	 -0.647294	 -0.911234	 1.65666	 1.65656	 1.65662	 1.65639	 1.65655	 
3.74	 0.381	 -0.678	 -0.99	 0.377802	 -0.671742	 -0.974234	 0.374219	 -0.665734	 -0.958454	 0.370486	 -0.659826	 -0.94267	 0.367155	 -0.653661	 -0.926896	 0.364089	 -0.647322	 -0.911135	 1.65752	 1.65741	 1.65757	 1.65731	 1.65761	 
3.75	 0.381	 -0.678	 -0.99	 0.377835	 -0.672024	 -0.974111	 0.374188	 -0.665786	 -0.958428	 0.370465	 -0.659543	 -0.942764	 0.367175	 -0.653517	 -0.92692	 0.364059	 -0.647534	 -0.911024	 1.65855	 1.65847	 1.65855	 1.65835	 1.65858	 
3.76	 0.381	 -0.678	 -0.99	 0.377533	 -0.672113	 -0.974131	 0.374119	 -0.665841	 -0.958399	 0.37075	 -0.659406	 -0.942723	 0.367311	 -0.653384	 -0.9269	 0.363806	 -0.647651	 -0.910982	 1.65988	 1.65978	 1.65996	 1.65972	 1.66002	 
3.77	 0.381	 -0.678	 -0.99	 0.377254	 -0.671964	 -0.974236	 0.37408	 -0.665772	 -0.958407	 0.37098	 -0.659546	 -0.942577	 0.367381	 -0.653468	 -0.926796	 0.363607	 -0.647462	 -0.911026	 1.66196	 1.66189	 1.66198	 1.66184	 1.66201	 
3.78	 0.381	 -0.678	 -0.99	 0.377379	 -0.67171	 -0.974288	 0.374081	 -0.665681	 -0.958405	 0.370875	 -0.659785	 -0.942451	 0.367358	 -0.653594	 -0.926677	 0.363669	 -0.647181	 -0.91103	 1.66445	 1.66435	 1.66454	 1.66429	 1.66463	 
3.79	 0.381	 -0.678	 -0.99	 0.377715	 -0.67161	 -0.974233	 0.374145	 -0.665696	 -0.958344	 0.37056	 -0.659833	 -0.942438	 0.367212	 -0.653551	 -0.926642	 0.363921	 -0.64713	 -0.91089	 1.66741	 1.66735	 1.66743	 1.66728	 1.66741	 
3.8	 0.381	 -0.678	 -0.99	 0.377846	 -0.671841	 -0.974093	 0.374209	 -0.665727	 -0.958272	 0.370405	 -0.659595	 -0.942497	 0.367086	 -0.653434	 -0.926626	 0.364067	 -0.647289	 -0.910686	 1.67051	 1.6704	 1.67056	 1.67031	 1.67063	 
3.81	 0.381	 -0.678	 -0.99	 0.377672	 -0.672112	 -0.974005	 0.374148	 -0.665741	 -0.95824	 0.370566	 -0.659337	 -0.9425	 0.367173	 -0.653338	 -0.926562	 0.36389	 -0.647446	 -0.91056	 1.6734	 1.6733	 1.67338	 1.67316	 1.67334	 
3.82	 0.381	 -0.678	 -0.99	 0.377371	 -0.672047	 -0.974077	 0.374045	 -0.66576	 -0.958216	 0.370852	 -0.659357	 -0.942374	 0.367336	 -0.653287	 -0.926471	 0.363599	 -0.647422	 -0.91054	 1.67595	 1.67584	 1.67599	 1.67573	 1.676	 
3.83	 0.381	 -0.678	 -0.99	 0.377254	 -0.671774	 -0.974192	 0.37405	 -0.665696	 -0.95821	 0.370939	 -0.659594	 -0.942217	 0.367341	 -0.653382	 -0.926371	 0.363544	 -0.647182	 -0.910565	 1.67821	 1.67812	 1.67819	 1.67798	 1.6782	 
3.84	 0.381	 -0.678	 -0.99	 0.377502	 -0.671608	 -0.974188	 0.374106	 -0.665597	 -0.958207	 0.370707	 -0.659753	 -0.942163	 0.367232	 -0.653504	 -0.92629	 0.363749	 -0.646973	 -0.910531	 1.68007	 1.67996	 1.68012	 1.67985	 1.68014	 
3.85	 0.381	 -0.678	 -0.99	 0.377824	 -0.671665	 -0.974084	 0.37415	 -0.665625	 -0.95816	 0.370421	 -0.659656	 -0.942222	 0.367128	 -0.65342	 -0.926292	 0.363977	 -0.647054	 -0.910383	 1.68201	 1.68193	 1.68201	 1.68184	 1.68199	 
3.86	 0.381	 -0.678	 -0.99	 0.377807	 -0.671919	 -0.973974	 0.374177	 -0.665699	 -0.958096	 0.370425	 -0.659386	 -0.942282	 0.367097	 -0.653251	 -0.926306	 0.364001	 -0.647275	 -0.91022	 1.684	 1.6839	 1.68405	 1.68379	 1.6841	 
3.87	 0.381	 -0.678	 -0.99	 0.377514	 -0.672109	 -0.973948	 0.374118	 -0.665698	 -0.958078	 0.370697	 -0.659226	 -0.942237	 0.367219	 -0.653206	 -0.926233	 0.363769	 -0.647339	 -0.910165	 1.68624	 1.68615	 1.68624	 1.68604	 1.68619	 
3.88	 0.381	 -0.678	 -0.99	 0.377295	 -0.671944	 -0.974041	 0.374035	 -0.665672	 -0.958069	 0.370936	 -0.659361	 -0.942078	 0.367382	 -0.653237	 -0.926112	 0.363544	 -0.647194	 -0.910179	 1.68878	 1.68867	 1.68883	 1.68859	 1.68887	 
3.89	 0.381	 -0.678	 -0.99	 0.377339	 -0.671633	 -0.974133	 0.374066	 -0.665622	 -0.958044	 0.370886	 -0.659616	 -0.941934	 0.367342	 -0.653314	 -0.926015	 0.363616	 -0.646959	 -0.910158	 1.69145	 1.69136	 1.69147	 1.69125	 1.69148	 
3.9	 0.381	 -0.678	 -0.99	 0.37763	 -0.671573	 -0.974074	 0.374156	 -0.665554	 -0.958011	 0.370605	 -0.659677	 -0.941912	 0.367187	 -0.653382	 -0.925945	 0.363892	 -0.64683	 -0.910053	 1.69405	 1.69395	 1.69411	 1.69386	 1.69414	 
3.91	 0.381	 -0.678	 -0.99	 0.377877	 -0.671757	 -0.973932	 0.374188	 -0.66559	 -0.957956	 0.370411	 -0.659478	 -0.941978	 0.367141	 -0.653267	 -0.925929	 0.364065	 -0.646961	 -0.909876	 1.6966	 1.69652	 1.6966	 1.69642	 1.69663	 
3.92	 0.381	 -0.678	 -0.99	 0.377749	 -0.671976	 -0.973859	 0.37417	 -0.66567	 -0.957896	 0.370529	 -0.65922	 -0.942004	 0.367188	 -0.653081	 -0.925927	 0.363982	 -0.647179	 -0.909731	 1.69877	 1.69865	 1.69879	 1.69852	 1.69882	 
3.93	 0.381	 -0.678	 -0.99	 0.377414	 -0.672044	 -0.97389	 0.374123	 -0.665634	 -0.957893	 0.370843	 -0.659147	 -0.941923	 0.367323	 -0.653074	 -0.925844	 0.363755	 -0.647173	 -0.909711	 1.70074	 1.70066	 1.70072	 1.70053	 1.70068	 
3.94	 0.381	 -0.678	 -0.99	 0.377282	 -0.671822	 -0.97399	 0.374064	 -0.665562	 -0.957905	 0.371001	 -0.659338	 -0.941775	 0.367449	 -0.653164	 -0.925728	 0.363617	 -0.646959	 -0.909755	 1.70266	 1.70255	 1.70269	 1.70244	 1.70272	 
3.95	 0.381	 -0.678	 -0.99	 0.377448	 -0.671534	 -0.974052	 0.374114	 -0.665532	 -0.957878	 0.370864	 -0.659567	 -0.941672	 0.367392	 -0.653212	 -0.925664	 0.363775	 -0.646751	 -0.909729	 1.70465	 1.70457	 1.70467	 1.70444	 1.70466	 
3.96	 0.381	 -0.678	 -0.99	 0.377738	 -0.671556	 -0.973965	 0.374222	 -0.6655	 -0.957833	 0.37059	 -0.659548	 -0.941687	 0.367233	 -0.653223	 -0.925625	 0.364074	 -0.646702	 -0.9096	 1.70697	 1.70687	 1.70703	 1.7068	 1.70706	 
3.97	 0.381	 -0.678	 -0.99	 0.37789	 -0.67181	 -0.973815	 0.374234	 -0.665534	 -0.957779	 0.370472	 -0.659303	 -0.941749	 0.367214	 -0.653114	 -0.925595	 0.364175	 -0.646871	 -0.909416	 1.70971	 1.70962	 1.70973	 1.70955	 1.7098	 
3.98	 0.381	 -0.678	 -0.99	 0.377702	 -0.67199	 -0.973765	 0.374191	 -0.665617	 -0.957714	 0.370665	 -0.659091	 -0.941727	 0.367318	 -0.652948	 -0.925553	 0.364022	 -0.647065	 -0.909271	 1.71253	 1.71243	 1.71258	 1.71234	 1.71263	 
3.99	 0.381	 -0.678	 -0.99	 0.377371	 -0.67198	 -0.973819	 0.374153	 -0.665592	 -0.957693	 0.370972	 -0.659108	 -0.941597	 0.36744	 -0.652968	 -0.925442	 0.363805	 -0.647005	 -0.909242	 1.71531	 1.71522	 1.71531	 1.71512	 1.71529	 
4	 0.381	 -0.678	 -0.99	 0.377309	 -0.671749	 -0.973905	 0.37412	 -0.66551	 -0.957699	 0.371066	 -0.659335	 -0.941442	 0.36753	 -0.653099	 -0.925309	 0.363743	 -0.646765	 -0.909269	 1.71754	 1.71743	 1.71754	 1.71728	 1.71755	 
4.01	 0.381	 -0.678	 -0.99	 0.377544	 -0.671495	 -0.973944	 0.374176	 -0.665486	 -0.957679	 0.370878	 -0.659534	 -0.941377	 0.367472	 -0.653147	 -0.925266	 0.363958	 -0.646617	 -0.909233	 1.71883	 1.71873	 1.71881	 1.71854	 1.71873	 
4.02	 0.381	 -0.678	 -0.99	 0.377815	 -0.671559	 -0.97386	 0.374289	 -0.665475	 -0.957653	 0.370632	 -0.659466	 -0.941447	 0.367334	 -0.653135	 -0.925288	 0.36427	 -0.646658	 -0.909139	 1.7192	 1.71908	 1.71918	 1.71891	 1.71914	 
4.03	 0.381	 -0.678	 -0.99	 0.377908	 -0.671846	 -0.973733	 0.374312	 -0.665508	 -0.957642	 0.370603	 -0.659205	 -0.941562	 0.367369	 -0.65304	 -0.92533	 0.364363	 -0.646852	 -0.90906	 1.71882	 1.71871	 1.71879	 1.71854	 1.71879	 
4.04	 0.381	 -0.678	 -0.99	 0.377696	 -0.671998	 -0.973723	 0.374268	 -0.665587	 -0.95763	 0.370858	 -0.659032	 -0.94159	 0.367537	 -0.652896	 -0.925369	 0.364209	 -0.64702	 -0.909051	 1.71808	 1.71797	 1.7181	 1.71784	 1.7181	 
4.05	 0.381	 -0.678	 -0.99	 0.377387	 -0.671924	 -0.973819	 0.374246	 -0.665562	 -0.95765	 0.371167	 -0.659104	 -0.941506	 0.367674	 -0.65293	 -0.925336	 0.364039	 -0.646929	 -0.909131	 1.71779	 1.71771	 1.71783	 1.71764	 1.71783	 
4.06	 0.381	 -0.678	 -0.99	 0.377381	 -0.671685	 -0.973908	 0.374247	 -0.665465	 -0.957678	 0.371226	 -0.659339	 -0.941389	 0.367751	 -0.653075	 -0.925247	 0.364055	 -0.646666	 -0.909208	 1.71838	 1.7183	 1.71846	 1.71825	 1.71853	 
4.07	 0.381	 -0.678	 -0.99	 0.37766	 -0.671474	 -0.973919	 0.374304	 -0.665449	 -0.957647	 0.371	 -0.6595	 -0.941336	 0.367681	 -0.6531	 -0.925201	 0.36429	 -0.646527	 -0.909149	 1.72011	 1.72005	 1.7202	 1.72001	 1.72022	 
4.08	 0.381	 -0.678	 -0.99	 0.377909	 -0.671578	 -0.973807	 0.374408	 -0.665464	 -0.957578	 0.370768	 -0.659386	 -0.941365	 0.367543	 -0.653036	 -0.92517	 0.364567	 -0.646592	 -0.908963	 1.72303	 1.72296	 1.72312	 1.72294	 1.72319	 
4.09	 0.381	 -0.678	 -0.99	 0.377929	 -0.671878	 -0.973661	 0.374407	 -0.665488	 -0.957518	 0.370766	 -0.659107	 -0.941396	 0.36756	 -0.652933	 -0.925104	 0.364582	 -0.646773	 -0.908761	 1.72665	 1.72657	 1.72671	 1.7265	 1.72678	 
4.1	 0.381	 -0.678	 -0.99	 0.377688	 -0.671991	 -0.97364	 0.374332	 -0.665542	 -0.957459	 0.371018	 -0.658957	 -0.941322	 0.367715	 -0.652806	 -0.925015	 0.364363	 -0.646904	 -0.908624	 1.73031	 1.73022	 1.73036	 1.73012	 1.73038	 
4.11	 0.381	 -0.678	 -0.99	 0.377402	 -0.67186	 -0.973726	 0.374307	 -0.665505	 -0.957433	 0.371291	 -0.659056	 -0.941161	 0.367826	 -0.652839	 -0.924889	 0.36419	 -0.646788	 -0.908591	 1.73354	 1.73344	 1.73353	 1.73332	 1.73354	 
4.12	 0.381	 -0.678	 -0.99	 0.377423	 -0.671623	 -0.973797	 0.374315	 -0.6654	 -0.95744	 0.371304	 -0.659287	 -0.941022	 0.367864	 -0.652988	 -0.924762	 0.364231	 -0.646521	 -0.908608	 1.73571	 1.7356	 1.7357	 1.73542	 1.73567	 
4.13	 0.381	 -0.678	 -0.99	 0.377723	 -0.671445	 -0.973799	 0.374377	 -0.665386	 -0.95742	 0.371074	 -0.659422	 -0.940997	 0.367807	 -0.653008	 -0.92474	 0.364489	 -0.646402	 -0.908568	 1.73663	 1.73652	 1.73659	 1.73631	 1.7365	 
4.14	 0.381	 -0.678	 -0.99	 0.377963	 -0.671564	 -0.973705	 0.374488	 -0.665419	 -0.957387	 0.370876	 -0.659297	 -0.941089	 0.367702	 -0.652932	 -0.924795	 0.364779	 -0.646496	 -0.908481	 1.73647	 1.73634	 1.73641	 1.73615	 1.73636	 
4.15	 0.381	 -0.678	 -0.99	 0.377968	 -0.671873	 -0.973593	 0.374509	 -0.665451	 -0.957386	 0.370927	 -0.65903	 -0.941203	 0.367761	 -0.652842	 -0.924847	 0.364823	 -0.646684	 -0.908435	 1.73546	 1.73534	 1.73542	 1.73514	 1.73539	 
4.16	 0.381	 -0.678	 -0.99	 0.377735	 -0.671983	 -0.973607	 0.374452	 -0.665511	 -0.957393	 0.371218	 -0.658907	 -0.941221	 0.367963	 -0.65274	 -0.924884	 0.364642	 -0.646812	 -0.90847	 1.73406	 1.73394	 1.73406	 1.73379	 1.73402	 
4.17	 0.381	 -0.678	 -0.99	 0.377464	 -0.67184	 -0.973726	 0.374436	 -0.665489	 -0.957422	 0.371497	 -0.659038	 -0.941142	 0.368095	 -0.652791	 -0.924873	 0.364507	 -0.64671	 -0.90858	 1.73285	 1.73276	 1.73288	 1.73267	 1.73289	 
4.18	 0.381	 -0.678	 -0.99	 0.3775	 -0.671606	 -0.973814	 0.374458	 -0.665391	 -0.957467	 0.371502	 -0.659286	 -0.941062	 0.368131	 -0.652967	 -0.92482	 0.364581	 -0.646473	 -0.908684	 1.73205	 1.73197	 1.7321	 1.73187	 1.73213	 
4.19	 0.381	 -0.678	 -0.99	 0.377812	 -0.671446	 -0.973815	 0.374519	 -0.665381	 -0.957463	 0.371258	 -0.659421	 -0.941064	 0.368066	 -0.653013	 -0.924823	 0.364838	 -0.646401	 -0.90867	 1.73177	 1.73168	 1.73182	 1.7316	 1.7318	 
4.2	 0.381	 -0.678	 -0.99	 0.378038	 -0.671579	 -0.973718	 0.374612	 -0.66543	 -0.957423	 0.371051	 -0.659297	 -0.94115	 0.367945	 -0.652948	 -0.924868	 0.36509	 -0.646549	 -0.908558	 1.73196	 1.73186	 1.73199	 1.73177	 1.732	 
4.21	 0.381	 -0.678	 -0.99	 0.378008	 -0.671896	 -0.9736	 0.37462	 -0.665472	 -0.957402	 0.371108	 -0.659041	 -0.941232	 0.367986	 -0.652876	 -0.924881	 0.365091	 -0.646763	 -0.908467	 1.7322	 1.7321	 1.73222	 1.73198	 1.73224	 
4.22	 0.381	 -0.678	 -0.99	 0.377757	 -0.671999	 -0.97361	 0.374542	 -0.665531	 -0.957394	 0.371385	 -0.658946	 -0.941213	 0.368169	 -0.652804	 -0.924872	 0.364869	 -0.646888	 -0.908463	 1.73218	 1.73207	 1.73219	 1.73194	 1.73216	 
4.23	 0.381	 -0.678	 -0.99	 0.377504	 -0.671831	 -0.973729	 0.374526	 -0.665515	 -0.957411	 0.371647	 -0.659104	 -0.941112	 0.368292	 -0.652865	 -0.924839	 0.364733	 -0.64678	 -0.908549	 1.7317	 1.7316	 1.7317	 1.73146	 1.7317	 
4.24	 0.381	 -0.678	 -0.99	 0.377562	 -0.671601	 -0.973814	 0.374561	 -0.665422	 -0.957456	 0.371633	 -0.659356	 -0.941043	 0.368312	 -0.65304	 -0.924802	 0.364831	 -0.646537	 -0.908666	 1.73051	 1.73041	 1.73051	 1.73024	 1.7305	 
4.25	 0.381	 -0.678	 -0.99	 0.377889	 -0.671476	 -0.973811	 0.374627	 -0.66542	 -0.957471	 0.371385	 -0.659472	 -0.941087	 0.368252	 -0.653076	 -0.924852	 0.365108	 -0.646463	 -0.908706	 1.72865	 1.72855	 1.72865	 1.72839	 1.7286	 
4.26	 0.381	 -0.678	 -0.99	 0.37811	 -0.671625	 -0.973727	 0.374727	 -0.66548	 -0.957462	 0.37121	 -0.659326	 -0.941227	 0.368165	 -0.652987	 -0.924971	 0.365371	 -0.646626	 -0.908676	 1.72637	 1.72625	 1.72634	 1.7261	 1.72631	 
4.27	 0.381	 -0.678	 -0.99	 0.378047	 -0.671932	 -0.97364	 0.374741	 -0.66551	 -0.957486	 0.37131	 -0.659063	 -0.941366	 0.368233	 -0.652916	 -0.92506	 0.365376	 -0.646849	 -0.908684	 1.72371	 1.72359	 1.7237	 1.72343	 1.7237	 
4.28	 0.381	 -0.678	 -0.99	 0.377789	 -0.672009	 -0.97368	 0.374667	 -0.665546	 -0.957525	 0.371615	 -0.658985	 -0.941395	 0.368444	 -0.652869	 -0.925115	 0.365163	 -0.64696	 -0.908779	 1.72095	 1.72085	 1.72096	 1.72072	 1.72094	 
4.29	 0.381	 -0.678	 -0.99	 0.377562	 -0.671805	 -0.973822	 0.374652	 -0.665532	 -0.957571	 0.371856	 -0.659177	 -0.941331	 0.368566	 -0.652941	 -0.925139	 0.365048	 -0.646841	 -0.908942	 1.71833	 1.71824	 1.71838	 1.71814	 1.71841	 
4.3	 0.381	 -0.678	 -0.99	 0.377653	 -0.671581	 -0.973908	 0.374698	 -0.665451	 -0.957629	 0.371795	 -0.659439	 -0.941295	 0.368548	 -0.653125	 -0.925142	 0.365178	 -0.646612	 -0.909093	 1.71586	 1.71577	 1.7159	 1.71566	 1.71592	 
4.31	 0.381	 -0.678	 -0.99	 0.377998	 -0.671508	 -0.973885	 0.374764	 -0.665455	 -0.957647	 0.371523	 -0.659526	 -0.941362	 0.368471	 -0.653171	 -0.925204	 0.365454	 -0.646584	 -0.90913	 1.7136	 1.71351	 1.71365	 1.71342	 1.71364	 
4.32	 0.381	 -0.678	 -0.99	 0.378185	 -0.671693	 -0.973793	 0.374838	 -0.665539	 -0.957629	 0.371365	 -0.659357	 -0.941502	 0.368389	 -0.65307	 -0.925317	 0.365658	 -0.646803	 -0.90908	 1.71161	 1.7115	 1.71161	 1.71139	 1.71161	 
4.33	 0.381	 -0.678	 -0.99	 0.378048	 -0.672	 -0.973715	 0.374835	 -0.665588	 -0.957639	 0.371509	 -0.659117	 -0.941608	 0.368456	 -0.653006	 -0.925385	 0.365595	 -0.647025	 -0.909077	 1.70963	 1.70952	 1.70965	 1.70938	 1.70964	 
4.34	 0.381	 -0.678	 -0.99	 0.377771	 -0.672041	 -0.973766	 0.374751	 -0.665612	 -0.957673	 0.371819	 -0.659098	 -0.941597	 0.368662	 -0.653001	 -0.925402	 0.365352	 -0.647077	 -0.909173	 1.70771	 1.7076	 1.70771	 1.70747	 1.70767	 
4.35	 0.381	 -0.678	 -0.99	 0.377605	 -0.671779	 -0.973913	 0.374734	 -0.66559	 -0.957713	 0.371997	 -0.659337	 -0.941514	 0.368757	 -0.65309	 -0.925407	 0.36526	 -0.646931	 -0.909318	 1.70572	 1.70562	 1.70575	 1.70549	 1.70577	 
4.36	 0.381	 -0.678	 -0.99	 0.377761	 -0.671559	 -0.973984	 0.374807	 -0.665506	 -0.957763	 0.371871	 -0.659573	 -0.941494	 0.368694	 -0.653259	 -0.925416	 0.365452	 -0.64673	 -0.909436	 1.70353	 1.70343	 1.70354	 1.70329	 1.70353	 
4.37	 0.381	 -0.678	 -0.99	 0.378109	 -0.671572	 -0.973929	 0.37487	 -0.665509	 -0.957784	 0.371582	 -0.659582	 -0.941597	 0.3686	 -0.653286	 -0.925492	 0.365728	 -0.646756	 -0.909459	 1.70114	 1.70103	 1.70116	 1.70091	 1.70115	 
4.38	 0.381	 -0.678	 -0.99	 0.378231	 -0.671799	 -0.973837	 0.374915	 -0.665612	 -0.957774	 0.371489	 -0.659367	 -0.941754	 0.368563	 -0.653152	 -0.925627	 0.36586	 -0.64702	 -0.909427	 1.69855	 1.69844	 1.69853	 1.6983	 1.69852	 
4.39	 0.381	 -0.678	 -0.99	 0.378004	 -0.672057	 -0.973802	 0.374899	 -0.665659	 -0.957799	 0.371712	 -0.659165	 -0.941851	 0.368657	 -0.653099	 -0.925711	 0.365732	 -0.647229	 -0.909473	 1.69564	 1.69552	 1.69565	 1.69538	 1.69563	 
4.4	 0.381	 -0.678	 -0.99	 0.377724	 -0.672026	 -0.973889	 0.374815	 -0.66565	 -0.957862	 0.372013	 -0.659235	 -0.941832	 0.368849	 -0.653168	 -0.925735	 0.365487	 -0.647211	 -0.909636	 1.69263	 1.69253	 1.69262	 1.69239	 1.69258	 
4.41	 0.381	 -0.678	 -0.99	 0.377669	 -0.671723	 -0.974038	 0.374807	 -0.665636	 -0.957915	 0.372089	 -0.659534	 -0.94177	 0.368907	 -0.653286	 -0.925768	 0.365458	 -0.647037	 -0.909821	 1.68947	 1.68936	 1.6895	 1.68923	 1.68952	 
4.42	 0.381	 -0.678	 -0.99	 0.377902	 -0.671561	 -0.97408	 0.374899	 -0.665599	 -0.957958	 0.37187	 -0.659738	 -0.941803	 0.36878	 -0.653424	 -0.925833	 0.365711	 -0.646902	 -0.909941	 1.68619	 1.6861	 1.68621	 1.68597	 1.68619	 
4.43	 0.381	 -0.678	 -0.99	 0.378214	 -0.671705	 -0.973989	 0.374962	 -0.665621	 -0.957985	 0.371606	 -0.65965	 -0.941959	 0.368681	 -0.653431	 -0.925944	 0.36596	 -0.647019	 -0.909968	 1.68287	 1.68276	 1.68291	 1.68266	 1.68294	 
4.44	 0.381	 -0.678	 -0.99	 0.378224	 -0.671964	 -0.973912	 0.374961	 -0.665729	 -0.957993	 0.371622	 -0.659405	 -0.942125	 0.368712	 -0.653292	 -0.926091	 0.365966	 -0.647329	 -0.909971	 1.67943	 1.67932	 1.67942	 1.67919	 1.67942	 
4.45	 0.381	 -0.678	 -0.99	 0.377902	 -0.67211	 -0.973943	 0.374919	 -0.66577	 -0.958037	 0.371919	 -0.659294	 -0.942188	 0.368832	 -0.653263	 -0.926182	 0.365755	 -0.647485	 -0.91008	 1.67579	 1.67568	 1.67582	 1.67556	 1.67581	 
4.46	 0.381	 -0.678	 -0.99	 0.377669	 -0.671972	 -0.974067	 0.374859	 -0.665717	 -0.958122	 0.372161	 -0.659474	 -0.942152	 0.368975	 -0.653406	 -0.926206	 0.365564	 -0.647355	 -0.910299	 1.67215	 1.67206	 1.67214	 1.67193	 1.67211	 
4.47	 0.381	 -0.678	 -0.99	 0.377783	 -0.671663	 -0.974191	 0.374869	 -0.665687	 -0.958184	 0.372079	 -0.659777	 -0.94213	 0.36897	 -0.65354	 -0.926261	 0.365645	 -0.64717	 -0.910488	 1.6684	 1.66829	 1.66844	 1.66815	 1.66844	 
4.48	 0.381	 -0.678	 -0.99	 0.378087	 -0.671598	 -0.974184	 0.374973	 -0.665694	 -0.958214	 0.371786	 -0.659862	 -0.942232	 0.368802	 -0.653594	 -0.926377	 0.365945	 -0.647165	 -0.910562	 1.66479	 1.66469	 1.66479	 1.66455	 1.66473	 
4.49	 0.381	 -0.678	 -0.99	 0.378264	 -0.671881	 -0.974066	 0.37502	 -0.665736	 -0.958238	 0.371624	 -0.659648	 -0.942419	 0.368723	 -0.653551	 -0.926506	 0.3661	 -0.64738	 -0.910573	 1.66135	 1.66124	 1.6614	 1.66113	 1.66143	 
4.5	 0.381	 -0.678	 -0.99	 0.378105	 -0.672133	 -0.974022	 0.374957	 -0.66583	 -0.95826	 0.371792	 -0.659432	 -0.942539	 0.368836	 -0.65344	 -0.92662	 0.365933	 -0.647638	 -0.91062	 1.65813	 1.65803	 1.65814	 1.6579	 1.65812	 
4.51	 0.381	 -0.678	 -0.99	 0.377763	 -0.672087	 -0.974126	 0.374899	 -0.665859	 -0.958303	 0.372114	 -0.659489	 -0.94252	 0.368979	 -0.653451	 -0.926674	 0.365681	 -0.647653	 -0.91077	 1.6551	 1.655	 1.65517	 1.65491	 1.65519	 
4.52	 0.381	 -0.678	 -0.99	 0.377674	 -0.671839	 -0.97426	 0.37489	 -0.665776	 -0.958378	 0.37219	 -0.65977	 -0.942459	 0.369005	 -0.653643	 -0.926678	 0.365629	 -0.64742	 -0.910973	 1.65225	 1.65217	 1.65227	 1.65206	 1.65228	 
4.53	 0.381	 -0.678	 -0.99	 0.377971	 -0.671647	 -0.974297	 0.374933	 -0.665739	 -0.958425	 0.37193	 -0.659971	 -0.942492	 0.368912	 -0.653758	 -0.926733	 0.36584	 -0.647288	 -0.911086	 1.64934	 1.64923	 1.64939	 1.64912	 1.64941	 
4.54	 0.381	 -0.678	 -0.99	 0.378254	 -0.671757	 -0.974222	 0.375009	 -0.665808	 -0.958426	 0.371661	 -0.659867	 -0.942648	 0.36877	 -0.653686	 -0.926873	 0.366083	 -0.647453	 -0.911081	 1.64648	 1.64638	 1.64646	 1.64625	 1.64642	 
4.55	 0.381	 -0.678	 -0.99	 0.378185	 -0.672089	 -0.974129	 0.375015	 -0.665872	 -0.958443	 0.371709	 -0.659591	 -0.94281	 0.368762	 -0.653593	 -0.926997	 0.366053	 -0.647723	 -0.911091	 1.64342	 1.6433	 1.64345	 1.64316	 1.64345	 
4.56	 0.381	 -0.678	 -0.99	 0.377878	 -0.672205	 -0.974165	 0.374918	 -0.665893	 -0.958499	 0.372009	 -0.659514	 -0.942849	 0.368934	 -0.653588	 -0.927055	 0.365766	 -0.647824	 -0.911219	 1.64031	 1.64022	 1.6403	 1.64006	 1.64023	 
4.57	 0.381	 -0.678	 -0.99	 0.377679	 -0.671944	 -0.974327	 0.374857	 -0.665877	 -0.958561	 0.372192	 -0.659761	 -0.942786	 0.369034	 -0.653685	 -0.927089	 0.365589	 -0.647686	 -0.91142	 1.63715	 1.63703	 1.63719	 1.6369	 1.63721	 
4.58	 0.381	 -0.678	 -0.99	 0.377829	 -0.671684	 -0.974422	 0.374918	 -0.665818	 -0.958619	 0.372029	 -0.660036	 -0.94278	 0.368922	 -0.653848	 -0.92714	 0.365749	 -0.647488	 -0.91158	 1.63394	 1.63384	 1.63393	 1.63369	 1.6339	 
4.59	 0.381	 -0.678	 -0.99	 0.378174	 -0.671751	 -0.974352	 0.374987	 -0.665815	 -0.958652	 0.371703	 -0.660021	 -0.942918	 0.368766	 -0.653895	 -0.927244	 0.366009	 -0.647531	 -0.91163	 1.63067	 1.63055	 1.63072	 1.63044	 1.63074	 
4.6	 0.381	 -0.678	 -0.99	 0.378259	 -0.672033	 -0.974251	 0.374981	 -0.665925	 -0.95866	 0.371621	 -0.659772	 -0.943104	 0.368736	 -0.653762	 -0.927399	 0.366034	 -0.647835	 -0.911628	 1.62734	 1.62724	 1.62733	 1.6271	 1.62731	 
4.61	 0.381	 -0.678	 -0.99	 0.377945	 -0.672217	 -0.974266	 0.374922	 -0.666	 -0.958693	 0.371885	 -0.659626	 -0.943185	 0.368826	 -0.653694	 -0.927509	 0.365786	 -0.648042	 -0.911725	 1.62371	 1.62359	 1.62376	 1.62346	 1.62375	 
4.62	 0.381	 -0.678	 -0.99	 0.377656	 -0.672095	 -0.974398	 0.374849	 -0.665955	 -0.958781	 0.372133	 -0.659804	 -0.943152	 0.368933	 -0.653844	 -0.927543	 0.365535	 -0.64793	 -0.911956	 1.61989	 1.61979	 1.61986	 1.61965	 1.61982	 
4.63	 0.381	 -0.678	 -0.99	 0.37777	 -0.67179	 -0.974524	 0.37484	 -0.665908	 -0.958861	 0.372027	 -0.660127	 -0.943139	 0.368904	 -0.65402	 -0.927602	 0.365577	 -0.647729	 -0.912178	 1.6156	 1.61547	 1.61562	 1.61532	 1.61563	 
4.64	 0.381	 -0.678	 -0.99	 0.378101	 -0.671725	 -0.974517	 0.374921	 -0.66594	 -0.9589	 0.371689	 -0.660211	 -0.943272	 0.368715	 -0.654056	 -0.927758	 0.365851	 -0.647758	 -0.912279	 1.61101	 1.61091	 1.61097	 1.61074	 1.6109	 
4.65	 0.381	 -0.678	 -0.99	 0.378222	 -0.672038	 -0.974407	 0.374965	 -0.666007	 -0.958934	 0.371545	 -0.659972	 -0.943497	 0.368607	 -0.653992	 -0.927942	 0.365962	 -0.648022	 -0.912328	 1.60616	 1.60603	 1.60619	 1.60588	 1.60619	 
4.66	 0.381	 -0.678	 -0.99	 0.377989	 -0.672298	 -0.974387	 0.374883	 -0.666071	 -0.958996	 0.371768	 -0.65977	 -0.943635	 0.368731	 -0.653927	 -0.928081	 0.365721	 -0.64825	 -0.91246	 1.60135	 1.60125	 1.60134	 1.60109	 1.60127	 
4.67	 0.381	 -0.678	 -0.99	 0.377676	 -0.672149	 -0.974537	 0.374788	 -0.666081	 -0.959071	 0.372045	 -0.659916	 -0.943616	 0.368866	 -0.653975	 -0.928158	 0.36543	 -0.648201	 -0.91269	 1.59701	 1.5969	 1.59708	 1.59681	 1.59712	 
4.68	 0.381	 -0.678	 -0.99	 0.377695	 -0.671834	 -0.97468	 0.374808	 -0.666007	 -0.959144	 0.371987	 -0.660229	 -0.943577	 0.368796	 -0.654149	 -0.928199	 0.36546	 -0.64796	 -0.912894	 1.59377	 1.59369	 1.59381	 1.59362	 1.59385	 
4.69	 0.381	 -0.678	 -0.99	 0.37804	 -0.67178	 -0.974642	 0.37487	 -0.66596	 -0.959171	 0.371633	 -0.6603	 -0.943652	 0.368608	 -0.654231	 -0.928248	 0.365707	 -0.647892	 -0.912926	 1.59216	 1.59207	 1.59231	 1.59208	 1.59241	 
4.7	 0.381	 -0.678	 -0.99	 0.378222	 -0.67203	 -0.974505	 0.374874	 -0.666038	 -0.959132	 0.371436	 -0.660048	 -0.943776	 0.368509	 -0.654085	 -0.928306	 0.365783	 -0.648128	 -0.912795	 1.59285	 1.5928	 1.59297	 1.59284	 1.59308	 
4.71	 0.381	 -0.678	 -0.99	 0.377952	 -0.672262	 -0.974447	 0.374803	 -0.666112	 -0.959072	 0.371626	 -0.659808	 -0.943764	 0.368548	 -0.65393	 -0.928269	 0.36553	 -0.648329	 -0.912658	 1.59583	 1.59578	 1.59604	 1.59585	 1.59619	 
4.72	 0.381	 -0.678	 -0.99	 0.377603	 -0.672181	 -0.974512	 0.374705	 -0.666058	 -0.95904	 0.371885	 -0.659889	 -0.943571	 0.368624	 -0.653988	 -0.928085	 0.365197	 -0.648189	 -0.912595	 1.60105	 1.601	 1.60115	 1.60104	 1.60125	 
4.73	 0.381	 -0.678	 -0.99	 0.37764	 -0.67186	 -0.974582	 0.374662	 -0.665965	 -0.958992	 0.371808	 -0.660168	 -0.943341	 0.36858	 -0.654112	 -0.927863	 0.365131	 -0.647885	 -0.912498	 1.60739	 1.6073	 1.60751	 1.60729	 1.60763	 
4.74	 0.381	 -0.678	 -0.99	 0.377959	 -0.671718	 -0.974528	 0.374712	 -0.665951	 -0.958899	 0.371447	 -0.660254	 -0.943248	 0.368363	 -0.654103	 -0.927734	 0.365333	 -0.647786	 -0.912274	 1.61365	 1.61357	 1.61365	 1.61345	 1.61363	 
4.75	 0.381	 -0.678	 -0.99	 0.378122	 -0.67197	 -0.974364	 0.374756	 -0.665985	 -0.95881	 0.37123	 -0.660004	 -0.943289	 0.368193	 -0.653985	 -0.927682	 0.365448	 -0.647953	 -0.912023	 1.61827	 1.61813	 1.61824	 1.61792	 1.61821	 
4.76	 0.381	 -0.678	 -0.99	 0.377933	 -0.672263	 -0.974278	 0.374677	 -0.66603	 -0.958785	 0.371375	 -0.659737	 -0.943326	 0.368252	 -0.653873	 -0.927666	 0.365222	 -0.648153	 -0.911932	 1.62002	 1.61987	 1.61987	 1.61953	 1.6197	 
4.77	 0.381	 -0.678	 -0.99	 0.377605	 -0.672185	 -0.974387	 0.374567	 -0.666047	 -0.958825	 0.37166	 -0.659801	 -0.943281	 0.36839	 -0.653872	 -0.927687	 0.364894	 -0.648137	 -0.912069	 1.61826	 1.61808	 1.61813	 1.61772	 1.61797	 
4.78	 0.381	 -0.678	 -0.99	 0.377535	 -0.671875	 -0.974557	 0.374561	 -0.665988	 -0.958921	 0.371683	 -0.660113	 -0.943263	 0.36836	 -0.654037	 -0.927773	 0.364843	 -0.647918	 -0.912342	 1.61335	 1.61318	 1.61317	 1.61282	 1.61301	 
4.79	 0.381	 -0.678	 -0.99	 0.377837	 -0.671751	 -0.974593	 0.374622	 -0.665939	 -0.959028	 0.371371	 -0.660285	 -0.943411	 0.36819	 -0.654189	 -0.92795	 0.365071	 -0.647814	 -0.912587	 1.60623	 1.60606	 1.60615	 1.60579	 1.60607	 
4.8	 0.381	 -0.678	 -0.99	 0.378107	 -0.671953	 -0.974514	 0.374655	 -0.666018	 -0.959101	 0.371114	 -0.660127	 -0.94369	 0.368076	 -0.654123	 -0.928218	 0.365239	 -0.648043	 -0.912736	 1.59861	 1.5985	 1.59858	 1.59833	 1.59853	 
4.81	 0.381	 -0.678	 -0.99	 0.37794	 -0.672241	 -0.974485	 0.37462	 -0.66613	 -0.95916	 0.371241	 -0.659878	 -0.943904	 0.368107	 -0.653992	 -0.928452	 0.365093	 -0.648354	 -0.912883	 1.59188	 1.59179	 1.59198	 1.59172	 1.59202	 
4.82	 0.381	 -0.678	 -0.99	 0.377567	 -0.672257	 -0.97459	 0.374535	 -0.66612	 -0.959248	 0.371555	 -0.659903	 -0.943927	 0.368226	 -0.654049	 -0.928536	 0.364778	 -0.648361	 -0.913108	 1.58733	 1.58728	 1.58744	 1.58729	 1.58749	 
4.83	 0.381	 -0.678	 -0.99	 0.377507	 -0.671956	 -0.974733	 0.374481	 -0.666038	 -0.959319	 0.371586	 -0.660203	 -0.943845	 0.368245	 -0.65422	 -0.928521	 0.364661	 -0.648112	 -0.913298	 1.58538	 1.58531	 1.58554	 1.58536	 1.58568	 
4.84	 0.381	 -0.678	 -0.99	 0.377812	 -0.671747	 -0.974747	 0.374529	 -0.666019	 -0.959309	 0.371261	 -0.66038	 -0.943834	 0.368065	 -0.654274	 -0.928523	 0.364859	 -0.647982	 -0.913288	 1.58591	 1.58586	 1.58604	 1.5859	 1.58612	 
4.85	 0.381	 -0.678	 -0.99	 0.378037	 -0.671952	 -0.974601	 0.374588	 -0.66606	 -0.959245	 0.370988	 -0.660179	 -0.943917	 0.367867	 -0.65417	 -0.928534	 0.365023	 -0.648128	 -0.91311	 1.58836	 1.5883	 1.5885	 1.58831	 1.58861	 
4.86	 0.381	 -0.678	 -0.99	 0.377882	 -0.672281	 -0.974481	 0.374521	 -0.666104	 -0.959191	 0.371082	 -0.659872	 -0.943939	 0.367882	 -0.654034	 -0.928482	 0.364826	 -0.648328	 -0.912945	 1.59197	 1.5919	 1.59204	 1.59183	 1.59208	 
4.87	 0.381	 -0.678	 -0.99	 0.37754	 -0.672246	 -0.974538	 0.374393	 -0.666106	 -0.959158	 0.371364	 -0.659869	 -0.943792	 0.368012	 -0.653989	 -0.928355	 0.364454	 -0.648292	 -0.912893	 1.59603	 1.59593	 1.59609	 1.59585	 1.59613	 
4.88	 0.381	 -0.678	 -0.99	 0.377434	 -0.671912	 -0.97466	 0.374359	 -0.66603	 -0.959136	 0.371396	 -0.660139	 -0.943592	 0.367974	 -0.654082	 -0.928209	 0.364329	 -0.648012	 -0.91288	 1.60018	 1.60008	 1.6002	 1.59998	 1.60024	 
4.89	 0.381	 -0.678	 -0.99	 0.377704	 -0.671742	 -0.974639	 0.374407	 -0.665941	 -0.959101	 0.371073	 -0.660281	 -0.943517	 0.367763	 -0.65417	 -0.928102	 0.364506	 -0.647802	 -0.912777	 1.60422	 1.60411	 1.60427	 1.60401	 1.6043	 
4.9	 0.381	 -0.678	 -0.99	 0.377979	 -0.671917	 -0.974483	 0.374424	 -0.665964	 -0.959029	 0.370769	 -0.660084	 -0.94357	 0.3676	 -0.654057	 -0.928062	 0.364639	 -0.647911	 -0.912558	 1.60837	 1.60828	 1.60841	 1.60819	 1.60844	 
4.91	 0.381	 -0.678	 -0.99	 0.377849	 -0.672186	 -0.974375	 0.374369	 -0.666046	 -0.958946	 0.370832	 -0.659778	 -0.943581	 0.367588	 -0.653847	 -0.92802	 0.364468	 -0.648141	 -0.912349	 1.61271	 1.61262	 1.61276	 1.61252	 1.61281	 
4.92	 0.381	 -0.678	 -0.99	 0.377472	 -0.672219	 -0.97441	 0.374277	 -0.666024	 -0.958907	 0.371118	 -0.659721	 -0.943441	 0.367667	 -0.653813	 -0.927882	 0.364125	 -0.648112	 -0.912265	 1.61741	 1.61732	 1.61744	 1.61724	 1.61748	 
4.93	 0.381	 -0.678	 -0.99	 0.377347	 -0.671948	 -0.974506	 0.374203	 -0.665922	 -0.958891	 0.371185	 -0.659957	 -0.943227	 0.367684	 -0.653933	 -0.927688	 0.363941	 -0.647822	 -0.912237	 1.62241	 1.62231	 1.62245	 1.62223	 1.6225	 
4.94	 0.381	 -0.678	 -0.99	 0.377595	 -0.671686	 -0.974517	 0.374223	 -0.665873	 -0.958832	 0.370901	 -0.660153	 -0.943102	 0.367524	 -0.653978	 -0.927558	 0.364069	 -0.647611	 -0.912108	 1.6275	 1.62741	 1.62754	 1.62731	 1.62755	 
4.95	 0.381	 -0.678	 -0.99	 0.377861	 -0.671791	 -0.974382	 0.374287	 -0.665886	 -0.95874	 0.370582	 -0.660018	 -0.943114	 0.367301	 -0.653889	 -0.927495	 0.364259	 -0.647669	 -0.911862	 1.63258	 1.63248	 1.63261	 1.63238	 1.63261	 
4.96	 0.381	 -0.678	 -0.99	 0.37782	 -0.67212	 -0.974228	 0.374251	 -0.665918	 -0.958665	 0.370564	 -0.659693	 -0.943137	 0.367255	 -0.653741	 -0.927421	 0.364162	 -0.647863	 -0.911631	 1.63753	 1.63743	 1.63755	 1.6373	 1.63756	 
4.97	 0.381	 -0.678	 -0.99	 0.37751	 -0.672208	 -0.974226	 0.374132	 -0.66594	 -0.958611	 0.370818	 -0.659561	 -0.943026	 0.367371	 -0.653629	 -0.927296	 0.363816	 -0.647915	 -0.911507	 1.64247	 1.64237	 1.6425	 1.64226	 1.64251	 
4.98	 0.381	 -0.678	 -0.99	 0.377269	 -0.671961	 -0.974336	 0.374066	 -0.665883	 -0.958572	 0.37098	 -0.659739	 -0.942809	 0.367398	 -0.653663	 -0.927126	 0.363581	 -0.647686	 -0.911458	 1.64772	 1.64763	 1.64777	 1.64756	 1.64784	 
4.99	 0.381	 -0.678	 -0.99	 0.377398	 -0.671698	 -0.974368	 0.374083	 -0.665767	 -0.958529	 0.370801	 -0.659956	 -0.942638	 0.367267	 -0.653772	 -0.926944	 0.363647	 -0.647369	 -0.911356	 1.65352	 1.65344	 1.65359	 1.65339	 1.65366	 
5	 0.381	 -0.678	 -0.99	 0.377732	 -0.671679	 -0.974255	 0.374113	 -0.665739	 -0.958439	 0.370445	 -0.659917	 -0.942589	 0.367083	 -0.653716	 -0.926817	 0.363832	 -0.647297	 -0.911107	 1.66008	 1.66	 1.66016	 1.65998	 1.66024	 
5.01	 0.381	 -0.678	 -0.99	 0.37782	 -0.67191	 -0.974094	 0.374116	 -0.665796	 -0.958312	 0.370298	 -0.659622	 -0.94258	 0.366963	 -0.653503	 -0.926718	 0.363854	 -0.647468	 -0.910777	 1.66731	 1.66723	 1.66737	 1.66718	 1.66743	 
5.02	 0.381	 -0.678	 -0.99	 0.377559	 -0.672139	 -0.974009	 0.374049	 -0.665799	 -0.958218	 0.370478	 -0.659359	 -0.94248	 0.366994	 -0.65336	 -0.926551	 0.363605	 -0.647564	 -0.910525	 1.67481	 1.67472	 1.67486	 1.67463	 1.67489	 
5.03	 0.381	 -0.678	 -0.99	 0.377267	 -0.672051	 -0.974054	 0.373934	 -0.665741	 -0.95816	 0.370713	 -0.659388	 -0.942258	 0.367102	 -0.653347	 -0.926321	 0.363279	 -0.647414	 -0.910391	 1.68217	 1.68207	 1.68217	 1.68195	 1.68218	 
5.04	 0.381	 -0.678	 -0.99	 0.37723	 -0.671718	 -0.974143	 0.373901	 -0.665668	 -0.958099	 0.370703	 -0.659626	 -0.942025	 0.367071	 -0.653393	 -0.926119	 0.363196	 -0.647124	 -0.910282	 1.68883	 1.68872	 1.68883	 1.68857	 1.68885	 
5.05	 0.381	 -0.678	 -0.99	 0.377466	 -0.671551	 -0.974115	 0.37396	 -0.665591	 -0.958035	 0.370421	 -0.659744	 -0.94192	 0.36688	 -0.653441	 -0.925981	 0.363379	 -0.646917	 -0.91012	 1.69445	 1.69434	 1.69443	 1.69417	 1.69439	 
5.06	 0.381	 -0.678	 -0.99	 0.377736	 -0.671696	 -0.973967	 0.373991	 -0.665589	 -0.957965	 0.37014	 -0.659583	 -0.941949	 0.366736	 -0.65336	 -0.925916	 0.363538	 -0.646972	 -0.909903	 1.6989	 1.69878	 1.69888	 1.69861	 1.69887	 
5.07	 0.381	 -0.678	 -0.99	 0.377704	 -0.671948	 -0.973853	 0.373962	 -0.665668	 -0.957893	 0.370143	 -0.659297	 -0.941986	 0.366722	 -0.653166	 -0.925898	 0.363464	 -0.647194	 -0.909715	 1.70223	 1.70212	 1.70219	 1.70193	 1.70216	 
5.08	 0.381	 -0.678	 -0.99	 0.377385	 -0.672075	 -0.973857	 0.373897	 -0.665681	 -0.957867	 0.370399	 -0.659161	 -0.941929	 0.366801	 -0.653092	 -0.925838	 0.363201	 -0.647264	 -0.909657	 1.70467	 1.70455	 1.70466	 1.70439	 1.70463	 
5.09	 0.381	 -0.678	 -0.99	 0.37716	 -0.671921	 -0.973952	 0.373819	 -0.665615	 -0.957881	 0.370596	 -0.659305	 -0.941787	 0.3669	 -0.653173	 -0.925728	 0.362973	 -0.647075	 -0.909709	 1.70667	 1.70657	 1.70665	 1.70642	 1.70663	 
5.1	 0.381	 -0.678	 -0.99	 0.377242	 -0.671609	 -0.974041	 0.373816	 -0.665562	 -0.957875	 0.370506	 -0.659564	 -0.941667	 0.366859	 -0.653252	 -0.925652	 0.363004	 -0.646827	 -0.909729	 1.70852	 1.70842	 1.70855	 1.7083	 1.70857	 
5.11	 0.381	 -0.678	 -0.99	 0.377514	 -0.671517	 -0.974002	 0.373895	 -0.665527	 -0.957842	 0.370215	 -0.659628	 -0.941662	 0.366678	 -0.653274	 -0.925624	 0.363245	 -0.646728	 -0.909639	 1.71058	 1.71049	 1.71062	 1.7104	 1.71062	 
5.12	 0.381	 -0.678	 -0.99	 0.377719	 -0.671733	 -0.973856	 0.373928	 -0.665536	 -0.957797	 0.370009	 -0.659412	 -0.941739	 0.366576	 -0.653189	 -0.925611	 0.363387	 -0.646855	 -0.909474	 1.71295	 1.71286	 1.71302	 1.71278	 1.71307	 
5.13	 0.381	 -0.678	 -0.99	 0.377618	 -0.671973	 -0.973767	 0.37388	 -0.665607	 -0.957743	 0.370096	 -0.659143	 -0.941768	 0.366623	 -0.653015	 -0.925594	 0.363263	 -0.647071	 -0.909325	 1.71553	 1.71544	 1.71556	 1.71534	 1.71559	 
5.14	 0.381	 -0.678	 -0.99	 0.377291	 -0.67202	 -0.973803	 0.373823	 -0.665614	 -0.957716	 0.370382	 -0.659074	 -0.941677	 0.36673	 -0.652957	 -0.925519	 0.363011	 -0.647088	 -0.909283	 1.71807	 1.71797	 1.71811	 1.71787	 1.71814	 
5.15	 0.381	 -0.678	 -0.99	 0.37712	 -0.671824	 -0.9739	 0.373774	 -0.665529	 -0.957727	 0.370541	 -0.659254	 -0.941522	 0.366812	 -0.65306	 -0.925395	 0.362856	 -0.646853	 -0.909325	 1.72042	 1.72033	 1.72042	 1.7202	 1.72041	 
5.16	 0.381	 -0.678	 -0.99	 0.377272	 -0.671535	 -0.973963	 0.373788	 -0.665471	 -0.957717	 0.370404	 -0.659488	 -0.941419	 0.366766	 -0.653134	 -0.925319	 0.362954	 -0.646617	 -0.909323	 1.72239	 1.72228	 1.72241	 1.72215	 1.72241	 
5.17	 0.381	 -0.678	 -0.99	 0.377554	 -0.671489	 -0.973906	 0.373876	 -0.665457	 -0.957678	 0.370123	 -0.659501	 -0.941438	 0.366604	 -0.653117	 -0.92531	 0.36322	 -0.646565	 -0.909219	 1.72419	 1.72409	 1.72419	 1.72396	 1.72416	 
5.18	 0.381	 -0.678	 -0.99	 0.377709	 -0.671744	 -0.973759	 0.373911	 -0.665477	 -0.957634	 0.369976	 -0.659258	 -0.941523	 0.366531	 -0.653017	 -0.92531	 0.363347	 -0.646706	 -0.909068	 1.72607	 1.72597	 1.72612	 1.72587	 1.72616	 
5.19	 0.381	 -0.678	 -0.99	 0.377574	 -0.671972	 -0.973684	 0.37386	 -0.665541	 -0.957587	 0.370117	 -0.659006	 -0.941538	 0.366621	 -0.652853	 -0.925285	 0.363207	 -0.646893	 -0.908941	 1.72845	 1.72836	 1.72848	 1.72827	 1.72851	 
5.2	 0.381	 -0.678	 -0.99	 0.377253	 -0.671966	 -0.973734	 0.373803	 -0.665538	 -0.957555	 0.370405	 -0.658974	 -0.941418	 0.366739	 -0.652804	 -0.925185	 0.362968	 -0.646877	 -0.908885	 1.73161	 1.73153	 1.73169	 1.73148	 1.73176	 
5.21	 0.381	 -0.678	 -0.99	 0.377112	 -0.671748	 -0.97382	 0.373768	 -0.665439	 -0.957541	 0.370534	 -0.659162	 -0.941227	 0.366803	 -0.652908	 -0.925011	 0.362853	 -0.64662	 -0.908859	 1.73581	 1.73573	 1.73586	 1.73569	 1.73592	 
5.22	 0.381	 -0.678	 -0.99	 0.377293	 -0.671477	 -0.973848	 0.373788	 -0.665373	 -0.957489	 0.370375	 -0.659365	 -0.941073	 0.36675	 -0.652963	 -0.924855	 0.362974	 -0.646375	 -0.908744	 1.74087	 1.74078	 1.74096	 1.74075	 1.74103	 
5.23	 0.381	 -0.678	 -0.99	 0.377569	 -0.671444	 -0.973758	 0.373871	 -0.665358	 -0.957394	 0.370098	 -0.659341	 -0.94102	 0.366591	 -0.65291	 -0.924745	 0.363229	 -0.646324	 -0.908501	 1.74663	 1.74655	 1.74668	 1.7465	 1.74671	 
5.24	 0.381	 -0.678	 -0.99	 0.377703	 -0.671693	 -0.97359	 0.373905	 -0.665364	 -0.957298	 0.369969	 -0.659079	 -0.94102	 0.366523	 -0.65279	 -0.924635	 0.363341	 -0.646445	 -0.908216	 1.75259	 1.75249	 1.75264	 1.75242	 1.75272	 
5.25	 0.381	 -0.678	 -0.99	 0.37757	 -0.671911	 -0.973495	 0.373854	 -0.665415	 -0.957209	 0.370111	 -0.658823	 -0.940966	 0.366616	 -0.652618	 -0.92452	 0.363202	 -0.6466	 -0.907985	 1.75822	 1.75812	 1.75822	 1.758	 1.75823	 
5.26	 0.381	 -0.678	 -0.99	 0.377263	 -0.67191	 -0.973528	 0.373806	 -0.665417	 -0.957149	 0.370398	 -0.658783	 -0.940816	 0.366739	 -0.652552	 -0.924381	 0.362983	 -0.646569	 -0.907874	 1.76299	 1.76287	 1.76299	 1.76273	 1.76299	 
5.27	 0.381	 -0.678	 -0.99	 0.377118	 -0.67171	 -0.973611	 0.373781	 -0.665326	 -0.957139	 0.370554	 -0.658959	 -0.940638	 0.366829	 -0.652649	 -0.924222	 0.362886	 -0.646324	 -0.907862	 1.7666	 1.76649	 1.76654	 1.7663	 1.76648	 
5.28	 0.381	 -0.678	 -0.99	 0.377275	 -0.671436	 -0.973666	 0.373805	 -0.665263	 -0.957125	 0.370439	 -0.659176	 -0.94053	 0.366815	 -0.652722	 -0.924131	 0.363016	 -0.646099	 -0.907839	 1.76884	 1.76871	 1.76882	 1.76852	 1.76877	 
5.29	 0.381	 -0.678	 -0.99	 0.377551	 -0.671377	 -0.97362	 0.373903	 -0.66525	 -0.957092	 0.370196	 -0.659202	 -0.940547	 0.366694	 -0.652713	 -0.924126	 0.363308	 -0.646051	 -0.90775	 1.77007	 1.76996	 1.77002	 1.76976	 1.76995	 
5.3	 0.381	 -0.678	 -0.99	 0.377732	 -0.671605	 -0.973488	 0.373962	 -0.665267	 -0.957061	 0.370061	 -0.658991	 -0.940641	 0.366649	 -0.652634	 -0.924145	 0.363494	 -0.646182	 -0.907633	 1.77076	 1.77065	 1.77077	 1.77051	 1.77079	 
5.31	 0.381	 -0.678	 -0.99	 0.377654	 -0.671841	 -0.973407	 0.373943	 -0.665336	 -0.957027	 0.370184	 -0.658743	 -0.940691	 0.366751	 -0.652482	 -0.924157	 0.363437	 -0.646389	 -0.907533	 1.77164	 1.77155	 1.77165	 1.77144	 1.77167	 
5.32	 0.381	 -0.678	 -0.99	 0.377362	 -0.671895	 -0.973438	 0.373912	 -0.66535	 -0.957004	 0.370485	 -0.658666	 -0.94062	 0.366896	 -0.652421	 -0.9241	 0.363258	 -0.646431	 -0.907495	 1.77327	 1.77318	 1.77335	 1.77313	 1.77341	 
5.33	 0.381	 -0.678	 -0.99	 0.377177	 -0.671735	 -0.973519	 0.37388	 -0.665274	 -0.957001	 0.370692	 -0.658814	 -0.94046	 0.367022	 -0.652509	 -0.923961	 0.363134	 -0.646232	 -0.907499	 1.77604	 1.77598	 1.77611	 1.77595	 1.77615	 
5.34	 0.381	 -0.678	 -0.99	 0.377275	 -0.671448	 -0.973582	 0.373896	 -0.665217	 -0.956965	 0.370641	 -0.659047	 -0.9403	 0.367038	 -0.652579	 -0.923822	 0.36322	 -0.645987	 -0.907439	 1.77979	 1.77971	 1.77989	 1.77967	 1.77996	 
5.35	 0.381	 -0.678	 -0.99	 0.377534	 -0.671334	 -0.973539	 0.373994	 -0.665183	 -0.956895	 0.370415	 -0.65912	 -0.940226	 0.366923	 -0.65259	 -0.923718	 0.363496	 -0.645869	 -0.907271	 1.78414	 1.78406	 1.78418	 1.78399	 1.7842	 
5.36	 0.381	 -0.678	 -0.99	 0.377767	 -0.671501	 -0.973395	 0.374059	 -0.665178	 -0.956822	 0.370229	 -0.658947	 -0.94024	 0.366857	 -0.652522	 -0.923636	 0.363715	 -0.645944	 -0.907043	 1.78841	 1.7883	 1.78845	 1.7882	 1.7885	 
5.37	 0.381	 -0.678	 -0.99	 0.377764	 -0.671734	 -0.97328	 0.37406	 -0.665243	 -0.956746	 0.370281	 -0.658684	 -0.940254	 0.366921	 -0.652351	 -0.923586	 0.363727	 -0.646146	 -0.906836	 1.79199	 1.79188	 1.79196	 1.79173	 1.79196	 
5.38	 0.381	 -0.678	 -0.99	 0.377505	 -0.671866	 -0.973266	 0.374042	 -0.665268	 -0.956704	 0.370555	 -0.658537	 -0.9402	 0.367054	 -0.652262	 -0.923522	 0.363586	 -0.646236	 -0.906744	 1.79443	 1.7943	 1.79441	 1.79413	 1.79439	 
5.39	 0.381	 -0.678	 -0.99	 0.37728	 -0.671781	 -0.973337	 0.374002	 -0.665219	 -0.956714	 0.370822	 -0.658624	 -0.940084	 0.367225	 -0.652321	 -0.923427	 0.363434	 -0.646111	 -0.906779	 1.79572	 1.79561	 1.79566	 1.79541	 1.79559	 
5.4	 0.381	 -0.678	 -0.99	 0.37728	 -0.671498	 -0.973444	 0.374013	 -0.665178	 -0.956723	 0.370884	 -0.658872	 -0.939969	 0.367305	 -0.652406	 -0.92337	 0.363469	 -0.6459	 -0.906842	 1.79598	 1.79587	 1.79598	 1.79569	 1.79596	 
5.41	 0.381	 -0.678	 -0.99	 0.377491	 -0.671323	 -0.973469	 0.374109	 -0.665134	 -0.956724	 0.370724	 -0.659041	 -0.939944	 0.367237	 -0.652493	 -0.923359	 0.363732	 -0.645747	 -0.906856	 1.79569	 1.7956	 1.79568	 1.79543	 1.79564	 
5.42	 0.381	 -0.678	 -0.99	 0.377786	 -0.671403	 -0.973381	 0.374191	 -0.66513	 -0.956715	 0.37051	 -0.65898	 -0.940021	 0.367183	 -0.652492	 -0.923382	 0.364021	 -0.645787	 -0.906796	 1.79524	 1.79513	 1.79527	 1.79502	 1.7953	 
5.43	 0.381	 -0.678	 -0.99	 0.377889	 -0.671621	 -0.973279	 0.374233	 -0.665207	 -0.956681	 0.370476	 -0.658755	 -0.940121	 0.367211	 -0.652355	 -0.923439	 0.364154	 -0.646015	 -0.906692	 1.79495	 1.79485	 1.79494	 1.79474	 1.79496	 
5.44	 0.381	 -0.678	 -0.99	 0.377703	 -0.671841	 -0.973233	 0.374239	 -0.665249	 -0.956666	 0.370696	 -0.65855	 -0.940158	 0.367328	 -0.652267	 -0.923453	 0.36409	 -0.646192	 -0.906643	 1.79477	 1.79466	 1.79481	 1.79456	 1.79483	 
5.45	 0.381	 -0.678	 -0.99	 0.377452	 -0.671849	 -0.973282	 0.37419	 -0.665234	 -0.956685	 0.371001	 -0.658555	 -0.940098	 0.367531	 -0.652288	 -0.923408	 0.363919	 -0.646176	 -0.90669	 1.79461	 1.79452	 1.79461	 1.7944	 1.79459	 
5.46	 0.381	 -0.678	 -0.99	 0.37734	 -0.6716	 -0.973404	 0.374184	 -0.665209	 -0.956703	 0.371168	 -0.658778	 -0.93999	 0.367657	 -0.652365	 -0.923369	 0.363882	 -0.646012	 -0.906781	 1.79404	 1.79393	 1.79407	 1.7938	 1.79407	 
5.47	 0.381	 -0.678	 -0.99	 0.377472	 -0.671377	 -0.973473	 0.374262	 -0.665148	 -0.95673	 0.371093	 -0.65901	 -0.939946	 0.367641	 -0.652501	 -0.92336	 0.36409	 -0.645815	 -0.906863	 1.7927	 1.7926	 1.79268	 1.79243	 1.79264	 
5.48	 0.381	 -0.678	 -0.99	 0.377789	 -0.671354	 -0.973435	 0.37435	 -0.665136	 -0.956751	 0.370874	 -0.659059	 -0.940022	 0.367601	 -0.652551	 -0.923417	 0.364404	 -0.645791	 -0.906896	 1.7903	 1.79017	 1.79029	 1.79	 1.79026	 
5.49	 0.381	 -0.678	 -0.99	 0.377983	 -0.671531	 -0.973353	 0.374428	 -0.665217	 -0.956755	 0.370762	 -0.658897	 -0.940182	 0.367592	 -0.652453	 -0.923556	 0.364642	 -0.645996	 -0.906894	 1.78688	 1.78676	 1.78681	 1.78656	 1.78675	 
5.5	 0.381	 -0.678	 -0.99	 0.377893	 -0.671813	 -0.973293	 0.37446	 -0.665277	 -0.956786	 0.370911	 -0.658666	 -0.940332	 0.36769	 -0.652374	 -0.923688	 0.364673	 -0.646227	 -0.906951	 1.78262	 1.78248	 1.78259	 1.78229	 1.78255	 
5.51	 0.381	 -0.678	 -0.99	 0.37765	 -0.67191	 -0.973337	 0.374416	 -0.665301	 -0.95685	 0.371226	 -0.658602	 -0.940391	 0.367913	 -0.652368	 -0.923775	 0.364523	 -0.646322	 -0.907105	 1.77812	 1.77801	 1.77809	 1.77784	 1.77802	 
5.52	 0.381	 -0.678	 -0.99	 0.377455	 -0.671715	 -0.97348	 0.374403	 -0.665291	 -0.956916	 0.371479	 -0.658787	 -0.940358	 0.368083	 -0.652443	 -0.923831	 0.364443	 -0.64623	 -0.907303	 1.77395	 1.77385	 1.77401	 1.77375	 1.77403	 
5.53	 0.381	 -0.678	 -0.99	 0.377513	 -0.671469	 -0.973586	 0.374463	 -0.665222	 -0.956977	 0.371483	 -0.659052	 -0.940325	 0.368113	 -0.65261	 -0.923853	 0.36459	 -0.646025	 -0.907469	 1.7707	 1.77063	 1.77077	 1.77056	 1.77079	 
5.54	 0.381	 -0.678	 -0.99	 0.377819	 -0.671369	 -0.97358	 0.374541	 -0.665201	 -0.957	 0.371266	 -0.659176	 -0.940366	 0.368072	 -0.652693	 -0.92389	 0.364885	 -0.645954	 -0.907514	 1.76855	 1.76847	 1.76866	 1.76844	 1.76872	 
5.55	 0.381	 -0.678	 -0.99	 0.378062	 -0.6715	 -0.97349	 0.374629	 -0.665269	 -0.956974	 0.371092	 -0.659058	 -0.94047	 0.368017	 -0.652621	 -0.923962	 0.365153	 -0.646123	 -0.907438	 1.76742	 1.76735	 1.76747	 1.7673	 1.76751	 
5.56	 0.381	 -0.678	 -0.99	 0.378033	 -0.671797	 -0.973387	 0.374663	 -0.665327	 -0.956954	 0.371163	 -0.658811	 -0.940566	 0.368065	 -0.652541	 -0.924004	 0.365206	 -0.646369	 -0.907359	 1.76672	 1.76661	 1.76677	 1.76653	 1.76682	 
5.57	 0.381	 -0.678	 -0.99	 0.377802	 -0.671945	 -0.973382	 0.374611	 -0.665369	 -0.956962	 0.371445	 -0.6587	 -0.940574	 0.368259	 -0.652506	 -0.924007	 0.365041	 -0.646511	 -0.907371	 1.76581	 1.7657	 1.76579	 1.76556	 1.76576	 
5.58	 0.381	 -0.678	 -0.99	 0.377563	 -0.671799	 -0.973497	 0.374585	 -0.665375	 -0.95699	 0.371725	 -0.658851	 -0.940501	 0.368428	 -0.652564	 -0.924004	 0.364911	 -0.646449	 -0.907486	 1.76399	 1.76386	 1.76398	 1.76369	 1.76395	 
5.59	 0.381	 -0.678	 -0.99	 0.377568	 -0.671553	 -0.973612	 0.374628	 -0.665309	 -0.957052	 0.371774	 -0.659127	 -0.940454	 0.36848	 -0.652741	 -0.924016	 0.365007	 -0.646241	 -0.907659	 1.76089	 1.76077	 1.76083	 1.76055	 1.76076	 
5.6	 0.381	 -0.678	 -0.99	 0.377861	 -0.671407	 -0.973644	 0.374708	 -0.665282	 -0.957111	 0.371583	 -0.659295	 -0.940521	 0.368459	 -0.652848	 -0.924107	 0.3653	 -0.646147	 -0.9078	 1.75639	 1.75626	 1.75637	 1.75605	 1.7563	 
5.61	 0.381	 -0.678	 -0.99	 0.378137	 -0.671507	 -0.973593	 0.374815	 -0.665343	 -0.957147	 0.371397	 -0.659215	 -0.940706	 0.368409	 -0.652803	 -0.924292	 0.365619	 -0.646299	 -0.907878	 1.75089	 1.75077	 1.75083	 1.75057	 1.75075	 
5.62	 0.381	 -0.678	 -0.99	 0.378152	 -0.671814	 -0.973515	 0.374868	 -0.665409	 -0.957198	 0.371447	 -0.658971	 -0.94092	 0.368462	 -0.652729	 -0.924484	 0.36573	 -0.646559	 -0.907974	 1.74481	 1.74467	 1.74479	 1.7445	 1.74477	 
5.63	 0.381	 -0.678	 -0.99	 0.377934	 -0.671993	 -0.973532	 0.374829	 -0.665465	 -0.957271	 0.371738	 -0.658842	 -0.941045	 0.368671	 -0.652691	 -0.924633	 0.365593	 -0.646739	 -0.908147	 1.73874	 1.73863	 1.73873	 1.73848	 1.73868	 
5.64	 0.381	 -0.678	 -0.99	 0.377678	 -0.67186	 -0.973671	 0.374802	 -0.665476	 -0.957352	 0.372042	 -0.658988	 -0.941053	 0.368856	 -0.652758	 -0.924733	 0.365454	 -0.646708	 -0.908386	 1.73307	 1.73296	 1.73313	 1.73287	 1.73314	 
5.65	 0.381	 -0.678	 -0.99	 0.377673	 -0.671605	 -0.973807	 0.374841	 -0.665414	 -0.957442	 0.372095	 -0.659283	 -0.941039	 0.368905	 -0.652953	 -0.924794	 0.365534	 -0.646514	 -0.908627	 1.728	 1.72791	 1.72804	 1.72782	 1.72804	 
5.66	 0.381	 -0.678	 -0.99	 0.377971	 -0.671463	 -0.973839	 0.374914	 -0.665392	 -0.957502	 0.371877	 -0.659466	 -0.941108	 0.368854	 -0.65308	 -0.924887	 0.36581	 -0.646437	 -0.908771	 1.72335	 1.72324	 1.72341	 1.72316	 1.72344	 
5.67	 0.381	 -0.678	 -0.99	 0.378243	 -0.671585	 -0.973773	 0.375002	 -0.665467	 -0.957522	 0.371663	 -0.659382	 -0.941277	 0.368775	 -0.653044	 -0.925044	 0.366088	 -0.646628	 -0.908806	 1.71892	 1.71881	 1.71892	 1.7187	 1.71891	 
5.68	 0.381	 -0.678	 -0.99	 0.378221	 -0.671903	 -0.973688	 0.375035	 -0.665547	 -0.95755	 0.371719	 -0.659141	 -0.941458	 0.368809	 -0.652979	 -0.925196	 0.366139	 -0.646923	 -0.90885	 1.71426	 1.71413	 1.71428	 1.714	 1.71428	 
5.69	 0.381	 -0.678	 -0.99	 0.377964	 -0.672065	 -0.97371	 0.374978	 -0.665601	 -0.957614	 0.372018	 -0.659049	 -0.941548	 0.369003	 -0.652974	 -0.925308	 0.365947	 -0.647091	 -0.909003	 1.70918	 1.70907	 1.70916	 1.7089	 1.70909	 
5.7	 0.381	 -0.678	 -0.99	 0.37773	 -0.67189	 -0.973861	 0.374941	 -0.665612	 -0.957696	 0.372288	 -0.659251	 -0.941541	 0.369168	 -0.65307	 -0.925401	 0.365801	 -0.647025	 -0.909257	 1.70354	 1.70342	 1.70356	 1.70326	 1.70353	 
5.71	 0.381	 -0.678	 -0.99	 0.377786	 -0.671622	 -0.973997	 0.374995	 -0.665558	 -0.957795	 0.372273	 -0.659562	 -0.941555	 0.369175	 -0.653267	 -0.925499	 0.365928	 -0.646833	 -0.909526	 1.69743	 1.69733	 1.69742	 1.69716	 1.69738	 
5.72	 0.381	 -0.678	 -0.99	 0.37812	 -0.671547	 -0.97401	 0.375081	 -0.665542	 -0.957877	 0.372017	 -0.659684	 -0.941693	 0.369099	 -0.653379	 -0.925653	 0.366238	 -0.646807	 -0.909709	 1.69098	 1.69087	 1.69101	 1.69072	 1.691	 
5.73	 0.381	 -0.678	 -0.99	 0.378352	 -0.671745	 -0.973939	 0.375154	 -0.665632	 -0.957923	 0.371852	 -0.659527	 -0.941925	 0.369054	 -0.653308	 -0.925877	 0.366472	 -0.647064	 -0.909801	 1.68446	 1.68435	 1.68443	 1.6842	 1.6844	 
5.74	 0.381	 -0.678	 -0.99	 0.378219	 -0.672049	 -0.973893	 0.375163	 -0.665724	 -0.95798	 0.372009	 -0.659296	 -0.942127	 0.369134	 -0.653233	 -0.92608	 0.366434	 -0.647366	 -0.909928	 1.67782	 1.67769	 1.67784	 1.67755	 1.67784	 
5.75	 0.381	 -0.678	 -0.99	 0.377913	 -0.672117	 -0.973971	 0.375098	 -0.665749	 -0.958079	 0.372344	 -0.659307	 -0.942205	 0.369335	 -0.653297	 -0.926211	 0.366208	 -0.647455	 -0.910176	 1.67112	 1.67102	 1.67111	 1.67086	 1.67105	 
5.76	 0.381	 -0.678	 -0.99	 0.377785	 -0.67185	 -0.974147	 0.375072	 -0.665737	 -0.958188	 0.372511	 -0.659614	 -0.942206	 0.369458	 -0.653466	 -0.926323	 0.366127	 -0.647332	 -0.910488	 1.66412	 1.66399	 1.66414	 1.66383	 1.66411	 
5.77	 0.381	 -0.678	 -0.99	 0.377985	 -0.671613	 -0.974256	 0.375152	 -0.665718	 -0.958289	 0.372345	 -0.659911	 -0.942285	 0.369381	 -0.653658	 -0.92648	 0.366359	 -0.64722	 -0.910759	 1.65659	 1.65647	 1.65655	 1.65628	 1.65649	 
5.78	 0.381	 -0.678	 -0.99	 0.378317	 -0.671721	 -0.974213	 0.375245	 -0.665755	 -0.958376	 0.372067	 -0.659904	 -0.942516	 0.369267	 -0.653735	 -0.926708	 0.366669	 -0.647359	 -0.910945	 1.64828	 1.64814	 1.64828	 1.64796	 1.64824	 
5.79	 0.381	 -0.678	 -0.99	 0.378382	 -0.67204	 -0.974143	 0.375259	 -0.66588	 -0.958456	 0.372048	 -0.659678	 -0.942803	 0.369295	 -0.65366	 -0.926993	 0.366733	 -0.647726	 -0.911118	 1.63919	 1.63907	 1.63915	 1.63887	 1.63908	 
5.8	 0.381	 -0.678	 -0.99	 0.378081	 -0.672217	 -0.974199	 0.375216	 -0.665973	 -0.958566	 0.372357	 -0.659578	 -0.942992	 0.369452	 -0.653642	 -0.927248	 0.366535	 -0.64798	 -0.911404	 1.62945	 1.62931	 1.62945	 1.62914	 1.62941	 
5.81	 0.381	 -0.678	 -0.99	 0.377816	 -0.672066	 -0.974377	 0.375174	 -0.665946	 -0.958726	 0.372634	 -0.659805	 -0.943066	 0.369601	 -0.653826	 -0.927432	 0.366361	 -0.647907	 -0.911815	 1.61962	 1.61952	 1.61962	 1.61937	 1.61956	 
5.82	 0.381	 -0.678	 -0.99	 0.377953	 -0.67177	 -0.974532	 0.375199	 -0.665903	 -0.95887	 0.372542	 -0.66015	 -0.943147	 0.369597	 -0.654044	 -0.927612	 0.36648	 -0.647736	 -0.912189	 1.61035	 1.61024	 1.61042	 1.61015	 1.61043	 
5.83	 0.381	 -0.678	 -0.99	 0.378307	 -0.67174	 -0.974535	 0.375296	 -0.665945	 -0.958948	 0.372229	 -0.660227	 -0.943343	 0.369453	 -0.654096	 -0.927842	 0.366799	 -0.647804	 -0.912382	 1.60255	 1.60247	 1.6026	 1.60241	 1.60263	 
5.84	 0.381	 -0.678	 -0.99	 0.378414	 -0.672068	 -0.974429	 0.375344	 -0.666037	 -0.958985	 0.372127	 -0.659979	 -0.943579	 0.369386	 -0.654018	 -0.928046	 0.366921	 -0.648107	 -0.912446	 1.59681	 1.59673	 1.59696	 1.59674	 1.59706	 
5.85	 0.381	 -0.678	 -0.99	 0.378148	 -0.672319	 -0.974405	 0.375269	 -0.666102	 -0.959021	 0.372384	 -0.659796	 -0.943673	 0.369525	 -0.653966	 -0.928135	 0.366684	 -0.648326	 -0.912522	 1.59354	 1.59348	 1.59367	 1.5935	 1.59373	 
5.86	 0.381	 -0.678	 -0.99	 0.377856	 -0.672147	 -0.974533	 0.375181	 -0.666095	 -0.959055	 0.372653	 -0.659975	 -0.943578	 0.369667	 -0.654046	 -0.928109	 0.366419	 -0.648236	 -0.912646	 1.59242	 1.59234	 1.59257	 1.59237	 1.59269	 
5.87	 0.381	 -0.678	 -0.99	 0.377924	 -0.671821	 -0.974646	 0.375207	 -0.666031	 -0.959073	 0.372563	 -0.660299	 -0.943467	 0.369596	 -0.654214	 -0.928054	 0.366485	 -0.647995	 -0.912721	 1.59261	 1.59254	 1.5927	 1.59251	 1.59275	 
5.88	 0.381	 -0.678	 -0.99	 0.378272	 -0.6718	 -0.974587	 0.375286	 -0.666008	 -0.959065	 0.37222	 -0.660347	 -0.943508	 0.369415	 -0.65428	 -0.928058	 0.36676	 -0.647973	 -0.912676	 1.59274	 1.59263	 1.5928	 1.59253	 1.59284	 
5.89	 0.381	 -0.678	 -0.99	 0.378421	 -0.672096	 -0.974455	 0.375299	 -0.666093	 -0.959049	 0.372078	 -0.660086	 -0.943665	 0.369353	 -0.654163	 -0.928155	 0.366844	 -0.648261	 -0.912599	 1.59143	 1.59131	 1.59137	 1.59109	 1.59131	 
5.9	 0.381	 -0.678	 -0.99	 0.378143	 -0.67232	 -0.974449	 0.375238	 -0.666184	 -0.959083	 0.372329	 -0.6599	 -0.943776	 0.369463	 -0.654072	 -0.928285	 0.366617	 -0.648516	 -0.912689	 1.58739	 1.58723	 1.58731	 1.58693	 1.5872	 
5.91	 0.381	 -0.678	 -0.99	 0.377825	 -0.672193	 -0.974609	 0.375175	 -0.666164	 -0.959206	 0.372621	 -0.660085	 -0.943806	 0.369596	 -0.654214	 -0.928414	 0.366375	 -0.648445	 -0.913021	 1.58022	 1.58006	 1.58005	 1.5797	 1.57987	 
5.92	 0.381	 -0.678	 -0.99	 0.377929	 -0.67189	 -0.974779	 0.375188	 -0.66611	 -0.959368	 0.37254	 -0.660448	 -0.943898	 0.369581	 -0.654451	 -0.928613	 0.366453	 -0.648248	 -0.913444	 1.57011	 1.56992	 1.56997	 1.56958	 1.56983	 
5.93	 0.381	 -0.678	 -0.99	 0.378303	 -0.671854	 -0.974809	 0.375277	 -0.666156	 -0.959506	 0.372205	 -0.660546	 -0.94418	 0.36943	 -0.654529	 -0.928954	 0.366767	 -0.648329	 -0.913781	 1.55814	 1.55799	 1.55803	 1.55771	 1.55789	 
5.94	 0.381	 -0.678	 -0.99	 0.378403	 -0.672192	 -0.974747	 0.375326	 -0.666273	 -0.959629	 0.372114	 -0.660303	 -0.944557	 0.369369	 -0.654457	 -0.929347	 0.366882	 -0.648702	 -0.914057	 1.5457	 1.54557	 1.5457	 1.54538	 1.54564	 
5.95	 0.381	 -0.678	 -0.99	 0.378089	 -0.672435	 -0.974795	 0.375256	 -0.666344	 -0.95978	 0.372418	 -0.660161	 -0.944801	 0.369522	 -0.654457	 -0.929647	 0.366626	 -0.648958	 -0.914415	 1.53422	 1.53413	 1.53427	 1.53402	 1.53424	 
5.96	 0.381	 -0.678	 -0.99	 0.377834	 -0.672219	 -0.974996	 0.375173	 -0.666329	 -0.959937	 0.372662	 -0.660433	 -0.944853	 0.369661	 -0.65463	 -0.929824	 0.366385	 -0.648859	 -0.914839	 1.52469	 1.5246	 1.52481	 1.52459	 1.52487	 
5.97	 0.381	 -0.678	 -0.99	 0.378026	 -0.671904	 -0.975133	 0.375215	 -0.666302	 -0.960042	 0.372461	 -0.660783	 -0.944909	 0.369546	 -0.654823	 -0.929976	 0.36653	 -0.648687	 -0.915133	 1.51756	 1.51748	 1.51768	 1.5175	 1.51775	 
5.98	 0.381	 -0.678	 -0.99	 0.378365	 -0.672027	 -0.975055	 0.375302	 -0.666347	 -0.960077	 0.372106	 -0.66073	 -0.945102	 0.36933	 -0.654841	 -0.93015	 0.366798	 -0.648823	 -0.915203	 1.51268	 1.51261	 1.51284	 1.51263	 1.51292	 
5.99	 0.381	 -0.678	 -0.99	 0.37831	 -0.672411	 -0.974938	 0.375267	 -0.666441	 -0.960092	 0.372127	 -0.660418	 -0.945286	 0.369324	 -0.654725	 -0.930285	 0.3667	 -0.649152	 -0.915205	 1.50962	 1.50955	 1.50973	 1.50952	 1.50978	 
6	 0.381	 -0.678	 -0.99	 0.37793	 -0.67245	 -0.975011	 0.375143	 -0.666476	 -0.96013	 0.372454	 -0.660396	 -0.945273	 0.369476	 -0.654709	 -0.930318	 0.366323	 -0.649223	 -0.915321	 1.50766	 1.50756	 1.50775	 1.50751	 1.5078	 
6.01	 0.381	 -0.678	 -0.99	 0.377813	 -0.672098	 -0.975181	 0.375106	 -0.666409	 -0.960185	 0.372516	 -0.660729	 -0.945163	 0.369471	 -0.654868	 -0.9303	 0.366197	 -0.648967	 -0.915498	 1.50622	 1.50612	 1.50627	 1.50604	 1.50631	 
6.02	 0.381	 -0.678	 -0.99	 0.378139	 -0.671937	 -0.97519	 0.375178	 -0.666355	 -0.960211	 0.372161	 -0.660898	 -0.945197	 0.369255	 -0.65498	 -0.930338	 0.366435	 -0.648825	 -0.915557	 1.50481	 1.5047	 1.50485	 1.50459	 1.50487	 
6.03	 0.381	 -0.678	 -0.99	 0.37837	 -0.672225	 -0.975044	 0.375202	 -0.666421	 -0.960204	 0.371908	 -0.660649	 -0.945379	 0.369112	 -0.654878	 -0.930453	 0.366559	 -0.649063	 -0.915498	 1.50323	 1.50312	 1.50325	 1.50298	 1.50325	 
6.04	 0.381	 -0.678	 -0.99	 0.378105	 -0.672496	 -0.975004	 0.375111	 -0.666517	 -0.960211	 0.372117	 -0.660405	 -0.945472	 0.369195	 -0.654744	 -0.930542	 0.366281	 -0.649328	 -0.915517	 1.50135	 1.50124	 1.50137	 1.50109	 1.50135	 
6.05	 0.381	 -0.678	 -0.99	 0.377752	 -0.672327	 -0.975155	 0.375018	 -0.666495	 -0.960269	 0.372393	 -0.660584	 -0.945392	 0.36929	 -0.654838	 -0.930546	 0.365962	 -0.649218	 -0.915698	 1.49928	 1.49916	 1.49929	 1.49903	 1.49931	 
6.06	 0.381	 -0.678	 -0.99	 0.377875	 -0.672004	 -0.975271	 0.375028	 -0.666404	 -0.960332	 0.372222	 -0.66092	 -0.945342	 0.36917	 -0.655043	 -0.930551	 0.366023	 -0.64895	 -0.915867	 1.49714	 1.49703	 1.49716	 1.49691	 1.49718	 
6.07	 0.381	 -0.678	 -0.99	 0.378255	 -0.672054	 -0.97519	 0.37508	 -0.666417	 -0.960345	 0.37182	 -0.660887	 -0.945477	 0.368953	 -0.655046	 -0.93065	 0.36626	 -0.649013	 -0.915864	 1.49518	 1.49507	 1.49522	 1.49496	 1.49524	 
6.08	 0.381	 -0.678	 -0.99	 0.378234	 -0.6724	 -0.97507	 0.375048	 -0.666525	 -0.960332	 0.371784	 -0.660559	 -0.945646	 0.368898	 -0.65487	 -0.930774	 0.36618	 -0.649347	 -0.915806	 1.49362	 1.49353	 1.49368	 1.49343	 1.49369	 
6.09	 0.381	 -0.678	 -0.99	 0.377821	 -0.672484	 -0.975128	 0.374937	 -0.66655	 -0.960357	 0.372101	 -0.660489	 -0.945628	 0.369002	 -0.654839	 -0.93079	 0.365799	 -0.649426	 -0.915884	 1.49272	 1.49263	 1.4928	 1.49256	 1.49284	 
6.1	 0.381	 -0.678	 -0.99	 0.37768	 -0.672168	 -0.97528	 0.374871	 -0.666457	 -0.960407	 0.372169	 -0.660803	 -0.945492	 0.369001	 -0.655018	 -0.930721	 0.36562	 -0.649138	 -0.916032	 1.49275	 1.49265	 1.4928	 1.49259	 1.49285	 
6.11	 0.381	 -0.678	 -0.99	 0.378017	 -0.671966	 -0.975282	 0.374908	 -0.666407	 -0.960405	 0.371798	 -0.660983	 -0.945476	 0.368795	 -0.655101	 -0.930702	 0.365813	 -0.648965	 -0.916025	 1.4937	 1.49361	 1.49379	 1.49357	 1.49387	 
6.12	 0.381	 -0.678	 -0.99	 0.378239	 -0.672209	 -0.975128	 0.374937	 -0.666473	 -0.960345	 0.371523	 -0.660722	 -0.945594	 0.36861	 -0.654938	 -0.930749	 0.36593	 -0.649171	 -0.915851	 1.49563	 1.49556	 1.49571	 1.49551	 1.49576	 
6.13	 0.381	 -0.678	 -0.99	 0.377956	 -0.672495	 -0.975056	 0.374856	 -0.666522	 -0.960305	 0.371714	 -0.660424	 -0.945613	 0.368644	 -0.654778	 -0.930728	 0.365645	 -0.649373	 -0.915738	 1.49824	 1.49815	 1.49833	 1.49809	 1.49839	 
6.14	 0.381	 -0.678	 -0.99	 0.377615	 -0.672342	 -0.975165	 0.374736	 -0.666453	 -0.960314	 0.37197	 -0.660547	 -0.945448	 0.368737	 -0.654839	 -0.9306	 0.365282	 -0.649196	 -0.915775	 1.50127	 1.50117	 1.5013	 1.50109	 1.50132	 
6.15	 0.381	 -0.678	 -0.99	 0.37774	 -0.67198	 -0.975258	 0.37472	 -0.666364	 -0.960309	 0.371791	 -0.660856	 -0.9453	 0.36862	 -0.654968	 -0.930487	 0.365291	 -0.648885	 -0.915786	 1.50427	 1.50415	 1.50431	 1.50405	 1.50434	 
6.16	 0.381	 -0.678	 -0.99	 0.37809	 -0.671992	 -0.97516	 0.374782	 -0.666374	 -0.960252	 0.371385	 -0.660819	 -0.945339	 0.36836	 -0.654921	 -0.93048	 0.365512	 -0.648891	 -0.915637	 1.50709	 1.50698	 1.50709	 1.50685	 1.50707	 
6.17	 0.381	 -0.678	 -0.99	 0.378075	 -0.672357	 -0.975002	 0.374759	 -0.666444	 -0.960192	 0.371318	 -0.660469	 -0.945434	 0.368262	 -0.654748	 -0.930494	 0.365436	 -0.649148	 -0.915461	 1.50963	 1.50953	 1.50968	 1.50939	 1.50968	 
6.18	 0.381	 -0.678	 -0.99	 0.3777	 -0.672473	 -0.975019	 0.374626	 -0.666452	 -0.960182	 0.371605	 -0.660347	 -0.945367	 0.36837	 -0.654683	 -0.930425	 0.365032	 -0.649201	 -0.915436	 1.51216	 1.51206	 1.51216	 1.51192	 1.51214	 
6.19	 0.381	 -0.678	 -0.99	 0.37753	 -0.672142	 -0.975164	 0.37454	 -0.666375	 -0.960189	 0.371697	 -0.66062	 -0.945181	 0.368382	 -0.654784	 -0.930302	 0.364798	 -0.648924	 -0.915494	 1.5149	 1.51479	 1.51496	 1.5147	 1.515	 
6.2	 0.381	 -0.678	 -0.99	 0.377797	 -0.671892	 -0.975181	 0.374584	 -0.666308	 -0.960159	 0.371363	 -0.660819	 -0.945103	 0.368153	 -0.654859	 -0.930226	 0.364956	 -0.6487	 -0.915426	 1.51825	 1.51816	 1.51829	 1.51808	 1.51831	 
6.21	 0.381	 -0.678	 -0.99	 0.378056	 -0.67211	 -0.97501	 0.374621	 -0.666329	 -0.960082	 0.371039	 -0.660596	 -0.945169	 0.367932	 -0.654748	 -0.930196	 0.365094	 -0.648819	 -0.9152	 1.52239	 1.5223	 1.52249	 1.52225	 1.52256	 
6.22	 0.381	 -0.678	 -0.99	 0.377876	 -0.672427	 -0.974889	 0.374528	 -0.666391	 -0.960006	 0.371138	 -0.660268	 -0.945166	 0.367945	 -0.654562	 -0.93012	 0.364837	 -0.649032	 -0.914989	 1.52748	 1.5274	 1.52755	 1.52734	 1.52758	 
6.23	 0.381	 -0.678	 -0.99	 0.3775	 -0.672337	 -0.974962	 0.374397	 -0.666373	 -0.959955	 0.37141	 -0.660303	 -0.944965	 0.368031	 -0.654526	 -0.929944	 0.364436	 -0.648932	 -0.914902	 1.5334	 1.53331	 1.5335	 1.53327	 1.53359	 
6.24	 0.381	 -0.678	 -0.99	 0.377472	 -0.671982	 -0.975059	 0.374365	 -0.666262	 -0.95991	 0.371338	 -0.660589	 -0.944726	 0.367925	 -0.654641	 -0.929731	 0.364343	 -0.648581	 -0.914819	 1.54007	 1.53999	 1.54013	 1.53994	 1.5402	 
6.25	 0.381	 -0.678	 -0.99	 0.377807	 -0.671881	 -0.974973	 0.374403	 -0.666189	 -0.959825	 0.370936	 -0.660634	 -0.94464	 0.367673	 -0.65465	 -0.929575	 0.364523	 -0.648417	 -0.914585	 1.54724	 1.54715	 1.54734	 1.54711	 1.54742	 
6.26	 0.381	 -0.678	 -0.99	 0.377964	 -0.672144	 -0.974782	 0.374388	 -0.666232	 -0.959704	 0.370708	 -0.660316	 -0.944652	 0.367516	 -0.654445	 -0.929472	 0.364537	 -0.648588	 -0.914243	 1.55484	 1.55476	 1.55488	 1.55468	 1.55492	 
6.27	 0.381	 -0.678	 -0.99	 0.377671	 -0.672363	 -0.974705	 0.374288	 -0.666272	 -0.959597	 0.37089	 -0.660038	 -0.944551	 0.367539	 -0.65425	 -0.929318	 0.364214	 -0.648725	 -0.91398	 1.5626	 1.5625	 1.56267	 1.56242	 1.56273	 
6.28	 0.381	 -0.678	 -0.99	 0.377336	 -0.672211	 -0.974782	 0.374179	 -0.666195	 -0.959538	 0.371114	 -0.66013	 -0.944295	 0.367586	 -0.654272	 -0.929072	 0.363863	 -0.648514	 -0.913856	 1.57052	 1.57043	 1.57054	 1.57034	 1.57057	 
6.29	 0.381	 -0.678	 -0.99	 0.377415	 -0.671875	 -0.974837	 0.374146	 -0.666079	 -0.959476	 0.370965	 -0.66039	 -0.944055	 0.367479	 -0.654373	 -0.928828	 0.363825	 -0.648161	 -0.913716	 1.57843	 1.57832	 1.57847	 1.57824	 1.57854	 
6.3	 0.381	 -0.678	 -0.99	 0.377746	 -0.671799	 -0.974736	 0.374185	 -0.666049	 -0.959365	 0.370575	 -0.660387	 -0.943972	 0.367239	 -0.654313	 -0.928676	 0.36401	 -0.648057	 -0.913429	 1.58638	 1.58629	 1.5864	 1.58619	 1.58641	 
6.31	 0.381	 -0.678	 -0.99	 0.377834	 -0.672077	 -0.974551	 0.374187	 -0.666083	 -0.959236	 0.370401	 -0.660056	 -0.943967	 0.367081	 -0.654109	 -0.92856	 0.364018	 -0.648218	 -0.913077	 1.59435	 1.59425	 1.5944	 1.59415	 1.59444	 
6.32	 0.381	 -0.678	 -0.99	 0.377554	 -0.6723	 -0.974469	 0.374081	 -0.666086	 -0.959142	 0.370588	 -0.659783	 -0.943856	 0.367125	 -0.653948	 -0.92838	 0.363696	 -0.648306	 -0.912823	 1.60247	 1.60238	 1.60249	 1.60228	 1.60251	 
6.33	 0.381	 -0.678	 -0.99	 0.377255	 -0.672126	 -0.974543	 0.373958	 -0.666021	 -0.959074	 0.370797	 -0.659864	 -0.943596	 0.367195	 -0.653926	 -0.92813	 0.363346	 -0.648101	 -0.912679	 1.61083	 1.61073	 1.61089	 1.61066	 1.61095	 
6.34	 0.381	 -0.678	 -0.99	 0.377288	 -0.67178	 -0.974607	 0.373941	 -0.665916	 -0.958992	 0.370679	 -0.660107	 -0.943339	 0.367076	 -0.653984	 -0.927882	 0.363308	 -0.647747	 -0.912509	 1.61961	 1.61952	 1.61965	 1.61945	 1.61969	 
6.35	 0.381	 -0.678	 -0.99	 0.37759	 -0.671702	 -0.974502	 0.373985	 -0.665845	 -0.958876	 0.370312	 -0.660116	 -0.943218	 0.366838	 -0.653959	 -0.927679	 0.363486	 -0.647568	 -0.912205	 1.62882	 1.62873	 1.62889	 1.62867	 1.62897	 
6.36	 0.381	 -0.678	 -0.99	 0.377756	 -0.671938	 -0.974303	 0.373977	 -0.665867	 -0.95873	 0.37009	 -0.659816	 -0.943175	 0.366695	 -0.653757	 -0.927511	 0.36352	 -0.647668	 -0.911809	 1.63853	 1.63845	 1.63857	 1.63838	 1.63863	 
6.37	 0.381	 -0.678	 -0.99	 0.377539	 -0.672162	 -0.974193	 0.373896	 -0.665904	 -0.958589	 0.370218	 -0.65951	 -0.943047	 0.366704	 -0.653527	 -0.927307	 0.363265	 -0.647782	 -0.91146	 1.64857	 1.64847	 1.64864	 1.64841	 1.6487	 
6.38	 0.381	 -0.678	 -0.99	 0.377196	 -0.672103	 -0.97422	 0.373794	 -0.665839	 -0.95849	 0.37046	 -0.659486	 -0.94278	 0.366762	 -0.653471	 -0.92702	 0.36292	 -0.647623	 -0.91123	 1.65884	 1.65875	 1.65887	 1.65868	 1.65891	 
6.39	 0.381	 -0.678	 -0.99	 0.377134	 -0.671795	 -0.974279	 0.373734	 -0.665715	 -0.958403	 0.370457	 -0.659691	 -0.942479	 0.366735	 -0.653527	 -0.926709	 0.36278	 -0.647266	 -0.911031	 1.66909	 1.66899	 1.66913	 1.66891	 1.66919	 
6.4	 0.381	 -0.678	 -0.99	 0.377379	 -0.671564	 -0.97424	 0.37376	 -0.665637	 -0.958282	 0.370164	 -0.659806	 -0.942283	 0.366555	 -0.65351	 -0.926466	 0.362914	 -0.647015	 -0.910735	 1.67917	 1.67908	 1.67919	 1.67898	 1.67921	 
6.41	 0.381	 -0.678	 -0.99	 0.37762	 -0.671672	 -0.974073	 0.373808	 -0.665615	 -0.958139	 0.369869	 -0.659618	 -0.942212	 0.366353	 -0.653374	 -0.926283	 0.363073	 -0.647015	 -0.910347	 1.68894	 1.68883	 1.68896	 1.68872	 1.68899	 
6.42	 0.381	 -0.678	 -0.99	 0.377595	 -0.671954	 -0.973902	 0.37377	 -0.665628	 -0.958008	 0.369845	 -0.659274	 -0.942148	 0.366316	 -0.653171	 -0.9261	 0.362981	 -0.647149	 -0.909978	 1.69831	 1.69821	 1.69832	 1.6981	 1.69834	 
6.43	 0.381	 -0.678	 -0.99	 0.377309	 -0.672051	 -0.973865	 0.373672	 -0.665634	 -0.957898	 0.370071	 -0.659092	 -0.941973	 0.366402	 -0.653008	 -0.925884	 0.36268	 -0.647169	 -0.909715	 1.70727	 1.70717	 1.7073	 1.70706	 1.70733	 
6.44	 0.381	 -0.678	 -0.99	 0.37705	 -0.671871	 -0.973931	 0.373607	 -0.66556	 -0.957817	 0.370262	 -0.659191	 -0.941705	 0.366452	 -0.653003	 -0.925626	 0.362441	 -0.646927	 -0.909552	 1.71592	 1.71582	 1.71593	 1.71572	 1.71596	 
6.45	 0.381	 -0.678	 -0.99	 0.377105	 -0.67159	 -0.973967	 0.373595	 -0.665447	 -0.957742	 0.370175	 -0.659398	 -0.941462	 0.366395	 -0.653072	 -0.925369	 0.362439	 -0.646579	 -0.909384	 1.72433	 1.72423	 1.72436	 1.72413	 1.72441	 
6.46	 0.381	 -0.678	 -0.99	 0.377389	 -0.671453	 -0.973895	 0.373636	 -0.665399	 -0.957631	 0.369879	 -0.659445	 -0.94133	 0.36624	 -0.653027	 -0.92518	 0.362626	 -0.6464	 -0.909108	 1.7327	 1.73262	 1.73274	 1.73254	 1.73277	 
6.47	 0.381	 -0.678	 -0.99	 0.377581	 -0.671606	 -0.97373	 0.373686	 -0.6654	 -0.957495	 0.369658	 -0.659219	 -0.941281	 0.366092	 -0.652865	 -0.925028	 0.362774	 -0.646445	 -0.908747	 1.74129	 1.7412	 1.74134	 1.74113	 1.74139	 
6.48	 0.381	 -0.678	 -0.99	 0.377511	 -0.671872	 -0.973578	 0.373651	 -0.665405	 -0.95737	 0.369696	 -0.658891	 -0.941204	 0.366094	 -0.652672	 -0.924842	 0.362673	 -0.646559	 -0.908399	 1.75036	 1.75028	 1.7504	 1.75021	 1.75046	 
6.49	 0.381	 -0.678	 -0.99	 0.377237	 -0.671933	 -0.973545	 0.373561	 -0.665394	 -0.957254	 0.369928	 -0.65873	 -0.941002	 0.366196	 -0.652519	 -0.924595	 0.362395	 -0.646546	 -0.908114	 1.76012	 1.76004	 1.76019	 1.76	 1.76027	 
6.5	 0.381	 -0.678	 -0.99	 0.376999	 -0.671745	 -0.973596	 0.373504	 -0.665309	 -0.957147	 0.370106	 -0.658813	 -0.940701	 0.366243	 -0.652502	 -0.924286	 0.36218	 -0.646305	 -0.907874	 1.77071	 1.77065	 1.77079	 1.77062	 1.77087	 
6.51	 0.381	 -0.678	 -0.99	 0.377039	 -0.671472	 -0.973611	 0.373488	 -0.665187	 -0.957035	 0.370032	 -0.658994	 -0.940404	 0.366193	 -0.652556	 -0.923951	 0.362167	 -0.645967	 -0.907602	 1.78198	 1.78191	 1.78207	 1.78188	 1.78214	 
6.52	 0.381	 -0.678	 -0.99	 0.377293	 -0.671312	 -0.973533	 0.373522	 -0.665131	 -0.956883	 0.369762	 -0.659056	 -0.940191	 0.366049	 -0.652516	 -0.923667	 0.362326	 -0.64577	 -0.907227	 1.79353	 1.79346	 1.79358	 1.79339	 1.79362	 
6.53	 0.381	 -0.678	 -0.99	 0.377501	 -0.67142	 -0.973363	 0.373573	 -0.665126	 -0.956712	 0.369523	 -0.658888	 -0.940069	 0.365891	 -0.652389	 -0.92343	 0.362485	 -0.645775	 -0.906787	 1.80472	 1.80462	 1.80474	 1.80451	 1.80477	 
6.54	 0.381	 -0.678	 -0.99	 0.377512	 -0.671676	 -0.973189	 0.373556	 -0.665145	 -0.956563	 0.369492	 -0.658596	 -0.93997	 0.365868	 -0.652221	 -0.923209	 0.362456	 -0.645892	 -0.906385	 1.81486	 1.81474	 1.81482	 1.81458	 1.81481	 
6.55	 0.381	 -0.678	 -0.99	 0.377301	 -0.671815	 -0.973122	 0.373496	 -0.665173	 -0.956443	 0.369683	 -0.658399	 -0.939818	 0.365958	 -0.652064	 -0.923004	 0.362259	 -0.645969	 -0.906094	 1.82338	 1.82325	 1.82332	 1.82305	 1.82328	 
6.56	 0.381	 -0.678	 -0.99	 0.377033	 -0.671752	 -0.973158	 0.37345	 -0.665129	 -0.956374	 0.36993	 -0.658409	 -0.939614	 0.366063	 -0.652042	 -0.922795	 0.362062	 -0.645854	 -0.90594	 1.83012	 1.83	 1.83004	 1.82978	 1.82998	 
6.57	 0.381	 -0.678	 -0.99	 0.376963	 -0.671518	 -0.973226	 0.373428	 -0.665039	 -0.956338	 0.370024	 -0.658585	 -0.939413	 0.366139	 -0.652108	 -0.922603	 0.36201	 -0.645595	 -0.905863	 1.83533	 1.83521	 1.83528	 1.835	 1.83523	 
6.58	 0.381	 -0.678	 -0.99	 0.377119	 -0.671269	 -0.973255	 0.373477	 -0.664976	 -0.956289	 0.369907	 -0.658755	 -0.939279	 0.366105	 -0.652139	 -0.922473	 0.362174	 -0.645364	 -0.905757	 1.83968	 1.83958	 1.83967	 1.83942	 1.83963	 
6.59	 0.381	 -0.678	 -0.99	 0.377376	 -0.671238	 -0.973178	 0.373566	 -0.664932	 -0.956222	 0.36969	 -0.65874	 -0.939238	 0.366009	 -0.652111	 -0.922377	 0.362447	 -0.645262	 -0.905577	 1.84405	 1.84396	 1.84409	 1.84386	 1.84412	 
6.6	 0.381	 -0.678	 -0.99	 0.377566	 -0.671407	 -0.973034	 0.373612	 -0.664942	 -0.956133	 0.369557	 -0.658526	 -0.939237	 0.365984	 -0.651973	 -0.922285	 0.362621	 -0.645329	 -0.905324	 1.84928	 1.8492	 1.84933	 1.84916	 1.84941	 
6.61	 0.381	 -0.678	 -0.99	 0.377512	 -0.671617	 -0.972919	 0.373621	 -0.66498	 -0.956023	 0.369637	 -0.658252	 -0.939184	 0.366033	 -0.651777	 -0.922162	 0.362613	 -0.64546	 -0.905041	 1.85577	 1.85569	 1.85585	 1.85568	 1.85596	 
6.62	 0.381	 -0.678	 -0.99	 0.377281	 -0.671732	 -0.972869	 0.373588	 -0.664955	 -0.955929	 0.369879	 -0.658079	 -0.93903	 0.366156	 -0.651672	 -0.921953	 0.362457	 -0.645469	 -0.904793	 1.86352	 1.86345	 1.8636	 1.86344	 1.86368	 
6.63	 0.381	 -0.678	 -0.99	 0.377074	 -0.671616	 -0.972898	 0.373534	 -0.664898	 -0.955839	 0.370108	 -0.658111	 -0.938784	 0.366302	 -0.651639	 -0.921689	 0.362288	 -0.645317	 -0.904583	 1.87202	 1.87195	 1.8721	 1.87191	 1.87217	 
6.64	 0.381	 -0.678	 -0.99	 0.377013	 -0.671359	 -0.972948	 0.373542	 -0.66482	 -0.955746	 0.370183	 -0.658279	 -0.938521	 0.366341	 -0.651668	 -0.921426	 0.362281	 -0.645056	 -0.90438	 1.88054	 1.88046	 1.88057	 1.88037	 1.88059	 
6.65	 0.381	 -0.678	 -0.99	 0.377173	 -0.671166	 -0.972932	 0.373592	 -0.66473	 -0.955659	 0.370061	 -0.658419	 -0.938328	 0.366304	 -0.651721	 -0.921193	 0.362446	 -0.644808	 -0.904165	 1.88822	 1.88812	 1.88823	 1.88798	 1.88822	 
6.66	 0.381	 -0.678	 -0.99	 0.377441	 -0.671117	 -0.972849	 0.37366	 -0.664714	 -0.95556	 0.369853	 -0.658416	 -0.938239	 0.366242	 -0.651675	 -0.921045	 0.362691	 -0.644733	 -0.903916	 1.89453	 1.89441	 1.89447	 1.89422	 1.89442	 
6.67	 0.381	 -0.678	 -0.99	 0.377606	 -0.671271	 -0.972721	 0.373736	 -0.66474	 -0.955468	 0.369735	 -0.658244	 -0.93823	 0.366195	 -0.651569	 -0.920962	 0.362899	 -0.64482	 -0.903673	 1.89915	 1.89901	 1.89908	 1.8988	 1.89903	 
6.68	 0.381	 -0.678	 -0.99	 0.377602	 -0.671513	 -0.972608	 0.373752	 -0.664774	 -0.955408	 0.369802	 -0.658007	 -0.938242	 0.366272	 -0.651456	 -0.920902	 0.362942	 -0.644975	 -0.903496	 1.90219	 1.90206	 1.90211	 1.90184	 1.90205	 
6.69	 0.381	 -0.678	 -0.99	 0.37742	 -0.671635	 -0.972587	 0.373736	 -0.664815	 -0.955369	 0.37004	 -0.657864	 -0.938207	 0.366431	 -0.651358	 -0.920854	 0.362854	 -0.645092	 -0.903405	 1.90398	 1.90385	 1.90393	 1.90366	 1.9039	 
6.7	 0.381	 -0.678	 -0.99	 0.377189	 -0.671601	 -0.972641	 0.373728	 -0.664792	 -0.955366	 0.370322	 -0.657892	 -0.938115	 0.366598	 -0.651377	 -0.920782	 0.362755	 -0.645041	 -0.903407	 1.90501	 1.9049	 1.90497	 1.90474	 1.90494	 
6.71	 0.381	 -0.678	 -0.99	 0.377112	 -0.671407	 -0.972726	 0.373727	 -0.664742	 -0.955375	 0.370479	 -0.658076	 -0.937997	 0.366742	 -0.651462	 -0.920699	 0.362752	 -0.644859	 -0.903453	 1.90567	 1.90557	 1.90569	 1.90543	 1.90567	 
6.72	 0.381	 -0.678	 -0.99	 0.377216	 -0.671174	 -0.972789	 0.373791	 -0.664707	 -0.955367	 0.370452	 -0.658287	 -0.937909	 0.366775	 -0.651538	 -0.920646	 0.362933	 -0.644671	 -0.903464	 1.90628	 1.9062	 1.90631	 1.90609	 1.9063	 
6.73	 0.381	 -0.678	 -0.99	 0.37746	 -0.6711	 -0.972762	 0.373889	 -0.66467	 -0.95535	 0.370295	 -0.658365	 -0.937896	 0.366745	 -0.651593	 -0.920611	 0.363231	 -0.644574	 -0.903415	 1.90695	 1.90687	 1.90701	 1.90678	 1.90704	 
6.74	 0.381	 -0.678	 -0.99	 0.377707	 -0.671189	 -0.972673	 0.373967	 -0.664693	 -0.955315	 0.370151	 -0.658267	 -0.937948	 0.366743	 -0.651536	 -0.920612	 0.3635	 -0.644658	 -0.903302	 1.90771	 1.90763	 1.90773	 1.90753	 1.90775	 
6.75	 0.381	 -0.678	 -0.99	 0.377763	 -0.671398	 -0.972577	 0.374031	 -0.66474	 -0.955275	 0.370168	 -0.658049	 -0.938013	 0.366784	 -0.651424	 -0.920628	 0.363649	 -0.644849	 -0.903176	 1.90837	 1.90825	 1.90837	 1.90814	 1.9084	 
6.76	 0.381	 -0.678	 -0.99	 0.377641	 -0.671603	 -0.972521	 0.374035	 -0.664763	 -0.955261	 0.370367	 -0.657854	 -0.938041	 0.366935	 -0.65135	 -0.920617	 0.363625	 -0.645002	 -0.903111	 1.90871	 1.9086	 1.90868	 1.90846	 1.90868	 
6.77	 0.381	 -0.678	 -0.99	 0.377426	 -0.671621	 -0.972558	 0.374014	 -0.664784	 -0.955259	 0.370659	 -0.657825	 -0.937997	 0.367138	 -0.651314	 -0.920595	 0.363521	 -0.64504	 -0.903125	 1.90849	 1.90838	 1.90849	 1.90823	 1.90848	 
6.78	 0.381	 -0.678	 -0.99	 0.37726	 -0.67148	 -0.972652	 0.374031	 -0.664752	 -0.955282	 0.370896	 -0.65797	 -0.937914	 0.367292	 -0.651389	 -0.920563	 0.363493	 -0.644914	 -0.903211	 1.90759	 1.90749	 1.90758	 1.90733	 1.90753	 
6.79	 0.381	 -0.678	 -0.99	 0.377308	 -0.67126	 -0.972738	 0.374071	 -0.664696	 -0.955319	 0.370952	 -0.658196	 -0.937853	 0.367396	 -0.651514	 -0.920543	 0.363615	 -0.644726	 -0.90332	 1.90588	 1.90577	 1.90589	 1.90561	 1.90584	 
6.8	 0.381	 -0.678	 -0.99	 0.377525	 -0.671089	 -0.972779	 0.374166	 -0.66468	 -0.955342	 0.370845	 -0.65836	 -0.937866	 0.367408	 -0.651586	 -0.920585	 0.363903	 -0.644628	 -0.903389	 1.9034	 1.90329	 1.90337	 1.90311	 1.9033	 
6.81	 0.381	 -0.678	 -0.99	 0.377784	 -0.671135	 -0.972733	 0.374283	 -0.664682	 -0.955364	 0.370694	 -0.658345	 -0.93797	 0.367389	 -0.651613	 -0.92067	 0.364241	 -0.644674	 -0.90342	 1.9002	 1.90007	 1.90018	 1.8999	 1.90015	 
6.82	 0.381	 -0.678	 -0.99	 0.377949	 -0.671334	 -0.972652	 0.374352	 -0.66474	 -0.955383	 0.370651	 -0.65818	 -0.938122	 0.367451	 -0.651552	 -0.920788	 0.364466	 -0.644875	 -0.903434	 1.89646	 1.89633	 1.89642	 1.89618	 1.89639	 
6.83	 0.381	 -0.678	 -0.99	 0.377882	 -0.67156	 -0.972609	 0.374395	 -0.664822	 -0.955403	 0.370812	 -0.657994	 -0.938251	 0.367581	 -0.651468	 -0.920914	 0.364533	 -0.645112	 -0.90348	 1.89226	 1.89213	 1.89224	 1.89198	 1.89223	 
6.84	 0.381	 -0.678	 -0.99	 0.377672	 -0.671691	 -0.972632	 0.374395	 -0.664858	 -0.955455	 0.371115	 -0.657929	 -0.938316	 0.367792	 -0.651477	 -0.921002	 0.364468	 -0.645225	 -0.903613	 1.8877	 1.88758	 1.88767	 1.88742	 1.88761	 
6.85	 0.381	 -0.678	 -0.99	 0.377489	 -0.671592	 -0.97274	 0.374386	 -0.664872	 -0.955522	 0.3714	 -0.658065	 -0.938317	 0.368012	 -0.651551	 -0.921074	 0.364408	 -0.645191	 -0.903816	 1.88269	 1.88257	 1.88269	 1.88241	 1.88265	 
6.86	 0.381	 -0.678	 -0.99	 0.377456	 -0.671367	 -0.972872	 0.374438	 -0.664843	 -0.955603	 0.371526	 -0.658323	 -0.938314	 0.368125	 -0.6517	 -0.921155	 0.364511	 -0.645054	 -0.904047	 1.87715	 1.87705	 1.87714	 1.87688	 1.87708	 
6.87	 0.381	 -0.678	 -0.99	 0.377655	 -0.671194	 -0.972945	 0.374524	 -0.664804	 -0.95569	 0.371445	 -0.658538	 -0.93838	 0.368164	 -0.651856	 -0.921265	 0.364782	 -0.644946	 -0.90426	 1.87093	 1.87082	 1.87094	 1.87065	 1.87089	 
6.88	 0.381	 -0.678	 -0.99	 0.377947	 -0.67118	 -0.972945	 0.374632	 -0.664838	 -0.955757	 0.371278	 -0.658587	 -0.938541	 0.36816	 -0.651898	 -0.921449	 0.36513	 -0.645016	 -0.904415	 1.86402	 1.86391	 1.86399	 1.86373	 1.86392	 
6.89	 0.381	 -0.678	 -0.99	 0.378117	 -0.671389	 -0.972888	 0.374736	 -0.664904	 -0.955819	 0.371214	 -0.658448	 -0.938768	 0.36818	 -0.651873	 -0.92167	 0.365405	 -0.645241	 -0.904548	 1.85647	 1.85634	 1.85645	 1.85616	 1.85641	 
6.9	 0.381	 -0.678	 -0.99	 0.378085	 -0.671658	 -0.972848	 0.374765	 -0.664984	 -0.955897	 0.371359	 -0.658258	 -0.938984	 0.368329	 -0.651829	 -0.921886	 0.365472	 -0.645514	 -0.904715	 1.84854	 1.84841	 1.84849	 1.84823	 1.84844	 
6.91	 0.381	 -0.678	 -0.99	 0.377863	 -0.671767	 -0.972904	 0.374761	 -0.665056	 -0.955985	 0.371673	 -0.658205	 -0.939118	 0.368546	 -0.651821	 -0.922079	 0.365393	 -0.645693	 -0.904948	 1.84048	 1.84036	 1.84049	 1.84021	 1.84046	 
6.92	 0.381	 -0.678	 -0.99	 0.377646	 -0.671675	 -0.973036	 0.374765	 -0.665051	 -0.956099	 0.371969	 -0.658362	 -0.939173	 0.36874	 -0.651949	 -0.922219	 0.36533	 -0.645667	 -0.90525	 1.83262	 1.83252	 1.83263	 1.83239	 1.83259	 
6.93	 0.381	 -0.678	 -0.99	 0.377659	 -0.671437	 -0.973178	 0.374793	 -0.66502	 -0.956215	 0.372057	 -0.658652	 -0.939209	 0.36886	 -0.652138	 -0.922343	 0.365419	 -0.64554	 -0.905555	 1.82496	 1.82486	 1.82501	 1.82474	 1.82499	 
6.94	 0.381	 -0.678	 -0.99	 0.377885	 -0.671257	 -0.973261	 0.37489	 -0.665023	 -0.956306	 0.371927	 -0.658883	 -0.93931	 0.36885	 -0.652283	 -0.922509	 0.365709	 -0.645495	 -0.905794	 1.81732	 1.81722	 1.81733	 1.81707	 1.81727	 
6.95	 0.381	 -0.678	 -0.99	 0.37817	 -0.671339	 -0.973237	 0.375003	 -0.665061	 -0.956387	 0.371739	 -0.658894	 -0.939514	 0.368804	 -0.652362	 -0.92272	 0.36605	 -0.645631	 -0.905972	 1.80916	 1.80903	 1.80916	 1.80886	 1.80912	 
6.96	 0.381	 -0.678	 -0.99	 0.378304	 -0.671605	 -0.973177	 0.37506	 -0.665166	 -0.956469	 0.371708	 -0.658734	 -0.939779	 0.36886	 -0.652339	 -0.922983	 0.366234	 -0.645945	 -0.90615	 1.79995	 1.79981	 1.79989	 1.7996	 1.79981	 
6.97	 0.381	 -0.678	 -0.99	 0.378153	 -0.671848	 -0.973187	 0.375076	 -0.665283	 -0.956574	 0.371938	 -0.658595	 -0.940021	 0.36902	 -0.652312	 -0.923272	 0.366217	 -0.646255	 -0.906419	 1.7892	 1.78905	 1.78913	 1.7888	 1.78904	 
6.98	 0.381	 -0.678	 -0.99	 0.377884	 -0.671897	 -0.973305	 0.375061	 -0.665327	 -0.956737	 0.372287	 -0.658662	 -0.940198	 0.369247	 -0.65242	 -0.923544	 0.366102	 -0.646365	 -0.906839	 1.77684	 1.7767	 1.77675	 1.77643	 1.7766	 
6.99	 0.381	 -0.678	 -0.99	 0.377775	 -0.671687	 -0.973502	 0.375064	 -0.665328	 -0.956931	 0.372497	 -0.658959	 -0.940341	 0.369432	 -0.65262	 -0.923825	 0.3661	 -0.646295	 -0.907355	 1.76312	 1.76298	 1.76308	 1.76273	 1.76296	 
7	 0.381	 -0.678	 -0.99	 0.377936	 -0.671445	 -0.97367	 0.375155	 -0.665325	 -0.957122	 0.372439	 -0.659277	 -0.940537	 0.36946	 -0.652828	 -0.924152	 0.366354	 -0.646218	 -0.907853	 1.74871	 1.7486	 1.74868	 1.74839	 1.74859	 
7.01	 0.381	 -0.678	 -0.99	 0.378261	 -0.671456	 -0.973711	 0.37528	 -0.665351	 -0.957295	 0.372226	 -0.659369	 -0.940846	 0.369411	 -0.652961	 -0.924518	 0.36673	 -0.646322	 -0.908258	 1.73435	 1.73423	 1.73438	 1.73408	 1.73434	 
7.02	 0.381	 -0.678	 -0.99	 0.378454	 -0.671715	 -0.973675	 0.375352	 -0.665455	 -0.957438	 0.37214	 -0.659215	 -0.941213	 0.369438	 -0.652951	 -0.924907	 0.366961	 -0.64666	 -0.908573	 1.72074	 1.72063	 1.72076	 1.72052	 1.72075	 
7.03	 0.381	 -0.678	 -0.99	 0.378304	 -0.67199	 -0.973685	 0.37536	 -0.665575	 -0.957568	 0.372353	 -0.659044	 -0.941509	 0.369578	 -0.652916	 -0.925252	 0.366924	 -0.647016	 -0.908889	 1.7082	 1.7081	 1.70828	 1.70803	 1.70831	 
7.04	 0.381	 -0.678	 -0.99	 0.377997	 -0.672028	 -0.973805	 0.375322	 -0.665616	 -0.957721	 0.372702	 -0.659117	 -0.941662	 0.369783	 -0.65303	 -0.925495	 0.366745	 -0.647131	 -0.909279	 1.6969	 1.69682	 1.69698	 1.69676	 1.69699	 
7.05	 0.381	 -0.678	 -0.99	 0.377898	 -0.671784	 -0.973989	 0.375308	 -0.665606	 -0.957873	 0.372858	 -0.659451	 -0.941725	 0.369913	 -0.653254	 -0.925678	 0.366704	 -0.647025	 -0.909692	 1.68668	 1.68658	 1.68676	 1.68651	 1.68678	 
7.06	 0.381	 -0.678	 -0.99	 0.378121	 -0.671556	 -0.974105	 0.375386	 -0.665613	 -0.957992	 0.372692	 -0.659761	 -0.941837	 0.36986	 -0.653452	 -0.92588	 0.366949	 -0.646951	 -0.910014	 1.67729	 1.67719	 1.67733	 1.6771	 1.67733	 
7.07	 0.381	 -0.678	 -0.99	 0.378438	 -0.671663	 -0.974072	 0.375491	 -0.66567	 -0.958077	 0.372431	 -0.659767	 -0.94207	 0.369749	 -0.653529	 -0.926124	 0.367274	 -0.647117	 -0.910211	 1.6684	 1.66829	 1.66846	 1.66819	 1.66846	 
7.08	 0.381	 -0.678	 -0.99	 0.378506	 -0.671998	 -0.973993	 0.375516	 -0.665786	 -0.958153	 0.372418	 -0.659545	 -0.942345	 0.369781	 -0.653482	 -0.926386	 0.367359	 -0.647478	 -0.910369	 1.65969	 1.65958	 1.65971	 1.65945	 1.65968	 
7.09	 0.381	 -0.678	 -0.99	 0.378233	 -0.672187	 -0.974033	 0.37547	 -0.665885	 -0.958252	 0.372719	 -0.659442	 -0.942526	 0.369955	 -0.653466	 -0.926621	 0.367175	 -0.647747	 -0.910622	 1.65064	 1.6505	 1.65064	 1.65034	 1.6506	 
7.1	 0.381	 -0.678	 -0.99	 0.377957	 -0.672042	 -0.974209	 0.375436	 -0.665881	 -0.958404	 0.373016	 -0.659663	 -0.942605	 0.370117	 -0.653638	 -0.926815	 0.367008	 -0.64772	 -0.911022	 1.64059	 1.64046	 1.64054	 1.64024	 1.64046	 
7.11	 0.381	 -0.678	 -0.99	 0.378055	 -0.671755	 -0.974386	 0.375469	 -0.66584	 -0.958582	 0.372973	 -0.660032	 -0.942724	 0.370136	 -0.6539	 -0.927048	 0.367125	 -0.647582	 -0.911477	 1.62877	 1.62862	 1.62871	 1.62836	 1.62859	 
7.12	 0.381	 -0.678	 -0.99	 0.378417	 -0.671706	 -0.974444	 0.375569	 -0.665889	 -0.958749	 0.372682	 -0.660182	 -0.943022	 0.370029	 -0.654038	 -0.92742	 0.367464	 -0.647688	 -0.911886	 1.61459	 1.61442	 1.61446	 1.6141	 1.61429	 
7.13	 0.381	 -0.678	 -0.99	 0.378582	 -0.672022	 -0.974413	 0.375643	 -0.666029	 -0.958922	 0.372565	 -0.660018	 -0.943466	 0.369985	 -0.654039	 -0.927908	 0.367667	 -0.648094	 -0.912295	 1.59776	 1.59757	 1.59763	 1.59723	 1.59745	 
7.14	 0.381	 -0.678	 -0.99	 0.378344	 -0.672336	 -0.974469	 0.375607	 -0.66616	 -0.95915	 0.372834	 -0.659885	 -0.943878	 0.370146	 -0.654079	 -0.928409	 0.367523	 -0.648481	 -0.912851	 1.57872	 1.57857	 1.57862	 1.57823	 1.57842	 
7.15	 0.381	 -0.678	 -0.99	 0.378037	 -0.672237	 -0.974705	 0.375539	 -0.666212	 -0.959429	 0.373173	 -0.66013	 -0.944154	 0.370361	 -0.654287	 -0.928864	 0.367305	 -0.648556	 -0.913576	 1.55861	 1.55846	 1.55857	 1.55821	 1.55843	 
7.16	 0.381	 -0.678	 -0.99	 0.378115	 -0.671912	 -0.974957	 0.375578	 -0.666209	 -0.959703	 0.373137	 -0.660572	 -0.944409	 0.370367	 -0.654585	 -0.929306	 0.367423	 -0.648457	 -0.914291	 1.53903	 1.53891	 1.53905	 1.53876	 1.539	 
7.17	 0.381	 -0.678	 -0.99	 0.378495	 -0.671912	 -0.975015	 0.375696	 -0.666253	 -0.959914	 0.372807	 -0.660701	 -0.94479	 0.370212	 -0.654746	 -0.929767	 0.367786	 -0.64859	 -0.914796	 1.5216	 1.52151	 1.52172	 1.52148	 1.52176	 
7.18	 0.381	 -0.678	 -0.99	 0.378608	 -0.672293	 -0.974947	 0.375728	 -0.666384	 -0.960059	 0.37273	 -0.660457	 -0.9452	 0.370192	 -0.654708	 -0.930187	 0.367889	 -0.649016	 -0.915113	 1.50751	 1.50746	 1.5077	 1.50752	 1.50781	 
7.19	 0.381	 -0.678	 -0.99	 0.378267	 -0.672492	 -0.975005	 0.375643	 -0.66649	 -0.960182	 0.373066	 -0.660364	 -0.9454	 0.370375	 -0.654707	 -0.930453	 0.367606	 -0.649294	 -0.915428	 1.49707	 1.49703	 1.4973	 1.49713	 1.49743	 
7.2	 0.381	 -0.678	 -0.99	 0.378025	 -0.672226	 -0.975205	 0.37559	 -0.666476	 -0.960303	 0.373286	 -0.660703	 -0.945388	 0.370477	 -0.654919	 -0.930565	 0.367418	 -0.649165	 -0.915778	 1.48968	 1.48962	 1.48985	 1.48967	 1.48998	 
7.21	 0.381	 -0.678	 -0.99	 0.378292	 -0.671975	 -0.975296	 0.375656	 -0.66644	 -0.960388	 0.37302	 -0.661028	 -0.945434	 0.370332	 -0.655143	 -0.93067	 0.367638	 -0.649013	 -0.916006	 1.48389	 1.48381	 1.48401	 1.48379	 1.48409	 
7.22	 0.381	 -0.678	 -0.99	 0.378624	 -0.672193	 -0.975193	 0.375722	 -0.666517	 -0.96043	 0.372701	 -0.660895	 -0.945668	 0.370172	 -0.655128	 -0.930873	 0.367882	 -0.649258	 -0.916076	 1.47811	 1.47801	 1.47816	 1.47788	 1.47816	 
7.23	 0.381	 -0.678	 -0.99	 0.378447	 -0.672545	 -0.975139	 0.37567	 -0.666642	 -0.960492	 0.372858	 -0.660619	 -0.945901	 0.370243	 -0.655018	 -0.931108	 0.367709	 -0.649641	 -0.916216	 1.47101	 1.47086	 1.47095	 1.47062	 1.47086	 
7.24	 0.381	 -0.678	 -0.99	 0.378054	 -0.672459	 -0.97531	 0.375579	 -0.666657	 -0.960634	 0.37321	 -0.660767	 -0.945975	 0.3704	 -0.655133	 -0.931297	 0.36738	 -0.649661	 -0.916597	 1.46186	 1.4617	 1.46179	 1.46143	 1.46168	 
7.25	 0.381	 -0.678	 -0.99	 0.378129	 -0.672112	 -0.975509	 0.375594	 -0.6666	 -0.960811	 0.373122	 -0.661189	 -0.946063	 0.370345	 -0.655415	 -0.931512	 0.367434	 -0.649452	 -0.917061	 1.45089	 1.45072	 1.4508	 1.45046	 1.4507	 
7.26	 0.381	 -0.678	 -0.99	 0.378543	 -0.672156	 -0.975502	 0.375679	 -0.666651	 -0.960947	 0.372724	 -0.66125	 -0.946371	 0.370145	 -0.655514	 -0.931854	 0.367746	 -0.64958	 -0.917383	 1.43885	 1.43871	 1.43882	 1.43849	 1.43875	 
7.27	 0.381	 -0.678	 -0.99	 0.378536	 -0.672562	 -0.975431	 0.375666	 -0.666805	 -0.961062	 0.372716	 -0.660958	 -0.946744	 0.370132	 -0.655411	 -0.93224	 0.367715	 -0.650026	 -0.917644	 1.42683	 1.42672	 1.42686	 1.42656	 1.42679	 
7.28	 0.381	 -0.678	 -0.99	 0.378103	 -0.672622	 -0.975568	 0.37556	 -0.66686	 -0.961219	 0.373096	 -0.660977	 -0.946904	 0.370301	 -0.655466	 -0.932504	 0.36735	 -0.650174	 -0.918051	 1.41571	 1.4156	 1.41578	 1.41551	 1.4158	 
7.29	 0.381	 -0.678	 -0.99	 0.378051	 -0.672252	 -0.975792	 0.37554	 -0.666787	 -0.961391	 0.373117	 -0.661396	 -0.946946	 0.370293	 -0.655737	 -0.932678	 0.367289	 -0.649941	 -0.918501	 1.40601	 1.40591	 1.40609	 1.40586	 1.40612	 
7.3	 0.381	 -0.678	 -0.99	 0.378473	 -0.672195	 -0.975794	 0.375622	 -0.666792	 -0.961492	 0.372694	 -0.661515	 -0.947156	 0.370069	 -0.65585	 -0.932913	 0.367592	 -0.649958	 -0.918732	 1.39775	 1.39764	 1.39785	 1.3976	 1.39791	 
7.31	 0.381	 -0.678	 -0.99	 0.378532	 -0.672601	 -0.975675	 0.375614	 -0.666931	 -0.961541	 0.372606	 -0.661196	 -0.94745	 0.370006	 -0.655715	 -0.933181	 0.367593	 -0.650362	 -0.918828	 1.39069	 1.39061	 1.39078	 1.39054	 1.3908	 
7.32	 0.381	 -0.678	 -0.99	 0.378089	 -0.672699	 -0.975766	 0.375491	 -0.666993	 -0.961629	 0.372974	 -0.66116	 -0.947527	 0.370161	 -0.655716	 -0.933329	 0.367197	 -0.650501	 -0.919073	 1.38447	 1.38436	 1.38455	 1.38428	 1.38458	 
7.33	 0.381	 -0.678	 -0.99	 0.378006	 -0.672317	 -0.975972	 0.375458	 -0.666912	 -0.961749	 0.373002	 -0.661565	 -0.947485	 0.370142	 -0.655956	 -0.933402	 0.367097	 -0.650225	 -0.919404	 1.37883	 1.37872	 1.37886	 1.37862	 1.37888	 
7.34	 0.381	 -0.678	 -0.99	 0.378428	 -0.67225	 -0.975953	 0.375537	 -0.666896	 -0.961813	 0.372561	 -0.661664	 -0.947643	 0.369891	 -0.656046	 -0.933563	 0.367384	 -0.650204	 -0.919542	 1.37364	 1.37353	 1.37371	 1.37344	 1.37374	 
7.35	 0.381	 -0.678	 -0.99	 0.378471	 -0.67266	 -0.975817	 0.375516	 -0.667016	 -0.961836	 0.372472	 -0.661312	 -0.947897	 0.369816	 -0.655886	 -0.933771	 0.367343	 -0.650586	 -0.919563	 1.36911	 1.36902	 1.36918	 1.36892	 1.36918	 
7.36	 0.381	 -0.678	 -0.99	 0.378019	 -0.672724	 -0.975907	 0.375376	 -0.667064	 -0.961897	 0.37283	 -0.661288	 -0.947915	 0.369956	 -0.655879	 -0.933851	 0.366902	 -0.650683	 -0.919743	 1.36543	 1.36532	 1.36551	 1.36524	 1.36555	 
7.37	 0.381	 -0.678	 -0.99	 0.377972	 -0.672323	 -0.976093	 0.375339	 -0.666982	 -0.961975	 0.372793	 -0.6617	 -0.947817	 0.369884	 -0.656106	 -0.933852	 0.366801	 -0.650381	 -0.919976	 1.36282	 1.36272	 1.36288	 1.36266	 1.36294	 
7.38	 0.381	 -0.678	 -0.99	 0.378388	 -0.672305	 -0.976027	 0.375409	 -0.66697	 -0.961986	 0.372323	 -0.661736	 -0.947928	 0.369592	 -0.656153	 -0.933934	 0.36706	 -0.650377	 -0.919978	 1.36133	 1.36124	 1.36144	 1.36119	 1.36151	 
7.39	 0.381	 -0.678	 -0.99	 0.378357	 -0.67272	 -0.975873	 0.375359	 -0.667068	 -0.961964	 0.372276	 -0.661348	 -0.948099	 0.36952	 -0.655967	 -0.934033	 0.36693	 -0.650729	 -0.91988	 1.36096	 1.36088	 1.36104	 1.36081	 1.36108	 
7.4	 0.381	 -0.678	 -0.99	 0.377905	 -0.672707	 -0.975967	 0.375203	 -0.667076	 -0.961985	 0.372615	 -0.661358	 -0.948015	 0.369644	 -0.65596	 -0.933996	 0.366458	 -0.650735	 -0.919957	 1.36145	 1.36135	 1.36154	 1.36129	 1.3616	 
7.41	 0.381	 -0.678	 -0.99	 0.377931	 -0.672292	 -0.976116	 0.375171	 -0.666986	 -0.962011	 0.372493	 -0.661752	 -0.947861	 0.369521	 -0.656154	 -0.933913	 0.366393	 -0.650401	 -0.920061	 1.36261	 1.3625	 1.36264	 1.36242	 1.3627	 
7.42	 0.381	 -0.678	 -0.99	 0.378327	 -0.672338	 -0.976005	 0.375235	 -0.66699	 -0.961973	 0.372022	 -0.661713	 -0.94794	 0.369215	 -0.656141	 -0.933937	 0.366634	 -0.650422	 -0.919946	 1.36414	 1.36404	 1.36422	 1.36396	 1.36425	 
7.43	 0.381	 -0.678	 -0.99	 0.378218	 -0.672749	 -0.975853	 0.375166	 -0.667073	 -0.961928	 0.372037	 -0.661315	 -0.948053	 0.369166	 -0.655939	 -0.933972	 0.366444	 -0.650732	 -0.919797	 1.36604	 1.36594	 1.36609	 1.36583	 1.3661	 
7.44	 0.381	 -0.678	 -0.99	 0.377786	 -0.672669	 -0.975959	 0.375012	 -0.667044	 -0.96194	 0.372362	 -0.661358	 -0.94792	 0.369289	 -0.65594	 -0.933882	 0.365985	 -0.650649	 -0.919846	 1.36825	 1.36814	 1.3683	 1.36804	 1.36832	 
7.45	 0.381	 -0.678	 -0.99	 0.37788	 -0.672252	 -0.976084	 0.374995	 -0.666939	 -0.961947	 0.372188	 -0.661716	 -0.947759	 0.369149	 -0.656093	 -0.933775	 0.365972	 -0.650292	 -0.919894	 1.37089	 1.37078	 1.37093	 1.37069	 1.37098	 
7.46	 0.381	 -0.678	 -0.99	 0.378258	 -0.672337	 -0.975947	 0.375059	 -0.66695	 -0.961883	 0.371738	 -0.661612	 -0.947827	 0.368854	 -0.656024	 -0.933773	 0.366202	 -0.650327	 -0.919716	 1.37407	 1.37397	 1.37413	 1.3739	 1.37417	 
7.47	 0.381	 -0.678	 -0.99	 0.378098	 -0.672734	 -0.975798	 0.374982	 -0.667025	 -0.961814	 0.371794	 -0.661218	 -0.947886	 0.368817	 -0.655813	 -0.933753	 0.365974	 -0.650598	 -0.919519	 1.37792	 1.37783	 1.378	 1.37776	 1.37803	 
7.48	 0.381	 -0.678	 -0.99	 0.37768	 -0.672622	 -0.975898	 0.374827	 -0.666975	 -0.9618	 0.372094	 -0.66128	 -0.947697	 0.368919	 -0.655819	 -0.933595	 0.365515	 -0.65046	 -0.919506	 1.38255	 1.38244	 1.3826	 1.38238	 1.38266	 
7.49	 0.381	 -0.678	 -0.99	 0.3778	 -0.672211	 -0.975995	 0.374805	 -0.666857	 -0.961773	 0.371883	 -0.661605	 -0.947498	 0.368755	 -0.655947	 -0.933424	 0.365495	 -0.650093	 -0.919458	 1.38797	 1.38788	 1.38805	 1.38784	 1.38813	 
7.5	 0.381	 -0.678	 -0.99	 0.378161	 -0.672293	 -0.975838	 0.374853	 -0.666858	 -0.961671	 0.37143	 -0.661472	 -0.947512	 0.368446	 -0.655844	 -0.933349	 0.365683	 -0.650117	 -0.919178	 1.39433	 1.39424	 1.3944	 1.3942	 1.39446	 
7.51	 0.381	 -0.678	 -0.99	 0.377995	 -0.672672	 -0.975672	 0.374769	 -0.666922	 -0.961558	 0.371466	 -0.66107	 -0.947502	 0.368381	 -0.655613	 -0.933242	 0.365433	 -0.650354	 -0.918875	 1.40166	 1.40158	 1.40177	 1.40154	 1.40183	 
7.52	 0.381	 -0.678	 -0.99	 0.377574	 -0.672583	 -0.97574	 0.374605	 -0.666869	 -0.961494	 0.371744	 -0.6611	 -0.947247	 0.368454	 -0.655592	 -0.93299	 0.364955	 -0.650195	 -0.918739	 1.4101	 1.41001	 1.41017	 1.40998	 1.41025	 
7.53	 0.381	 -0.678	 -0.99	 0.377651	 -0.672174	 -0.975815	 0.37456	 -0.66674	 -0.961417	 0.371554	 -0.661403	 -0.946964	 0.368294	 -0.655691	 -0.932712	 0.364881	 -0.64979	 -0.918572	 1.41959	 1.4195	 1.41969	 1.41949	 1.4198	 
7.54	 0.381	 -0.678	 -0.99	 0.378013	 -0.672184	 -0.975654	 0.3746	 -0.666709	 -0.961269	 0.37109	 -0.661297	 -0.946883	 0.367976	 -0.655579	 -0.932525	 0.365054	 -0.649729	 -0.918178	 1.43009	 1.43002	 1.43018	 1.42999	 1.43026	 
7.55	 0.381	 -0.678	 -0.99	 0.377928	 -0.672546	 -0.97545	 0.374535	 -0.66675	 -0.961105	 0.371043	 -0.660869	 -0.946817	 0.367863	 -0.655315	 -0.932329	 0.364865	 -0.649929	 -0.917736	 1.44133	 1.44125	 1.44143	 1.44121	 1.44152	 
7.56	 0.381	 -0.678	 -0.99	 0.377506	 -0.672555	 -0.975457	 0.374373	 -0.666707	 -0.96099	 0.371321	 -0.660781	 -0.946536	 0.367933	 -0.65522	 -0.932014	 0.364386	 -0.649824	 -0.917465	 1.45303	 1.45295	 1.45308	 1.45288	 1.45313	 
7.57	 0.381	 -0.678	 -0.99	 0.377449	 -0.672162	 -0.975539	 0.374296	 -0.666579	 -0.960888	 0.371262	 -0.661058	 -0.946186	 0.367843	 -0.655292	 -0.931666	 0.364206	 -0.649403	 -0.917246	 1.46479	 1.46468	 1.46483	 1.4646	 1.46491	 
7.58	 0.381	 -0.678	 -0.99	 0.377792	 -0.67202	 -0.975433	 0.374334	 -0.666508	 -0.960739	 0.370825	 -0.661088	 -0.946023	 0.367547	 -0.655237	 -0.93142	 0.364377	 -0.649193	 -0.916871	 1.4764	 1.4763	 1.47642	 1.47621	 1.47645	 
7.59	 0.381	 -0.678	 -0.99	 0.377895	 -0.672324	 -0.975208	 0.374322	 -0.666525	 -0.960571	 0.370616	 -0.660697	 -0.945977	 0.367361	 -0.654985	 -0.931232	 0.364357	 -0.649329	 -0.916411	 1.48777	 1.48767	 1.48782	 1.48757	 1.48786	 
7.6	 0.381	 -0.678	 -0.99	 0.377552	 -0.67251	 -0.975132	 0.374187	 -0.666512	 -0.960443	 0.370838	 -0.660415	 -0.945791	 0.36741	 -0.654784	 -0.930972	 0.363949	 -0.649365	 -0.916081	 1.49912	 1.49903	 1.49915	 1.49893	 1.49918	 
7.61	 0.381	 -0.678	 -0.99	 0.377286	 -0.672229	 -0.975219	 0.374067	 -0.666405	 -0.960344	 0.370986	 -0.660567	 -0.945444	 0.367426	 -0.654782	 -0.930631	 0.363605	 -0.649033	 -0.915868	 1.51078	 1.51068	 1.51085	 1.51063	 1.51093	 
7.62	 0.381	 -0.678	 -0.99	 0.377471	 -0.671901	 -0.975214	 0.374069	 -0.666285	 -0.96021	 0.370696	 -0.660767	 -0.945161	 0.367204	 -0.654808	 -0.93031	 0.363651	 -0.648654	 -0.915552	 1.52332	 1.52324	 1.52339	 1.52321	 1.52347	 
7.63	 0.381	 -0.678	 -0.99	 0.377766	 -0.671998	 -0.975007	 0.374094	 -0.666249	 -0.960017	 0.370297	 -0.660572	 -0.945028	 0.366923	 -0.654651	 -0.930034	 0.36378	 -0.648596	 -0.915042	 1.5372	 1.53713	 1.53733	 1.53715	 1.53746	 
7.64	 0.381	 -0.678	 -0.99	 0.377681	 -0.672309	 -0.974793	 0.374011	 -0.666266	 -0.959804	 0.370261	 -0.660159	 -0.944859	 0.366837	 -0.654369	 -0.929713	 0.363568	 -0.648714	 -0.914479	 1.55284	 1.55279	 1.55297	 1.55282	 1.55309	 
7.65	 0.381	 -0.678	 -0.99	 0.377302	 -0.672321	 -0.974751	 0.373861	 -0.666221	 -0.959605	 0.370493	 -0.660004	 -0.944488	 0.366874	 -0.65419	 -0.929271	 0.363119	 -0.648598	 -0.914002	 1.5702	 1.57014	 1.57034	 1.57019	 1.5705	 
7.66	 0.381	 -0.678	 -0.99	 0.377132	 -0.671993	 -0.974783	 0.373772	 -0.666077	 -0.959412	 0.37052	 -0.660171	 -0.944012	 0.366797	 -0.654185	 -0.928751	 0.362856	 -0.648178	 -0.913551	 1.58892	 1.58886	 1.58904	 1.5889	 1.58916	 
7.67	 0.381	 -0.678	 -0.99	 0.377359	 -0.67174	 -0.974689	 0.373767	 -0.665941	 -0.959187	 0.370182	 -0.660275	 -0.943633	 0.366553	 -0.654161	 -0.92826	 0.362907	 -0.647805	 -0.912989	 1.60821	 1.60813	 1.6083	 1.60812	 1.60841	 
7.68	 0.381	 -0.678	 -0.99	 0.377624	 -0.671832	 -0.974455	 0.37377	 -0.665909	 -0.958925	 0.36982	 -0.660047	 -0.943397	 0.366307	 -0.653952	 -0.927854	 0.362988	 -0.647742	 -0.912313	 1.62714	 1.62705	 1.62716	 1.62696	 1.62721	 
7.69	 0.381	 -0.678	 -0.99	 0.377543	 -0.672102	 -0.974241	 0.373713	 -0.665921	 -0.958679	 0.369786	 -0.659654	 -0.943174	 0.36621	 -0.653661	 -0.92748	 0.362819	 -0.647823	 -0.911684	 1.64481	 1.64469	 1.6448	 1.64454	 1.64481	 
7.7	 0.381	 -0.678	 -0.99	 0.377208	 -0.672178	 -0.974175	 0.373595	 -0.665869	 -0.958497	 0.370007	 -0.659455	 -0.942856	 0.366258	 -0.653486	 -0.927078	 0.362452	 -0.647723	 -0.911236	 1.66072	 1.6606	 1.66065	 1.6604	 1.66062	 
7.71	 0.381	 -0.678	 -0.99	 0.377004	 -0.671923	 -0.97422	 0.3735	 -0.665751	 -0.958362	 0.37013	 -0.659559	 -0.942481	 0.366286	 -0.653447	 -0.926679	 0.362192	 -0.647372	 -0.910924	 1.67481	 1.67468	 1.67476	 1.67448	 1.67474	 
7.72	 0.381	 -0.678	 -0.99	 0.377121	 -0.671606	 -0.974224	 0.373503	 -0.665624	 -0.958226	 0.369953	 -0.659719	 -0.942185	 0.366156	 -0.653434	 -0.926347	 0.362232	 -0.646988	 -0.910604	 1.68753	 1.68741	 1.68749	 1.68724	 1.68747	 
7.73	 0.381	 -0.678	 -0.99	 0.377406	 -0.67156	 -0.974088	 0.373554	 -0.665543	 -0.958071	 0.369626	 -0.659639	 -0.942031	 0.365952	 -0.653332	 -0.926086	 0.362417	 -0.646814	 -0.910191	 1.69958	 1.69947	 1.69959	 1.69935	 1.69962	 
7.74	 0.381	 -0.678	 -0.99	 0.377537	 -0.671775	 -0.973886	 0.373554	 -0.665538	 -0.957898	 0.369459	 -0.659315	 -0.941932	 0.365844	 -0.653101	 -0.925848	 0.362451	 -0.646871	 -0.90972	 1.71176	 1.71167	 1.71179	 1.71159	 1.71184	 
7.75	 0.381	 -0.678	 -0.99	 0.377348	 -0.671977	 -0.973758	 0.373489	 -0.665545	 -0.957723	 0.369582	 -0.659	 -0.941745	 0.365863	 -0.652858	 -0.925564	 0.362237	 -0.646932	 -0.909279	 1.72467	 1.72459	 1.72474	 1.72456	 1.72485	 
7.76	 0.381	 -0.678	 -0.99	 0.377036	 -0.671946	 -0.973742	 0.373397	 -0.665478	 -0.957568	 0.369813	 -0.658919	 -0.941418	 0.365932	 -0.652748	 -0.925185	 0.361929	 -0.646765	 -0.908909	 1.7387	 1.73864	 1.7388	 1.73865	 1.7389	 
7.77	 0.381	 -0.678	 -0.99	 0.376918	 -0.671677	 -0.973764	 0.373329	 -0.665361	 -0.95741	 0.36987	 -0.659057	 -0.941022	 0.365936	 -0.652737	 -0.924748	 0.361758	 -0.646401	 -0.90854	 1.75392	 1.75385	 1.75403	 1.75387	 1.75415	 
7.78	 0.381	 -0.678	 -0.99	 0.377066	 -0.671407	 -0.973717	 0.373338	 -0.665255	 -0.957215	 0.369668	 -0.659183	 -0.940669	 0.365799	 -0.652704	 -0.924326	 0.361824	 -0.646054	 -0.908075	 1.77011	 1.77005	 1.7702	 1.77005	 1.77031	 
7.79	 0.381	 -0.678	 -0.99	 0.37732	 -0.671381	 -0.973547	 0.373381	 -0.665182	 -0.956991	 0.369367	 -0.659089	 -0.940414	 0.365608	 -0.652589	 -0.923932	 0.361989	 -0.645884	 -0.907499	 1.78684	 1.78677	 1.78692	 1.78674	 1.78702	 
7.8	 0.381	 -0.678	 -0.99	 0.37745	 -0.671564	 -0.973326	 0.373379	 -0.665165	 -0.956758	 0.369201	 -0.658788	 -0.940207	 0.365507	 -0.652365	 -0.92356	 0.362034	 -0.645903	 -0.90688	 1.80355	 1.80347	 1.80359	 1.80342	 1.80366	 
7.81	 0.381	 -0.678	 -0.99	 0.377318	 -0.671756	 -0.973167	 0.373335	 -0.665163	 -0.956537	 0.369283	 -0.658471	 -0.939963	 0.365518	 -0.652119	 -0.923189	 0.361894	 -0.64595	 -0.906315	 1.81963	 1.81953	 1.81964	 1.81943	 1.81969	 
7.82	 0.381	 -0.678	 -0.99	 0.377048	 -0.671797	 -0.973106	 0.373266	 -0.665109	 -0.956359	 0.36951	 -0.658318	 -0.939647	 0.365605	 -0.651977	 -0.922794	 0.361652	 -0.64584	 -0.905876	 1.83457	 1.83446	 1.83453	 1.83431	 1.83453	 
7.83	 0.381	 -0.678	 -0.99	 0.37687	 -0.671612	 -0.97312	 0.373208	 -0.66502	 -0.956212	 0.369673	 -0.658382	 -0.939294	 0.36569	 -0.651929	 -0.922406	 0.361475	 -0.645564	 -0.905539	 1.84801	 1.84789	 1.84797	 1.84771	 1.84795	 
7.84	 0.381	 -0.678	 -0.99	 0.376893	 -0.671338	 -0.973134	 0.373221	 -0.66492	 -0.956076	 0.369649	 -0.658536	 -0.938983	 0.365672	 -0.651926	 -0.922068	 0.361505	 -0.645235	 -0.90523	 1.85993	 1.85982	 1.85989	 1.85964	 1.85985	 
7.85	 0.381	 -0.678	 -0.99	 0.377106	 -0.671183	 -0.973069	 0.373276	 -0.664827	 -0.955945	 0.369456	 -0.658594	 -0.938774	 0.365587	 -0.65191	 -0.921786	 0.3617	 -0.644994	 -0.904893	 1.87058	 1.87048	 1.87057	 1.87032	 1.87056	 
7.86	 0.381	 -0.678	 -0.99	 0.377353	 -0.671209	 -0.972931	 0.373333	 -0.664795	 -0.955802	 0.369248	 -0.658468	 -0.938655	 0.365511	 -0.651789	 -0.921564	 0.361915	 -0.644943	 -0.904506	 1.88052	 1.88042	 1.8805	 1.88029	 1.88051	 
7.87	 0.381	 -0.678	 -0.99	 0.377436	 -0.671393	 -0.972772	 0.373376	 -0.664796	 -0.95565	 0.369191	 -0.658197	 -0.938559	 0.365484	 -0.651601	 -0.921358	 0.36202	 -0.645015	 -0.904101	 1.89033	 1.89023	 1.89035	 1.89014	 1.8904	 
7.88	 0.381	 -0.678	 -0.99	 0.377331	 -0.671589	 -0.972647	 0.373363	 -0.66479	 -0.955508	 0.369323	 -0.657928	 -0.938412	 0.365565	 -0.651426	 -0.921112	 0.361947	 -0.645071	 -0.903727	 1.90057	 1.90048	 1.9006	 1.90043	 1.90067	 
7.89	 0.381	 -0.678	 -0.99	 0.377109	 -0.67162	 -0.972605	 0.37332	 -0.664773	 -0.955367	 0.369564	 -0.657805	 -0.938169	 0.365701	 -0.651293	 -0.920818	 0.361779	 -0.645015	 -0.903392	 1.91148	 1.9114	 1.91155	 1.91137	 1.91164	 
7.9	 0.381	 -0.678	 -0.99	 0.376918	 -0.671486	 -0.972617	 0.373298	 -0.664702	 -0.955234	 0.369767	 -0.657854	 -0.937858	 0.365806	 -0.651262	 -0.920477	 0.361662	 -0.644796	 -0.903089	 1.92297	 1.92291	 1.92304	 1.92287	 1.9231	 
7.91	 0.381	 -0.678	 -0.99	 0.376913	 -0.671252	 -0.972623	 0.373301	 -0.664607	 -0.955103	 0.36981	 -0.657997	 -0.937543	 0.36586	 -0.651279	 -0.920125	 0.361678	 -0.644502	 -0.902781	 1.93457	 1.9345	 1.93463	 1.93443	 1.93468	 
7.92	 0.381	 -0.678	 -0.99	 0.377072	 -0.671045	 -0.972588	 0.37336	 -0.664532	 -0.95496	 0.369699	 -0.658103	 -0.937289	 0.365831	 -0.651267	 -0.919819	 0.361858	 -0.644261	 -0.902437	 1.94565	 1.94557	 1.94566	 1.94544	 1.94565	 
7.93	 0.381	 -0.678	 -0.99	 0.377305	 -0.671008	 -0.97248	 0.373441	 -0.664475	 -0.954822	 0.369526	 -0.658065	 -0.937128	 0.365777	 -0.651216	 -0.919566	 0.362118	 -0.64414	 -0.902073	 1.95555	 1.95544	 1.95553	 1.95528	 1.95552	 
7.94	 0.381	 -0.678	 -0.99	 0.377493	 -0.67112	 -0.972338	 0.3735	 -0.664477	 -0.954689	 0.369415	 -0.657891	 -0.937039	 0.365777	 -0.651085	 -0.919377	 0.362331	 -0.64417	 -0.901717	 1.9639	 1.96378	 1.96383	 1.96358	 1.96378	 
7.95	 0.381	 -0.678	 -0.99	 0.377509	 -0.671319	 -0.972211	 0.373548	 -0.664507	 -0.954571	 0.369466	 -0.657654	 -0.936975	 0.365836	 -0.650928	 -0.919233	 0.362437	 -0.644272	 -0.901417	 1.97056	 1.97042	 1.97048	 1.97022	 1.97044	 
7.96	 0.381	 -0.678	 -0.99	 0.377384	 -0.671486	 -0.972137	 0.373552	 -0.66452	 -0.954492	 0.369669	 -0.657465	 -0.936893	 0.365991	 -0.650817	 -0.919094	 0.362414	 -0.644341	 -0.90121	 1.97574	 1.97561	 1.97566	 1.9754	 1.97559	 
7.97	 0.381	 -0.678	 -0.99	 0.377189	 -0.671489	 -0.972148	 0.373542	 -0.664516	 -0.954437	 0.369944	 -0.657415	 -0.936767	 0.366186	 -0.650754	 -0.918961	 0.362346	 -0.644323	 -0.901086	 1.97976	 1.97964	 1.97972	 1.97945	 1.97968	 
7.98	 0.381	 -0.678	 -0.99	 0.377039	 -0.671358	 -0.972205	 0.373559	 -0.66446	 -0.954408	 0.370175	 -0.657504	 -0.936615	 0.366352	 -0.650784	 -0.918821	 0.36234	 -0.644174	 -0.901026	 1.98303	 1.98293	 1.983	 1.98276	 1.98296	 
7.99	 0.381	 -0.678	 -0.99	 0.377058	 -0.671145	 -0.972262	 0.373599	 -0.664395	 -0.954385	 0.370268	 -0.657674	 -0.936471	 0.366476	 -0.650846	 -0.918692	 0.362448	 -0.643962	 -0.900984	 1.98579	 1.9857	 1.98581	 1.98556	 1.98579	 
8	 0.381	 -0.678	 -0.99	 0.377218	 -0.670963	 -0.972281	 0.373691	 -0.664353	 -0.954348	 0.370222	 -0.657819	 -0.936374	 0.366517	 -0.650887	 -0.918599	 0.362701	 -0.64379	 -0.900912	 1.98819	 1.98812	 1.98821	 1.98798	 1.98819	 
8.01	 0.381	 -0.678	 -0.99	 0.377461	 -0.670929	 -0.97223	 0.373798	 -0.664324	 -0.954308	 0.370104	 -0.657841	 -0.936346	 0.366533	 -0.650899	 -0.918534	 0.363023	 -0.643722	 -0.9008	 1.99019	 1.9901	 1.99022	 1.98998	 1.99023	 
8.02	 0.381	 -0.678	 -0.99	 0.377673	 -0.671025	 -0.972141	 0.373892	 -0.664345	 -0.954259	 0.370024	 -0.657725	 -0.936373	 0.366578	 -0.650827	 -0.918508	 0.363311	 -0.643804	 -0.900656	 1.99176	 1.99166	 1.99174	 1.99152	 1.99173	 
8.03	 0.381	 -0.678	 -0.99	 0.377735	 -0.671219	 -0.972047	 0.373974	 -0.664377	 -0.954215	 0.370082	 -0.657522	 -0.936416	 0.366667	 -0.650728	 -0.918498	 0.363498	 -0.643961	 -0.900522	 1.99281	 1.99268	 1.99278	 1.99254	 1.99279	 
8.04	 0.381	 -0.678	 -0.99	 0.377657	 -0.6714	 -0.97199	 0.374005	 -0.664405	 -0.954191	 0.370286	 -0.657339	 -0.936433	 0.36685	 -0.650642	 -0.918478	 0.363546	 -0.644099	 -0.900441	 1.99338	 1.99326	 1.99334	 1.99312	 1.99333	 
8.05	 0.381	 -0.678	 -0.99	 0.377475	 -0.671451	 -0.972005	 0.37402	 -0.664427	 -0.954177	 0.37058	 -0.657278	 -0.936395	 0.367068	 -0.650593	 -0.918449	 0.363526	 -0.644149	 -0.90042	 1.99353	 1.99341	 1.99351	 1.99327	 1.99351	 
8.06	 0.381	 -0.678	 -0.99	 0.377312	 -0.671375	 -0.972067	 0.374043	 -0.664403	 -0.954185	 0.370854	 -0.657362	 -0.936315	 0.367275	 -0.650641	 -0.918398	 0.363529	 -0.644062	 -0.90046	 1.99331	 1.99321	 1.9933	 1.99306	 1.99326	 
8.07	 0.381	 -0.678	 -0.99	 0.377289	 -0.671179	 -0.97215	 0.374082	 -0.664366	 -0.954201	 0.371007	 -0.657551	 -0.936228	 0.367443	 -0.650727	 -0.918351	 0.363629	 -0.643908	 -0.900523	 1.99263	 1.99254	 1.99266	 1.9924	 1.99262	 
8.08	 0.381	 -0.678	 -0.99	 0.377407	 -0.670984	 -0.972211	 0.374174	 -0.664326	 -0.954216	 0.371013	 -0.65774	 -0.936182	 0.36752	 -0.650823	 -0.918336	 0.363878	 -0.643767	 -0.900573	 1.99141	 1.99132	 1.99141	 1.99116	 1.99134	 
8.09	 0.381	 -0.678	 -0.99	 0.377648	 -0.670909	 -0.972208	 0.37428	 -0.664301	 -0.954234	 0.370913	 -0.657828	 -0.936211	 0.367563	 -0.650891	 -0.918359	 0.364213	 -0.643715	 -0.900601	 1.98941	 1.98929	 1.9894	 1.98913	 1.98935	 
8.1	 0.381	 -0.678	 -0.99	 0.377886	 -0.670976	 -0.972159	 0.37439	 -0.66434	 -0.954241	 0.370819	 -0.657784	 -0.936308	 0.367605	 -0.650875	 -0.918442	 0.364544	 -0.643813	 -0.900608	 1.98648	 1.98636	 1.98642	 1.98617	 1.98636	 
8.11	 0.381	 -0.678	 -0.99	 0.377998	 -0.671184	 -0.972088	 0.374486	 -0.664401	 -0.954258	 0.37084	 -0.657635	 -0.936447	 0.367687	 -0.650835	 -0.918557	 0.364785	 -0.64401	 -0.900633	 1.98244	 1.9823	 1.98238	 1.9821	 1.98234	 
8.12	 0.381	 -0.678	 -0.99	 0.377961	 -0.671401	 -0.97205	 0.374527	 -0.664474	 -0.954297	 0.371015	 -0.657482	 -0.936584	 0.367866	 -0.650794	 -0.918689	 0.364877	 -0.644241	 -0.900715	 1.97725	 1.97711	 1.97717	 1.97691	 1.97711	 
8.13	 0.381	 -0.678	 -0.99	 0.377784	 -0.671506	 -0.972088	 0.374554	 -0.664532	 -0.95436	 0.371314	 -0.657432	 -0.936684	 0.368088	 -0.650799	 -0.918827	 0.364881	 -0.644406	 -0.900878	 1.97089	 1.97076	 1.97084	 1.97055	 1.97078	 
8.14	 0.381	 -0.678	 -0.99	 0.377606	 -0.671469	 -0.972187	 0.374577	 -0.664538	 -0.954459	 0.371623	 -0.657534	 -0.936748	 0.368325	 -0.6509	 -0.918957	 0.364876	 -0.644425	 -0.901135	 1.96351	 1.9634	 1.96346	 1.96319	 1.96337	 
8.15	 0.381	 -0.678	 -0.99	 0.377555	 -0.671284	 -0.972324	 0.374622	 -0.664534	 -0.95457	 0.371819	 -0.657767	 -0.9368	 0.36852	 -0.651038	 -0.919103	 0.364969	 -0.644343	 -0.901441	 1.9553	 1.95519	 1.95529	 1.95499	 1.95522	 
8.16	 0.381	 -0.678	 -0.99	 0.377665	 -0.671094	 -0.972439	 0.374719	 -0.664521	 -0.954682	 0.371849	 -0.658016	 -0.936887	 0.368617	 -0.651197	 -0.919275	 0.365229	 -0.644239	 -0.901745	 1.94658	 1.94648	 1.94657	 1.9463	 1.9465	 
8.17	 0.381	 -0.678	 -0.99	 0.377925	 -0.671022	 -0.972484	 0.374833	 -0.664528	 -0.954787	 0.371746	 -0.658158	 -0.937043	 0.36867	 -0.651314	 -0.919477	 0.365588	 -0.64423	 -0.902005	 1.93758	 1.93747	 1.9376	 1.93733	 1.93756	 
8.18	 0.381	 -0.678	 -0.99	 0.378177	 -0.671111	 -0.972472	 0.374953	 -0.664589	 -0.954874	 0.371644	 -0.658135	 -0.937266	 0.368711	 -0.651335	 -0.919723	 0.365946	 -0.644389	 -0.902208	 1.92845	 1.92835	 1.92845	 1.9282	 1.92841	 
8.19	 0.381	 -0.678	 -0.99	 0.37828	 -0.671348	 -0.972431	 0.375046	 -0.664664	 -0.954963	 0.371678	 -0.657981	 -0.937519	 0.368804	 -0.651319	 -0.919981	 0.366184	 -0.644654	 -0.902402	 1.91906	 1.91893	 1.91905	 1.91878	 1.91902	 
8.2	 0.381	 -0.678	 -0.99	 0.378199	 -0.671572	 -0.972431	 0.375077	 -0.664748	 -0.955068	 0.371892	 -0.657838	 -0.93775	 0.369002	 -0.651299	 -0.920239	 0.366242	 -0.644925	 -0.902644	 1.90911	 1.90898	 1.90906	 1.9088	 1.909	 
8.21	 0.381	 -0.678	 -0.99	 0.377981	 -0.671645	 -0.972518	 0.375091	 -0.664809	 -0.955198	 0.372225	 -0.657845	 -0.937924	 0.369239	 -0.651344	 -0.920492	 0.366208	 -0.645084	 -0.90298	 1.89819	 1.89805	 1.89814	 1.89784	 1.89806	 
8.22	 0.381	 -0.678	 -0.99	 0.377814	 -0.671543	 -0.972672	 0.375111	 -0.664818	 -0.955365	 0.372512	 -0.658043	 -0.93806	 0.369461	 -0.651508	 -0.92074	 0.366206	 -0.645076	 -0.903416	 1.88604	 1.8859	 1.88598	 1.88567	 1.88585	 
8.23	 0.381	 -0.678	 -0.99	 0.377848	 -0.67132	 -0.972847	 0.375167	 -0.664819	 -0.955546	 0.372614	 -0.658353	 -0.938212	 0.369605	 -0.651714	 -0.921019	 0.366358	 -0.645006	 -0.903896	 1.8726	 1.87247	 1.87256	 1.87223	 1.87244	 
8.24	 0.381	 -0.678	 -0.99	 0.378071	 -0.671172	 -0.972969	 0.375284	 -0.664833	 -0.955726	 0.372522	 -0.658598	 -0.938442	 0.369633	 -0.651906	 -0.921353	 0.366691	 -0.645009	 -0.904353	 1.85819	 1.85806	 1.85815	 1.85784	 1.85803	 
8.25	 0.381	 -0.678	 -0.99	 0.378366	 -0.671244	 -0.972998	 0.375403	 -0.664888	 -0.955898	 0.372365	 -0.658647	 -0.938768	 0.369639	 -0.652022	 -0.921732	 0.367059	 -0.645189	 -0.904753	 1.84327	 1.84314	 1.84325	 1.84295	 1.84318	 
8.26	 0.381	 -0.678	 -0.99	 0.378516	 -0.671491	 -0.972986	 0.375485	 -0.665008	 -0.956051	 0.372339	 -0.658528	 -0.939136	 0.3697	 -0.652036	 -0.922141	 0.367291	 -0.645546	 -0.905109	 1.82838	 1.82826	 1.82837	 1.8281	 1.82832	 
8.27	 0.381	 -0.678	 -0.99	 0.378399	 -0.671763	 -0.973005	 0.375515	 -0.665129	 -0.956207	 0.372546	 -0.658403	 -0.939461	 0.369851	 -0.652061	 -0.922521	 0.367309	 -0.645907	 -0.905486	 1.81381	 1.8137	 1.81384	 1.81357	 1.81382	 
8.28	 0.381	 -0.678	 -0.99	 0.378147	 -0.67185	 -0.973114	 0.37549	 -0.665207	 -0.956384	 0.372879	 -0.658466	 -0.939686	 0.370077	 -0.652183	 -0.922842	 0.367185	 -0.646107	 -0.905936	 1.79961	 1.7995	 1.79962	 1.79937	 1.79959	 
8.29	 0.381	 -0.678	 -0.99	 0.377986	 -0.67168	 -0.973306	 0.375486	 -0.665245	 -0.956573	 0.373117	 -0.658766	 -0.939836	 0.370253	 -0.652404	 -0.923134	 0.367139	 -0.64612	 -0.906445	 1.78539	 1.78528	 1.78541	 1.78513	 1.78538	 
8.3	 0.381	 -0.678	 -0.99	 0.378084	 -0.671454	 -0.973482	 0.375553	 -0.665254	 -0.956769	 0.373099	 -0.659129	 -0.940016	 0.37029	 -0.652676	 -0.923445	 0.367324	 -0.64607	 -0.90696	 1.77065	 1.77053	 1.77062	 1.77033	 1.77056	 
8.31	 0.381	 -0.678	 -0.99	 0.3784	 -0.67141	 -0.97356	 0.375657	 -0.665301	 -0.95696	 0.372888	 -0.659319	 -0.940317	 0.370251	 -0.65287	 -0.92383	 0.367668	 -0.646175	 -0.907431	 1.75475	 1.75461	 1.75471	 1.75438	 1.75463	 
8.32	 0.381	 -0.678	 -0.99	 0.37864	 -0.671627	 -0.973563	 0.375752	 -0.665425	 -0.957146	 0.37275	 -0.659251	 -0.940739	 0.370239	 -0.652921	 -0.92431	 0.367955	 -0.646526	 -0.907873	 1.73732	 1.73717	 1.73724	 1.73691	 1.73711	 
8.33	 0.381	 -0.678	 -0.99	 0.378573	 -0.671953	 -0.973585	 0.375788	 -0.665563	 -0.95736	 0.372899	 -0.65909	 -0.941185	 0.370356	 -0.652942	 -0.924828	 0.368005	 -0.646953	 -0.908383	 1.7182	 1.71804	 1.71811	 1.71775	 1.71797	 
8.34	 0.381	 -0.678	 -0.99	 0.378293	 -0.672078	 -0.973729	 0.375757	 -0.665652	 -0.957624	 0.373261	 -0.659124	 -0.941553	 0.370599	 -0.653063	 -0.925329	 0.367858	 -0.647213	 -0.90904	 1.69762	 1.69747	 1.69754	 1.69719	 1.69738	 
8.35	 0.381	 -0.678	 -0.99	 0.378114	 -0.671878	 -0.973988	 0.375751	 -0.665682	 -0.95792	 0.373523	 -0.659458	 -0.941843	 0.370792	 -0.653315	 -0.925814	 0.367801	 -0.647229	 -0.909809	 1.67607	 1.67593	 1.67605	 1.67569	 1.67591	 
8.36	 0.381	 -0.678	 -0.99	 0.378275	 -0.67163	 -0.974213	 0.375835	 -0.665692	 -0.958214	 0.373451	 -0.659851	 -0.942169	 0.370803	 -0.653613	 -0.926319	 0.368037	 -0.647191	 -0.910561	 1.65429	 1.65416	 1.65427	 1.65396	 1.65415	 
8.37	 0.381	 -0.678	 -0.99	 0.378637	 -0.671679	 -0.974288	 0.375951	 -0.665767	 -0.95847	 0.373184	 -0.659975	 -0.94262	 0.370722	 -0.65379	 -0.926871	 0.368411	 -0.647391	 -0.911183	 1.63295	 1.63281	 1.63296	 1.63266	 1.63291	 
8.38	 0.381	 -0.678	 -0.99	 0.378768	 -0.672024	 -0.974279	 0.376003	 -0.665934	 -0.958687	 0.373124	 -0.659818	 -0.943125	 0.370734	 -0.65381	 -0.927441	 0.368572	 -0.647857	 -0.911701	 1.61263	 1.61252	 1.61267	 1.6124	 1.61262	 
8.39	 0.381	 -0.678	 -0.99	 0.378492	 -0.672289	 -0.974357	 0.375963	 -0.666082	 -0.958907	 0.373422	 -0.659741	 -0.943513	 0.3709	 -0.653871	 -0.927932	 0.368401	 -0.648253	 -0.912253	 1.59361	 1.5935	 1.5937	 1.59342	 1.59368	 
8.4	 0.381	 -0.678	 -0.99	 0.378194	 -0.672169	 -0.974578	 0.375906	 -0.666123	 -0.959154	 0.373731	 -0.660031	 -0.94373	 0.371075	 -0.654128	 -0.92831	 0.368197	 -0.648315	 -0.912894	 1.57589	 1.57579	 1.57595	 1.57571	 1.57595	 
8.41	 0.381	 -0.678	 -0.99	 0.378313	 -0.671871	 -0.974794	 0.375936	 -0.666122	 -0.959389	 0.373648	 -0.660473	 -0.943932	 0.371064	 -0.654454	 -0.928666	 0.368314	 -0.648243	 -0.913503	 1.55907	 1.55896	 1.55914	 1.55887	 1.55915	 
8.42	 0.381	 -0.678	 -0.99	 0.378692	 -0.671886	 -0.974843	 0.376039	 -0.666201	 -0.959576	 0.373313	 -0.660605	 -0.944289	 0.37091	 -0.654614	 -0.929099	 0.368654	 -0.648442	 -0.913958	 1.54264	 1.54253	 1.54266	 1.54239	 1.54263	 
8.43	 0.381	 -0.678	 -0.99	 0.378776	 -0.672272	 -0.974798	 0.376078	 -0.666356	 -0.959747	 0.373251	 -0.660393	 -0.944737	 0.370879	 -0.654611	 -0.929581	 0.368754	 -0.648922	 -0.914351	 1.52598	 1.52585	 1.526	 1.52567	 1.52594	 
8.44	 0.381	 -0.678	 -0.99	 0.378434	 -0.672495	 -0.974892	 0.376001	 -0.666472	 -0.959962	 0.373594	 -0.660341	 -0.945071	 0.371066	 -0.654686	 -0.930014	 0.368488	 -0.649254	 -0.914883	 1.50872	 1.5086	 1.50871	 1.50838	 1.50861	 
8.45	 0.381	 -0.678	 -0.99	 0.378209	 -0.672245	 -0.975155	 0.375945	 -0.666487	 -0.960222	 0.373826	 -0.660728	 -0.945268	 0.371206	 -0.654967	 -0.930396	 0.368317	 -0.649211	 -0.915571	 1.49074	 1.49059	 1.49071	 1.49036	 1.49062	 
8.46	 0.381	 -0.678	 -0.99	 0.378486	 -0.67199	 -0.97534	 0.376022	 -0.666498	 -0.96047	 0.373578	 -0.661116	 -0.945556	 0.371091	 -0.655252	 -0.930834	 0.368574	 -0.649166	 -0.916206	 1.47222	 1.47208	 1.47218	 1.47187	 1.4721	 
8.47	 0.381	 -0.678	 -0.99	 0.378814	 -0.672238	 -0.975321	 0.376117	 -0.666614	 -0.960674	 0.373282	 -0.661027	 -0.946039	 0.370941	 -0.655308	 -0.931369	 0.368867	 -0.64952	 -0.916684	 1.45357	 1.45344	 1.45359	 1.45326	 1.45353	 
8.48	 0.381	 -0.678	 -0.99	 0.378616	 -0.672626	 -0.975334	 0.376072	 -0.666762	 -0.960885	 0.373485	 -0.660797	 -0.946485	 0.371052	 -0.655286	 -0.93188	 0.368704	 -0.649984	 -0.917183	 1.43533	 1.43522	 1.43536	 1.43506	 1.43529	 
8.49	 0.381	 -0.678	 -0.99	 0.378243	 -0.672505	 -0.97557	 0.375977	 -0.666797	 -0.961138	 0.373845	 -0.661039	 -0.946704	 0.371244	 -0.655484	 -0.932269	 0.368391	 -0.650036	 -0.91784	 1.41783	 1.41772	 1.41789	 1.41759	 1.41786	 
8.5	 0.381	 -0.678	 -0.99	 0.378403	 -0.672153	 -0.975798	 0.376016	 -0.666777	 -0.961376	 0.373688	 -0.661503	 -0.946905	 0.37116	 -0.655797	 -0.932636	 0.368522	 -0.649893	 -0.918465	 1.4013	 1.40117	 1.40133	 1.40106	 1.40132	 
8.51	 0.381	 -0.678	 -0.99	 0.378798	 -0.672317	 -0.975777	 0.376115	 -0.666873	 -0.961545	 0.3733	 -0.661487	 -0.947314	 0.370945	 -0.655879	 -0.933088	 0.368839	 -0.65016	 -0.918865	 1.38564	 1.38553	 1.38572	 1.38542	 1.38569	 
8.52	 0.381	 -0.678	 -0.99	 0.378634	 -0.672751	 -0.975743	 0.376066	 -0.667031	 -0.961705	 0.373437	 -0.661212	 -0.947717	 0.371001	 -0.655825	 -0.933525	 0.368676	 -0.65064	 -0.919238	 1.37078	 1.37068	 1.37084	 1.37055	 1.3708	 
8.53	 0.381	 -0.678	 -0.99	 0.378227	 -0.672636	 -0.975962	 0.375948	 -0.667058	 -0.961919	 0.3738	 -0.661435	 -0.947872	 0.371178	 -0.65601	 -0.93383	 0.368304	 -0.65068	 -0.919799	 1.35652	 1.3564	 1.35656	 1.35627	 1.35655	 
8.54	 0.381	 -0.678	 -0.99	 0.37842	 -0.672267	 -0.976171	 0.37598	 -0.667023	 -0.962124	 0.373588	 -0.661892	 -0.948026	 0.371055	 -0.656311	 -0.934128	 0.36843	 -0.650514	 -0.920334	 1.34278	 1.34264	 1.3428	 1.34252	 1.34279	 
8.55	 0.381	 -0.678	 -0.99	 0.378792	 -0.672493	 -0.976109	 0.376061	 -0.667132	 -0.962256	 0.373194	 -0.661797	 -0.948419	 0.370821	 -0.656336	 -0.934539	 0.368706	 -0.650823	 -0.920637	 1.32954	 1.32942	 1.32959	 1.32929	 1.32956	 
8.56	 0.381	 -0.678	 -0.99	 0.378501	 -0.672893	 -0.976096	 0.375972	 -0.667279	 -0.962395	 0.373418	 -0.661542	 -0.948748	 0.370903	 -0.656279	 -0.934907	 0.368429	 -0.651254	 -0.920968	 1.31695	 1.31685	 1.31703	 1.31673	 1.317	 
8.57	 0.381	 -0.678	 -0.99	 0.378159	 -0.672639	 -0.976342	 0.375859	 -0.667258	 -0.962592	 0.373692	 -0.661884	 -0.948816	 0.371022	 -0.65652	 -0.935127	 0.368096	 -0.651148	 -0.921491	 1.30525	 1.30513	 1.30529	 1.30503	 1.30531	 
8.58	 0.381	 -0.678	 -0.99	 0.378522	 -0.672365	 -0.976459	 0.37592	 -0.667229	 -0.962744	 0.373304	 -0.662226	 -0.948983	 0.370798	 -0.656752	 -0.935382	 0.36833	 -0.651031	 -0.921875	 1.2946	 1.29448	 1.29467	 1.2944	 1.2947	 
8.59	 0.381	 -0.678	 -0.99	 0.378728	 -0.672759	 -0.976333	 0.375949	 -0.66737	 -0.962818	 0.373054	 -0.661937	 -0.949344	 0.370628	 -0.656651	 -0.935722	 0.368432	 -0.651451	 -0.922026	 1.28523	 1.28514	 1.28533	 1.28507	 1.28535	 
8.6	 0.381	 -0.678	 -0.99	 0.378256	 -0.672944	 -0.976406	 0.375809	 -0.667455	 -0.962924	 0.373428	 -0.661844	 -0.94948	 0.37077	 -0.656644	 -0.935924	 0.36798	 -0.651674	 -0.922307	 1.27733	 1.27724	 1.27744	 1.27718	 1.27749	 
8.61	 0.381	 -0.678	 -0.99	 0.378184	 -0.672522	 -0.976632	 0.37576	 -0.667373	 -0.963058	 0.373421	 -0.662304	 -0.949438	 0.37072	 -0.656921	 -0.936008	 0.367847	 -0.651381	 -0.922676	 1.27096	 1.27086	 1.27104	 1.27082	 1.27112	 
8.62	 0.381	 -0.678	 -0.99	 0.378641	 -0.672549	 -0.976568	 0.375837	 -0.667389	 -0.963107	 0.372916	 -0.662318	 -0.949636	 0.370413	 -0.656964	 -0.936192	 0.368129	 -0.651446	 -0.922773	 1.26603	 1.26593	 1.26615	 1.26589	 1.2662	 
8.63	 0.381	 -0.678	 -0.99	 0.378475	 -0.672993	 -0.976452	 0.375753	 -0.667515	 -0.963127	 0.372989	 -0.661931	 -0.949853	 0.370399	 -0.656783	 -0.936371	 0.367892	 -0.651847	 -0.922793	 1.26237	 1.26229	 1.26248	 1.26223	 1.26251	 
8.64	 0.381	 -0.678	 -0.99	 0.378041	 -0.672791	 -0.976636	 0.375599	 -0.667487	 -0.963206	 0.373298	 -0.662152	 -0.949763	 0.370504	 -0.656904	 -0.93638	 0.367442	 -0.651716	 -0.923031	 1.25968	 1.25957	 1.25976	 1.2595	 1.25982	 
8.65	 0.381	 -0.678	 -0.99	 0.378345	 -0.672451	 -0.976725	 0.375632	 -0.667419	 -0.963258	 0.37291	 -0.662498	 -0.94975	 0.370242	 -0.657097	 -0.936418	 0.367597	 -0.651468	 -0.923174	 1.25758	 1.25747	 1.25762	 1.25738	 1.25766	 
8.66	 0.381	 -0.678	 -0.99	 0.37857	 -0.672822	 -0.976546	 0.375652	 -0.667513	 -0.963242	 0.372599	 -0.662167	 -0.949982	 0.370012	 -0.656945	 -0.936577	 0.367683	 -0.65179	 -0.923096	 1.25573	 1.25563	 1.25581	 1.25551	 1.25581	 
8.67	 0.381	 -0.678	 -0.99	 0.378095	 -0.673004	 -0.976584	 0.375492	 -0.667558	 -0.963282	 0.372951	 -0.662009	 -0.950009	 0.370132	 -0.656875	 -0.936629	 0.367187	 -0.651947	 -0.923196	 1.25407	 1.25396	 1.2541	 1.25383	 1.2541	 
8.68	 0.381	 -0.678	 -0.99	 0.378036	 -0.672561	 -0.976781	 0.375427	 -0.667452	 -0.963357	 0.372911	 -0.662438	 -0.949879	 0.370059	 -0.657103	 -0.936594	 0.367027	 -0.651592	 -0.923419	 1.25266	 1.25253	 1.25269	 1.25242	 1.25273	 
8.69	 0.381	 -0.678	 -0.99	 0.378484	 -0.672599	 -0.976678	 0.37549	 -0.667468	 -0.963349	 0.372391	 -0.662406	 -0.950016	 0.369731	 -0.657087	 -0.936691	 0.367279	 -0.65163	 -0.923379	 1.25187	 1.25177	 1.25194	 1.25169	 1.25196	 
8.7	 0.381	 -0.678	 -0.99	 0.378267	 -0.673019	 -0.976555	 0.375393	 -0.667573	 -0.963322	 0.372488	 -0.661999	 -0.950148	 0.369709	 -0.656864	 -0.936772	 0.366989	 -0.65197	 -0.923291	 1.25225	 1.25217	 1.25236	 1.25211	 1.25241	 
8.71	 0.381	 -0.678	 -0.99	 0.377856	 -0.672765	 -0.976727	 0.375244	 -0.667498	 -0.963354	 0.372758	 -0.662208	 -0.949963	 0.369774	 -0.656955	 -0.936661	 0.366543	 -0.651741	 -0.9234	 1.25434	 1.25425	 1.25446	 1.25426	 1.25456	 
8.72	 0.381	 -0.678	 -0.99	 0.378189	 -0.672452	 -0.97675	 0.375273	 -0.667397	 -0.963327	 0.37232	 -0.662469	 -0.949864	 0.369474	 -0.657077	 -0.936558	 0.366694	 -0.651444	 -0.923336	 1.25845	 1.25837	 1.25858	 1.2584	 1.25871	 
8.73	 0.381	 -0.678	 -0.99	 0.378361	 -0.672832	 -0.976518	 0.375255	 -0.667469	 -0.963214	 0.372029	 -0.662073	 -0.94995	 0.369244	 -0.65685	 -0.936519	 0.366696	 -0.651697	 -0.923012	 1.26461	 1.26456	 1.26478	 1.26458	 1.26489	 
8.74	 0.381	 -0.678	 -0.99	 0.377878	 -0.67295	 -0.976519	 0.37507	 -0.667475	 -0.963137	 0.372349	 -0.661901	 -0.949775	 0.36933	 -0.656717	 -0.936322	 0.366151	 -0.651729	 -0.922831	 1.27262	 1.27254	 1.27275	 1.27256	 1.27286	 
8.75	 0.381	 -0.678	 -0.99	 0.377832	 -0.672486	 -0.976645	 0.374995	 -0.667328	 -0.963076	 0.372256	 -0.662251	 -0.949455	 0.3692	 -0.656844	 -0.936031	 0.365963	 -0.651281	 -0.922712	 1.28197	 1.28188	 1.28207	 1.28188	 1.28219	 
8.76	 0.381	 -0.678	 -0.99	 0.378243	 -0.672495	 -0.976477	 0.37504	 -0.667292	 -0.962933	 0.371727	 -0.662154	 -0.949389	 0.368832	 -0.656744	 -0.935857	 0.366151	 -0.651207	 -0.92233	 1.2922	 1.29211	 1.29229	 1.29208	 1.29236	 
8.77	 0.381	 -0.678	 -0.99	 0.378059	 -0.672896	 -0.976282	 0.374936	 -0.667351	 -0.962777	 0.371751	 -0.661697	 -0.949331	 0.368745	 -0.656459	 -0.935678	 0.365849	 -0.651435	 -0.92192	 1.30295	 1.30287	 1.30305	 1.30281	 1.30311	 
8.78	 0.381	 -0.678	 -0.99	 0.377625	 -0.672718	 -0.976369	 0.374759	 -0.667264	 -0.96269	 0.372012	 -0.661779	 -0.948998	 0.368791	 -0.656446	 -0.935351	 0.365336	 -0.65118	 -0.921733	 1.31414	 1.31404	 1.31418	 1.31397	 1.31425	 
8.79	 0.381	 -0.678	 -0.99	 0.37784	 -0.672323	 -0.976392	 0.374739	 -0.667121	 -0.962583	 0.371666	 -0.662046	 -0.948719	 0.368532	 -0.65652	 -0.935044	 0.365351	 -0.650755	 -0.921476	 1.32577	 1.32567	 1.32584	 1.32562	 1.32592	 
8.8	 0.381	 -0.678	 -0.99	 0.378137	 -0.672529	 -0.976154	 0.374748	 -0.667126	 -0.9624	 0.371242	 -0.661737	 -0.94867	 0.368222	 -0.656292	 -0.934848	 0.365438	 -0.650824	 -0.920983	 1.3381	 1.33802	 1.33818	 1.33797	 1.33825	 
8.81	 0.381	 -0.678	 -0.99	 0.377791	 -0.672814	 -0.976025	 0.374603	 -0.66715	 -0.962232	 0.371414	 -0.661357	 -0.948492	 0.368209	 -0.656023	 -0.934572	 0.365005	 -0.650939	 -0.920556	 1.35137	 1.35129	 1.35148	 1.35127	 1.35159	 
8.82	 0.381	 -0.678	 -0.99	 0.377465	 -0.672513	 -0.976115	 0.374456	 -0.66702	 -0.962109	 0.371565	 -0.661528	 -0.948076	 0.368191	 -0.656039	 -0.934152	 0.364585	 -0.650553	 -0.920284	 1.36581	 1.36573	 1.3659	 1.36572	 1.36601	 
8.83	 0.381	 -0.678	 -0.99	 0.377749	 -0.672202	 -0.976058	 0.374452	 -0.666882	 -0.961938	 0.371147	 -0.661695	 -0.947768	 0.36789	 -0.656049	 -0.933766	 0.364653	 -0.650155	 -0.919859	 1.38142	 1.38135	 1.38154	 1.38136	 1.38168	 
8.84	 0.381	 -0.678	 -0.99	 0.377979	 -0.672441	 -0.975789	 0.374438	 -0.666881	 -0.961699	 0.370782	 -0.661325	 -0.947635	 0.36761	 -0.65577	 -0.933455	 0.36467	 -0.650212	 -0.919225	 1.39822	 1.39816	 1.39833	 1.39816	 1.39845	 
8.85	 0.381	 -0.678	 -0.99	 0.377634	 -0.672676	 -0.975648	 0.374291	 -0.666877	 -0.961477	 0.370953	 -0.66095	 -0.947356	 0.367594	 -0.655479	 -0.933058	 0.364225	 -0.650256	 -0.918668	 1.41603	 1.41596	 1.41614	 1.41595	 1.41627	 
8.86	 0.381	 -0.678	 -0.99	 0.377314	 -0.672393	 -0.975701	 0.374149	 -0.666736	 -0.961296	 0.3711	 -0.661065	 -0.946872	 0.367568	 -0.655443	 -0.93254	 0.363805	 -0.649852	 -0.918252	 1.43465	 1.43457	 1.43473	 1.43456	 1.43484	 
8.87	 0.381	 -0.678	 -0.99	 0.377534	 -0.672057	 -0.975641	 0.374132	 -0.66658	 -0.961085	 0.370745	 -0.66123	 -0.946476	 0.367299	 -0.655434	 -0.932053	 0.363822	 -0.6494	 -0.917734	 1.45378	 1.4537	 1.45386	 1.45367	 1.45398	 
8.88	 0.381	 -0.678	 -0.99	 0.377817	 -0.672194	 -0.97538	 0.37413	 -0.666547	 -0.960817	 0.370332	 -0.660943	 -0.946265	 0.367	 -0.655187	 -0.93166	 0.363888	 -0.649348	 -0.917037	 1.47319	 1.47312	 1.47326	 1.47307	 1.47333	 
8.89	 0.381	 -0.678	 -0.99	 0.377614	 -0.672483	 -0.975174	 0.37402	 -0.666552	 -0.96056	 0.370376	 -0.660507	 -0.946003	 0.366921	 -0.654859	 -0.931244	 0.363567	 -0.649425	 -0.916379	 1.49265	 1.49256	 1.49271	 1.4925	 1.49279	 
8.9	 0.381	 -0.678	 -0.99	 0.377219	 -0.67238	 -0.975168	 0.373865	 -0.66645	 -0.960356	 0.3706	 -0.660445	 -0.945552	 0.366937	 -0.65473	 -0.930729	 0.363092	 -0.649165	 -0.915892	 1.51207	 1.51198	 1.51211	 1.51192	 1.51218	 
8.91	 0.381	 -0.678	 -0.99	 0.377213	 -0.671998	 -0.975179	 0.373795	 -0.66628	 -0.960157	 0.370469	 -0.660645	 -0.945083	 0.366789	 -0.654733	 -0.9302	 0.36293	 -0.648673	 -0.915419	 1.53151	 1.53142	 1.53157	 1.53137	 1.53165	 
8.92	 0.381	 -0.678	 -0.99	 0.37753	 -0.671866	 -0.975012	 0.373807	 -0.666181	 -0.959908	 0.370036	 -0.660602	 -0.944776	 0.36649	 -0.654602	 -0.929752	 0.363042	 -0.648398	 -0.914786	 1.55124	 1.55116	 1.55129	 1.55111	 1.55138	 
8.93	 0.381	 -0.678	 -0.99	 0.377636	 -0.67211	 -0.974744	 0.373781	 -0.666168	 -0.959625	 0.3698	 -0.660204	 -0.944547	 0.366279	 -0.654293	 -0.929335	 0.362997	 -0.648419	 -0.914053	 1.57155	 1.57148	 1.57163	 1.57145	 1.57173	 
8.94	 0.381	 -0.678	 -0.99	 0.37735	 -0.67231	 -0.974581	 0.373657	 -0.666132	 -0.959362	 0.36994	 -0.659845	 -0.944192	 0.366263	 -0.654007	 -0.928836	 0.362625	 -0.648381	 -0.913389	 1.59277	 1.5927	 1.59285	 1.59269	 1.59296	 
8.95	 0.381	 -0.678	 -0.99	 0.377037	 -0.672129	 -0.974566	 0.373518	 -0.666008	 -0.959122	 0.370113	 -0.659829	 -0.943675	 0.366279	 -0.653876	 -0.92824	 0.362225	 -0.648035	 -0.912817	 1.61496	 1.61489	 1.61506	 1.61491	 1.6152	 
8.96	 0.381	 -0.678	 -0.99	 0.377054	 -0.671765	 -0.974538	 0.373469	 -0.665841	 -0.958867	 0.369975	 -0.659975	 -0.943153	 0.366134	 -0.65382	 -0.927632	 0.362117	 -0.647542	 -0.912204	 1.63794	 1.63788	 1.63804	 1.63789	 1.63817	 
8.97	 0.381	 -0.678	 -0.99	 0.377326	 -0.671624	 -0.974359	 0.373488	 -0.665711	 -0.958576	 0.3696	 -0.659913	 -0.942761	 0.365872	 -0.653677	 -0.927077	 0.362233	 -0.647221	 -0.911459	 1.66123	 1.66116	 1.66131	 1.66114	 1.66142	 
8.98	 0.381	 -0.678	 -0.99	 0.377491	 -0.671794	 -0.974087	 0.373474	 -0.66566	 -0.958267	 0.369343	 -0.65956	 -0.942463	 0.365686	 -0.653387	 -0.926572	 0.362254	 -0.647163	 -0.910649	 1.68418	 1.68409	 1.6842	 1.68402	 1.68429	 
8.99	 0.381	 -0.678	 -0.99	 0.377332	 -0.672005	 -0.973884	 0.373396	 -0.665635	 -0.957978	 0.3694	 -0.659169	 -0.942125	 0.365653	 -0.653068	 -0.926069	 0.362025	 -0.647156	 -0.909913	 1.70616	 1.70605	 1.70615	 1.70594	 1.70621	 
9	 0.381	 -0.678	 -0.99	 0.377014	 -0.671993	 -0.973816	 0.373291	 -0.665551	 -0.957736	 0.369616	 -0.659008	 -0.941687	 0.365699	 -0.652878	 -0.925533	 0.361682	 -0.646951	 -0.909327	 1.72686	 1.72676	 1.72684	 1.72662	 1.72686	 
9.01	 0.381	 -0.678	 -0.99	 0.37686	 -0.67173	 -0.973813	 0.373217	 -0.665414	 -0.957526	 0.369696	 -0.659095	 -0.941212	 0.3657	 -0.652814	 -0.924994	 0.361468	 -0.646543	 -0.908831	 1.74634	 1.74624	 1.74633	 1.74611	 1.74635	 
9.02	 0.381	 -0.678	 -0.99	 0.376984	 -0.671441	 -0.973761	 0.373217	 -0.665283	 -0.957306	 0.369517	 -0.659207	 -0.940806	 0.365575	 -0.652755	 -0.924507	 0.361504	 -0.646137	 -0.908305	 1.76502	 1.76493	 1.76503	 1.76482	 1.76506	 
9.03	 0.381	 -0.678	 -0.99	 0.377239	 -0.671374	 -0.973593	 0.373259	 -0.665193	 -0.957065	 0.369218	 -0.659115	 -0.940512	 0.365387	 -0.652614	 -0.924072	 0.361668	 -0.645906	 -0.907688	 1.78346	 1.78338	 1.7835	 1.78331	 1.78356	 
9.04	 0.381	 -0.678	 -0.99	 0.377387	 -0.671535	 -0.973361	 0.373267	 -0.665155	 -0.956807	 0.369033	 -0.658806	 -0.94027	 0.365272	 -0.652366	 -0.923655	 0.361734	 -0.645866	 -0.907012	 1.80217	 1.8021	 1.80222	 1.80205	 1.80231	 
9.05	 0.381	 -0.678	 -0.99	 0.377283	 -0.671728	 -0.973172	 0.373224	 -0.665135	 -0.956548	 0.369088	 -0.658455	 -0.939976	 0.365271	 -0.652083	 -0.92321	 0.361607	 -0.645871	 -0.906347	 1.82138	 1.8213	 1.82143	 1.82127	 1.82154	 
9.06	 0.381	 -0.678	 -0.99	 0.377018	 -0.671774	 -0.973075	 0.37315	 -0.665066	 -0.956309	 0.369295	 -0.658249	 -0.939583	 0.365343	 -0.651886	 -0.922703	 0.361362	 -0.645738	 -0.905748	 1.84099	 1.84091	 1.84103	 1.84087	 1.84113	 
9.07	 0.381	 -0.678	 -0.99	 0.376816	 -0.671601	 -0.973047	 0.37308	 -0.664951	 -0.956086	 0.369459	 -0.65825	 -0.93912	 0.365415	 -0.651786	 -0.922159	 0.361158	 -0.645431	 -0.905206	 1.86062	 1.86054	 1.86066	 1.86048	 1.86073	 
9.08	 0.381	 -0.678	 -0.99	 0.376806	 -0.671323	 -0.973018	 0.373071	 -0.664826	 -0.95586	 0.369449	 -0.658358	 -0.938666	 0.365396	 -0.651731	 -0.921632	 0.361134	 -0.645045	 -0.90467	 1.87979	 1.87971	 1.87982	 1.87962	 1.87985	 
9.09	 0.381	 -0.678	 -0.99	 0.376986	 -0.671134	 -0.972917	 0.373115	 -0.664712	 -0.955631	 0.369274	 -0.658402	 -0.938295	 0.365304	 -0.651665	 -0.921152	 0.361279	 -0.644717	 -0.904105	 1.89804	 1.89795	 1.89805	 1.89783	 1.89807	 
9.1	 0.381	 -0.678	 -0.99	 0.377228	 -0.671113	 -0.972747	 0.373169	 -0.66465	 -0.955397	 0.369058	 -0.658284	 -0.938022	 0.365213	 -0.651518	 -0.920739	 0.361478	 -0.644559	 -0.903508	 1.91508	 1.91498	 1.91505	 1.91484	 1.91507	 
9.11	 0.381	 -0.678	 -0.99	 0.377352	 -0.671251	 -0.972554	 0.373213	 -0.664625	 -0.95517	 0.368956	 -0.658023	 -0.937806	 0.36517	 -0.651311	 -0.920377	 0.361616	 -0.644551	 -0.902916	 1.93076	 1.93064	 1.93072	 1.93049	 1.93073	 
9.12	 0.381	 -0.678	 -0.99	 0.377306	 -0.671441	 -0.972388	 0.373214	 -0.664608	 -0.95497	 0.36903	 -0.65773	 -0.937592	 0.365228	 -0.651106	 -0.920029	 0.361612	 -0.644584	 -0.902388	 1.94511	 1.94499	 1.94506	 1.94484	 1.94506	 
9.13	 0.381	 -0.678	 -0.99	 0.377128	 -0.671528	 -0.9723	 0.373191	 -0.66459	 -0.954793	 0.369246	 -0.657539	 -0.937333	 0.365362	 -0.650936	 -0.919686	 0.361501	 -0.644555	 -0.901951	 1.95825	 1.95813	 1.95821	 1.95798	 1.95821	 
9.14	 0.381	 -0.678	 -0.99	 0.376929	 -0.671468	 -0.97228	 0.37318	 -0.664532	 -0.954644	 0.369493	 -0.657503	 -0.937031	 0.365505	 -0.650855	 -0.919337	 0.361392	 -0.64439	 -0.901602	 1.97037	 1.97027	 1.97035	 1.97012	 1.97034	 
9.15	 0.381	 -0.678	 -0.99	 0.376847	 -0.671278	 -0.972289	 0.373187	 -0.664447	 -0.954511	 0.369646	 -0.657594	 -0.936718	 0.365628	 -0.650835	 -0.918991	 0.361379	 -0.644119	 -0.901301	 1.9817	 1.98162	 1.98171	 1.98148	 1.98171	 
9.16	 0.381	 -0.678	 -0.99	 0.376915	 -0.671048	 -0.972284	 0.373239	 -0.66436	 -0.954378	 0.369656	 -0.657715	 -0.936436	 0.365681	 -0.650823	 -0.918673	 0.361521	 -0.643834	 -0.900989	 1.99252	 1.99245	 1.99254	 1.99233	 1.99254	 
9.17	 0.381	 -0.678	 -0.99	 0.377109	 -0.670909	 -0.972219	 0.37332	 -0.664276	 -0.954241	 0.36955	 -0.657758	 -0.936217	 0.365685	 -0.650795	 -0.91838	 0.36178	 -0.643614	 -0.900638	 2.00305	 2.00297	 2.00308	 2.00287	 2.0031	 
9.18	 0.381	 -0.678	 -0.99	 0.377339	 -0.6709	 -0.972099	 0.373403	 -0.664237	 -0.954089	 0.369419	 -0.657673	 -0.936053	 0.365689	 -0.650696	 -0.918119	 0.362062	 -0.643526	 -0.900238	 2.01346	 2.01338	 2.01348	 2.01329	 2.01351	 
9.19	 0.381	 -0.678	 -0.99	 0.377481	 -0.671024	 -0.971948	 0.373485	 -0.664228	 -0.953927	 0.369371	 -0.657471	 -0.935917	 0.365718	 -0.650546	 -0.917873	 0.362292	 -0.643541	 -0.899814	 2.02379	 2.0237	 2.02381	 2.02361	 2.02386	 
9.2	 0.381	 -0.678	 -0.99	 0.3775	 -0.671204	 -0.971803	 0.37353	 -0.66423	 -0.953771	 0.369457	 -0.657225	 -0.935773	 0.365828	 -0.650379	 -0.917622	 0.362404	 -0.643592	 -0.899406	 2.03399	 2.03388	 2.03397	 2.03379	 2.03402	 
9.21	 0.381	 -0.678	 -0.99	 0.377387	 -0.671323	 -0.97171	 0.373554	 -0.66423	 -0.953624	 0.369671	 -0.657027	 -0.935591	 0.365997	 -0.650222	 -0.917363	 0.362425	 -0.643616	 -0.89904	 2.04387	 2.04375	 2.04385	 2.04365	 2.04389	 
9.22	 0.381	 -0.678	 -0.99	 0.377214	 -0.671339	 -0.971673	 0.373566	 -0.664188	 -0.953503	 0.369943	 -0.656934	 -0.93537	 0.366198	 -0.650137	 -0.917085	 0.36241	 -0.643545	 -0.898734	 2.05325	 2.05315	 2.05323	 2.05303	 2.05323	 
9.23	 0.381	 -0.678	 -0.99	 0.377088	 -0.671221	 -0.97168	 0.373584	 -0.664131	 -0.953397	 0.370186	 -0.656968	 -0.935121	 0.366401	 -0.650102	 -0.916809	 0.362423	 -0.643381	 -0.898482	 2.06194	 2.06184	 2.06194	 2.06171	 2.06193	 
9.24	 0.381	 -0.678	 -0.99	 0.377061	 -0.671035	 -0.9717	 0.373646	 -0.664064	 -0.953298	 0.370341	 -0.657084	 -0.934878	 0.366548	 -0.65011	 -0.916552	 0.362537	 -0.643151	 -0.898266	 2.06978	 2.06969	 2.06977	 2.06954	 2.06974	 
9.25	 0.381	 -0.678	 -0.99	 0.377176	 -0.670855	 -0.971696	 0.373731	 -0.663995	 -0.95321	 0.370378	 -0.657205	 -0.93468	 0.366659	 -0.650133	 -0.916328	 0.362762	 -0.642923	 -0.898065	 2.07656	 2.07647	 2.07656	 2.07631	 2.07653	 
9.26	 0.381	 -0.678	 -0.99	 0.377376	 -0.670732	 -0.971664	 0.373842	 -0.66395	 -0.953126	 0.370331	 -0.657264	 -0.934548	 0.366732	 -0.650122	 -0.916159	 0.363085	 -0.642783	 -0.897857	 2.08212	 2.08203	 2.0821	 2.08185	 2.08205	 
9.27	 0.381	 -0.678	 -0.99	 0.377595	 -0.67074	 -0.971589	 0.37396	 -0.663922	 -0.953054	 0.370268	 -0.657216	 -0.934489	 0.366799	 -0.650085	 -0.916041	 0.363439	 -0.642744	 -0.897655	 2.08629	 2.08617	 2.08625	 2.08598	 2.0862	 
9.28	 0.381	 -0.678	 -0.99	 0.377771	 -0.670849	 -0.971496	 0.374063	 -0.663937	 -0.952991	 0.370259	 -0.657081	 -0.934484	 0.366904	 -0.650001	 -0.915977	 0.363743	 -0.642815	 -0.897476	 2.08897	 2.08885	 2.08889	 2.08864	 2.08884	 
9.29	 0.381	 -0.678	 -0.99	 0.377826	 -0.671023	 -0.971411	 0.374156	 -0.663972	 -0.952943	 0.370363	 -0.656903	 -0.934506	 0.367047	 -0.649907	 -0.915952	 0.363966	 -0.642945	 -0.897343	 2.09015	 2.09001	 2.09006	 2.0898	 2.09002	 
9.3	 0.381	 -0.678	 -0.99	 0.377774	 -0.671187	 -0.971361	 0.374213	 -0.664006	 -0.952924	 0.370579	 -0.656751	 -0.934529	 0.367261	 -0.649839	 -0.915945	 0.364088	 -0.643073	 -0.897281	 2.08992	 2.08978	 2.08982	 2.08957	 2.08976	 
9.31	 0.381	 -0.678	 -0.99	 0.377637	 -0.671257	 -0.971371	 0.374258	 -0.664033	 -0.952927	 0.370874	 -0.656688	 -0.934531	 0.367509	 -0.649807	 -0.915956	 0.364156	 -0.643155	 -0.897293	 2.08837	 2.08823	 2.08829	 2.08803	 2.08824	 
9.32	 0.381	 -0.678	 -0.99	 0.377496	 -0.671226	 -0.971428	 0.374304	 -0.664025	 -0.952961	 0.371178	 -0.656739	 -0.934515	 0.367762	 -0.649853	 -0.91597	 0.364222	 -0.643146	 -0.897381	 2.08565	 2.08553	 2.08558	 2.08532	 2.08551	 
9.33	 0.381	 -0.678	 -0.99	 0.377436	 -0.671087	 -0.971518	 0.374364	 -0.664014	 -0.953009	 0.371415	 -0.656899	 -0.934495	 0.367994	 -0.649942	 -0.916005	 0.364342	 -0.643069	 -0.897526	 2.08178	 2.08167	 2.08176	 2.08147	 2.08167	 
9.34	 0.381	 -0.678	 -0.99	 0.377486	 -0.670919	 -0.971608	 0.374464	 -0.663998	 -0.953068	 0.371543	 -0.657108	 -0.934501	 0.368159	 -0.650066	 -0.916071	 0.36457	 -0.642963	 -0.897703	 2.07679	 2.07669	 2.07676	 2.07649	 2.07667	 
9.35	 0.381	 -0.678	 -0.99	 0.377666	 -0.67079	 -0.971669	 0.374578	 -0.663989	 -0.95314	 0.371554	 -0.657287	 -0.934564	 0.368287	 -0.65019	 -0.91618	 0.364896	 -0.642903	 -0.89789	 2.07057	 2.07046	 2.07054	 2.07025	 2.07045	 
9.36	 0.381	 -0.678	 -0.99	 0.377901	 -0.670752	 -0.971696	 0.374712	 -0.664011	 -0.953217	 0.371504	 -0.657375	 -0.934701	 0.36838	 -0.650268	 -0.91635	 0.365289	 -0.642953	 -0.898073	 2.06303	 2.06291	 2.06297	 2.06269	 2.06287	 
9.37	 0.381	 -0.678	 -0.99	 0.378118	 -0.670858	 -0.971684	 0.374843	 -0.664056	 -0.953305	 0.371476	 -0.657347	 -0.934909	 0.368483	 -0.650313	 -0.916571	 0.365669	 -0.643112	 -0.898268	 2.05406	 2.05391	 2.05398	 2.05369	 2.05389	 
9.38	 0.381	 -0.678	 -0.99	 0.378243	 -0.671052	 -0.971664	 0.37495	 -0.664143	 -0.953403	 0.371544	 -0.657244	 -0.935159	 0.368638	 -0.650311	 -0.916843	 0.365956	 -0.643363	 -0.898497	 2.04364	 2.04349	 2.04353	 2.04325	 2.04344	 
9.39	 0.381	 -0.678	 -0.99	 0.378215	 -0.671266	 -0.971672	 0.375034	 -0.664235	 -0.953522	 0.371751	 -0.657135	 -0.935417	 0.368844	 -0.650317	 -0.917142	 0.366131	 -0.643633	 -0.898786	 2.03183	 2.03167	 2.03173	 2.03143	 2.03164	 
9.4	 0.381	 -0.678	 -0.99	 0.378081	 -0.671403	 -0.971735	 0.375079	 -0.664306	 -0.953673	 0.372061	 -0.657106	 -0.935655	 0.369116	 -0.650371	 -0.917447	 0.366204	 -0.643846	 -0.899156	 2.01882	 2.01868	 2.01873	 2.01844	 2.01862	 
9.41	 0.381	 -0.678	 -0.99	 0.377914	 -0.671388	 -0.971867	 0.375122	 -0.664356	 -0.953845	 0.372397	 -0.657217	 -0.935855	 0.369393	 -0.650484	 -0.917755	 0.36626	 -0.643958	 -0.8996	 2.00489	 2.00476	 2.00484	 2.00454	 2.00474	 
9.42	 0.381	 -0.678	 -0.99	 0.377831	 -0.671257	 -0.972032	 0.375185	 -0.664369	 -0.954036	 0.372652	 -0.657455	 -0.936033	 0.369627	 -0.650674	 -0.918057	 0.366381	 -0.643953	 -0.900096	 1.99041	 1.9903	 1.99039	 1.9901	 1.99028	 
9.43	 0.381	 -0.678	 -0.99	 0.377917	 -0.671073	 -0.972193	 0.375276	 -0.664382	 -0.954226	 0.372748	 -0.657744	 -0.936222	 0.369793	 -0.650881	 -0.91837	 0.366621	 -0.643918	 -0.900593	 1.97569	 1.97559	 1.97571	 1.97542	 1.97562	 
9.44	 0.381	 -0.678	 -0.99	 0.378138	 -0.670963	 -0.972304	 0.375408	 -0.664413	 -0.954403	 0.372701	 -0.657967	 -0.936459	 0.36987	 -0.651062	 -0.918709	 0.366985	 -0.64395	 -0.901047	 1.96097	 1.96087	 1.96098	 1.96071	 1.96091	 
9.45	 0.381	 -0.678	 -0.99	 0.378412	 -0.671023	 -0.972344	 0.375538	 -0.664474	 -0.954569	 0.372599	 -0.658036	 -0.936763	 0.369926	 -0.651183	 -0.919073	 0.367374	 -0.644118	 -0.901447	 1.94622	 1.94611	 1.94623	 1.94595	 1.94618	 
9.46	 0.381	 -0.678	 -0.99	 0.378587	 -0.671226	 -0.972346	 0.375644	 -0.664583	 -0.954724	 0.372582	 -0.657962	 -0.937113	 0.370015	 -0.651223	 -0.919471	 0.367675	 -0.644432	 -0.901814	 1.93127	 1.93114	 1.93123	 1.93097	 1.93117	 
9.47	 0.381	 -0.678	 -0.99	 0.378563	 -0.671488	 -0.972361	 0.375709	 -0.664695	 -0.954893	 0.372743	 -0.657841	 -0.937466	 0.370177	 -0.651253	 -0.919876	 0.367817	 -0.644786	 -0.902211	 1.91572	 1.91558	 1.91567	 1.91538	 1.91561	 
9.48	 0.381	 -0.678	 -0.99	 0.378386	 -0.671649	 -0.972444	 0.375724	 -0.66479	 -0.955089	 0.373055	 -0.657823	 -0.937777	 0.370423	 -0.651331	 -0.920278	 0.367808	 -0.645058	 -0.902696	 1.89924	 1.8991	 1.89917	 1.89887	 1.89907	 
9.49	 0.381	 -0.678	 -0.99	 0.378179	 -0.671608	 -0.972617	 0.375739	 -0.664853	 -0.955314	 0.373386	 -0.658001	 -0.938037	 0.370669	 -0.651497	 -0.920681	 0.367782	 -0.645176	 -0.903284	 1.88154	 1.8814	 1.88149	 1.88115	 1.88136	 
9.5	 0.381	 -0.678	 -0.99	 0.378125	 -0.671424	 -0.972829	 0.375789	 -0.664874	 -0.955568	 0.373568	 -0.658333	 -0.938288	 0.370842	 -0.651759	 -0.921095	 0.367883	 -0.645168	 -0.903946	 1.86256	 1.86243	 1.86251	 1.86218	 1.86236	 
9.51	 0.381	 -0.678	 -0.99	 0.378309	 -0.671243	 -0.973014	 0.375881	 -0.664905	 -0.955829	 0.373526	 -0.658665	 -0.938598	 0.370916	 -0.652024	 -0.921556	 0.368167	 -0.645193	 -0.90461	 1.84241	 1.84227	 1.84236	 1.84203	 1.84223	 
9.52	 0.381	 -0.678	 -0.99	 0.37861	 -0.671251	 -0.973117	 0.37601	 -0.664986	 -0.956079	 0.373361	 -0.658827	 -0.93901	 0.370911	 -0.652215	 -0.922084	 0.368558	 -0.645396	 -0.905225	 1.82131	 1.82117	 1.82126	 1.82093	 1.82113	 
9.53	 0.381	 -0.678	 -0.99	 0.378816	 -0.671501	 -0.973146	 0.376112	 -0.665119	 -0.956324	 0.373281	 -0.658778	 -0.939506	 0.370945	 -0.652323	 -0.922658	 0.368856	 -0.645797	 -0.905803	 1.79948	 1.79934	 1.79944	 1.79912	 1.79934	 
9.54	 0.381	 -0.678	 -0.99	 0.378765	 -0.671813	 -0.973193	 0.376144	 -0.665283	 -0.956574	 0.373442	 -0.658675	 -0.939998	 0.371097	 -0.652395	 -0.923244	 0.368916	 -0.646271	 -0.906408	 1.77711	 1.77698	 1.77707	 1.77676	 1.77697	 
9.55	 0.381	 -0.678	 -0.99	 0.378498	 -0.67195	 -0.973343	 0.376133	 -0.665411	 -0.956852	 0.373793	 -0.658748	 -0.940407	 0.371324	 -0.652554	 -0.923801	 0.368804	 -0.646601	 -0.907112	 1.75422	 1.75408	 1.75419	 1.75386	 1.75409	 
9.56	 0.381	 -0.678	 -0.99	 0.378303	 -0.671819	 -0.973589	 0.376129	 -0.665467	 -0.957166	 0.374073	 -0.659084	 -0.940739	 0.371523	 -0.652855	 -0.924325	 0.368741	 -0.646695	 -0.907921	 1.73072	 1.73059	 1.73068	 1.73036	 1.73057	 
9.57	 0.381	 -0.678	 -0.99	 0.378415	 -0.671578	 -0.973836	 0.376189	 -0.665507	 -0.957486	 0.374061	 -0.659518	 -0.941092	 0.371585	 -0.653195	 -0.924875	 0.368924	 -0.646713	 -0.908748	 1.70648	 1.70634	 1.70645	 1.70611	 1.70634	 
9.58	 0.381	 -0.678	 -0.99	 0.378749	 -0.67155	 -0.973976	 0.376312	 -0.665595	 -0.95779	 0.373829	 -0.659747	 -0.941571	 0.371523	 -0.653437	 -0.925502	 0.369303	 -0.64691	 -0.909506	 1.6815	 1.68136	 1.68145	 1.68112	 1.68133	 
9.59	 0.381	 -0.678	 -0.99	 0.378969	 -0.671849	 -0.974011	 0.376405	 -0.665749	 -0.958081	 0.373706	 -0.65967	 -0.942164	 0.371513	 -0.653536	 -0.926193	 0.369578	 -0.647363	 -0.910202	 1.6559	 1.65575	 1.65587	 1.65552	 1.65575	 
9.6	 0.381	 -0.678	 -0.99	 0.378823	 -0.672186	 -0.974087	 0.376401	 -0.665919	 -0.958384	 0.373927	 -0.659549	 -0.942729	 0.371677	 -0.653602	 -0.926879	 0.369533	 -0.647855	 -0.910937	 1.63008	 1.62994	 1.63005	 1.62972	 1.62993	 
9.61	 0.381	 -0.678	 -0.99	 0.378491	 -0.672196	 -0.974314	 0.376355	 -0.666015	 -0.958717	 0.374311	 -0.659732	 -0.943148	 0.371912	 -0.65381	 -0.927491	 0.369339	 -0.648083	 -0.911788	 1.60448	 1.60436	 1.60451	 1.60418	 1.60441	 
9.62	 0.381	 -0.678	 -0.99	 0.378438	 -0.671917	 -0.974606	 0.376374	 -0.666032	 -0.959063	 0.374421	 -0.660195	 -0.943485	 0.372006	 -0.654172	 -0.928047	 0.369371	 -0.64806	 -0.912677	 1.57958	 1.57946	 1.57961	 1.57931	 1.57954	 
9.63	 0.381	 -0.678	 -0.99	 0.378785	 -0.671795	 -0.974774	 0.376476	 -0.666088	 -0.959368	 0.37415	 -0.660516	 -0.943915	 0.371911	 -0.654468	 -0.928631	 0.369708	 -0.648172	 -0.91344	 1.55552	 1.5554	 1.55557	 1.55527	 1.55553	 
9.64	 0.381	 -0.678	 -0.99	 0.379054	 -0.672094	 -0.974784	 0.376558	 -0.666259	 -0.959622	 0.373939	 -0.66044	 -0.944474	 0.371832	 -0.654558	 -0.929273	 0.369969	 -0.648646	 -0.914049	 1.53219	 1.53207	 1.53223	 1.53194	 1.53217	 
9.65	 0.381	 -0.678	 -0.99	 0.378836	 -0.672461	 -0.974839	 0.376524	 -0.666446	 -0.959883	 0.374169	 -0.660308	 -0.944982	 0.371958	 -0.654621	 -0.929885	 0.369829	 -0.64917	 -0.914687	 1.50917	 1.50905	 1.50921	 1.50889	 1.50914	 
9.66	 0.381	 -0.678	 -0.99	 0.378475	 -0.67239	 -0.975085	 0.376445	 -0.66652	 -0.960196	 0.374528	 -0.66059	 -0.945315	 0.372154	 -0.654898	 -0.930409	 0.369561	 -0.649323	 -0.915493	 1.48603	 1.48589	 1.48601	 1.48569	 1.48592	 
9.67	 0.381	 -0.678	 -0.99	 0.378584	 -0.672066	 -0.975362	 0.376471	 -0.666531	 -0.960524	 0.374445	 -0.6611	 -0.945635	 0.372133	 -0.655287	 -0.930935	 0.369666	 -0.649277	 -0.916338	 1.4624	 1.46224	 1.46237	 1.46203	 1.46229	 
9.68	 0.381	 -0.678	 -0.99	 0.379001	 -0.672141	 -0.975442	 0.376581	 -0.666642	 -0.960809	 0.374071	 -0.661225	 -0.946159	 0.371954	 -0.655476	 -0.931576	 0.370024	 -0.649565	 -0.917031	 1.43829	 1.43815	 1.43826	 1.43793	 1.43816	 
9.69	 0.381	 -0.678	 -0.99	 0.378979	 -0.672592	 -0.975443	 0.376589	 -0.66684	 -0.961076	 0.374103	 -0.661	 -0.94676	 0.371968	 -0.655486	 -0.932261	 0.370022	 -0.650147	 -0.91767	 1.41401	 1.41388	 1.41403	 1.41367	 1.41392	 
9.7	 0.381	 -0.678	 -0.99	 0.378547	 -0.672666	 -0.975652	 0.376488	 -0.666943	 -0.961393	 0.374516	 -0.661129	 -0.947158	 0.372181	 -0.655676	 -0.932837	 0.369675	 -0.650402	 -0.918476	 1.39009	 1.38996	 1.39011	 1.38979	 1.39002	 
9.71	 0.381	 -0.678	 -0.99	 0.378554	 -0.672298	 -0.975959	 0.376483	 -0.666936	 -0.961726	 0.374511	 -0.661665	 -0.947444	 0.372188	 -0.656068	 -0.933342	 0.369678	 -0.650297	 -0.91934	 1.36699	 1.36685	 1.36702	 1.36672	 1.367	 
9.72	 0.381	 -0.678	 -0.99	 0.379005	 -0.672335	 -0.97603	 0.376589	 -0.667027	 -0.961987	 0.374082	 -0.661808	 -0.947926	 0.371966	 -0.656254	 -0.933931	 0.370036	 -0.650529	 -0.919976	 1.34502	 1.34491	 1.34509	 1.3448	 1.34506	 
9.73	 0.381	 -0.678	 -0.99	 0.378944	 -0.672808	 -0.976003	 0.376575	 -0.667224	 -0.962208	 0.374127	 -0.661535	 -0.948469	 0.371972	 -0.656221	 -0.934534	 0.36997	 -0.651109	 -0.920499	 1.3243	 1.32421	 1.3244	 1.3241	 1.32437	 
9.74	 0.381	 -0.678	 -0.99	 0.378483	 -0.672776	 -0.97623	 0.376455	 -0.667291	 -0.962481	 0.374538	 -0.661738	 -0.948742	 0.372165	 -0.65643	 -0.934979	 0.369571	 -0.651259	 -0.921203	 1.30478	 1.30467	 1.30485	 1.30457	 1.30484	 
9.75	 0.381	 -0.678	 -0.99	 0.378653	 -0.6724	 -0.976481	 0.37648	 -0.667269	 -0.96275	 0.374346	 -0.662263	 -0.948965	 0.372052	 -0.656809	 -0.93538	 0.369679	 -0.651119	 -0.921903	 1.28625	 1.28612	 1.2863	 1.28602	 1.28631	 
9.76	 0.381	 -0.678	 -0.99	 0.37905	 -0.672661	 -0.97644	 0.376557	 -0.667403	 -0.962938	 0.373934	 -0.662176	 -0.949447	 0.371819	 -0.656867	 -0.935902	 0.369959	 -0.651501	 -0.922339	 1.26853	 1.26843	 1.26861	 1.2683	 1.26858	 
9.77	 0.381	 -0.678	 -0.99	 0.378696	 -0.673039	 -0.976472	 0.376448	 -0.667567	 -0.963134	 0.374223	 -0.661967	 -0.949844	 0.371939	 -0.656846	 -0.936375	 0.369621	 -0.651975	 -0.922816	 1.2516	 1.25149	 1.25167	 1.25136	 1.25163	 
9.78	 0.381	 -0.678	 -0.99	 0.378431	 -0.672686	 -0.976771	 0.376362	 -0.667545	 -0.963388	 0.374423	 -0.662436	 -0.949973	 0.372014	 -0.657171	 -0.936696	 0.369356	 -0.651844	 -0.92349	 1.23547	 1.23533	 1.23551	 1.23522	 1.23552	 
9.79	 0.381	 -0.678	 -0.99	 0.378897	 -0.672575	 -0.976843	 0.376459	 -0.667575	 -0.963578	 0.373932	 -0.662677	 -0.950289	 0.371723	 -0.657384	 -0.937098	 0.369682	 -0.651896	 -0.923957	 1.22026	 1.22014	 1.22032	 1.22003	 1.22031	 
9.8	 0.381	 -0.678	 -0.99	 0.378853	 -0.673086	 -0.976751	 0.376425	 -0.667756	 -0.963714	 0.373914	 -0.662325	 -0.950733	 0.37167	 -0.657282	 -0.93755	 0.36958	 -0.652437	 -0.924266	 1.20617	 1.20608	 1.20628	 1.20598	 1.20626	 
9.81	 0.381	 -0.678	 -0.99	 0.378371	 -0.672959	 -0.976977	 0.376273	 -0.66777	 -0.963917	 0.374303	 -0.662551	 -0.950848	 0.371835	 -0.657466	 -0.937813	 0.369115	 -0.652443	 -0.924801	 1.19348	 1.19337	 1.19356	 1.1933	 1.19359	 
9.82	 0.381	 -0.678	 -0.99	 0.378709	 -0.672611	 -0.977134	 0.376323	 -0.667722	 -0.964087	 0.373919	 -0.66297	 -0.950992	 0.371598	 -0.657743	 -0.938066	 0.369311	 -0.652261	 -0.925238	 1.18229	 1.18217	 1.18238	 1.18212	 1.18244	 
9.83	 0.381	 -0.678	 -0.99	 0.378901	 -0.673061	 -0.976991	 0.376336	 -0.667877	 -0.964163	 0.37366	 -0.662634	 -0.951379	 0.371413	 -0.657619	 -0.938425	 0.36938	 -0.652719	 -0.925389	 1.17266	 1.17257	 1.17278	 1.17252	 1.1728	 
9.84	 0.381	 -0.678	 -0.99	 0.378359	 -0.673117	 -0.977127	 0.376158	 -0.667929	 -0.964291	 0.374075	 -0.662654	 -0.951469	 0.371573	 -0.657667	 -0.938609	 0.368851	 -0.652844	 -0.925729	 1.16455	 1.16444	 1.16466	 1.1644	 1.16471	 
9.85	 0.381	 -0.678	 -0.99	 0.378538	 -0.672668	 -0.977319	 0.376162	 -0.667842	 -0.964422	 0.37381	 -0.663133	 -0.951476	 0.371379	 -0.657956	 -0.938727	 0.368905	 -0.652549	 -0.92608	 1.15776	 1.15765	 1.15783	 1.1576	 1.15789	 
9.86	 0.381	 -0.678	 -0.99	 0.378856	 -0.673029	 -0.977158	 0.376205	 -0.667952	 -0.964453	 0.373417	 -0.662847	 -0.951786	 0.371108	 -0.657846	 -0.938986	 0.369061	 -0.652899	 -0.926117	 1.15203	 1.15194	 1.15214	 1.15186	 1.15216	 
9.87	 0.381	 -0.678	 -0.99	 0.378329	 -0.67321	 -0.977222	 0.376029	 -0.668018	 -0.964529	 0.373811	 -0.662728	 -0.951861	 0.37125	 -0.65781	 -0.93911	 0.368525	 -0.653084	 -0.926319	 1.14726	 1.14716	 1.14734	 1.14707	 1.14736	 
9.88	 0.381	 -0.678	 -0.99	 0.378402	 -0.672728	 -0.977425	 0.375995	 -0.667907	 -0.964634	 0.373637	 -0.66321	 -0.951787	 0.371102	 -0.658081	 -0.939142	 0.368475	 -0.65272	 -0.926611	 1.14342	 1.1433	 1.14348	 1.14323	 1.14355	 
9.89	 0.381	 -0.678	 -0.99	 0.378789	 -0.673004	 -0.97726	 0.376044	 -0.667979	 -0.964635	 0.373169	 -0.66296	 -0.952037	 0.370792	 -0.657961	 -0.939328	 0.368671	 -0.65296	 -0.926574	 1.1407	 1.14062	 1.14081	 1.14055	 1.14085	 
9.9	 0.381	 -0.678	 -0.99	 0.37829	 -0.673242	 -0.977273	 0.375867	 -0.668043	 -0.964662	 0.373524	 -0.662733	 -0.952081	 0.370907	 -0.657835	 -0.939389	 0.368141	 -0.653153	 -0.926644	 1.13953	 1.13944	 1.13965	 1.1394	 1.13971	 
9.91	 0.381	 -0.678	 -0.99	 0.378278	 -0.672744	 -0.977468	 0.375806	 -0.667916	 -0.964715	 0.373409	 -0.663187	 -0.951908	 0.370773	 -0.65806	 -0.939305	 0.368	 -0.652737	 -0.926811	 1.14026	 1.14016	 1.14037	 1.14017	 1.1405	 
9.92	 0.381	 -0.678	 -0.99	 0.378692	 -0.672945	 -0.977283	 0.375854	 -0.667954	 -0.964648	 0.372884	 -0.662972	 -0.952039	 0.370409	 -0.657935	 -0.939346	 0.368192	 -0.652879	 -0.926611	 1.14313	 1.14307	 1.1433	 1.14309	 1.1434	 
9.93	 0.381	 -0.678	 -0.99	 0.378227	 -0.673239	 -0.977226	 0.375678	 -0.668011	 -0.964588	 0.373176	 -0.662661	 -0.951992	 0.370465	 -0.65775	 -0.939261	 0.367658	 -0.653079	 -0.926459	 1.14821	 1.14814	 1.14837	 1.14817	 1.1485	 
9.94	 0.381	 -0.678	 -0.99	 0.378119	 -0.672756	 -0.977389	 0.375582	 -0.667869	 -0.964564	 0.373123	 -0.663074	 -0.951687	 0.370345	 -0.65794	 -0.939008	 0.367408	 -0.652634	 -0.926434	 1.15526	 1.15518	 1.15539	 1.15521	 1.15553	 
9.95	 0.381	 -0.678	 -0.99	 0.378562	 -0.672854	 -0.977194	 0.37562	 -0.667866	 -0.964432	 0.372547	 -0.662928	 -0.95168	 0.369948	 -0.657834	 -0.938886	 0.3676	 -0.652648	 -0.926078	 1.16386	 1.16379	 1.16401	 1.16379	 1.16411	 
9.96	 0.381	 -0.678	 -0.99	 0.378189	 -0.673215	 -0.977061	 0.375453	 -0.667923	 -0.964305	 0.372738	 -0.662512	 -0.951593	 0.369949	 -0.657569	 -0.93871	 0.367124	 -0.652861	 -0.925744	 1.17362	 1.17354	 1.17373	 1.17351	 1.17381	 
9.97	 0.381	 -0.678	 -0.99	 0.377938	 -0.672777	 -0.977213	 0.375316	 -0.667774	 -0.964241	 0.372816	 -0.662827	 -0.951223	 0.369898	 -0.657671	 -0.938376	 0.366752	 -0.652412	 -0.925623	 1.18417	 1.18406	 1.18424	 1.18402	 1.18434	 
9.98	 0.381	 -0.678	 -0.99	 0.378388	 -0.672683	 -0.977071	 0.37536	 -0.667709	 -0.964097	 0.372235	 -0.662814	 -0.951114	 0.369497	 -0.657604	 -0.938169	 0.366949	 -0.652235	 -0.925247	 1.19532	 1.19523	 1.1954	 1.19518	 1.19547	 
9.99	 0.381	 -0.678	 -0.99	 0.378203	 -0.67311	 -0.976857	 0.375245	 -0.667772	 -0.963927	 0.372243	 -0.662312	 -0.951056	 0.369392	 -0.657276	 -0.937981	 0.366627	 -0.65247	 -0.924799	 1.2071	 1.20702	 1.2072	 1.20696	 1.20727	 
10	 0.381	 -0.678	 -0.99	 0.377769	 -0.672847	 -0.976968	 0.375063	 -0.667656	 -0.963832	 0.372482	 -0.662451	 -0.950675	 0.369412	 -0.65728	 -0.937612	 0.3661	 -0.652136	 -0.924595	 1.21968	 1.21958	 1.21975	 1.21955	 1.21984	 
10.01	 0.381	 -0.678	 -0.99	 0.378108	 -0.672522	 -0.976922	 0.375072	 -0.667519	 -0.963688	 0.371996	 -0.662643	 -0.950415	 0.36906	 -0.657316	 -0.937285	 0.366198	 -0.651749	 -0.924237	 1.23318	 1.23309	 1.23328	 1.23308	 1.2334	 
10.02	 0.381	 -0.678	 -0.99	 0.378232	 -0.672897	 -0.97664	 0.375025	 -0.66756	 -0.963471	 0.371711	 -0.662175	 -0.950347	 0.368807	 -0.657003	 -0.937044	 0.366114	 -0.651928	 -0.923656	 1.2478	 1.24774	 1.24792	 1.24772	 1.24801	 
10.03	 0.381	 -0.678	 -0.99	 0.377731	 -0.672947	 -0.97662	 0.374821	 -0.66752	 -0.963305	 0.372008	 -0.661998	 -0.950006	 0.368855	 -0.656823	 -0.936645	 0.365521	 -0.651831	 -0.923257	 1.26365	 1.26357	 1.26375	 1.26356	 1.26387	 
10.04	 0.381	 -0.678	 -0.99	 0.377734	 -0.672472	 -0.976684	 0.374744	 -0.667339	 -0.963147	 0.371831	 -0.662294	 -0.949559	 0.368659	 -0.656881	 -0.936173	 0.365345	 -0.651294	 -0.922892	 1.28073	 1.28065	 1.28084	 1.28067	 1.28097	 
10.05	 0.381	 -0.678	 -0.99	 0.378115	 -0.67252	 -0.976444	 0.374766	 -0.667276	 -0.962901	 0.371299	 -0.662087	 -0.949365	 0.368271	 -0.656681	 -0.935811	 0.365474	 -0.651168	 -0.922247	 1.29907	 1.29901	 1.2992	 1.29902	 1.29933	 
10.06	 0.381	 -0.678	 -0.99	 0.377881	 -0.672873	 -0.976216	 0.374632	 -0.667286	 -0.962644	 0.371342	 -0.661591	 -0.949125	 0.368178	 -0.656326	 -0.935405	 0.365093	 -0.651275	 -0.921583	 1.3187	 1.31865	 1.31883	 1.31866	 1.31896	 
10.07	 0.381	 -0.678	 -0.99	 0.377474	 -0.672643	 -0.976252	 0.374447	 -0.667153	 -0.962438	 0.371546	 -0.661636	 -0.948606	 0.368176	 -0.656238	 -0.934835	 0.364565	 -0.650897	 -0.921101	 1.33958	 1.33951	 1.33969	 1.33953	 1.33983	 
10.08	 0.381	 -0.678	 -0.99	 0.37768	 -0.672251	 -0.976199	 0.374414	 -0.666977	 -0.962196	 0.371173	 -0.661821	 -0.948143	 0.367878	 -0.656216	 -0.934277	 0.364541	 -0.650386	 -0.920512	 1.36158	 1.36151	 1.3617	 1.36154	 1.36185	 
10.09	 0.381	 -0.678	 -0.99	 0.377955	 -0.672418	 -0.975902	 0.374406	 -0.666934	 -0.961883	 0.370736	 -0.661468	 -0.947888	 0.367539	 -0.655916	 -0.933811	 0.364582	 -0.650326	 -0.919696	 1.38451	 1.38445	 1.38462	 1.38446	 1.38475	 
10.1	 0.381	 -0.678	 -0.99	 0.377657	 -0.672691	 -0.975694	 0.374261	 -0.666911	 -0.961586	 0.370841	 -0.661014	 -0.947531	 0.367477	 -0.655562	 -0.933285	 0.364155	 -0.650337	 -0.918942	 1.40804	 1.40797	 1.40813	 1.40795	 1.40825	 
10.11	 0.381	 -0.678	 -0.99	 0.377298	 -0.672449	 -0.975704	 0.374094	 -0.666761	 -0.961342	 0.37101	 -0.661046	 -0.946963	 0.367459	 -0.655454	 -0.932645	 0.363676	 -0.649918	 -0.918362	 1.43177	 1.43169	 1.43183	 1.43165	 1.43193	 
10.12	 0.381	 -0.678	 -0.99	 0.37746	 -0.672068	 -0.975644	 0.374054	 -0.666584	 -0.961079	 0.370692	 -0.661209	 -0.946463	 0.367199	 -0.65541	 -0.932042	 0.363628	 -0.649398	 -0.917726	 1.45533	 1.45525	 1.45538	 1.45519	 1.45548	 
10.13	 0.381	 -0.678	 -0.99	 0.377759	 -0.672139	 -0.975376	 0.374057	 -0.666519	 -0.960767	 0.370247	 -0.660949	 -0.946166	 0.366869	 -0.655156	 -0.931548	 0.363705	 -0.649257	 -0.916921	 1.47858	 1.4785	 1.47862	 1.47842	 1.47869	 
10.14	 0.381	 -0.678	 -0.99	 0.377616	 -0.672439	 -0.975126	 0.373958	 -0.666504	 -0.960463	 0.370224	 -0.660477	 -0.945857	 0.366752	 -0.6548	 -0.931048	 0.363426	 -0.649298	 -0.916138	 1.50162	 1.50153	 1.50167	 1.50146	 1.50174	 
10.15	 0.381	 -0.678	 -0.99	 0.377223	 -0.672392	 -0.975071	 0.373795	 -0.666401	 -0.960207	 0.370449	 -0.660325	 -0.945358	 0.366775	 -0.6546	 -0.930448	 0.362942	 -0.649046	 -0.915512	 1.52484	 1.52476	 1.52489	 1.52472	 1.52498	 
10.16	 0.381	 -0.678	 -0.99	 0.377141	 -0.672007	 -0.975068	 0.373708	 -0.666218	 -0.959952	 0.370388	 -0.660476	 -0.944793	 0.366661	 -0.65454	 -0.929805	 0.36272	 -0.648516	 -0.914905	 1.54876	 1.54869	 1.54886	 1.54869	 1.54898	 
10.17	 0.381	 -0.678	 -0.99	 0.377418	 -0.671795	 -0.974902	 0.373718	 -0.666071	 -0.959644	 0.369989	 -0.660457	 -0.944351	 0.366371	 -0.654394	 -0.929205	 0.362807	 -0.648117	 -0.91413	 1.57388	 1.57383	 1.574	 1.57386	 1.57414	 
10.18	 0.381	 -0.678	 -0.99	 0.377598	 -0.671967	 -0.9746	 0.373703	 -0.666008	 -0.959289	 0.369682	 -0.660074	 -0.943999	 0.366127	 -0.654069	 -0.928622	 0.362811	 -0.648018	 -0.913208	 1.6004	 1.60034	 1.60053	 1.60039	 1.60069	 
10.19	 0.381	 -0.678	 -0.99	 0.377406	 -0.672191	 -0.974358	 0.373594	 -0.665961	 -0.958932	 0.369732	 -0.659638	 -0.943555	 0.366068	 -0.653706	 -0.927976	 0.3625	 -0.647961	 -0.912303	 1.62813	 1.62807	 1.62823	 1.62811	 1.62839	 
10.2	 0.381	 -0.678	 -0.99	 0.377062	 -0.672109	 -0.974267	 0.373455	 -0.665846	 -0.958599	 0.369926	 -0.659483	 -0.942953	 0.366079	 -0.653475	 -0.927242	 0.362078	 -0.647654	 -0.911497	 1.65652	 1.65645	 1.65661	 1.65646	 1.65675	 
10.21	 0.381	 -0.678	 -0.99	 0.376947	 -0.671779	 -0.974218	 0.373376	 -0.66566	 -0.958281	 0.36991	 -0.659564	 -0.942311	 0.365993	 -0.653368	 -0.926485	 0.361864	 -0.647128	 -0.910729	 1.68487	 1.6848	 1.68492	 1.68477	 1.68502	 
10.22	 0.381	 -0.678	 -0.99	 0.377144	 -0.671517	 -0.974073	 0.373367	 -0.66549	 -0.957949	 0.369616	 -0.659577	 -0.941776	 0.365788	 -0.65323	 -0.925789	 0.361914	 -0.646664	 -0.909899	 1.71251	 1.71242	 1.71254	 1.71235	 1.71262	 
10.23	 0.381	 -0.678	 -0.99	 0.377386	 -0.671529	 -0.973819	 0.37338	 -0.665393	 -0.957601	 0.36929	 -0.659334	 -0.941374	 0.365569	 -0.652963	 -0.925179	 0.36202	 -0.646446	 -0.909002	 1.73903	 1.73894	 1.73902	 1.73883	 1.73907	 
10.24	 0.381	 -0.678	 -0.99	 0.377404	 -0.671736	 -0.973552	 0.373351	 -0.665343	 -0.957262	 0.369185	 -0.658925	 -0.941009	 0.365459	 -0.652631	 -0.924604	 0.361956	 -0.646391	 -0.908127	 1.76427	 1.76416	 1.76425	 1.76404	 1.7643	 
10.25	 0.381	 -0.678	 -0.99	 0.377188	 -0.671876	 -0.973376	 0.373268	 -0.665288	 -0.956956	 0.369326	 -0.658599	 -0.940581	 0.365485	 -0.652344	 -0.924014	 0.361693	 -0.64629	 -0.907359	 1.78835	 1.78824	 1.78832	 1.78812	 1.78836	 
10.26	 0.381	 -0.678	 -0.99	 0.376923	 -0.671778	 -0.973309	 0.373184	 -0.665189	 -0.956679	 0.369527	 -0.658503	 -0.94007	 0.365545	 -0.652166	 -0.923401	 0.361409	 -0.64601	 -0.906699	 1.81146	 1.81136	 1.81145	 1.81125	 1.8115	 
10.27	 0.381	 -0.678	 -0.99	 0.376824	 -0.671509	 -0.973274	 0.373147	 -0.665039	 -0.956423	 0.369579	 -0.658574	 -0.939546	 0.365542	 -0.652083	 -0.922787	 0.361289	 -0.645585	 -0.906083	 1.83385	 1.83377	 1.83386	 1.83367	 1.83389	 
10.28	 0.381	 -0.678	 -0.99	 0.376958	 -0.671251	 -0.973184	 0.373158	 -0.664893	 -0.956162	 0.369424	 -0.658631	 -0.939089	 0.36546	 -0.651996	 -0.92221	 0.361373	 -0.64518	 -0.905432	 1.85565	 1.85557	 1.85569	 1.85549	 1.85573	 
10.29	 0.381	 -0.678	 -0.99	 0.377192	 -0.671166	 -0.97301	 0.373204	 -0.664798	 -0.955881	 0.369179	 -0.658532	 -0.938723	 0.365331	 -0.65183	 -0.92169	 0.361561	 -0.644928	 -0.904719	 1.87695	 1.87687	 1.87697	 1.87679	 1.87702	 
10.3	 0.381	 -0.678	 -0.99	 0.377351	 -0.671283	 -0.972779	 0.373238	 -0.664747	 -0.955593	 0.369017	 -0.658261	 -0.938415	 0.365244	 -0.651596	 -0.921201	 0.361691	 -0.644837	 -0.903976	 1.89771	 1.89763	 1.89773	 1.89754	 1.8978	 
10.31	 0.381	 -0.678	 -0.99	 0.377334	 -0.671463	 -0.972569	 0.373231	 -0.66472	 -0.955315	 0.369038	 -0.65793	 -0.938101	 0.36526	 -0.651332	 -0.920718	 0.361673	 -0.644823	 -0.903259	 1.91791	 1.91782	 1.9179	 1.91773	 1.91797	 
10.32	 0.381	 -0.678	 -0.99	 0.377154	 -0.671563	 -0.972431	 0.373203	 -0.664674	 -0.955057	 0.369225	 -0.657675	 -0.937733	 0.365353	 -0.651108	 -0.920219	 0.361541	 -0.64475	 -0.902613	 1.93748	 1.93737	 1.93747	 1.93728	 1.93753	 
10.33	 0.381	 -0.678	 -0.99	 0.376949	 -0.671508	 -0.972361	 0.373172	 -0.664587	 -0.954825	 0.369456	 -0.657575	 -0.937313	 0.36548	 -0.650962	 -0.919703	 0.361388	 -0.644532	 -0.902051	 1.95639	 1.95629	 1.95638	 1.9562	 1.95641	 
10.34	 0.381	 -0.678	 -0.99	 0.376842	 -0.671305	 -0.972331	 0.373165	 -0.664478	 -0.954606	 0.369604	 -0.657612	 -0.936872	 0.365578	 -0.650872	 -0.91919	 0.36133	 -0.644203	 -0.901532	 1.97464	 1.97456	 1.97466	 1.97446	 1.97469	 
10.35	 0.381	 -0.678	 -0.99	 0.376882	 -0.671067	 -0.972285	 0.373198	 -0.664354	 -0.954392	 0.369607	 -0.65769	 -0.93646	 0.365611	 -0.650817	 -0.918696	 0.361429	 -0.643849	 -0.90101	 1.99233	 1.99226	 1.99235	 1.99215	 1.99236	 
10.36	 0.381	 -0.678	 -0.99	 0.377063	 -0.6709	 -0.972186	 0.373258	 -0.664249	 -0.954172	 0.369494	 -0.657707	 -0.936108	 0.365605	 -0.650738	 -0.918233	 0.361644	 -0.643564	 -0.900454	 2.00953	 2.00945	 2.00956	 2.00935	 2.00958	 
10.37	 0.381	 -0.678	 -0.99	 0.377283	 -0.670866	 -0.972031	 0.373346	 -0.664186	 -0.953936	 0.369359	 -0.657604	 -0.935815	 0.365582	 -0.650596	 -0.91781	 0.3619	 -0.643395	 -0.89986	 2.02633	 2.02625	 2.02634	 2.02615	 2.02637	 
10.38	 0.381	 -0.678	 -0.99	 0.377444	 -0.670965	 -0.971842	 0.373425	 -0.664143	 -0.9537	 0.369294	 -0.657379	 -0.935561	 0.3656	 -0.650406	 -0.917408	 0.362115	 -0.643324	 -0.899255	 2.04272	 2.04262	 2.04271	 2.04253	 2.04277	 
10.39	 0.381	 -0.678	 -0.99	 0.37748	 -0.671108	 -0.971667	 0.373468	 -0.664117	 -0.953474	 0.369351	 -0.657102	 -0.935313	 0.365692	 -0.650185	 -0.917018	 0.362244	 -0.643314	 -0.898664	 2.05859	 2.05849	 2.05856	 2.05839	 2.05862	 
10.4	 0.381	 -0.678	 -0.99	 0.377384	 -0.67123	 -0.971533	 0.373492	 -0.664085	 -0.953264	 0.36953	 -0.656858	 -0.935043	 0.365841	 -0.649989	 -0.916628	 0.362289	 -0.643284	 -0.898124	 2.07371	 2.0736	 2.07368	 2.07349	 2.07373	 
10.41	 0.381	 -0.678	 -0.99	 0.377237	 -0.671266	 -0.971448	 0.373502	 -0.664043	 -0.953076	 0.369782	 -0.656714	 -0.934743	 0.366037	 -0.649844	 -0.916239	 0.362278	 -0.643184	 -0.89766	 2.08783	 2.08771	 2.08778	 2.08758	 2.08779	 
10.42	 0.381	 -0.678	 -0.99	 0.3771	 -0.671183	 -0.971415	 0.373532	 -0.663984	 -0.952909	 0.370039	 -0.656687	 -0.934426	 0.366233	 -0.649755	 -0.915866	 0.362288	 -0.643006	 -0.897267	 2.10064	 2.10053	 2.1006	 2.10037	 2.10058	 
10.43	 0.381	 -0.678	 -0.99	 0.377043	 -0.67102	 -0.971407	 0.373584	 -0.663895	 -0.95277	 0.370233	 -0.656743	 -0.934123	 0.366412	 -0.649724	 -0.915518	 0.362378	 -0.642764	 -0.896935	 2.11198	 2.11188	 2.11193	 2.11169	 2.11188	 
10.44	 0.381	 -0.678	 -0.99	 0.377099	 -0.670824	 -0.9714	 0.373659	 -0.663815	 -0.952646	 0.37033	 -0.656837	 -0.93386	 0.366559	 -0.649705	 -0.915218	 0.362575	 -0.642512	 -0.896643	 2.12173	 2.12163	 2.12169	 2.12144	 2.12163	 
10.45	 0.381	 -0.678	 -0.99	 0.377247	 -0.670676	 -0.971368	 0.373765	 -0.663747	 -0.952535	 0.370339	 -0.656908	 -0.933658	 0.366661	 -0.649691	 -0.914971	 0.362871	 -0.642302	 -0.896374	 2.12988	 2.12978	 2.12983	 2.12958	 2.12977	 
10.46	 0.381	 -0.678	 -0.99	 0.37746	 -0.670611	 -0.971305	 0.373879	 -0.663706	 -0.952435	 0.370299	 -0.656914	 -0.933523	 0.366754	 -0.649661	 -0.914778	 0.363213	 -0.642192	 -0.896116	 2.13643	 2.13632	 2.13638	 2.13612	 2.13632	 
10.47	 0.381	 -0.678	 -0.99	 0.377661	 -0.670647	 -0.971218	 0.374005	 -0.6637	 -0.952342	 0.370275	 -0.656841	 -0.933448	 0.366847	 -0.649601	 -0.914641	 0.363559	 -0.642189	 -0.895874	 2.14142	 2.1413	 2.14135	 2.1411	 2.14129	 
10.48	 0.381	 -0.678	 -0.99	 0.377803	 -0.670775	 -0.971119	 0.374114	 -0.663713	 -0.952268	 0.370314	 -0.656698	 -0.93342	 0.36698	 -0.649522	 -0.914547	 0.36386	 -0.642261	 -0.895669	 2.14489	 2.14475	 2.1448	 2.14455	 2.14476	 
10.49	 0.381	 -0.678	 -0.99	 0.377844	 -0.670928	 -0.97104	 0.374199	 -0.663743	 -0.952212	 0.370449	 -0.65653	 -0.933415	 0.367166	 -0.649428	 -0.914491	 0.364095	 -0.64238	 -0.895509	 2.14691	 2.14678	 2.14682	 2.14658	 2.14679	 
10.5	 0.381	 -0.678	 -0.99	 0.377789	 -0.671068	 -0.970993	 0.374272	 -0.663766	 -0.95218	 0.370682	 -0.656389	 -0.93341	 0.367393	 -0.649361	 -0.914453	 0.364253	 -0.642485	 -0.895415	 2.14766	 2.14752	 2.14757	 2.14733	 2.14754	 
10.51	 0.381	 -0.678	 -0.99	 0.377687	 -0.671138	 -0.970987	 0.374336	 -0.663787	 -0.952165	 0.37098	 -0.656326	 -0.933387	 0.367657	 -0.649326	 -0.914429	 0.364347	 -0.642541	 -0.895388	 2.14734	 2.1472	 2.14727	 2.14702	 2.14722	 
10.52	 0.381	 -0.678	 -0.99	 0.377568	 -0.67111	 -0.971027	 0.374404	 -0.663786	 -0.95217	 0.371289	 -0.656359	 -0.933346	 0.36792	 -0.649345	 -0.914409	 0.364447	 -0.642529	 -0.895417	 2.14616	 2.14604	 2.14611	 2.14587	 2.14606	 
10.53	 0.381	 -0.678	 -0.99	 0.377502	 -0.670999	 -0.971093	 0.37447	 -0.663761	 -0.952195	 0.371546	 -0.656476	 -0.933298	 0.368177	 -0.649413	 -0.914393	 0.364599	 -0.642448	 -0.895487	 2.14426	 2.14417	 2.14424	 2.14399	 2.14418	 
10.54	 0.381	 -0.678	 -0.99	 0.377527	 -0.670838	 -0.971168	 0.374564	 -0.663739	 -0.952225	 0.371718	 -0.656645	 -0.933262	 0.368388	 -0.649494	 -0.914401	 0.364832	 -0.642332	 -0.895585	 2.14162	 2.14153	 2.14162	 2.14135	 2.14154	 
10.55	 0.381	 -0.678	 -0.99	 0.377657	 -0.670698	 -0.971224	 0.374685	 -0.663715	 -0.952265	 0.371793	 -0.656808	 -0.933265	 0.368551	 -0.649591	 -0.91444	 0.365148	 -0.642229	 -0.895699	 2.13802	 2.13792	 2.138	 2.13774	 2.13792	 
10.56	 0.381	 -0.678	 -0.99	 0.377865	 -0.670616	 -0.971255	 0.374815	 -0.663716	 -0.952313	 0.371793	 -0.656922	 -0.933328	 0.368686	 -0.64967	 -0.914529	 0.365527	 -0.642212	 -0.895818	 2.13311	 2.133	 2.13307	 2.13278	 2.13297	 
10.57	 0.381	 -0.678	 -0.99	 0.378085	 -0.670642	 -0.971256	 0.374956	 -0.663745	 -0.952373	 0.371774	 -0.656953	 -0.93346	 0.368803	 -0.649725	 -0.914677	 0.365932	 -0.642294	 -0.895956	 2.12654	 2.12641	 2.12647	 2.12617	 2.12636	 
10.58	 0.381	 -0.678	 -0.99	 0.378271	 -0.670773	 -0.971237	 0.375082	 -0.663804	 -0.95245	 0.371797	 -0.6569	 -0.933655	 0.36895	 -0.649747	 -0.914885	 0.366296	 -0.642469	 -0.896132	 2.11813	 2.11798	 2.11802	 2.11773	 2.11792	 
10.59	 0.381	 -0.678	 -0.99	 0.378356	 -0.670958	 -0.971227	 0.375196	 -0.663884	 -0.952547	 0.37192	 -0.656798	 -0.933892	 0.369136	 -0.649745	 -0.915146	 0.366583	 -0.642711	 -0.896359	 2.10792	 2.10776	 2.1078	 2.1075	 2.1077	 
10.6	 0.381	 -0.678	 -0.99	 0.378329	 -0.671147	 -0.971244	 0.375286	 -0.663958	 -0.952672	 0.372154	 -0.656703	 -0.93414	 0.369375	 -0.649762	 -0.915435	 0.366767	 -0.642955	 -0.896655	 2.0962	 2.09604	 2.09608	 2.0958	 2.09598	 
10.61	 0.381	 -0.678	 -0.99	 0.378215	 -0.671259	 -0.97131	 0.375351	 -0.664032	 -0.952816	 0.37247	 -0.65669	 -0.934369	 0.369654	 -0.64981	 -0.915737	 0.366871	 -0.643152	 -0.897019	 2.08339	 2.08325	 2.08331	 2.08302	 2.08321	 
10.62	 0.381	 -0.678	 -0.99	 0.378068	 -0.671261	 -0.971427	 0.375409	 -0.664079	 -0.95298	 0.372801	 -0.656795	 -0.934566	 0.369934	 -0.649929	 -0.916032	 0.36696	 -0.643261	 -0.897441	 2.06993	 2.06981	 2.06989	 2.06961	 2.06979	 
10.63	 0.381	 -0.678	 -0.99	 0.37799	 -0.67115	 -0.971579	 0.375469	 -0.664102	 -0.953159	 0.373065	 -0.657011	 -0.93474	 0.370192	 -0.650105	 -0.91632	 0.367094	 -0.643286	 -0.897903	 2.05606	 2.05595	 2.05605	 2.05576	 2.05595	 
10.64	 0.381	 -0.678	 -0.99	 0.378034	 -0.670984	 -0.971736	 0.375565	 -0.664121	 -0.953341	 0.373207	 -0.657285	 -0.934921	 0.370378	 -0.650306	 -0.916624	 0.367328	 -0.643273	 -0.898381	 2.04174	 2.04164	 2.04174	 2.04146	 2.04164	 
10.65	 0.381	 -0.678	 -0.99	 0.378217	 -0.670864	 -0.971861	 0.375688	 -0.664146	 -0.953527	 0.373216	 -0.657529	 -0.935149	 0.370499	 -0.650508	 -0.916958	 0.367666	 -0.643293	 -0.898859	 2.02669	 2.02658	 2.02667	 2.02638	 2.02657	 
10.66	 0.381	 -0.678	 -0.99	 0.378474	 -0.670855	 -0.971943	 0.37582	 -0.664207	 -0.953716	 0.373144	 -0.65767	 -0.935452	 0.370581	 -0.650662	 -0.91735	 0.368061	 -0.643438	 -0.899325	 2.01044	 2.01031	 2.01039	 2.01008	 2.01027	 
10.67	 0.381	 -0.678	 -0.99	 0.378691	 -0.671001	 -0.971984	 0.375948	 -0.664304	 -0.953915	 0.373099	 -0.65768	 -0.935836	 0.370665	 -0.650771	 -0.917805	 0.368432	 -0.643723	 -0.8998	 1.99256	 1.9924	 1.99246	 1.99214	 1.99233	 
10.68	 0.381	 -0.678	 -0.99	 0.378784	 -0.671252	 -0.972017	 0.376039	 -0.664434	 -0.954134	 0.373178	 -0.657608	 -0.936272	 0.370814	 -0.650844	 -0.918317	 0.368678	 -0.6441	 -0.900324	 1.9728	 1.97264	 1.97267	 1.97234	 1.97253	 
10.69	 0.381	 -0.678	 -0.99	 0.3787	 -0.671484	 -0.972094	 0.376099	 -0.664571	 -0.95438	 0.373424	 -0.657559	 -0.936715	 0.371032	 -0.650923	 -0.918868	 0.368779	 -0.644475	 -0.900934	 1.95123	 1.95106	 1.95111	 1.95076	 1.95094	 
10.7	 0.381	 -0.678	 -0.99	 0.378505	 -0.671586	 -0.972245	 0.37613	 -0.664669	 -0.954665	 0.373772	 -0.657639	 -0.937127	 0.3713	 -0.651079	 -0.919426	 0.368786	 -0.64474	 -0.901649	 1.92818	 1.92803	 1.92809	 1.92774	 1.92792	 
10.71	 0.381	 -0.678	 -0.99	 0.37835	 -0.671499	 -0.97247	 0.376159	 -0.664732	 -0.954978	 0.374078	 -0.6579	 -0.937497	 0.371555	 -0.651319	 -0.91998	 0.368815	 -0.644863	 -0.902448	 1.90417	 1.90404	 1.90413	 1.90379	 1.90397	 
10.72	 0.381	 -0.678	 -0.99	 0.378364	 -0.671306	 -0.972714	 0.37623	 -0.664775	 -0.955299	 0.374209	 -0.658272	 -0.937858	 0.371712	 -0.651619	 -0.920538	 0.368991	 -0.644904	 -0.903275	 1.87972	 1.87961	 1.87971	 1.87939	 1.87957	 
10.73	 0.381	 -0.678	 -0.99	 0.37859	 -0.671181	 -0.972906	 0.376341	 -0.664829	 -0.955611	 0.374131	 -0.658592	 -0.938269	 0.371768	 -0.651908	 -0.921117	 0.369327	 -0.645002	 -0.904062	 1.85517	 1.85505	 1.85517	 1.85486	 1.85507	 
10.74	 0.381	 -0.678	 -0.99	 0.378892	 -0.671255	 -0.973011	 0.376464	 -0.664939	 -0.955901	 0.373972	 -0.658722	 -0.938764	 0.371777	 -0.652102	 -0.921739	 0.369714	 -0.645289	 -0.904773	 1.83061	 1.83048	 1.83059	 1.83029	 1.8305	 
10.75	 0.381	 -0.678	 -0.99	 0.379044	 -0.671536	 -0.973059	 0.376558	 -0.665096	 -0.95618	 0.373941	 -0.658662	 -0.939317	 0.37183	 -0.65221	 -0.922392	 0.369971	 -0.645748	 -0.90544	 1.8059	 1.80576	 1.80587	 1.80557	 1.80579	 
10.76	 0.381	 -0.678	 -0.99	 0.378936	 -0.67184	 -0.973135	 0.37658	 -0.66526	 -0.95647	 0.374153	 -0.658591	 -0.939849	 0.372001	 -0.652316	 -0.92304	 0.369986	 -0.646222	 -0.906147	 1.78084	 1.78071	 1.78081	 1.7805	 1.78071	 
10.77	 0.381	 -0.678	 -0.99	 0.378667	 -0.671925	 -0.97332	 0.376561	 -0.665385	 -0.956787	 0.37451	 -0.65873	 -0.940293	 0.372238	 -0.652517	 -0.923658	 0.369858	 -0.646527	 -0.906954	 1.75527	 1.75514	 1.75525	 1.75492	 1.75513	 
10.78	 0.381	 -0.678	 -0.99	 0.378514	 -0.671752	 -0.973592	 0.37657	 -0.665446	 -0.957134	 0.374746	 -0.659121	 -0.940669	 0.372409	 -0.652851	 -0.924249	 0.369832	 -0.646618	 -0.907851	 1.72914	 1.72901	 1.7291	 1.72878	 1.72899	 
10.79	 0.381	 -0.678	 -0.99	 0.378682	 -0.67154	 -0.97384	 0.376645	 -0.665493	 -0.957484	 0.374676	 -0.659551	 -0.941081	 0.372436	 -0.653213	 -0.924863	 0.37006	 -0.646677	 -0.908743	 1.70249	 1.70235	 1.70246	 1.70213	 1.70235	 
10.8	 0.381	 -0.678	 -0.99	 0.379031	 -0.671579	 -0.973971	 0.376763	 -0.665605	 -0.95781	 0.37443	 -0.659737	 -0.941618	 0.372371	 -0.653449	 -0.92555	 0.370435	 -0.646957	 -0.909546	 1.67544	 1.6753	 1.67541	 1.67508	 1.67529	 
10.81	 0.381	 -0.678	 -0.99	 0.379185	 -0.671918	 -0.974015	 0.376839	 -0.665786	 -0.958119	 0.374358	 -0.659641	 -0.942248	 0.372377	 -0.653547	 -0.926289	 0.37065	 -0.647478	 -0.91029	 1.64806	 1.64791	 1.64803	 1.64769	 1.64791	 
10.82	 0.381	 -0.678	 -0.99	 0.378967	 -0.672228	 -0.974121	 0.376817	 -0.665957	 -0.958449	 0.374632	 -0.659575	 -0.942825	 0.372556	 -0.65366	 -0.927007	 0.370542	 -0.647968	 -0.911098	 1.6204	 1.62027	 1.62038	 1.62004	 1.62026	 
10.83	 0.381	 -0.678	 -0.99	 0.378655	 -0.67217	 -0.974383	 0.376763	 -0.666049	 -0.958817	 0.374987	 -0.659858	 -0.943265	 0.372778	 -0.65394	 -0.927663	 0.370348	 -0.648163	 -0.912041	 1.59246	 1.59233	 1.59246	 1.59211	 1.59233	 
10.84	 0.381	 -0.678	 -0.99	 0.378694	 -0.67188	 -0.97469	 0.376797	 -0.666086	 -0.959199	 0.375001	 -0.660362	 -0.943669	 0.372821	 -0.654337	 -0.928306	 0.370447	 -0.648174	 -0.913025	 1.56428	 1.56413	 1.56425	 1.56391	 1.56413	 
10.85	 0.381	 -0.678	 -0.99	 0.379075	 -0.671858	 -0.974849	 0.376913	 -0.666182	 -0.95955	 0.37469	 -0.660624	 -0.944216	 0.372695	 -0.654625	 -0.929019	 0.370818	 -0.648403	 -0.913896	 1.53587	 1.53572	 1.53585	 1.5355	 1.53574	 
10.86	 0.381	 -0.678	 -0.99	 0.379251	 -0.672246	 -0.974878	 0.376974	 -0.666382	 -0.959869	 0.37457	 -0.6605	 -0.944887	 0.372663	 -0.654718	 -0.929797	 0.371002	 -0.648975	 -0.914662	 1.50739	 1.50725	 1.50739	 1.50704	 1.50726	 
10.87	 0.381	 -0.678	 -0.99	 0.378936	 -0.672538	 -0.975009	 0.376912	 -0.666565	 -0.96021	 0.374902	 -0.660465	 -0.94546	 0.372851	 -0.654844	 -0.930529	 0.370775	 -0.64947	 -0.915508	 1.47905	 1.47892	 1.47907	 1.47873	 1.47896	 
10.88	 0.381	 -0.678	 -0.99	 0.378653	 -0.672331	 -0.975327	 0.376854	 -0.666622	 -0.960593	 0.375187	 -0.660895	 -0.94585	 0.37301	 -0.655206	 -0.931161	 0.370578	 -0.64955	 -0.916497	 1.45113	 1.45099	 1.45114	 1.45082	 1.45106	 
10.89	 0.381	 -0.678	 -0.99	 0.378926	 -0.672078	 -0.975582	 0.376924	 -0.666658	 -0.960958	 0.37494	 -0.661366	 -0.946284	 0.372897	 -0.655597	 -0.931801	 0.370826	 -0.649585	 -0.917419	 1.42386	 1.42372	 1.42387	 1.42356	 1.42382	 
10.9	 0.381	 -0.678	 -0.99	 0.379274	 -0.672365	 -0.975609	 0.377011	 -0.666827	 -0.961256	 0.374621	 -0.661323	 -0.946909	 0.372742	 -0.655722	 -0.932525	 0.371118	 -0.650062	 -0.918132	 1.39742	 1.39732	 1.39749	 1.39718	 1.39744	 
10.91	 0.381	 -0.678	 -0.99	 0.379017	 -0.672766	 -0.975671	 0.376951	 -0.667028	 -0.961548	 0.374871	 -0.661165	 -0.947477	 0.372868	 -0.655773	 -0.933211	 0.370902	 -0.650625	 -0.918848	 1.37202	 1.37192	 1.3721	 1.37178	 1.37203	 
10.92	 0.381	 -0.678	 -0.99	 0.378662	 -0.672573	 -0.97597	 0.376866	 -0.667077	 -0.961888	 0.375206	 -0.661554	 -0.947799	 0.373036	 -0.656097	 -0.933755	 0.370607	 -0.650687	 -0.919734	 1.34766	 1.34753	 1.34771	 1.34741	 1.34768	 
10.93	 0.381	 -0.678	 -0.99	 0.378968	 -0.672288	 -0.976204	 0.376941	 -0.66709	 -0.962206	 0.374911	 -0.662017	 -0.948161	 0.372879	 -0.656461	 -0.934303	 0.37085	 -0.650661	 -0.920543	 1.32425	 1.32412	 1.32429	 1.324	 1.32427	 
10.94	 0.381	 -0.678	 -0.99	 0.379274	 -0.672653	 -0.976177	 0.37701	 -0.667257	 -0.962452	 0.374609	 -0.66186	 -0.94875	 0.372712	 -0.656504	 -0.934955	 0.37108	 -0.651159	 -0.92112	 1.30164	 1.30153	 1.3017	 1.30138	 1.30165	 
10.95	 0.381	 -0.678	 -0.99	 0.378868	 -0.67296	 -0.976274	 0.376899	 -0.667418	 -0.96272	 0.374971	 -0.661756	 -0.949207	 0.372885	 -0.656562	 -0.935533	 0.370719	 -0.651606	 -0.921782	 1.27968	 1.27957	 1.27974	 1.27942	 1.27968	 
10.96	 0.381	 -0.678	 -0.99	 0.378688	 -0.672588	 -0.9766	 0.37684	 -0.667412	 -0.963037	 0.375113	 -0.662292	 -0.949435	 0.372946	 -0.656949	 -0.935985	 0.370543	 -0.6515	 -0.922617	 1.25823	 1.25809	 1.25825	 1.25794	 1.25822	 
10.97	 0.381	 -0.678	 -0.99	 0.379166	 -0.672549	 -0.976693	 0.376944	 -0.667486	 -0.963292	 0.374627	 -0.662514	 -0.949873	 0.372673	 -0.657181	 -0.936537	 0.370901	 -0.651667	 -0.923247	 1.2372	 1.23706	 1.23722	 1.2369	 1.23716	 
10.98	 0.381	 -0.678	 -0.99	 0.379075	 -0.673067	 -0.97665	 0.376903	 -0.667695	 -0.96351	 0.374663	 -0.66221	 -0.950427	 0.372658	 -0.657137	 -0.937143	 0.370787	 -0.652282	 -0.923757	 1.21661	 1.2165	 1.21668	 1.21634	 1.2166	 
10.99	 0.381	 -0.678	 -0.99	 0.378609	 -0.67292	 -0.976923	 0.376764	 -0.667735	 -0.963801	 0.375051	 -0.662525	 -0.950669	 0.372832	 -0.657409	 -0.937579	 0.37036	 -0.652346	 -0.924511	 1.1967	 1.19657	 1.19673	 1.19643	 1.1967	 
11	 0.381	 -0.678	 -0.99	 0.378982	 -0.672616	 -0.97712	 0.376837	 -0.667731	 -0.964063	 0.374661	 -0.662979	 -0.950961	 0.372604	 -0.657755	 -0.938023	 0.370606	 -0.652277	 -0.925178	 1.17766	 1.17752	 1.17771	 1.17741	 1.17771	 
11.01	 0.381	 -0.678	 -0.99	 0.379148	 -0.673109	 -0.977026	 0.376859	 -0.667924	 -0.964239	 0.374461	 -0.662672	 -0.951497	 0.372464	 -0.657693	 -0.93858	 0.370674	 -0.652846	 -0.92558	 1.15981	 1.15971	 1.1599	 1.1596	 1.15987	 
11.02	 0.381	 -0.678	 -0.99	 0.378607	 -0.673123	 -0.977227	 0.376694	 -0.667991	 -0.964473	 0.374905	 -0.662795	 -0.951726	 0.372659	 -0.657836	 -0.938958	 0.370171	 -0.653007	 -0.926184	 1.14347	 1.14336	 1.14357	 1.1433	 1.1436	 
11.03	 0.381	 -0.678	 -0.99	 0.378874	 -0.672713	 -0.977448	 0.376728	 -0.667943	 -0.964695	 0.374583	 -0.6633	 -0.951893	 0.372454	 -0.658175	 -0.939276	 0.370325	 -0.652806	 -0.926759	 1.12891	 1.12879	 1.12899	 1.12874	 1.12904	 
11.04	 0.381	 -0.678	 -0.99	 0.37911	 -0.673171	 -0.977318	 0.376758	 -0.668108	 -0.964806	 0.374288	 -0.662981	 -0.952342	 0.372251	 -0.658074	 -0.939713	 0.370444	 -0.653289	 -0.927001	 1.1162	 1.11612	 1.11635	 1.11608	 1.11637	 
11.05	 0.381	 -0.678	 -0.99	 0.378548	 -0.67321	 -0.977476	 0.376581	 -0.668158	 -0.96497	 0.374733	 -0.663033	 -0.952475	 0.372434	 -0.658153	 -0.939958	 0.369908	 -0.65341	 -0.927429	 1.10551	 1.10541	 1.10563	 1.10538	 1.10569	 
11.06	 0.381	 -0.678	 -0.99	 0.378826	 -0.672783	 -0.977659	 0.376612	 -0.668077	 -0.965122	 0.374385	 -0.663501	 -0.952538	 0.372201	 -0.658445	 -0.940133	 0.370043	 -0.65314	 -0.927825	 1.09678	 1.09668	 1.0969	 1.09666	 1.09698	 
11.07	 0.381	 -0.678	 -0.99	 0.379022	 -0.673257	 -0.977485	 0.376624	 -0.668219	 -0.96516	 0.374114	 -0.663115	 -0.952884	 0.371997	 -0.658282	 -0.940427	 0.370095	 -0.653585	 -0.927881	 1.09	 1.08993	 1.09016	 1.08991	 1.09021	 
11.08	 0.381	 -0.678	 -0.99	 0.378461	 -0.673211	 -0.977639	 0.376436	 -0.66823	 -0.965259	 0.374538	 -0.663205	 -0.952876	 0.372159	 -0.658353	 -0.940508	 0.369529	 -0.653591	 -0.928154	 1.0852	 1.0851	 1.08532	 1.08509	 1.08541	 
11.09	 0.381	 -0.678	 -0.99	 0.378815	 -0.672827	 -0.977748	 0.376469	 -0.668144	 -0.96533	 0.37409	 -0.663592	 -0.952868	 0.371859	 -0.658577	 -0.940559	 0.3697	 -0.653313	 -0.92834	 1.08223	 1.08214	 1.08235	 1.08213	 1.08246	 
11.1	 0.381	 -0.678	 -0.99	 0.378885	 -0.673329	 -0.977545	 0.376435	 -0.668279	 -0.965301	 0.373906	 -0.663136	 -0.953111	 0.371688	 -0.658347	 -0.94072	 0.369631	 -0.65374	 -0.92823	 1.08093	 1.08086	 1.08108	 1.08083	 1.08113	 
11.11	 0.381	 -0.678	 -0.99	 0.378362	 -0.67315	 -0.977713	 0.376252	 -0.66824	 -0.965349	 0.374282	 -0.66331	 -0.952969	 0.371814	 -0.658435	 -0.940657	 0.369078	 -0.653599	 -0.928385	 1.08108	 1.08097	 1.08118	 1.08094	 1.08127	 
11.12	 0.381	 -0.678	 -0.99	 0.378797	 -0.672854	 -0.977739	 0.37631	 -0.66816	 -0.965352	 0.373755	 -0.663578	 -0.952935	 0.371462	 -0.658575	 -0.940633	 0.369299	 -0.653357	 -0.928394	 1.08234	 1.08224	 1.08243	 1.0822	 1.0825	 
11.13	 0.381	 -0.678	 -0.99	 0.378726	 -0.673361	 -0.977536	 0.376238	 -0.668281	 -0.965286	 0.373692	 -0.663086	 -0.953096	 0.371345	 -0.658307	 -0.940699	 0.369107	 -0.653753	 -0.928196	 1.08451	 1.08442	 1.08462	 1.08435	 1.08466	 
11.14	 0.381	 -0.678	 -0.99	 0.378268	 -0.67307	 -0.977719	 0.376062	 -0.6682	 -0.965309	 0.373985	 -0.663339	 -0.952873	 0.371419	 -0.658422	 -0.940551	 0.368602	 -0.653487	 -0.92829	 1.08756	 1.08745	 1.08762	 1.08739	 1.0877	 
11.15	 0.381	 -0.678	 -0.99	 0.378742	 -0.672876	 -0.977673	 0.37612	 -0.668134	 -0.965266	 0.373404	 -0.663491	 -0.95284	 0.371032	 -0.658486	 -0.940486	 0.368846	 -0.653291	 -0.928175	 1.09157	 1.09147	 1.09167	 1.09143	 1.09174	 
11.16	 0.381	 -0.678	 -0.99	 0.378562	 -0.673359	 -0.977479	 0.376013	 -0.668233	 -0.965172	 0.373431	 -0.66299	 -0.95292	 0.370956	 -0.658195	 -0.940465	 0.368547	 -0.653631	 -0.927909	 1.09685	 1.09678	 1.09697	 1.09673	 1.09703	 
11.17	 0.381	 -0.678	 -0.99	 0.378177	 -0.672992	 -0.977653	 0.37585	 -0.668112	 -0.965154	 0.373649	 -0.663269	 -0.952616	 0.370984	 -0.658301	 -0.940219	 0.368076	 -0.653268	 -0.927901	 1.10373	 1.10363	 1.10383	 1.10363	 1.10395	 
11.18	 0.381	 -0.678	 -0.99	 0.378659	 -0.672852	 -0.977548	 0.375906	 -0.668042	 -0.965045	 0.373053	 -0.663325	 -0.952528	 0.370581	 -0.658288	 -0.940056	 0.368301	 -0.653077	 -0.927616	 1.11241	 1.11234	 1.11256	 1.11236	 1.11268	 
11.19	 0.381	 -0.678	 -0.99	 0.378434	 -0.673302	 -0.977339	 0.37578	 -0.668119	 -0.964887	 0.373105	 -0.662816	 -0.952489	 0.370507	 -0.657964	 -0.939893	 0.367948	 -0.653349	 -0.927198	 1.12304	 1.12298	 1.1232	 1.123	 1.12332	 
11.2	 0.381	 -0.678	 -0.99	 0.378061	 -0.672925	 -0.977477	 0.375608	 -0.667981	 -0.964798	 0.373285	 -0.663066	 -0.952082	 0.370502	 -0.658027	 -0.939509	 0.367475	 -0.652936	 -0.927012	 1.13552	 1.13544	 1.13565	 1.13548	 1.13581	 
11.21	 0.381	 -0.678	 -0.99	 0.378511	 -0.672757	 -0.977347	 0.375648	 -0.667888	 -0.964624	 0.372693	 -0.66311	 -0.951886	 0.37009	 -0.657983	 -0.939208	 0.367666	 -0.652681	 -0.926565	 1.14958	 1.14951	 1.14971	 1.14953	 1.14984	 
11.22	 0.381	 -0.678	 -0.99	 0.378351	 -0.673197	 -0.977096	 0.375539	 -0.667944	 -0.964404	 0.372677	 -0.662575	 -0.95177	 0.36997	 -0.657628	 -0.938933	 0.367355	 -0.652904	 -0.925991	 1.16488	 1.16481	 1.16501	 1.1648	 1.16512	 
11.23	 0.381	 -0.678	 -0.99	 0.377917	 -0.672907	 -0.977187	 0.375354	 -0.667809	 -0.964263	 0.372915	 -0.66271	 -0.951314	 0.36999	 -0.657613	 -0.938467	 0.366821	 -0.652521	 -0.925674	 1.18111	 1.18102	 1.18119	 1.181	 1.18131	 
11.24	 0.381	 -0.678	 -0.99	 0.378294	 -0.672605	 -0.977103	 0.37537	 -0.667665	 -0.964073	 0.372392	 -0.662846	 -0.951008	 0.369616	 -0.657599	 -0.938066	 0.366945	 -0.652122	 -0.925195	 1.198	 1.19791	 1.19809	 1.19788	 1.1982	 
11.25	 0.381	 -0.678	 -0.99	 0.37834	 -0.673008	 -0.976807	 0.375307	 -0.667699	 -0.963821	 0.372182	 -0.662319	 -0.950884	 0.369402	 -0.657231	 -0.937754	 0.3668	 -0.652289	 -0.924529	 1.21549	 1.21542	 1.21559	 1.21538	 1.21567	 
11.26	 0.381	 -0.678	 -0.99	 0.377831	 -0.672944	 -0.976813	 0.375103	 -0.667619	 -0.963634	 0.37249	 -0.662223	 -0.95046	 0.369459	 -0.657078	 -0.937276	 0.366207	 -0.652069	 -0.924091	 1.23368	 1.23359	 1.23376	 1.23356	 1.23387	 
11.27	 0.381	 -0.678	 -0.99	 0.377968	 -0.672484	 -0.976828	 0.37506	 -0.667433	 -0.963443	 0.372188	 -0.662491	 -0.950009	 0.369199	 -0.657113	 -0.93677	 0.366145	 -0.65152	 -0.923634	 1.2527	 1.25261	 1.25278	 1.25261	 1.25291	 
11.28	 0.381	 -0.678	 -0.99	 0.378284	 -0.672673	 -0.976537	 0.375064	 -0.6674	 -0.963165	 0.371717	 -0.66214	 -0.949818	 0.368845	 -0.656829	 -0.936382	 0.366225	 -0.651492	 -0.922902	 1.27273	 1.27266	 1.27285	 1.27266	 1.27297	 
11.29	 0.381	 -0.678	 -0.99	 0.377907	 -0.672936	 -0.976365	 0.374896	 -0.667384	 -0.962903	 0.371899	 -0.661714	 -0.949486	 0.368829	 -0.656498	 -0.935904	 0.365732	 -0.651511	 -0.92224	 1.29394	 1.29387	 1.29405	 1.29387	 1.29417	 
11.3	 0.381	 -0.678	 -0.99	 0.377632	 -0.672555	 -0.976416	 0.374748	 -0.667205	 -0.962684	 0.371987	 -0.661882	 -0.948915	 0.368771	 -0.656463	 -0.935284	 0.36532	 -0.650995	 -0.921728	 1.3163	 1.31623	 1.31641	 1.31625	 1.31656	 
11.31	 0.381	 -0.678	 -0.99	 0.377976	 -0.672296	 -0.97627	 0.374755	 -0.667052	 -0.962404	 0.371493	 -0.661922	 -0.948502	 0.368413	 -0.656358	 -0.934728	 0.365416	 -0.650574	 -0.921024	 1.33977	 1.3397	 1.33989	 1.33973	 1.34003	 
11.32	 0.381	 -0.678	 -0.99	 0.378081	 -0.6726	 -0.97595	 0.374707	 -0.667034	 -0.962068	 0.371221	 -0.661424	 -0.94823	 0.368162	 -0.655973	 -0.93423	 0.365321	 -0.650607	 -0.920149	 1.36421	 1.36415	 1.36432	 1.36416	 1.36446	 
11.33	 0.381	 -0.678	 -0.99	 0.37765	 -0.672705	 -0.975824	 0.374527	 -0.666965	 -0.961771	 0.371453	 -0.661113	 -0.947752	 0.36817	 -0.655681	 -0.933613	 0.364791	 -0.650466	 -0.919413	 1.38948	 1.38941	 1.38958	 1.38941	 1.38971	 
11.34	 0.381	 -0.678	 -0.99	 0.377473	 -0.672308	 -0.975834	 0.374406	 -0.666771	 -0.9615	 0.371452	 -0.661276	 -0.947126	 0.368069	 -0.65563	 -0.932906	 0.364468	 -0.649908	 -0.918769	 1.41542	 1.41535	 1.41551	 1.41535	 1.41564	 
11.35	 0.381	 -0.678	 -0.99	 0.377791	 -0.672081	 -0.975659	 0.374407	 -0.666621	 -0.961176	 0.37099	 -0.661277	 -0.946658	 0.367735	 -0.655497	 -0.93227	 0.364551	 -0.649496	 -0.917956	 1.44188	 1.44181	 1.44197	 1.4418	 1.4421	 
11.36	 0.381	 -0.678	 -0.99	 0.37793	 -0.672327	 -0.975336	 0.374372	 -0.666589	 -0.960809	 0.370697	 -0.660831	 -0.946319	 0.36748	 -0.655135	 -0.931696	 0.364492	 -0.649474	 -0.917009	 1.46871	 1.46863	 1.46878	 1.46861	 1.46889	 
11.37	 0.381	 -0.678	 -0.99	 0.377593	 -0.672506	 -0.975149	 0.374224	 -0.666535	 -0.960475	 0.370856	 -0.660446	 -0.945848	 0.367455	 -0.654804	 -0.931052	 0.364049	 -0.649389	 -0.91617	 1.49569	 1.4956	 1.49575	 1.49557	 1.49586	 
11.38	 0.381	 -0.678	 -0.99	 0.377295	 -0.67224	 -0.975127	 0.374084	 -0.666371	 -0.960182	 0.370991	 -0.660477	 -0.945222	 0.367432	 -0.654681	 -0.930328	 0.363644	 -0.648932	 -0.915471	 1.52258	 1.5225	 1.52263	 1.52246	 1.52273	 
11.39	 0.381	 -0.678	 -0.99	 0.377438	 -0.67188	 -0.975042	 0.374056	 -0.666185	 -0.959877	 0.370723	 -0.660592	 -0.944662	 0.367218	 -0.654595	 -0.929642	 0.363617	 -0.648401	 -0.914723	 1.5492	 1.54912	 1.54925	 1.54907	 1.54934	 
11.4	 0.381	 -0.678	 -0.99	 0.377733	 -0.671878	 -0.974786	 0.374075	 -0.666084	 -0.959533	 0.370322	 -0.660364	 -0.944275	 0.366937	 -0.654338	 -0.929049	 0.363734	 -0.648163	 -0.913842	 1.57545	 1.57537	 1.57548	 1.5753	 1.57557	 
11.41	 0.381	 -0.678	 -0.99	 0.377717	 -0.672136	 -0.974502	 0.374024	 -0.666039	 -0.959188	 0.370225	 -0.659891	 -0.94392	 0.366814	 -0.65396	 -0.928477	 0.363604	 -0.64813	 -0.91295	 1.60134	 1.60125	 1.60137	 1.60119	 1.60146	 
11.42	 0.381	 -0.678	 -0.99	 0.377395	 -0.672214	 -0.97436	 0.373898	 -0.665954	 -0.95888	 0.370428	 -0.659585	 -0.943437	 0.366851	 -0.653658	 -0.927844	 0.363223	 -0.647948	 -0.912181	 1.62704	 1.62696	 1.62707	 1.6269	 1.62716	 
11.43	 0.381	 -0.678	 -0.99	 0.377156	 -0.67195	 -0.974331	 0.373797	 -0.665791	 -0.958594	 0.370557	 -0.659599	 -0.942845	 0.366854	 -0.653513	 -0.927157	 0.362922	 -0.64749	 -0.911498	 1.65277	 1.6527	 1.65283	 1.65266	 1.65293	 
11.44	 0.381	 -0.678	 -0.99	 0.37725	 -0.671618	 -0.974252	 0.37378	 -0.665608	 -0.958294	 0.370373	 -0.659686	 -0.94229	 0.366703	 -0.653414	 -0.926479	 0.362908	 -0.646972	 -0.910764	 1.67878	 1.67871	 1.67885	 1.6787	 1.67896	 
11.45	 0.381	 -0.678	 -0.99	 0.377524	 -0.671531	 -0.974033	 0.373801	 -0.665487	 -0.957956	 0.370024	 -0.659551	 -0.941851	 0.366479	 -0.653211	 -0.925848	 0.363042	 -0.646666	 -0.909902	 1.70515	 1.70509	 1.70523	 1.70508	 1.70535	 
11.46	 0.381	 -0.678	 -0.99	 0.377643	 -0.671702	 -0.973747	 0.373789	 -0.665436	 -0.957594	 0.369823	 -0.659176	 -0.941464	 0.366327	 -0.652888	 -0.925238	 0.363057	 -0.646587	 -0.908968	 1.73183	 1.73176	 1.73188	 1.73174	 1.73201	 
11.47	 0.381	 -0.678	 -0.99	 0.377475	 -0.671891	 -0.97352	 0.373716	 -0.665388	 -0.957244	 0.369899	 -0.658791	 -0.941018	 0.366311	 -0.652565	 -0.924596	 0.362844	 -0.64652	 -0.908079	 1.75856	 1.75848	 1.7586	 1.75845	 1.75872	 
11.48	 0.381	 -0.678	 -0.99	 0.377191	 -0.671863	 -0.973404	 0.373619	 -0.665287	 -0.956924	 0.370105	 -0.658611	 -0.940471	 0.366372	 -0.652344	 -0.923906	 0.362534	 -0.646274	 -0.907291	 1.78502	 1.78493	 1.78504	 1.78487	 1.78512	 
11.49	 0.381	 -0.678	 -0.99	 0.377037	 -0.67161	 -0.97335	 0.373564	 -0.665138	 -0.956622	 0.370209	 -0.65864	 -0.939879	 0.366389	 -0.65222	 -0.923208	 0.362343	 -0.645849	 -0.90657	 1.8108	 1.81072	 1.81081	 1.81063	 1.81088	 
11.5	 0.381	 -0.678	 -0.99	 0.377122	 -0.671325	 -0.973262	 0.373575	 -0.664978	 -0.956324	 0.370101	 -0.658707	 -0.939342	 0.366312	 -0.652123	 -0.922549	 0.362376	 -0.645394	 -0.905845	 1.8356	 1.83552	 1.8356	 1.83541	 1.83564	 
11.51	 0.381	 -0.678	 -0.99	 0.377356	 -0.671195	 -0.973091	 0.373616	 -0.664858	 -0.956022	 0.36986	 -0.658635	 -0.938914	 0.366191	 -0.651966	 -0.921958	 0.362558	 -0.645079	 -0.905079	 1.85918	 1.85908	 1.85917	 1.85896	 1.8592	 
11.52	 0.381	 -0.678	 -0.99	 0.377543	 -0.671266	 -0.972863	 0.373653	 -0.664794	 -0.955719	 0.369669	 -0.658381	 -0.938574	 0.366101	 -0.651723	 -0.921432	 0.362727	 -0.644949	 -0.904295	 1.88139	 1.88129	 1.88135	 1.88115	 1.88139	 
11.53	 0.381	 -0.678	 -0.99	 0.377558	 -0.67145	 -0.97264	 0.373662	 -0.664759	 -0.955432	 0.369661	 -0.658039	 -0.938259	 0.3661	 -0.651448	 -0.92094	 0.362754	 -0.644912	 -0.903556	 1.9022	 1.90209	 1.90215	 1.90195	 1.90218	 
11.54	 0.381	 -0.678	 -0.99	 0.377409	 -0.671577	 -0.972484	 0.37364	 -0.664719	 -0.955172	 0.369833	 -0.657759	 -0.937909	 0.366193	 -0.651205	 -0.920453	 0.362634	 -0.644844	 -0.902908	 1.92172	 1.9216	 1.92166	 1.92146	 1.92168	 
11.55	 0.381	 -0.678	 -0.99	 0.377193	 -0.67154	 -0.972411	 0.373609	 -0.664643	 -0.954943	 0.370072	 -0.657637	 -0.937507	 0.366324	 -0.651045	 -0.919956	 0.362484	 -0.644659	 -0.902347	 1.94017	 1.94006	 1.94014	 1.93993	 1.94015	 
11.56	 0.381	 -0.678	 -0.99	 0.377059	 -0.671354	 -0.972382	 0.373596	 -0.664528	 -0.954734	 0.37024	 -0.657664	 -0.937079	 0.366434	 -0.650968	 -0.919452	 0.362417	 -0.644352	 -0.90184	 1.95793	 1.95785	 1.95793	 1.95774	 1.95795	 
11.57	 0.381	 -0.678	 -0.99	 0.377094	 -0.671109	 -0.972343	 0.373626	 -0.664409	 -0.954522	 0.370264	 -0.657749	 -0.936665	 0.36648	 -0.650913	 -0.918961	 0.362492	 -0.644	 -0.90133	 1.97543	 1.97537	 1.97547	 1.97528	 1.97551	 
11.58	 0.381	 -0.678	 -0.99	 0.377264	 -0.670932	 -0.972249	 0.373695	 -0.664304	 -0.954295	 0.37016	 -0.657775	 -0.936298	 0.366468	 -0.65083	 -0.91849	 0.362704	 -0.643692	 -0.900772	 1.99305	 1.99299	 1.9931	 1.99293	 1.99317	 
11.59	 0.381	 -0.678	 -0.99	 0.377484	 -0.67089	 -0.972092	 0.373769	 -0.664225	 -0.954054	 0.370015	 -0.657667	 -0.935983	 0.366454	 -0.650682	 -0.918036	 0.362972	 -0.643492	 -0.900152	 2.01095	 2.01089	 2.01101	 2.01085	 2.0111	 
11.6	 0.381	 -0.678	 -0.99	 0.377649	 -0.67097	 -0.971899	 0.373845	 -0.664176	 -0.953798	 0.369941	 -0.657433	 -0.935698	 0.366469	 -0.650469	 -0.917596	 0.363195	 -0.643404	 -0.899493	 2.02906	 2.02898	 2.02909	 2.02894	 2.02918	 
11.61	 0.381	 -0.678	 -0.99	 0.377695	 -0.671117	 -0.971706	 0.373905	 -0.664135	 -0.953545	 0.369997	 -0.657139	 -0.935414	 0.366545	 -0.650237	 -0.917156	 0.363315	 -0.643369	 -0.898843	 2.047	 2.04689	 2.04699	 2.04683	 2.04706	 
11.62	 0.381	 -0.678	 -0.99	 0.37761	 -0.671235	 -0.971556	 0.373925	 -0.6641	 -0.95331	 0.370174	 -0.656883	 -0.935108	 0.366696	 -0.650021	 -0.916718	 0.363349	 -0.643323	 -0.898242	 2.06416	 2.06405	 2.06412	 2.06394	 2.06416	 
11.63	 0.381	 -0.678	 -0.99	 0.377445	 -0.671265	 -0.971464	 0.373929	 -0.664051	 -0.953102	 0.370421	 -0.656729	 -0.934781	 0.366885	 -0.649862	 -0.916292	 0.363345	 -0.643209	 -0.897723	 2.07992	 2.0798	 2.07986	 2.07964	 2.07986	 
11.64	 0.381	 -0.678	 -0.99	 0.377307	 -0.671185	 -0.971421	 0.373947	 -0.663983	 -0.952926	 0.370669	 -0.656697	 -0.93445	 0.367081	 -0.649772	 -0.915893	 0.363345	 -0.643017	 -0.897302	 2.09376	 2.09364	 2.09368	 2.09344	 2.09363	 
11.65	 0.381	 -0.678	 -0.99	 0.377253	 -0.671015	 -0.971412	 0.374	 -0.663906	 -0.952779	 0.370857	 -0.65676	 -0.934141	 0.367245	 -0.649735	 -0.915544	 0.363418	 -0.64278	 -0.896962	 2.10541	 2.1053	 2.10533	 2.10507	 2.10526	 
11.66	 0.381	 -0.678	 -0.99	 0.377307	 -0.670827	 -0.971405	 0.374075	 -0.663822	 -0.952661	 0.370944	 -0.65686	 -0.933884	 0.367376	 -0.649737	 -0.915248	 0.363606	 -0.642539	 -0.896679	 2.11492	 2.11482	 2.11486	 2.11459	 2.11477	 
11.67	 0.381	 -0.678	 -0.99	 0.37746	 -0.670677	 -0.971379	 0.374168	 -0.663762	 -0.952558	 0.37094	 -0.656938	 -0.933692	 0.367477	 -0.649731	 -0.915013	 0.363894	 -0.642352	 -0.896423	 2.12257	 2.12246	 2.12251	 2.12224	 2.12243	 
11.68	 0.381	 -0.678	 -0.99	 0.377666	 -0.670623	 -0.971318	 0.374286	 -0.663729	 -0.952461	 0.370895	 -0.656945	 -0.933566	 0.367554	 -0.649701	 -0.914835	 0.364235	 -0.642246	 -0.896182	 2.12873	 2.12862	 2.12867	 2.12843	 2.12862	 
11.69	 0.381	 -0.678	 -0.99	 0.377871	 -0.67067	 -0.971228	 0.374403	 -0.66372	 -0.952372	 0.370865	 -0.65686	 -0.933496	 0.367647	 -0.649635	 -0.9147	 0.364568	 -0.642237	 -0.895947	 2.13376	 2.13365	 2.13371	 2.13348	 2.13369	 
11.7	 0.381	 -0.678	 -0.99	 0.378002	 -0.670789	 -0.971131	 0.37451	 -0.663729	 -0.952291	 0.370907	 -0.656702	 -0.933459	 0.367772	 -0.649538	 -0.914597	 0.364857	 -0.642309	 -0.895722	 2.1379	 2.13778	 2.13785	 2.13763	 2.13784	 
11.71	 0.381	 -0.678	 -0.99	 0.378036	 -0.670947	 -0.971043	 0.374595	 -0.663746	 -0.952223	 0.371045	 -0.656522	 -0.933432	 0.367949	 -0.649438	 -0.914509	 0.365066	 -0.642409	 -0.895531	 2.1412	 2.14108	 2.14114	 2.14093	 2.14114	 
11.72	 0.381	 -0.678	 -0.99	 0.377974	 -0.671076	 -0.970988	 0.374657	 -0.663772	 -0.952169	 0.371277	 -0.65638	 -0.933395	 0.368175	 -0.649351	 -0.914436	 0.365202	 -0.642493	 -0.895392	 2.14359	 2.14346	 2.14352	 2.1433	 2.1435	 
11.73	 0.381	 -0.678	 -0.99	 0.377851	 -0.671135	 -0.970977	 0.374711	 -0.66378	 -0.952139	 0.371569	 -0.656316	 -0.933342	 0.368428	 -0.649314	 -0.914371	 0.365295	 -0.642525	 -0.895319	 2.14489	 2.14476	 2.14482	 2.14458	 2.14478	 
11.74	 0.381	 -0.678	 -0.99	 0.377741	 -0.671093	 -0.971011	 0.37477	 -0.663769	 -0.952132	 0.371866	 -0.65635	 -0.933279	 0.368686	 -0.649328	 -0.91432	 0.365378	 -0.642491	 -0.895315	 2.14497	 2.14485	 2.14492	 2.14466	 2.14486	 
11.75	 0.381	 -0.678	 -0.99	 0.377684	 -0.67097	 -0.971074	 0.374848	 -0.663744	 -0.952145	 0.372111	 -0.65647	 -0.933219	 0.368915	 -0.649385	 -0.914295	 0.365517	 -0.642397	 -0.895369	 2.1438	 2.1437	 2.14376	 2.1435	 2.14369	 
11.76	 0.381	 -0.678	 -0.99	 0.377716	 -0.670814	 -0.971144	 0.374931	 -0.663714	 -0.952176	 0.372262	 -0.656636	 -0.933182	 0.369118	 -0.649474	 -0.914296	 0.365751	 -0.642272	 -0.895461	 2.14147	 2.14137	 2.14144	 2.14116	 2.14134	 
11.77	 0.381	 -0.678	 -0.99	 0.377848	 -0.670672	 -0.9712	 0.375041	 -0.663698	 -0.952213	 0.372319	 -0.656796	 -0.933186	 0.369274	 -0.649559	 -0.914336	 0.366072	 -0.642178	 -0.895566	 2.13807	 2.13798	 2.13805	 2.13778	 2.13795	 
11.78	 0.381	 -0.678	 -0.99	 0.37806	 -0.670607	 -0.971222	 0.37518	 -0.663695	 -0.952254	 0.372312	 -0.656893	 -0.933243	 0.369389	 -0.649631	 -0.914414	 0.36644	 -0.642153	 -0.895672	 2.13373	 2.13363	 2.1337	 2.13344	 2.13363	 
11.79	 0.381	 -0.678	 -0.99	 0.378285	 -0.670637	 -0.971214	 0.375313	 -0.663719	 -0.952299	 0.372289	 -0.656903	 -0.933356	 0.369504	 -0.649665	 -0.914534	 0.366821	 -0.642232	 -0.895772	 2.12846	 2.12835	 2.12842	 2.12816	 2.12836	 
11.8	 0.381	 -0.678	 -0.99	 0.378447	 -0.670766	 -0.971186	 0.375432	 -0.66377	 -0.952352	 0.37231	 -0.65683	 -0.933513	 0.369635	 -0.649667	 -0.914691	 0.367168	 -0.642398	 -0.89588	 2.12219	 2.12206	 2.12213	 2.12187	 2.12208	 
11.81	 0.381	 -0.678	 -0.99	 0.378521	 -0.670955	 -0.971157	 0.375529	 -0.66384	 -0.952416	 0.372425	 -0.656716	 -0.933696	 0.36981	 -0.649654	 -0.91488	 0.367418	 -0.642614	 -0.896025	 2.1148	 2.11466	 2.11472	 2.11446	 2.11466	 
11.82	 0.381	 -0.678	 -0.99	 0.378481	 -0.671129	 -0.971159	 0.375607	 -0.663916	 -0.952498	 0.37265	 -0.656621	 -0.933882	 0.370029	 -0.649651	 -0.915094	 0.36757	 -0.642836	 -0.896225	 2.1062	 2.10605	 2.10611	 2.10584	 2.10603	 
11.83	 0.381	 -0.678	 -0.99	 0.378357	 -0.671233	 -0.971208	 0.375663	 -0.663971	 -0.952609	 0.37295	 -0.656602	 -0.934055	 0.370285	 -0.649698	 -0.915319	 0.367651	 -0.643006	 -0.8965	 2.09634	 2.0962	 2.09625	 2.09598	 2.09617	 
11.84	 0.381	 -0.678	 -0.99	 0.37822	 -0.67122	 -0.97131	 0.37571	 -0.664009	 -0.952745	 0.373262	 -0.656697	 -0.934211	 0.37055	 -0.649796	 -0.915558	 0.367716	 -0.643092	 -0.89685	 2.08526	 2.08513	 2.08519	 2.0849	 2.08509	 
11.85	 0.381	 -0.678	 -0.99	 0.378138	 -0.67111	 -0.97145	 0.375773	 -0.664028	 -0.952903	 0.373513	 -0.6569	 -0.934361	 0.370782	 -0.649951	 -0.915815	 0.367839	 -0.643092	 -0.897268	 2.07299	 2.07287	 2.07294	 2.07264	 2.07281	 
11.86	 0.381	 -0.678	 -0.99	 0.378181	 -0.670952	 -0.971599	 0.375855	 -0.66404	 -0.953079	 0.373646	 -0.657156	 -0.934533	 0.370967	 -0.650137	 -0.916102	 0.368061	 -0.643058	 -0.897728	 2.05948	 2.05937	 2.05944	 2.05913	 2.05931	 
11.87	 0.381	 -0.678	 -0.99	 0.37835	 -0.670822	 -0.97173	 0.375971	 -0.664062	 -0.953265	 0.373656	 -0.65739	 -0.934759	 0.371085	 -0.65032	 -0.916438	 0.368389	 -0.643073	 -0.898203	 2.04465	 2.04453	 2.04459	 2.04428	 2.04445	 
11.88	 0.381	 -0.678	 -0.99	 0.3786	 -0.670809	 -0.971816	 0.376107	 -0.66411	 -0.95346	 0.373592	 -0.657527	 -0.935063	 0.371162	 -0.650476	 -0.916832	 0.368771	 -0.643198	 -0.898684	 2.02833	 2.0282	 2.02826	 2.02794	 2.02812	 
11.89	 0.381	 -0.678	 -0.99	 0.378828	 -0.670938	 -0.971864	 0.376231	 -0.664204	 -0.953661	 0.373541	 -0.657545	 -0.935443	 0.371244	 -0.650576	 -0.91729	 0.369126	 -0.64346	 -0.899171	 2.01047	 2.01032	 2.01037	 2.01005	 2.01022	 
11.9	 0.381	 -0.678	 -0.99	 0.378924	 -0.671174	 -0.9719	 0.376324	 -0.664328	 -0.953877	 0.373599	 -0.657478	 -0.935873	 0.37137	 -0.650647	 -0.917796	 0.369382	 -0.643821	 -0.899688	 1.99107	 1.99091	 1.99096	 1.99064	 1.99083	 
11.91	 0.381	 -0.678	 -0.99	 0.37886	 -0.671413	 -0.971965	 0.376373	 -0.664457	 -0.954116	 0.373808	 -0.65742	 -0.936309	 0.371569	 -0.650729	 -0.918327	 0.369484	 -0.644194	 -0.900269	 1.97033	 1.97017	 1.97022	 1.9699	 1.97009	 
11.92	 0.381	 -0.678	 -0.99	 0.378679	 -0.671533	 -0.972098	 0.376401	 -0.664568	 -0.95438	 0.374128	 -0.657481	 -0.936708	 0.37181	 -0.650867	 -0.918863	 0.369474	 -0.644484	 -0.900934	 1.94846	 1.94831	 1.94839	 1.94806	 1.94825	 
11.93	 0.381	 -0.678	 -0.99	 0.378503	 -0.671484	 -0.9723	 0.376426	 -0.664637	 -0.954673	 0.374435	 -0.657713	 -0.937064	 0.372041	 -0.6511	 -0.919389	 0.369466	 -0.644635	 -0.901683	 1.92571	 1.92558	 1.92566	 1.92534	 1.92553	 
11.94	 0.381	 -0.678	 -0.99	 0.378477	 -0.671306	 -0.972537	 0.376471	 -0.664681	 -0.954983	 0.374588	 -0.658071	 -0.937407	 0.372206	 -0.651396	 -0.91992	 0.369582	 -0.644693	 -0.902477	 1.90225	 1.90213	 1.90223	 1.9019	 1.90209	 
11.95	 0.381	 -0.678	 -0.99	 0.37865	 -0.67115	 -0.972745	 0.376564	 -0.664733	 -0.955292	 0.374539	 -0.658414	 -0.937795	 0.372264	 -0.651689	 -0.920484	 0.369866	 -0.644777	 -0.903261	 1.87819	 1.87806	 1.87816	 1.87784	 1.87803	 
11.96	 0.381	 -0.678	 -0.99	 0.378942	 -0.671178	 -0.972873	 0.376682	 -0.664827	 -0.955591	 0.374376	 -0.658594	 -0.938272	 0.37226	 -0.651913	 -0.921098	 0.370233	 -0.64501	 -0.904	 1.85354	 1.8534	 1.8535	 1.85318	 1.85339	 
11.97	 0.381	 -0.678	 -0.99	 0.37915	 -0.671415	 -0.972935	 0.376777	 -0.664978	 -0.955878	 0.374286	 -0.658578	 -0.938824	 0.372286	 -0.652039	 -0.921761	 0.370517	 -0.645431	 -0.904696	 1.82836	 1.82822	 1.82831	 1.828	 1.82821	 
11.98	 0.381	 -0.678	 -0.99	 0.379109	 -0.67173	 -0.973001	 0.376815	 -0.665149	 -0.956171	 0.374421	 -0.658494	 -0.939384	 0.372411	 -0.652135	 -0.922434	 0.370594	 -0.64592	 -0.905408	 1.80274	 1.8026	 1.8027	 1.80239	 1.8026	 
11.99	 0.381	 -0.678	 -0.99	 0.378863	 -0.671897	 -0.973152	 0.376798	 -0.665285	 -0.956489	 0.374748	 -0.658557	 -0.93987	 0.37263	 -0.652307	 -0.923076	 0.370486	 -0.646286	 -0.9062	 1.77682	 1.77669	 1.7768	 1.77648	 1.77669	 
12	 0.381	 -0.678	 -0.99	 0.378649	 -0.671793	 -0.973403	 0.376786	 -0.665363	 -0.956831	 0.375041	 -0.658877	 -0.940266	 0.372832	 -0.652601	 -0.923678	 0.370394	 -0.646434	 -0.907079	 1.75074	 1.75061	 1.75073	 1.75041	 1.75063	 
12.01	 0.381	 -0.678	 -0.99	 0.378704	 -0.671559	 -0.973671	 0.376839	 -0.665408	 -0.957178	 0.375072	 -0.659321	 -0.940649	 0.372898	 -0.65296	 -0.924274	 0.370526	 -0.646474	 -0.907975	 1.72459	 1.72446	 1.72457	 1.72427	 1.72448	 
12.02	 0.381	 -0.678	 -0.99	 0.379019	 -0.671494	 -0.973843	 0.376947	 -0.665488	 -0.957505	 0.374853	 -0.659607	 -0.941124	 0.37284	 -0.653249	 -0.924915	 0.370865	 -0.646652	 -0.908794	 1.69837	 1.69823	 1.69836	 1.69805	 1.69827	 
12.03	 0.381	 -0.678	 -0.99	 0.379282	 -0.671743	 -0.973901	 0.377039	 -0.665648	 -0.957806	 0.374674	 -0.659593	 -0.941713	 0.372797	 -0.653384	 -0.925615	 0.371154	 -0.647098	 -0.909521	 1.67204	 1.6719	 1.67202	 1.6717	 1.67191	 
12.04	 0.381	 -0.678	 -0.99	 0.379194	 -0.672105	 -0.973961	 0.377048	 -0.665835	 -0.958109	 0.374814	 -0.659472	 -0.942305	 0.3729	 -0.653466	 -0.926323	 0.371149	 -0.647637	 -0.910255	 1.64552	 1.64539	 1.64551	 1.64517	 1.64539	 
12.05	 0.381	 -0.678	 -0.99	 0.378861	 -0.672208	 -0.974153	 0.376989	 -0.665957	 -0.958449	 0.375177	 -0.659599	 -0.94278	 0.373112	 -0.653671	 -0.926976	 0.370929	 -0.647955	 -0.911109	 1.6188	 1.61867	 1.61879	 1.61846	 1.61867	 
12.06	 0.381	 -0.678	 -0.99	 0.37872	 -0.671967	 -0.974455	 0.376969	 -0.666	 -0.958816	 0.37535	 -0.660049	 -0.943157	 0.373232	 -0.654035	 -0.927584	 0.370859	 -0.647993	 -0.912057	 1.59193	 1.59179	 1.59192	 1.59159	 1.59181	 
12.07	 0.381	 -0.678	 -0.99	 0.378993	 -0.671773	 -0.974686	 0.37705	 -0.666054	 -0.959168	 0.375127	 -0.660454	 -0.943603	 0.373146	 -0.654378	 -0.928227	 0.37113	 -0.648071	 -0.912948	 1.56501	 1.56487	 1.56499	 1.56467	 1.5649	 
12.08	 0.381	 -0.678	 -0.99	 0.379324	 -0.671999	 -0.974747	 0.377148	 -0.666206	 -0.959478	 0.374848	 -0.660466	 -0.944206	 0.373023	 -0.654529	 -0.928948	 0.371439	 -0.64849	 -0.913701	 1.53813	 1.53799	 1.53813	 1.5378	 1.53803	 
12.09	 0.381	 -0.678	 -0.99	 0.37922	 -0.672411	 -0.974792	 0.377137	 -0.666405	 -0.959783	 0.374979	 -0.660303	 -0.944823	 0.373105	 -0.654588	 -0.929675	 0.371376	 -0.64906	 -0.914439	 1.51136	 1.51123	 1.51137	 1.51103	 1.51125	 
12.1	 0.381	 -0.678	 -0.99	 0.378833	 -0.672443	 -0.975019	 0.377053	 -0.666515	 -0.960131	 0.375369	 -0.660492	 -0.945268	 0.373317	 -0.654817	 -0.930318	 0.371079	 -0.649323	 -0.915325	 1.48465	 1.48452	 1.48466	 1.48432	 1.48456	 
12.11	 0.381	 -0.678	 -0.99	 0.378813	 -0.672116	 -0.975338	 0.377054	 -0.666534	 -0.960503	 0.3754	 -0.661019	 -0.94563	 0.373346	 -0.655222	 -0.930917	 0.371088	 -0.649292	 -0.916285	 1.45793	 1.45779	 1.45792	 1.45759	 1.45783	 
12.12	 0.381	 -0.678	 -0.99	 0.379224	 -0.672091	 -0.975485	 0.377156	 -0.666622	 -0.960837	 0.375017	 -0.661266	 -0.946157	 0.373158	 -0.655495	 -0.931598	 0.371443	 -0.649512	 -0.917107	 1.43112	 1.43098	 1.43111	 1.43077	 1.43102	 
12.13	 0.381	 -0.678	 -0.99	 0.379324	 -0.672537	 -0.975489	 0.37718	 -0.666831	 -0.961134	 0.374925	 -0.661074	 -0.946816	 0.373113	 -0.655542	 -0.932349	 0.371527	 -0.650117	 -0.917814	 1.40427	 1.40415	 1.40429	 1.40395	 1.40417	 
12.14	 0.381	 -0.678	 -0.99	 0.378902	 -0.672718	 -0.975665	 0.377077	 -0.66698	 -0.961468	 0.375324	 -0.66113	 -0.947308	 0.373315	 -0.655705	 -0.933016	 0.371175	 -0.6505	 -0.918659	 1.37768	 1.37755	 1.3777	 1.37736	 1.3776	 
12.15	 0.381	 -0.678	 -0.99	 0.378797	 -0.672366	 -0.976001	 0.377051	 -0.666992	 -0.961837	 0.375421	 -0.661676	 -0.947636	 0.373362	 -0.656115	 -0.933588	 0.371081	 -0.65044	 -0.919618	 1.35173	 1.35158	 1.35174	 1.35143	 1.35169	 
12.16	 0.381	 -0.678	 -0.99	 0.379245	 -0.672324	 -0.976132	 0.377158	 -0.667068	 -0.962146	 0.374988	 -0.661918	 -0.948132	 0.373129	 -0.656372	 -0.934227	 0.371432	 -0.650625	 -0.920382	 1.32686	 1.32674	 1.32692	 1.32662	 1.32688	 
12.17	 0.381	 -0.678	 -0.99	 0.379267	 -0.672812	 -0.976105	 0.377154	 -0.667273	 -0.9624	 0.374942	 -0.661654	 -0.948741	 0.373087	 -0.656361	 -0.934903	 0.371422	 -0.65123	 -0.920978	 1.30347	 1.30338	 1.30358	 1.30327	 1.30353	 
12.18	 0.381	 -0.678	 -0.99	 0.378787	 -0.672842	 -0.976316	 0.377019	 -0.667367	 -0.962692	 0.375362	 -0.661814	 -0.949083	 0.373285	 -0.656556	 -0.935418	 0.370992	 -0.651449	 -0.921727	 1.28175	 1.28165	 1.28185	 1.28157	 1.28185	 
12.19	 0.381	 -0.678	 -0.99	 0.378914	 -0.672443	 -0.976598	 0.377032	 -0.667349	 -0.962984	 0.375207	 -0.662368	 -0.94932	 0.373186	 -0.65695	 -0.935852	 0.371055	 -0.651312	 -0.922491	 1.2616	 1.26148	 1.26167	 1.26141	 1.26171	 
12.2	 0.381	 -0.678	 -0.99	 0.379329	 -0.67269	 -0.976575	 0.377117	 -0.667484	 -0.963188	 0.374772	 -0.662302	 -0.949813	 0.37293	 -0.657024	 -0.936399	 0.371346	 -0.651698	 -0.922969	 1.24273	 1.24262	 1.24282	 1.24252	 1.2428	 
12.21	 0.381	 -0.678	 -0.99	 0.378961	 -0.673081	 -0.976604	 0.377002	 -0.667653	 -0.963395	 0.375057	 -0.662095	 -0.950236	 0.373039	 -0.657016	 -0.936898	 0.370993	 -0.65219	 -0.923469	 1.2248	 1.2247	 1.22489	 1.22458	 1.22487	 
12.22	 0.381	 -0.678	 -0.99	 0.378709	 -0.672715	 -0.976909	 0.376909	 -0.667632	 -0.963664	 0.375231	 -0.662599	 -0.950382	 0.373097	 -0.657375	 -0.937242	 0.370731	 -0.652057	 -0.924178	 1.20754	 1.2074	 1.20756	 1.20728	 1.20756	 
12.23	 0.381	 -0.678	 -0.99	 0.379202	 -0.672659	 -0.976976	 0.377008	 -0.667685	 -0.963868	 0.374716	 -0.66281	 -0.950739	 0.372795	 -0.657586	 -0.937686	 0.371065	 -0.652176	 -0.924681	 1.19069	 1.19056	 1.19073	 1.19042	 1.19071	 
12.24	 0.381	 -0.678	 -0.99	 0.379076	 -0.673176	 -0.976909	 0.376953	 -0.667881	 -0.964034	 0.37478	 -0.662473	 -0.951213	 0.372787	 -0.657502	 -0.93819	 0.370888	 -0.652755	 -0.925067	 1.17427	 1.17416	 1.17432	 1.174	 1.17427	 
12.25	 0.381	 -0.678	 -0.99	 0.378638	 -0.672942	 -0.977184	 0.376811	 -0.667886	 -0.964281	 0.375123	 -0.662828	 -0.951358	 0.372927	 -0.657769	 -0.938515	 0.370462	 -0.652715	 -0.925716	 1.15844	 1.15831	 1.15848	 1.15819	 1.15848	 
12.26	 0.381	 -0.678	 -0.99	 0.379079	 -0.672711	 -0.977311	 0.376889	 -0.667886	 -0.964483	 0.374635	 -0.663175	 -0.951621	 0.372632	 -0.658032	 -0.938887	 0.370753	 -0.652668	 -0.926222	 1.14348	 1.14335	 1.14352	 1.14324	 1.14353	 
12.27	 0.381	 -0.678	 -0.99	 0.379075	 -0.673242	 -0.977201	 0.37686	 -0.668073	 -0.96461	 0.374568	 -0.662798	 -0.952076	 0.372548	 -0.657907	 -0.939343	 0.370675	 -0.653222	 -0.926508	 1.1297	 1.12961	 1.12981	 1.12951	 1.1298	 
12.28	 0.381	 -0.678	 -0.99	 0.378578	 -0.673064	 -0.977441	 0.3767	 -0.668072	 -0.964812	 0.374956	 -0.663061	 -0.952169	 0.372706	 -0.658103	 -0.939588	 0.370196	 -0.653181	 -0.92704	 1.11752	 1.11741	 1.11761	 1.11736	 1.11766	 
12.29	 0.381	 -0.678	 -0.99	 0.379009	 -0.672785	 -0.977552	 0.37677	 -0.668033	 -0.964963	 0.374468	 -0.663402	 -0.952339	 0.372403	 -0.658337	 -0.939843	 0.370463	 -0.653042	 -0.927419	 1.10718	 1.10707	 1.10728	 1.10704	 1.10735	 
12.3	 0.381	 -0.678	 -0.99	 0.378999	 -0.673314	 -0.977405	 0.376733	 -0.668198	 -0.965023	 0.374395	 -0.662979	 -0.952697	 0.372307	 -0.658158	 -0.940168	 0.370358	 -0.65354	 -0.927538	 1.09883	 1.09877	 1.099	 1.09874	 1.09903	 
12.31	 0.381	 -0.678	 -0.99	 0.378517	 -0.673087	 -0.977622	 0.37657	 -0.668166	 -0.965154	 0.374759	 -0.663244	 -0.952663	 0.372444	 -0.658325	 -0.940256	 0.369864	 -0.653408	 -0.927898	 1.09263	 1.09253	 1.09275	 1.09253	 1.09285	 
12.32	 0.381	 -0.678	 -0.99	 0.378982	 -0.672848	 -0.977665	 0.376638	 -0.668117	 -0.96522	 0.374217	 -0.663499	 -0.952746	 0.372098	 -0.658483	 -0.940373	 0.370132	 -0.653255	 -0.92806	 1.08849	 1.0884	 1.08862	 1.0884	 1.08872	 
12.33	 0.381	 -0.678	 -0.99	 0.378868	 -0.673364	 -0.977497	 0.376558	 -0.668259	 -0.965209	 0.374206	 -0.663037	 -0.952978	 0.372019	 -0.658253	 -0.94054	 0.369919	 -0.653698	 -0.928	 1.08632	 1.08626	 1.08649	 1.08625	 1.08655	 
12.34	 0.381	 -0.678	 -0.99	 0.378443	 -0.673041	 -0.977704	 0.376398	 -0.668185	 -0.965272	 0.374488	 -0.663349	 -0.952809	 0.372097	 -0.658417	 -0.94047	 0.369448	 -0.653443	 -0.928197	 1.08605	 1.08594	 1.08616	 1.08594	 1.08627	 
12.35	 0.381	 -0.678	 -0.99	 0.378939	 -0.672892	 -0.977662	 0.376472	 -0.668141	 -0.965257	 0.373903	 -0.663479	 -0.952837	 0.371713	 -0.658483	 -0.940476	 0.369717	 -0.653317	 -0.92815	 1.08737	 1.08728	 1.08749	 1.08727	 1.08758	 
12.36	 0.381	 -0.678	 -0.99	 0.378709	 -0.673373	 -0.977495	 0.376358	 -0.668254	 -0.965195	 0.373986	 -0.663008	 -0.952951	 0.371671	 -0.658224	 -0.94051	 0.369392	 -0.653688	 -0.927968	 1.09003	 1.08995	 1.09016	 1.08991	 1.09023	 
12.37	 0.381	 -0.678	 -0.99	 0.378367	 -0.672974	 -0.977691	 0.37621	 -0.668144	 -0.965213	 0.374172	 -0.66336	 -0.952697	 0.371689	 -0.658391	 -0.940335	 0.368977	 -0.653333	 -0.928055	 1.09374	 1.09363	 1.09381	 1.09358	 1.09389	 
12.38	 0.381	 -0.678	 -0.99	 0.378865	 -0.672916	 -0.977587	 0.376277	 -0.668113	 -0.96515	 0.373573	 -0.663384	 -0.952707	 0.371294	 -0.658389	 -0.940284	 0.369242	 -0.653252	 -0.927879	 1.09812	 1.09803	 1.09821	 1.09796	 1.09827	 
12.39	 0.381	 -0.678	 -0.99	 0.37856	 -0.673354	 -0.977437	 0.376141	 -0.668205	 -0.965069	 0.373723	 -0.662932	 -0.952751	 0.371288	 -0.658127	 -0.940248	 0.368852	 -0.653565	 -0.927653	 1.10305	 1.10296	 1.10313	 1.10287	 1.10316	 
12.4	 0.381	 -0.678	 -0.99	 0.378286	 -0.672916	 -0.977626	 0.376009	 -0.668074	 -0.965068	 0.373847	 -0.663295	 -0.952465	 0.371276	 -0.658286	 -0.940032	 0.368488	 -0.653157	 -0.927691	 1.10849	 1.10836	 1.10853	 1.10829	 1.1086	 
12.41	 0.381	 -0.678	 -0.99	 0.378777	 -0.6729	 -0.977491	 0.376078	 -0.668044	 -0.964979	 0.373262	 -0.663254	 -0.952466	 0.37089	 -0.658232	 -0.939954	 0.368743	 -0.653083	 -0.927451	 1.11455	 1.11446	 1.11463	 1.11439	 1.11469	 
12.42	 0.381	 -0.678	 -0.99	 0.378452	 -0.673306	 -0.977344	 0.375939	 -0.668116	 -0.964877	 0.373436	 -0.662799	 -0.95246	 0.370894	 -0.657946	 -0.939864	 0.368332	 -0.653338	 -0.927178	 1.12158	 1.1215	 1.12168	 1.12144	 1.12174	 
12.43	 0.381	 -0.678	 -0.99	 0.378187	 -0.672861	 -0.977515	 0.375807	 -0.667966	 -0.964844	 0.373539	 -0.663129	 -0.952129	 0.370864	 -0.658064	 -0.939584	 0.367972	 -0.652889	 -0.92713	 1.12988	 1.12979	 1.12998	 1.12978	 1.13009	 
12.44	 0.381	 -0.678	 -0.99	 0.378657	 -0.672821	 -0.977364	 0.37586	 -0.667915	 -0.964712	 0.372949	 -0.663076	 -0.952057	 0.370464	 -0.657984	 -0.939414	 0.368202	 -0.652761	 -0.926779	 1.13971	 1.13964	 1.13984	 1.13964	 1.13995	 
12.45	 0.381	 -0.678	 -0.99	 0.378372	 -0.673233	 -0.977176	 0.375725	 -0.667976	 -0.964549	 0.373067	 -0.662595	 -0.951975	 0.370426	 -0.657672	 -0.939212	 0.367805	 -0.65299	 -0.926354	 1.15125	 1.15118	 1.15139	 1.15119	 1.15151	 
12.46	 0.381	 -0.678	 -0.99	 0.378046	 -0.672839	 -0.977305	 0.375571	 -0.667829	 -0.964448	 0.373214	 -0.662857	 -0.951552	 0.370407	 -0.657742	 -0.938805	 0.36737	 -0.652556	 -0.926138	 1.16453	 1.16445	 1.16466	 1.16449	 1.16481	 
12.47	 0.381	 -0.678	 -0.99	 0.378488	 -0.672685	 -0.977164	 0.375607	 -0.667735	 -0.964261	 0.372634	 -0.662884	 -0.951339	 0.370005	 -0.657688	 -0.938478	 0.367554	 -0.652307	 -0.925656	 1.17954	 1.17948	 1.17969	 1.17951	 1.17983	 
12.48	 0.381	 -0.678	 -0.99	 0.378352	 -0.673111	 -0.976903	 0.375499	 -0.667786	 -0.964022	 0.372594	 -0.662355	 -0.951196	 0.369878	 -0.657331	 -0.938165	 0.367262	 -0.652514	 -0.925033	 1.19626	 1.1962	 1.1964	 1.19623	 1.19653	 
12.49	 0.381	 -0.678	 -0.99	 0.377902	 -0.672866	 -0.976964	 0.37531	 -0.667661	 -0.963847	 0.372848	 -0.662434	 -0.950712	 0.369907	 -0.657273	 -0.937651	 0.366715	 -0.652153	 -0.924631	 1.21463	 1.21455	 1.21476	 1.2146	 1.21492	 
12.5	 0.381	 -0.678	 -0.99	 0.378213	 -0.672504	 -0.976897	 0.375311	 -0.667493	 -0.963626	 0.372383	 -0.6626	 -0.950315	 0.369563	 -0.657254	 -0.937157	 0.366792	 -0.651679	 -0.924082	 1.23456	 1.23449	 1.23469	 1.23454	 1.23485	 
12.51	 0.381	 -0.678	 -0.99	 0.378361	 -0.67284	 -0.976578	 0.375273	 -0.667493	 -0.963326	 0.37207	 -0.662101	 -0.950119	 0.36929	 -0.656885	 -0.936747	 0.366735	 -0.65176	 -0.923293	 1.25588	 1.25582	 1.25602	 1.25584	 1.25616	 
12.52	 0.381	 -0.678	 -0.99	 0.377875	 -0.672915	 -0.976492	 0.375077	 -0.667429	 -0.963071	 0.372356	 -0.661846	 -0.949672	 0.369331	 -0.656634	 -0.93619	 0.366158	 -0.651615	 -0.922668	 1.27831	 1.27824	 1.27842	 1.27825	 1.27855	 
12.53	 0.381	 -0.678	 -0.99	 0.377829	 -0.672447	 -0.976521	 0.374989	 -0.667229	 -0.962836	 0.372235	 -0.662095	 -0.9491	 0.369169	 -0.656643	 -0.935556	 0.36594	 -0.651027	 -0.922114	 1.30141	 1.30133	 1.3015	 1.30133	 1.30163	 
12.54	 0.381	 -0.678	 -0.99	 0.378217	 -0.672418	 -0.976278	 0.375011	 -0.667135	 -0.962531	 0.371705	 -0.661927	 -0.948777	 0.368795	 -0.656437	 -0.935045	 0.366079	 -0.650802	 -0.92133	 1.32477	 1.32469	 1.32485	 1.32466	 1.32495	 
12.55	 0.381	 -0.678	 -0.99	 0.378074	 -0.672766	 -0.976004	 0.374903	 -0.667134	 -0.962218	 0.371672	 -0.661403	 -0.948486	 0.368669	 -0.656046	 -0.934554	 0.365788	 -0.650884	 -0.920521	 1.34808	 1.348	 1.34814	 1.34793	 1.34822	 
12.56	 0.381	 -0.678	 -0.99	 0.377634	 -0.672632	 -0.975987	 0.374722	 -0.667016	 -0.961971	 0.371918	 -0.661335	 -0.947957	 0.368692	 -0.655887	 -0.933943	 0.365257	 -0.650565	 -0.919929	 1.37123	 1.37114	 1.37127	 1.37107	 1.37135	 
12.57	 0.381	 -0.678	 -0.99	 0.377721	 -0.672209	 -0.975967	 0.37467	 -0.666824	 -0.961724	 0.371677	 -0.661542	 -0.947428	 0.368474	 -0.655873	 -0.93333	 0.365162	 -0.650008	 -0.919334	 1.39436	 1.39427	 1.39441	 1.39422	 1.3945	 
12.58	 0.381	 -0.678	 -0.99	 0.378063	 -0.672243	 -0.975708	 0.374685	 -0.666746	 -0.961412	 0.371205	 -0.661317	 -0.947114	 0.368139	 -0.65564	 -0.932818	 0.365277	 -0.649832	 -0.918531	 1.4178	 1.41773	 1.41788	 1.4177	 1.41798	 
12.59	 0.381	 -0.678	 -0.99	 0.377932	 -0.672557	 -0.97544	 0.374589	 -0.666737	 -0.961088	 0.371181	 -0.660824	 -0.946789	 0.36803	 -0.655264	 -0.932292	 0.36501	 -0.649885	 -0.917696	 1.44199	 1.44191	 1.44207	 1.44191	 1.4422	 
12.6	 0.381	 -0.678	 -0.99	 0.377521	 -0.67248	 -0.97538	 0.374427	 -0.666628	 -0.960803	 0.371424	 -0.66069	 -0.946241	 0.36806	 -0.655066	 -0.931634	 0.36452	 -0.649607	 -0.917004	 1.4672	 1.46713	 1.4673	 1.46716	 1.46744	 
12.61	 0.381	 -0.678	 -0.99	 0.377489	 -0.672076	 -0.975355	 0.374357	 -0.666431	 -0.960516	 0.371316	 -0.660857	 -0.94563	 0.36792	 -0.655017	 -0.930925	 0.364347	 -0.649044	 -0.916314	 1.49351	 1.49345	 1.49362	 1.49348	 1.49377	 
12.62	 0.381	 -0.678	 -0.99	 0.377812	 -0.671933	 -0.975143	 0.374375	 -0.666296	 -0.960173	 0.370882	 -0.660767	 -0.945175	 0.36762	 -0.654832	 -0.930281	 0.364468	 -0.64869	 -0.915445	 1.52068	 1.52062	 1.52078	 1.52064	 1.52092	 
12.63	 0.381	 -0.678	 -0.99	 0.377914	 -0.672171	 -0.974829	 0.374346	 -0.666253	 -0.959799	 0.370661	 -0.660314	 -0.944806	 0.367425	 -0.654459	 -0.929676	 0.364415	 -0.648646	 -0.914483	 1.54821	 1.54813	 1.54828	 1.54811	 1.54839	 
12.64	 0.381	 -0.678	 -0.99	 0.377614	 -0.672332	 -0.974637	 0.374224	 -0.66619	 -0.959458	 0.370826	 -0.659935	 -0.944327	 0.367429	 -0.654124	 -0.929021	 0.364043	 -0.648536	 -0.913628	 1.57544	 1.57535	 1.57547	 1.57529	 1.57556	 
12.65	 0.381	 -0.678	 -0.99	 0.377317	 -0.672115	 -0.974597	 0.374102	 -0.666038	 -0.959164	 0.370998	 -0.659917	 -0.943726	 0.367449	 -0.653973	 -0.928316	 0.363682	 -0.648119	 -0.912921	 1.60181	 1.60172	 1.60182	 1.60162	 1.60188	 
12.66	 0.381	 -0.678	 -0.99	 0.377381	 -0.671756	 -0.974541	 0.374072	 -0.665856	 -0.958879	 0.370841	 -0.660036	 -0.943171	 0.367314	 -0.653893	 -0.927652	 0.363632	 -0.647596	 -0.912229	 1.62699	 1.62689	 1.62699	 1.62678	 1.62703	 
12.67	 0.381	 -0.678	 -0.99	 0.377669	 -0.671648	 -0.974346	 0.374104	 -0.665733	 -0.958574	 0.370482	 -0.659922	 -0.942775	 0.367078	 -0.653703	 -0.927086	 0.363783	 -0.647283	 -0.911452	 1.651	 1.6509	 1.65099	 1.65078	 1.65102	 
12.68	 0.381	 -0.678	 -0.99	 0.377797	 -0.67184	 -0.974077	 0.374099	 -0.665682	 -0.958262	 0.370282	 -0.659532	 -0.942471	 0.366929	 -0.65338	 -0.926577	 0.363808	 -0.647218	 -0.910638	 1.67413	 1.67403	 1.67412	 1.67392	 1.67418	 
12.69	 0.381	 -0.678	 -0.99	 0.377605	 -0.672031	 -0.973882	 0.37402	 -0.665639	 -0.957969	 0.370392	 -0.659147	 -0.942105	 0.36694	 -0.653056	 -0.926046	 0.363576	 -0.647161	 -0.909893	 1.69683	 1.69674	 1.69684	 1.69666	 1.69691	 
12.7	 0.381	 -0.678	 -0.99	 0.377298	 -0.67196	 -0.973813	 0.37392	 -0.665538	 -0.957703	 0.370617	 -0.659021	 -0.941615	 0.367013	 -0.652864	 -0.92545	 0.363266	 -0.646892	 -0.909248	 1.71952	 1.71944	 1.71956	 1.71939	 1.71964	 
12.71	 0.381	 -0.678	 -0.99	 0.377189	 -0.671666	 -0.973785	 0.37387	 -0.665383	 -0.957444	 0.370669	 -0.659111	 -0.941073	 0.36701	 -0.652787	 -0.92482	 0.363128	 -0.646441	 -0.908626	 1.74246	 1.74239	 1.74253	 1.74236	 1.7426	 
12.72	 0.381	 -0.678	 -0.99	 0.377361	 -0.671403	 -0.973682	 0.373892	 -0.665237	 -0.957161	 0.370471	 -0.659171	 -0.940592	 0.366892	 -0.652696	 -0.924213	 0.363226	 -0.646025	 -0.90793	 1.76567	 1.76561	 1.76574	 1.76558	 1.76583	 
12.73	 0.381	 -0.678	 -0.99	 0.377623	 -0.671371	 -0.973471	 0.373947	 -0.665143	 -0.956851	 0.3702	 -0.659008	 -0.940211	 0.366735	 -0.652496	 -0.923655	 0.363406	 -0.645802	 -0.907141	 1.78895	 1.78888	 1.789	 1.78883	 1.78908	 
12.74	 0.381	 -0.678	 -0.99	 0.377733	 -0.671543	 -0.973216	 0.373968	 -0.665095	 -0.956535	 0.37008	 -0.658657	 -0.939877	 0.366659	 -0.652208	 -0.923122	 0.363467	 -0.645745	 -0.906325	 1.81193	 1.81184	 1.81195	 1.81177	 1.81202	 
12.75	 0.381	 -0.678	 -0.99	 0.377602	 -0.671716	 -0.973018	 0.373928	 -0.665056	 -0.956238	 0.37019	 -0.65831	 -0.939507	 0.366706	 -0.65192	 -0.922583	 0.363349	 -0.645701	 -0.905569	 1.83418	 1.83408	 1.83416	 1.83398	 1.83421	 
12.76	 0.381	 -0.678	 -0.99	 0.377346	 -0.67172	 -0.972919	 0.373864	 -0.664984	 -0.955976	 0.370421	 -0.658139	 -0.939069	 0.366822	 -0.651726	 -0.922027	 0.363154	 -0.645525	 -0.90492	 1.85532	 1.85522	 1.85529	 1.85508	 1.85531	 
12.77	 0.381	 -0.678	 -0.99	 0.377176	 -0.67153	 -0.972884	 0.373827	 -0.664869	 -0.955744	 0.370594	 -0.658164	 -0.938597	 0.36692	 -0.651636	 -0.921473	 0.363033	 -0.645195	 -0.904361	 1.87513	 1.87502	 1.87509	 1.87487	 1.87508	 
12.78	 0.381	 -0.678	 -0.99	 0.377212	 -0.671263	 -0.972847	 0.37385	 -0.664742	 -0.955523	 0.370594	 -0.658266	 -0.938161	 0.366938	 -0.651584	 -0.92096	 0.363085	 -0.644813	 -0.903835	 1.89357	 1.89348	 1.89355	 1.89332	 1.89354	 
12.79	 0.381	 -0.678	 -0.99	 0.377413	 -0.671086	 -0.972749	 0.373919	 -0.664633	 -0.955302	 0.370446	 -0.658285	 -0.937812	 0.366891	 -0.6515	 -0.920505	 0.363297	 -0.644508	 -0.903287	 1.91089	 1.9108	 1.91087	 1.91065	 1.91088	 
12.8	 0.381	 -0.678	 -0.99	 0.377649	 -0.671086	 -0.972583	 0.373993	 -0.664565	 -0.955075	 0.370274	 -0.65814	 -0.937546	 0.366845	 -0.651341	 -0.9201	 0.363548	 -0.644357	 -0.9027	 1.92745	 1.92736	 1.92744	 1.92724	 1.92748	 
12.81	 0.381	 -0.678	 -0.99	 0.377775	 -0.671227	 -0.972387	 0.374053	 -0.664537	 -0.954841	 0.370217	 -0.657866	 -0.937312	 0.366852	 -0.651119	 -0.919717	 0.363711	 -0.644335	 -0.902092	 1.94371	 1.94362	 1.94371	 1.94353	 1.94376	 
12.82	 0.381	 -0.678	 -0.99	 0.377729	 -0.6714	 -0.972214	 0.374077	 -0.664516	 -0.954611	 0.370331	 -0.657572	 -0.937051	 0.366945	 -0.650894	 -0.919316	 0.36374	 -0.644337	 -0.901502	 1.96004	 1.95994	 1.96005	 1.95988	 1.96012	 
12.83	 0.381	 -0.678	 -0.99	 0.377555	 -0.671474	 -0.972101	 0.374064	 -0.664476	 -0.954392	 0.370566	 -0.657368	 -0.936726	 0.367111	 -0.650707	 -0.918881	 0.363679	 -0.644255	 -0.900952	 1.97659	 1.9765	 1.97661	 1.97646	 1.97669	 
12.84	 0.381	 -0.678	 -0.99	 0.377371	 -0.671394	 -0.972048	 0.374059	 -0.664397	 -0.954184	 0.37082	 -0.657304	 -0.936344	 0.367284	 -0.650582	 -0.918418	 0.363614	 -0.644042	 -0.90045	 1.99326	 1.99318	 1.99329	 1.99312	 1.99335	 
12.85	 0.381	 -0.678	 -0.99	 0.377298	 -0.671196	 -0.97202	 0.374088	 -0.664285	 -0.953986	 0.370989	 -0.657351	 -0.935942	 0.367418	 -0.650515	 -0.917948	 0.363628	 -0.643729	 -0.899979	 2.00968	 2.00962	 2.00971	 2.00953	 2.00976	 
12.86	 0.381	 -0.678	 -0.99	 0.377367	 -0.670968	 -0.971981	 0.374148	 -0.664174	 -0.953793	 0.371024	 -0.657431	 -0.935569	 0.367498	 -0.650466	 -0.917503	 0.363782	 -0.643404	 -0.899512	 2.02539	 2.02531	 2.02541	 2.0252	 2.02542	 
12.87	 0.381	 -0.678	 -0.99	 0.377543	 -0.670818	 -0.971901	 0.37423	 -0.664086	 -0.953604	 0.37095	 -0.657458	 -0.935262	 0.367538	 -0.650403	 -0.917107	 0.364061	 -0.643148	 -0.899041	 2.03988	 2.03979	 2.03988	 2.03965	 2.03986	 
12.88	 0.381	 -0.678	 -0.99	 0.377763	 -0.670793	 -0.971778	 0.374325	 -0.664034	 -0.953422	 0.370851	 -0.65738	 -0.935034	 0.367575	 -0.650297	 -0.916772	 0.36438	 -0.643013	 -0.898573	 2.0528	 2.05269	 2.05275	 2.05252	 2.05273	 
12.89	 0.381	 -0.678	 -0.99	 0.377937	 -0.670884	 -0.971632	 0.374427	 -0.664014	 -0.953252	 0.370817	 -0.657198	 -0.93487	 0.367637	 -0.65015	 -0.916499	 0.364656	 -0.642993	 -0.898134	 2.06394	 2.06382	 2.06386	 2.06363	 2.06383	 
12.9	 0.381	 -0.678	 -0.99	 0.378002	 -0.671041	 -0.971495	 0.374508	 -0.664009	 -0.953106	 0.370899	 -0.656966	 -0.934744	 0.36776	 -0.649989	 -0.916271	 0.364843	 -0.643036	 -0.897752	 2.07329	 2.07315	 2.07319	 2.07295	 2.07316	 
12.91	 0.381	 -0.678	 -0.99	 0.377942	 -0.671179	 -0.971399	 0.374557	 -0.664011	 -0.952988	 0.371099	 -0.656763	 -0.934621	 0.367949	 -0.649846	 -0.916074	 0.364945	 -0.643084	 -0.897444	 2.08094	 2.0808	 2.08084	 2.0806	 2.0808	 
12.92	 0.381	 -0.678	 -0.99	 0.377803	 -0.671242	 -0.971356	 0.374594	 -0.664001	 -0.952898	 0.371378	 -0.656653	 -0.934483	 0.368178	 -0.64976	 -0.915891	 0.364993	 -0.643078	 -0.897219	 2.08708	 2.08695	 2.08699	 2.08675	 2.08695	 
12.93	 0.381	 -0.678	 -0.99	 0.377671	 -0.671193	 -0.971363	 0.374635	 -0.663975	 -0.952832	 0.371667	 -0.656662	 -0.934326	 0.368418	 -0.649736	 -0.915721	 0.365039	 -0.642993	 -0.89707	 2.09191	 2.09179	 2.09185	 2.0916	 2.0918	 
12.94	 0.381	 -0.678	 -0.99	 0.377604	 -0.671048	 -0.971402	 0.374696	 -0.663929	 -0.952786	 0.371894	 -0.656766	 -0.934169	 0.368628	 -0.649762	 -0.91557	 0.365152	 -0.64284	 -0.896977	 2.09561	 2.09551	 2.09558	 2.09533	 2.09552	 
12.95	 0.381	 -0.678	 -0.99	 0.377651	 -0.670867	 -0.971443	 0.374779	 -0.663872	 -0.952755	 0.372015	 -0.656911	 -0.934037	 0.368795	 -0.649817	 -0.915445	 0.365361	 -0.642662	 -0.896912	 2.0983	 2.09821	 2.09829	 2.09804	 2.09823	 
12.96	 0.381	 -0.678	 -0.99	 0.377808	 -0.670718	 -0.971461	 0.374888	 -0.663833	 -0.952727	 0.372032	 -0.657034	 -0.933952	 0.368913	 -0.649863	 -0.915359	 0.365666	 -0.642523	 -0.896853	 2.10002	 2.09993	 2.10001	 2.09976	 2.09995	 
12.97	 0.381	 -0.678	 -0.99	 0.378022	 -0.670668	 -0.97144	 0.375009	 -0.66382	 -0.952703	 0.371988	 -0.657083	 -0.933925	 0.369005	 -0.649885	 -0.915316	 0.366036	 -0.642471	 -0.896787	 2.10075	 2.10065	 2.10073	 2.10048	 2.10068	 
12.98	 0.381	 -0.678	 -0.99	 0.378233	 -0.670728	 -0.971386	 0.375127	 -0.663838	 -0.952681	 0.371955	 -0.657035	 -0.933955	 0.369108	 -0.649867	 -0.915315	 0.366401	 -0.642528	 -0.896719	 2.10043	 2.10032	 2.10039	 2.10015	 2.10035	 
12.99	 0.381	 -0.678	 -0.99	 0.378373	 -0.670875	 -0.971319	 0.375246	 -0.663876	 -0.952668	 0.372003	 -0.656906	 -0.934026	 0.369237	 -0.649816	 -0.915353	 0.366696	 -0.642669	 -0.896669	 2.09907	 2.09894	 2.09901	 2.09876	 2.09896	 
13	 0.381	 -0.678	 -0.99	 0.378402	 -0.671055	 -0.971264	 0.375336	 -0.663921	 -0.952672	 0.372159	 -0.65675	 -0.934111	 0.369422	 -0.649756	 -0.915416	 0.366894	 -0.642837	 -0.896661	 2.09668	 2.09654	 2.09659	 2.09635	 2.09655	 
13.01	 0.381	 -0.678	 -0.99	 0.378313	 -0.671193	 -0.97125	 0.375391	 -0.663965	 -0.952694	 0.372414	 -0.656639	 -0.934185	 0.36966	 -0.649714	 -0.915491	 0.367014	 -0.642977	 -0.89671	 2.0933	 2.09316	 2.09322	 2.09297	 2.09318	 
13.02	 0.381	 -0.678	 -0.99	 0.37817	 -0.67124	 -0.971284	 0.375438	 -0.66399	 -0.952739	 0.372725	 -0.65663	 -0.934234	 0.369922	 -0.64973	 -0.915567	 0.367083	 -0.643045	 -0.896826	 2.08901	 2.08888	 2.08895	 2.0887	 2.08889	 
13.03	 0.381	 -0.678	 -0.99	 0.378057	 -0.67117	 -0.971364	 0.375495	 -0.663994	 -0.952802	 0.373019	 -0.656737	 -0.93426	 0.370174	 -0.649807	 -0.915647	 0.367159	 -0.643034	 -0.897002	 2.08383	 2.08372	 2.08379	 2.08353	 2.08373	 
13.04	 0.381	 -0.678	 -0.99	 0.378027	 -0.671017	 -0.971469	 0.375571	 -0.663981	 -0.952883	 0.373225	 -0.65693	 -0.934288	 0.370385	 -0.64993	 -0.915744	 0.367319	 -0.642961	 -0.897224	 2.0777	 2.0776	 2.07768	 2.07741	 2.07759	 
13.05	 0.381	 -0.678	 -0.99	 0.378121	 -0.670853	 -0.971568	 0.375665	 -0.663966	 -0.952977	 0.373307	 -0.65714	 -0.934351	 0.370546	 -0.650066	 -0.915875	 0.36759	 -0.642877	 -0.897473	 2.07047	 2.07037	 2.07045	 2.07016	 2.07034	 
13.06	 0.381	 -0.678	 -0.99	 0.378322	 -0.670752	 -0.971639	 0.375786	 -0.663973	 -0.953079	 0.373287	 -0.657298	 -0.934477	 0.370652	 -0.650179	 -0.916062	 0.367949	 -0.642858	 -0.897734	 2.06189	 2.06178	 2.06184	 2.06155	 2.06173	 
13.07	 0.381	 -0.678	 -0.99	 0.378564	 -0.670776	 -0.971668	 0.37592	 -0.664011	 -0.953191	 0.373229	 -0.657353	 -0.934682	 0.370738	 -0.650257	 -0.91631	 0.368338	 -0.642953	 -0.898006	 2.0517	 2.05157	 2.05163	 2.05133	 2.05152	 
13.08	 0.381	 -0.678	 -0.99	 0.378756	 -0.670924	 -0.97167	 0.37604	 -0.664086	 -0.953316	 0.373221	 -0.657303	 -0.934956	 0.370848	 -0.650294	 -0.916621	 0.368678	 -0.643175	 -0.8983	 2.03974	 2.03959	 2.03963	 2.03932	 2.03951	 
13.09	 0.381	 -0.678	 -0.99	 0.37882	 -0.671144	 -0.971677	 0.376136	 -0.664183	 -0.953461	 0.373332	 -0.657199	 -0.935273	 0.371005	 -0.650314	 -0.916982	 0.368908	 -0.643474	 -0.898644	 2.02598	 2.02582	 2.02586	 2.02555	 2.02573	 
13.1	 0.381	 -0.678	 -0.99	 0.378741	 -0.671343	 -0.971721	 0.376193	 -0.664279	 -0.953635	 0.373575	 -0.657127	 -0.935593	 0.371226	 -0.650358	 -0.91737	 0.369007	 -0.643763	 -0.899065	 2.01065	 2.0105	 2.01054	 2.01023	 2.01041	 
13.11	 0.381	 -0.678	 -0.99	 0.378567	 -0.671425	 -0.97183	 0.376222	 -0.664358	 -0.953835	 0.373896	 -0.657175	 -0.935883	 0.37148	 -0.650457	 -0.917766	 0.369028	 -0.643965	 -0.899571	 1.99413	 1.99399	 1.99406	 1.99375	 1.99393	 
13.12	 0.381	 -0.678	 -0.99	 0.378412	 -0.671359	 -0.971998	 0.376253	 -0.664405	 -0.954058	 0.374188	 -0.657376	 -0.936136	 0.371717	 -0.650642	 -0.918155	 0.36906	 -0.64405	 -0.900145	 1.97685	 1.97673	 1.97681	 1.97651	 1.97669	 
13.13	 0.381	 -0.678	 -0.99	 0.378397	 -0.671189	 -0.97219	 0.376311	 -0.664431	 -0.954292	 0.374347	 -0.657685	 -0.936376	 0.371889	 -0.650886	 -0.918543	 0.369191	 -0.644066	 -0.900751	 1.95908	 1.95897	 1.95907	 1.95877	 1.95897	 
13.14	 0.381	 -0.678	 -0.99	 0.378557	 -0.671033	 -0.972358	 0.376413	 -0.664466	 -0.954525	 0.374335	 -0.657988	 -0.936651	 0.371969	 -0.651134	 -0.918956	 0.369464	 -0.644108	 -0.901347	 1.94082	 1.94071	 1.94081	 1.94052	 1.94071	 
13.15	 0.381	 -0.678	 -0.99	 0.378826	 -0.671021	 -0.972463	 0.376533	 -0.664533	 -0.954754	 0.374211	 -0.658164	 -0.937006	 0.371995	 -0.651331	 -0.919419	 0.369828	 -0.644272	 -0.901914	 1.92176	 1.92163	 1.92172	 1.92141	 1.92162	 
13.16	 0.381	 -0.678	 -0.99	 0.379053	 -0.671193	 -0.972513	 0.376638	 -0.66465	 -0.954985	 0.374117	 -0.65817	 -0.937448	 0.372037	 -0.651445	 -0.919948	 0.37016	 -0.644599	 -0.902471	 1.9014	 1.90125	 1.90131	 1.90099	 1.90119	 
13.17	 0.381	 -0.678	 -0.99	 0.379098	 -0.671478	 -0.972556	 0.376704	 -0.664797	 -0.955235	 0.374194	 -0.658082	 -0.937943	 0.372151	 -0.651519	 -0.920533	 0.370336	 -0.645026	 -0.903071	 1.87927	 1.87911	 1.87916	 1.87882	 1.87901	 
13.18	 0.381	 -0.678	 -0.99	 0.378941	 -0.671707	 -0.97266	 0.376723	 -0.664937	 -0.95552	 0.374467	 -0.658061	 -0.938428	 0.37236	 -0.651633	 -0.921146	 0.370328	 -0.645416	 -0.903777	 1.85521	 1.85505	 1.85509	 1.85473	 1.85491	 
13.19	 0.381	 -0.678	 -0.99	 0.378705	 -0.671728	 -0.972863	 0.376722	 -0.665038	 -0.955847	 0.374811	 -0.658247	 -0.938862	 0.372602	 -0.65185	 -0.921763	 0.370254	 -0.64565	 -0.90461	 1.82944	 1.82929	 1.82935	 1.82898	 1.82915	 
13.2	 0.381	 -0.678	 -0.99	 0.378606	 -0.671552	 -0.973133	 0.376749	 -0.665092	 -0.956203	 0.375015	 -0.658626	 -0.939263	 0.372776	 -0.65217	 -0.92238	 0.370297	 -0.645725	 -0.905526	 1.8026	 1.80245	 1.80253	 1.80218	 1.80236	 
13.21	 0.381	 -0.678	 -0.99	 0.378776	 -0.671365	 -0.973375	 0.376832	 -0.665143	 -0.956558	 0.37496	 -0.659019	 -0.939695	 0.372822	 -0.652502	 -0.923015	 0.370549	 -0.645795	 -0.906427	 1.77549	 1.77536	 1.77547	 1.77515	 1.77534	 
13.22	 0.381	 -0.678	 -0.99	 0.379098	 -0.671392	 -0.973514	 0.376951	 -0.665247	 -0.956881	 0.37475	 -0.659208	 -0.940215	 0.372779	 -0.652734	 -0.923686	 0.370913	 -0.64605	 -0.907228	 1.74886	 1.74875	 1.74888	 1.74859	 1.7488	 
13.23	 0.381	 -0.678	 -0.99	 0.379284	 -0.671684	 -0.973562	 0.377035	 -0.66541	 -0.957173	 0.374655	 -0.659149	 -0.940796	 0.372778	 -0.652847	 -0.924372	 0.371152	 -0.646522	 -0.907928	 1.72315	 1.72303	 1.72318	 1.7229	 1.72313	 
13.24	 0.381	 -0.678	 -0.99	 0.37915	 -0.672008	 -0.97363	 0.377033	 -0.665584	 -0.957458	 0.374851	 -0.659062	 -0.941333	 0.372918	 -0.652944	 -0.925021	 0.371111	 -0.64702	 -0.908621	 1.69836	 1.69825	 1.69839	 1.69812	 1.69835	 
13.25	 0.381	 -0.678	 -0.99	 0.378839	 -0.672062	 -0.973819	 0.376984	 -0.665698	 -0.957764	 0.375202	 -0.659227	 -0.941741	 0.373131	 -0.653159	 -0.925599	 0.370919	 -0.647295	 -0.909398	 1.67416	 1.67404	 1.67419	 1.6739	 1.67413	 
13.26	 0.381	 -0.678	 -0.99	 0.378724	 -0.671831	 -0.974093	 0.376979	 -0.665738	 -0.95809	 0.375361	 -0.659658	 -0.942068	 0.373244	 -0.653506	 -0.926135	 0.370885	 -0.647326	 -0.910245	 1.65009	 1.64997	 1.6501	 1.64979	 1.65002	 
13.27	 0.381	 -0.678	 -0.99	 0.378979	 -0.671647	 -0.974305	 0.37706	 -0.665783	 -0.958408	 0.375168	 -0.66004	 -0.942464	 0.373183	 -0.653831	 -0.926708	 0.371147	 -0.64739	 -0.911051	 1.62576	 1.62563	 1.62574	 1.62543	 1.62566	 
13.28	 0.381	 -0.678	 -0.99	 0.379313	 -0.671819	 -0.974373	 0.377159	 -0.665916	 -0.958697	 0.374898	 -0.66008	 -0.943009	 0.373076	 -0.653982	 -0.927367	 0.371466	 -0.647752	 -0.911752	 1.60098	 1.60084	 1.60095	 1.60062	 1.60084	 
13.29	 0.381	 -0.678	 -0.99	 0.379288	 -0.672211	 -0.974404	 0.377174	 -0.666103	 -0.95898	 0.37496	 -0.659917	 -0.943601	 0.373125	 -0.654032	 -0.928058	 0.371484	 -0.648296	 -0.912435	 1.57576	 1.57563	 1.57575	 1.5754	 1.57562	 
13.3	 0.381	 -0.678	 -0.99	 0.378933	 -0.672349	 -0.974576	 0.377104	 -0.666229	 -0.959302	 0.375327	 -0.659997	 -0.944067	 0.373327	 -0.654205	 -0.928689	 0.371222	 -0.648631	 -0.913243	 1.55028	 1.55014	 1.55027	 1.54993	 1.55015	 
13.31	 0.381	 -0.678	 -0.99	 0.378775	 -0.672088	 -0.974879	 0.377073	 -0.666262	 -0.959657	 0.375502	 -0.660457	 -0.944413	 0.373435	 -0.65457	 -0.929262	 0.371116	 -0.648645	 -0.91416	 1.52467	 1.52453	 1.52466	 1.52433	 1.52457	 
13.32	 0.381	 -0.678	 -0.99	 0.379083	 -0.6719	 -0.975094	 0.377154	 -0.666313	 -0.959991	 0.375226	 -0.660849	 -0.944843	 0.373309	 -0.654906	 -0.929876	 0.371391	 -0.648727	 -0.915004	 1.49904	 1.49889	 1.49902	 1.4987	 1.49893	 
13.33	 0.381	 -0.678	 -0.99	 0.379382	 -0.672193	 -0.975125	 0.377232	 -0.666481	 -0.960281	 0.37495	 -0.660794	 -0.945447	 0.373172	 -0.655021	 -0.930579	 0.371651	 -0.649201	 -0.915699	 1.47334	 1.47321	 1.47335	 1.47301	 1.47325	 
13.34	 0.381	 -0.678	 -0.99	 0.379155	 -0.672582	 -0.975187	 0.377177	 -0.666675	 -0.96058	 0.375164	 -0.660652	 -0.946024	 0.37328	 -0.655088	 -0.931272	 0.371467	 -0.649751	 -0.916425	 1.44757	 1.44745	 1.44759	 1.44725	 1.44747	 
13.35	 0.381	 -0.678	 -0.99	 0.378786	 -0.672469	 -0.975463	 0.377084	 -0.666748	 -0.960931	 0.37551	 -0.660981	 -0.946402	 0.373458	 -0.65539	 -0.931867	 0.371161	 -0.649891	 -0.917331	 1.42171	 1.42157	 1.4217	 1.42136	 1.42161	 
13.36	 0.381	 -0.678	 -0.99	 0.378968	 -0.672149	 -0.975747	 0.377127	 -0.666768	 -0.961286	 0.375337	 -0.661501	 -0.946776	 0.37337	 -0.655793	 -0.932459	 0.371306	 -0.649866	 -0.918242	 1.39581	 1.39566	 1.39579	 1.39547	 1.39572	 
13.37	 0.381	 -0.678	 -0.99	 0.379366	 -0.672357	 -0.975796	 0.377225	 -0.666914	 -0.961583	 0.374958	 -0.661522	 -0.947368	 0.373169	 -0.655944	 -0.933159	 0.371623	 -0.650271	 -0.918958	 1.37006	 1.36993	 1.37007	 1.36974	 1.36998	 
13.38	 0.381	 -0.678	 -0.99	 0.379164	 -0.6728	 -0.975831	 0.377172	 -0.667117	 -0.96187	 0.375137	 -0.661319	 -0.947962	 0.373247	 -0.655973	 -0.933856	 0.371439	 -0.650856	 -0.919653	 1.34478	 1.34467	 1.34483	 1.34449	 1.34474	 
13.39	 0.381	 -0.678	 -0.99	 0.378766	 -0.67265	 -0.976118	 0.377063	 -0.667173	 -0.962211	 0.375491	 -0.661666	 -0.9483	 0.373419	 -0.656273	 -0.934411	 0.371091	 -0.650943	 -0.920537	 1.32035	 1.32022	 1.32039	 1.32008	 1.32034	 
13.4	 0.381	 -0.678	 -0.99	 0.379048	 -0.672336	 -0.976367	 0.377119	 -0.667181	 -0.962532	 0.375201	 -0.662151	 -0.948648	 0.373258	 -0.656642	 -0.934953	 0.371293	 -0.65089	 -0.921359	 1.29706	 1.29693	 1.29711	 1.29682	 1.29709	 
13.41	 0.381	 -0.678	 -0.99	 0.379362	 -0.672694	 -0.976339	 0.377186	 -0.667349	 -0.962769	 0.374874	 -0.661993	 -0.949225	 0.373063	 -0.656676	 -0.935591	 0.371512	 -0.65138	 -0.921916	 1.27512	 1.27502	 1.27521	 1.27491	 1.27517	 
13.42	 0.381	 -0.678	 -0.99	 0.378935	 -0.672994	 -0.976429	 0.377061	 -0.667502	 -0.963019	 0.375229	 -0.661887	 -0.949654	 0.373216	 -0.656728	 -0.936133	 0.371117	 -0.651809	 -0.922535	 1.25464	 1.25454	 1.25474	 1.25445	 1.25473	 
13.43	 0.381	 -0.678	 -0.99	 0.378776	 -0.672603	 -0.976742	 0.376993	 -0.66748	 -0.96331	 0.37532	 -0.662426	 -0.949837	 0.373234	 -0.657113	 -0.936524	 0.370935	 -0.65167	 -0.923297	 1.23556	 1.23544	 1.23562	 1.23536	 1.23564	 
13.44	 0.381	 -0.678	 -0.99	 0.379259	 -0.672614	 -0.976793	 0.377086	 -0.667554	 -0.963523	 0.374807	 -0.662583	 -0.950235	 0.372932	 -0.657301	 -0.937006	 0.371265	 -0.651855	 -0.923814	 1.21766	 1.21755	 1.21775	 1.21746	 1.21774	 
13.45	 0.381	 -0.678	 -0.99	 0.379095	 -0.673114	 -0.976742	 0.377019	 -0.667749	 -0.963697	 0.3749	 -0.662269	 -0.950706	 0.372937	 -0.657235	 -0.937514	 0.371057	 -0.65243	 -0.924222	 1.20076	 1.20066	 1.20085	 1.20054	 1.20082	 
13.46	 0.381	 -0.678	 -0.99	 0.378673	 -0.672879	 -0.977014	 0.376882	 -0.667758	 -0.963945	 0.375228	 -0.662635	 -0.950857	 0.373066	 -0.657512	 -0.937846	 0.370638	 -0.652397	 -0.924876	 1.18464	 1.18451	 1.18468	 1.1844	 1.18469	 
13.47	 0.381	 -0.678	 -0.99	 0.379097	 -0.672645	 -0.977151	 0.376955	 -0.667763	 -0.964154	 0.374754	 -0.662998	 -0.951121	 0.372775	 -0.657791	 -0.938225	 0.370906	 -0.652358	 -0.925405	 1.16912	 1.16899	 1.16915	 1.16886	 1.16915	 
13.48	 0.381	 -0.678	 -0.99	 0.379136	 -0.673165	 -0.977047	 0.376933	 -0.667954	 -0.964296	 0.374639	 -0.662648	 -0.951598	 0.372663	 -0.657693	 -0.93871	 0.370858	 -0.652921	 -0.925725	 1.15413	 1.15402	 1.15421	 1.15389	 1.15416	 
13.49	 0.381	 -0.678	 -0.99	 0.378619	 -0.673062	 -0.977274	 0.376767	 -0.667984	 -0.964516	 0.375044	 -0.662868	 -0.951753	 0.372828	 -0.657882	 -0.939018	 0.370358	 -0.652968	 -0.926299	 1.13982	 1.1397	 1.13986	 1.13957	 1.13986	 
13.5	 0.381	 -0.678	 -0.99	 0.378983	 -0.672725	 -0.977443	 0.37682	 -0.667946	 -0.964714	 0.374622	 -0.663295	 -0.951943	 0.372562	 -0.658178	 -0.939329	 0.370574	 -0.652817	 -0.926804	 1.12639	 1.12626	 1.12644	 1.12616	 1.12646	 
13.51	 0.381	 -0.678	 -0.99	 0.379093	 -0.673232	 -0.977312	 0.376812	 -0.668118	 -0.964822	 0.374436	 -0.662922	 -0.952383	 0.372411	 -0.658046	 -0.939756	 0.370574	 -0.653333	 -0.927036	 1.11416	 1.11408	 1.11428	 1.11399	 1.11427	 
13.52	 0.381	 -0.678	 -0.99	 0.378559	 -0.67314	 -0.977515	 0.37664	 -0.668134	 -0.964996	 0.374855	 -0.663091	 -0.952471	 0.37258	 -0.658181	 -0.939975	 0.370048	 -0.653342	 -0.927499	 1.10364	 1.10353	 1.10373	 1.10348	 1.10379	 
13.53	 0.381	 -0.678	 -0.99	 0.378941	 -0.672792	 -0.977647	 0.376696	 -0.668071	 -0.965133	 0.374409	 -0.663474	 -0.952579	 0.372293	 -0.658421	 -0.940172	 0.37026	 -0.653129	 -0.92785	 1.09515	 1.09505	 1.09527	 1.09504	 1.09535	 
13.54	 0.381	 -0.678	 -0.99	 0.378994	 -0.673303	 -0.977479	 0.376666	 -0.66822	 -0.965167	 0.374257	 -0.663039	 -0.95291	 0.372147	 -0.65822	 -0.940453	 0.370194	 -0.653591	 -0.927897	 1.08901	 1.08894	 1.08918	 1.08894	 1.08925	 
13.55	 0.381	 -0.678	 -0.99	 0.378475	 -0.67312	 -0.97767	 0.376483	 -0.668189	 -0.965263	 0.374628	 -0.66324	 -0.952841	 0.372273	 -0.658338	 -0.940486	 0.369657	 -0.653471	 -0.928168	 1.08542	 1.08534	 1.08557	 1.08537	 1.08569	 
13.56	 0.381	 -0.678	 -0.99	 0.378911	 -0.672836	 -0.977712	 0.37654	 -0.66812	 -0.965297	 0.374099	 -0.663516	 -0.952851	 0.371922	 -0.658495	 -0.94052	 0.369882	 -0.653258	 -0.928253	 1.0843	 1.08422	 1.08446	 1.08426	 1.08458	 
13.57	 0.381	 -0.678	 -0.99	 0.378838	 -0.673348	 -0.977514	 0.376467	 -0.668249	 -0.965243	 0.374036	 -0.663038	 -0.953029	 0.371802	 -0.658245	 -0.94061	 0.369679	 -0.653673	 -0.928086	 1.08538	 1.08532	 1.08555	 1.08533	 1.08565	 
13.58	 0.381	 -0.678	 -0.99	 0.378381	 -0.673059	 -0.977693	 0.376285	 -0.668175	 -0.965265	 0.37432	 -0.663304	 -0.952809	 0.371866	 -0.658377	 -0.940464	 0.369157	 -0.653425	 -0.928179	 1.08827	 1.08817	 1.08837	 1.08817	 1.0885	 
13.59	 0.381	 -0.678	 -0.99	 0.378852	 -0.672869	 -0.977651	 0.376337	 -0.668117	 -0.96522	 0.37373	 -0.663465	 -0.952768	 0.371467	 -0.658453	 -0.940391	 0.369384	 -0.65325	 -0.928059	 1.09235	 1.09226	 1.09246	 1.09223	 1.09255	 
13.6	 0.381	 -0.678	 -0.99	 0.378671	 -0.673354	 -0.977458	 0.376226	 -0.668226	 -0.965129	 0.37375	 -0.662978	 -0.952854	 0.371382	 -0.658179	 -0.940378	 0.369076	 -0.653612	 -0.927802	 1.09716	 1.09708	 1.09726	 1.097	 1.0973	 
13.61	 0.381	 -0.678	 -0.99	 0.378282	 -0.672993	 -0.977639	 0.376058	 -0.668118	 -0.965129	 0.373964	 -0.663277	 -0.952582	 0.371407	 -0.658308	 -0.940173	 0.368606	 -0.653276	 -0.92784	 1.10238	 1.10225	 1.10242	 1.10217	 1.10248	 
13.62	 0.381	 -0.678	 -0.99	 0.378764	 -0.672863	 -0.977557	 0.376116	 -0.668063	 -0.96506	 0.37337	 -0.66335	 -0.952551	 0.371009	 -0.658319	 -0.940088	 0.368844	 -0.65312	 -0.927657	 1.10789	 1.10778	 1.10795	 1.10769	 1.10799	 
13.63	 0.381	 -0.678	 -0.99	 0.378537	 -0.673318	 -0.977377	 0.376002	 -0.668152	 -0.96496	 0.373448	 -0.662861	 -0.952598	 0.370959	 -0.658023	 -0.94004	 0.368507	 -0.653426	 -0.927383	 1.11397	 1.11388	 1.11405	 1.11379	 1.11408	 
13.64	 0.381	 -0.678	 -0.99	 0.378184	 -0.672933	 -0.97755	 0.37585	 -0.668022	 -0.96494	 0.373638	 -0.663147	 -0.952293	 0.370973	 -0.658125	 -0.939792	 0.368071	 -0.653036	 -0.92737	 1.12105	 1.12095	 1.12113	 1.12092	 1.12123	 
13.65	 0.381	 -0.678	 -0.99	 0.378654	 -0.672807	 -0.977443	 0.375903	 -0.667951	 -0.964834	 0.373048	 -0.663182	 -0.952213	 0.370573	 -0.658096	 -0.939637	 0.368297	 -0.652845	 -0.927089	 1.12964	 1.12956	 1.12976	 1.12956	 1.12987	 
13.66	 0.381	 -0.678	 -0.99	 0.378438	 -0.673249	 -0.977236	 0.37578	 -0.668021	 -0.96468	 0.373093	 -0.662674	 -0.952178	 0.370496	 -0.657772	 -0.939478	 0.367954	 -0.653103	 -0.926678	 1.14014	 1.14008	 1.14029	 1.1401	 1.14041	 
13.67	 0.381	 -0.678	 -0.99	 0.378054	 -0.672896	 -0.977365	 0.375608	 -0.667884	 -0.964588	 0.373287	 -0.662897	 -0.951776	 0.370498	 -0.657821	 -0.939094	 0.367466	 -0.652702	 -0.926484	 1.15275	 1.15268	 1.1529	 1.15274	 1.15306	 
13.68	 0.381	 -0.678	 -0.99	 0.378486	 -0.672691	 -0.97725	 0.375638	 -0.667779	 -0.964412	 0.372709	 -0.662972	 -0.951551	 0.37009	 -0.657792	 -0.938769	 0.367628	 -0.652415	 -0.926035	 1.16741	 1.16735	 1.16757	 1.1674	 1.16773	 
13.69	 0.381	 -0.678	 -0.99	 0.378386	 -0.673126	 -0.97698	 0.375533	 -0.667834	 -0.964174	 0.37262	 -0.66244	 -0.951424	 0.369928	 -0.657436	 -0.938469	 0.367351	 -0.652633	 -0.925413	 1.18388	 1.18383	 1.18404	 1.18387	 1.18417	 
13.7	 0.381	 -0.678	 -0.99	 0.377913	 -0.672906	 -0.977038	 0.375332	 -0.66772	 -0.964004	 0.372879	 -0.662506	 -0.950954	 0.369949	 -0.657378	 -0.93797	 0.36677	 -0.652303	 -0.925021	 1.20185	 1.20177	 1.20197	 1.2018	 1.20212	 
13.71	 0.381	 -0.678	 -0.99	 0.378215	 -0.672535	 -0.976982	 0.375325	 -0.667555	 -0.963795	 0.372411	 -0.662696	 -0.950566	 0.369593	 -0.657381	 -0.937494	 0.366823	 -0.651835	 -0.924506	 1.22096	 1.22088	 1.22107	 1.2209	 1.2212	 
13.72	 0.381	 -0.678	 -0.99	 0.378365	 -0.672878	 -0.976669	 0.375282	 -0.667564	 -0.963511	 0.372084	 -0.662203	 -0.950398	 0.369307	 -0.657024	 -0.93712	 0.366752	 -0.651935	 -0.923759	 1.24098	 1.24091	 1.24109	 1.24089	 1.2412	 
13.73	 0.381	 -0.678	 -0.99	 0.377868	 -0.672946	 -0.976601	 0.375076	 -0.667503	 -0.96328	 0.372367	 -0.661964	 -0.949981	 0.369339	 -0.656786	 -0.936606	 0.366155	 -0.651796	 -0.923194	 1.26179	 1.26171	 1.26188	 1.26169	 1.26199	 
13.74	 0.381	 -0.678	 -0.99	 0.377842	 -0.672471	 -0.976639	 0.374987	 -0.667302	 -0.963068	 0.372212	 -0.662224	 -0.949446	 0.369154	 -0.656803	 -0.936018	 0.365946	 -0.651209	 -0.922695	 1.28332	 1.28324	 1.28341	 1.28323	 1.28354	 
13.75	 0.381	 -0.678	 -0.99	 0.378228	 -0.672481	 -0.976389	 0.375006	 -0.667218	 -0.962776	 0.371677	 -0.662021	 -0.949162	 0.36877	 -0.656582	 -0.935547	 0.366074	 -0.651017	 -0.921938	 1.30559	 1.30552	 1.30569	 1.30551	 1.30581	 
13.76	 0.381	 -0.678	 -0.99	 0.378031	 -0.672825	 -0.97613	 0.374882	 -0.667218	 -0.96247	 0.371689	 -0.661501	 -0.948865	 0.368663	 -0.656192	 -0.935059	 0.365728	 -0.651093	 -0.921152	 1.32864	 1.32857	 1.32873	 1.32855	 1.32885	 
13.77	 0.381	 -0.678	 -0.99	 0.377608	 -0.672628	 -0.976131	 0.374701	 -0.667082	 -0.962221	 0.371911	 -0.66149	 -0.948304	 0.36867	 -0.656059	 -0.934422	 0.365201	 -0.650716	 -0.920559	 1.35246	 1.35238	 1.35254	 1.35238	 1.35267	 
13.78	 0.381	 -0.678	 -0.99	 0.377765	 -0.67222	 -0.976079	 0.37466	 -0.666889	 -0.961951	 0.37159	 -0.66167	 -0.947773	 0.368401	 -0.656025	 -0.933786	 0.365149	 -0.650162	 -0.919902	 1.37699	 1.37692	 1.37709	 1.37693	 1.37722	 
13.79	 0.381	 -0.678	 -0.99	 0.378071	 -0.672331	 -0.975784	 0.374658	 -0.666823	 -0.961614	 0.371131	 -0.661357	 -0.947454	 0.36806	 -0.655737	 -0.933249	 0.365216	 -0.650033	 -0.919028	 1.40217	 1.40211	 1.40227	 1.40211	 1.4024	 
13.8	 0.381	 -0.678	 -0.99	 0.377843	 -0.67262	 -0.975536	 0.374528	 -0.666801	 -0.96128	 0.371176	 -0.660872	 -0.947077	 0.367972	 -0.655355	 -0.932676	 0.364846	 -0.650048	 -0.918177	 1.42791	 1.42784	 1.428	 1.42783	 1.42812	 
13.81	 0.381	 -0.678	 -0.99	 0.37745	 -0.672445	 -0.975505	 0.374359	 -0.666663	 -0.960994	 0.371378	 -0.660822	 -0.946482	 0.367968	 -0.655192	 -0.931983	 0.364345	 -0.649677	 -0.917489	 1.45414	 1.45406	 1.45421	 1.45405	 1.45434	 
13.82	 0.381	 -0.678	 -0.99	 0.377519	 -0.672043	 -0.975454	 0.374302	 -0.666466	 -0.960698	 0.37115	 -0.660983	 -0.945891	 0.367752	 -0.655138	 -0.93128	 0.364227	 -0.649114	 -0.916771	 1.48088	 1.48082	 1.48096	 1.48081	 1.48109	 
13.83	 0.381	 -0.678	 -0.99	 0.37784	 -0.672005	 -0.975198	 0.37431	 -0.666356	 -0.960344	 0.370692	 -0.660793	 -0.945477	 0.36742	 -0.654904	 -0.930657	 0.364319	 -0.648846	 -0.915866	 1.50826	 1.5082	 1.50835	 1.5082	 1.50848	 
13.84	 0.381	 -0.678	 -0.99	 0.377825	 -0.672278	 -0.974891	 0.37424	 -0.666319	 -0.959968	 0.370554	 -0.660301	 -0.945091	 0.367249	 -0.654508	 -0.930038	 0.364139	 -0.648827	 -0.914899	 1.53638	 1.53631	 1.53647	 1.53632	 1.5366	 
13.85	 0.381	 -0.678	 -0.99	 0.37746	 -0.672342	 -0.974741	 0.374088	 -0.666227	 -0.959623	 0.370749	 -0.66	 -0.944541	 0.367251	 -0.654203	 -0.929326	 0.363682	 -0.648624	 -0.914043	 1.56517	 1.5651	 1.56525	 1.56511	 1.56539	 
13.86	 0.381	 -0.678	 -0.99	 0.377238	 -0.672034	 -0.974702	 0.37397	 -0.666044	 -0.9593	 0.370819	 -0.660049	 -0.943875	 0.367201	 -0.654074	 -0.928545	 0.363351	 -0.648112	 -0.913266	 1.59434	 1.59428	 1.59442	 1.59427	 1.59455	 
13.87	 0.381	 -0.678	 -0.99	 0.377399	 -0.671711	 -0.974581	 0.373949	 -0.66586	 -0.958957	 0.370539	 -0.660114	 -0.943285	 0.366983	 -0.653955	 -0.927804	 0.36335	 -0.647596	 -0.912421	 1.62336	 1.62329	 1.62342	 1.62325	 1.62351	 
13.88	 0.381	 -0.678	 -0.99	 0.377671	 -0.671709	 -0.974317	 0.373966	 -0.665755	 -0.958588	 0.370169	 -0.659884	 -0.942849	 0.366725	 -0.653697	 -0.927151	 0.363456	 -0.647354	 -0.911476	 1.65155	 1.65146	 1.65156	 1.65136	 1.65162	 
13.89	 0.381	 -0.678	 -0.99	 0.377688	 -0.671938	 -0.974032	 0.373927	 -0.665709	 -0.958229	 0.370055	 -0.659445	 -0.942466	 0.366603	 -0.65334	 -0.926546	 0.363362	 -0.647306	 -0.910552	 1.67831	 1.6782	 1.67827	 1.67806	 1.67831	 
13.9	 0.381	 -0.678	 -0.99	 0.377419	 -0.672057	 -0.973866	 0.373823	 -0.665642	 -0.957917	 0.370223	 -0.659117	 -0.942013	 0.366632	 -0.653036	 -0.925935	 0.363049	 -0.647173	 -0.909772	 1.70338	 1.70327	 1.70332	 1.7031	 1.70334	 
13.91	 0.381	 -0.678	 -0.99	 0.377146	 -0.671887	 -0.973823	 0.373724	 -0.665512	 -0.957651	 0.370403	 -0.659069	 -0.941483	 0.366676	 -0.652873	 -0.92531	 0.362755	 -0.646806	 -0.909131	 1.72691	 1.7268	 1.72687	 1.72664	 1.72688	 
13.92	 0.381	 -0.678	 -0.99	 0.377129	 -0.67157	 -0.973787	 0.373689	 -0.665345	 -0.957398	 0.370354	 -0.659168	 -0.940969	 0.36662	 -0.652792	 -0.924704	 0.362689	 -0.646323	 -0.908521	 1.74941	 1.74932	 1.74941	 1.7492	 1.74944	 
13.93	 0.381	 -0.678	 -0.99	 0.377355	 -0.67137	 -0.973654	 0.373719	 -0.66521	 -0.957125	 0.370094	 -0.65916	 -0.940551	 0.366465	 -0.652663	 -0.924149	 0.362826	 -0.645951	 -0.907835	 1.77158	 1.7715	 1.77161	 1.77143	 1.77168	 
13.94	 0.381	 -0.678	 -0.99	 0.377586	 -0.671419	 -0.973423	 0.373763	 -0.665134	 -0.956821	 0.369844	 -0.658917	 -0.940215	 0.366314	 -0.652422	 -0.923629	 0.362971	 -0.645791	 -0.907057	 1.79401	 1.79394	 1.79406	 1.7939	 1.79416	 
13.95	 0.381	 -0.678	 -0.99	 0.377612	 -0.671615	 -0.973177	 0.373761	 -0.665089	 -0.956508	 0.369796	 -0.658536	 -0.939876	 0.366264	 -0.652114	 -0.923097	 0.362947	 -0.645749	 -0.906251	 1.81699	 1.81691	 1.81705	 1.8169	 1.81716	 
13.96	 0.381	 -0.678	 -0.99	 0.377417	 -0.671739	 -0.973003	 0.373702	 -0.665032	 -0.956206	 0.369954	 -0.658222	 -0.939457	 0.366323	 -0.651834	 -0.922518	 0.362756	 -0.645649	 -0.905489	 1.84043	 1.84035	 1.84047	 1.84033	 1.84058	 
13.97	 0.381	 -0.678	 -0.99	 0.377162	 -0.671663	 -0.972918	 0.373628	 -0.664931	 -0.955924	 0.370163	 -0.658104	 -0.938951	 0.366416	 -0.651652	 -0.921893	 0.362539	 -0.645386	 -0.904794	 1.86389	 1.86382	 1.86393	 1.86377	 1.86401	 
13.98	 0.381	 -0.678	 -0.99	 0.377044	 -0.671426	 -0.97287	 0.373589	 -0.664796	 -0.955654	 0.370258	 -0.658153	 -0.938418	 0.366461	 -0.651561	 -0.92126	 0.362439	 -0.644996	 -0.904142	 1.88683	 1.88674	 1.88684	 1.88665	 1.88687	 
13.99	 0.381	 -0.678	 -0.99	 0.377137	 -0.671171	 -0.97279	 0.373614	 -0.664665	 -0.955385	 0.370177	 -0.65823	 -0.937935	 0.366424	 -0.651489	 -0.920668	 0.362513	 -0.644609	 -0.903489	 1.90871	 1.90862	 1.9087	 1.9085	 1.90872	 
14	 0.381	 -0.678	 -0.99	 0.377358	 -0.671044	 -0.972645	 0.373678	 -0.664563	 -0.955115	 0.36999	 -0.658192	 -0.937546	 0.366342	 -0.651371	 -0.92014	 0.362713	 -0.644338	 -0.902813	 1.92928	 1.92919	 1.92926	 1.92904	 1.92926	 
14.01	 0.381	 -0.678	 -0.99	 0.377563	 -0.67109	 -0.972446	 0.373738	 -0.664501	 -0.954849	 0.369829	 -0.657992	 -0.93724	 0.366289	 -0.651178	 -0.919671	 0.362918	 -0.644213	 -0.902126	 1.94859	 1.94848	 1.94855	 1.94834	 1.94857	 
14.02	 0.381	 -0.678	 -0.99	 0.377637	 -0.671243	 -0.972241	 0.37378	 -0.664468	 -0.95459	 0.369809	 -0.65769	 -0.936965	 0.366306	 -0.650931	 -0.919235	 0.363025	 -0.644179	 -0.901459	 1.96693	 1.96682	 1.96689	 1.9667	 1.96692	 
14.03	 0.381	 -0.678	 -0.99	 0.377554	 -0.67139	 -0.972074	 0.373792	 -0.664432	 -0.954346	 0.369952	 -0.657397	 -0.936664	 0.366408	 -0.650691	 -0.918795	 0.363012	 -0.644135	 -0.90084	 1.98473	 1.98462	 1.98471	 1.98453	 1.98475	 
14.04	 0.381	 -0.678	 -0.99	 0.377371	 -0.671426	 -0.971972	 0.373777	 -0.664375	 -0.954118	 0.370191	 -0.657212	 -0.936307	 0.366574	 -0.6505	 -0.918329	 0.362943	 -0.644001	 -0.900273	 2.00235	 2.00226	 2.00235	 2.00218	 2.00241	 
14.05	 0.381	 -0.678	 -0.99	 0.377204	 -0.67132	 -0.97192	 0.373774	 -0.664285	 -0.953901	 0.370428	 -0.657163	 -0.9359	 0.366742	 -0.650374	 -0.917839	 0.362899	 -0.643748	 -0.899748	 2.01994	 2.01986	 2.01997	 2.01979	 2.02002	 
14.06	 0.381	 -0.678	 -0.99	 0.377157	 -0.671114	 -0.971882	 0.37381	 -0.664168	 -0.953689	 0.370577	 -0.657207	 -0.935481	 0.366867	 -0.650298	 -0.917345	 0.362937	 -0.643417	 -0.899243	 2.03734	 2.03728	 2.03737	 2.0372	 2.03742	 
14.07	 0.381	 -0.678	 -0.99	 0.377242	 -0.670895	 -0.971828	 0.373877	 -0.664054	 -0.953479	 0.370598	 -0.657269	 -0.935093	 0.36694	 -0.650234	 -0.916875	 0.363104	 -0.643087	 -0.898736	 2.05413	 2.05406	 2.05415	 2.05396	 2.05418	 
14.08	 0.381	 -0.678	 -0.99	 0.377415	 -0.670756	 -0.971736	 0.373953	 -0.663965	 -0.953275	 0.370523	 -0.657277	 -0.934771	 0.366982	 -0.650155	 -0.916452	 0.363384	 -0.642831	 -0.898222	 2.06973	 2.06965	 2.06973	 2.06951	 2.06972	 
14.09	 0.381	 -0.678	 -0.99	 0.377624	 -0.670733	 -0.971605	 0.374044	 -0.663913	 -0.95308	 0.37043	 -0.657194	 -0.934523	 0.367019	 -0.650047	 -0.91609	 0.363692	 -0.6427	 -0.897719	 2.08361	 2.08351	 2.08356	 2.08333	 2.08353	 
14.1	 0.381	 -0.678	 -0.99	 0.377795	 -0.67082	 -0.971457	 0.374148	 -0.663892	 -0.952899	 0.370402	 -0.657022	 -0.934341	 0.367081	 -0.64991	 -0.915793	 0.363957	 -0.642685	 -0.897255	 2.09543	 2.09531	 2.09534	 2.09509	 2.0953	 
14.11	 0.381	 -0.678	 -0.99	 0.377866	 -0.670968	 -0.971319	 0.37423	 -0.663889	 -0.952747	 0.37048	 -0.656805	 -0.9342	 0.367203	 -0.649762	 -0.91555	 0.364148	 -0.642732	 -0.896856	 2.10515	 2.10501	 2.10503	 2.10478	 2.10498	 
14.12	 0.381	 -0.678	 -0.99	 0.377819	 -0.671106	 -0.97122	 0.374284	 -0.663892	 -0.952624	 0.370668	 -0.656606	 -0.934073	 0.367388	 -0.649624	 -0.915345	 0.364269	 -0.642781	 -0.896536	 2.11298	 2.11284	 2.11287	 2.11263	 2.11283	 
14.13	 0.381	 -0.678	 -0.99	 0.377699	 -0.671179	 -0.971169	 0.374326	 -0.663883	 -0.95253	 0.370935	 -0.656482	 -0.933936	 0.367616	 -0.649527	 -0.915159	 0.364335	 -0.642778	 -0.896299	 2.11932	 2.11919	 2.11923	 2.119	 2.11919	 
14.14	 0.381	 -0.678	 -0.99	 0.377571	 -0.671151	 -0.971164	 0.374372	 -0.663858	 -0.952456	 0.371226	 -0.656462	 -0.933779	 0.367859	 -0.649484	 -0.914982	 0.364393	 -0.642703	 -0.896129	 2.12458	 2.12446	 2.12452	 2.12429	 2.12449	 
14.15	 0.381	 -0.678	 -0.99	 0.37749	 -0.671031	 -0.971192	 0.374433	 -0.663813	 -0.952399	 0.371474	 -0.656536	 -0.933612	 0.368086	 -0.649492	 -0.914812	 0.364504	 -0.642562	 -0.896003	 2.12903	 2.12894	 2.12901	 2.12878	 2.12897	 
14.16	 0.381	 -0.678	 -0.99	 0.377506	 -0.67086	 -0.971226	 0.374514	 -0.663757	 -0.952352	 0.371636	 -0.656662	 -0.933457	 0.368279	 -0.64953	 -0.914657	 0.364699	 -0.642383	 -0.895903	 2.13277	 2.13269	 2.13277	 2.13253	 2.13273	 
14.17	 0.381	 -0.678	 -0.99	 0.377623	 -0.670699	 -0.971246	 0.374619	 -0.66371	 -0.952311	 0.3717	 -0.656787	 -0.933339	 0.368428	 -0.649568	 -0.914536	 0.36499	 -0.642219	 -0.895813	 2.13565	 2.13557	 2.13565	 2.1354	 2.1356	 
14.18	 0.381	 -0.678	 -0.99	 0.377813	 -0.670607	 -0.971236	 0.374737	 -0.66368	 -0.952278	 0.371691	 -0.656859	 -0.933276	 0.368549	 -0.649592	 -0.914458	 0.365354	 -0.642118	 -0.895729	 2.13739	 2.13729	 2.13737	 2.13711	 2.13731	 
14.19	 0.381	 -0.678	 -0.99	 0.378033	 -0.67061	 -0.971197	 0.374869	 -0.66368	 -0.952252	 0.371669	 -0.656852	 -0.933276	 0.368661	 -0.649588	 -0.914433	 0.365733	 -0.642122	 -0.895655	 2.13769	 2.13758	 2.13764	 2.13738	 2.13757	 
14.2	 0.381	 -0.678	 -0.99	 0.378221	 -0.670712	 -0.971138	 0.375007	 -0.663706	 -0.952239	 0.371691	 -0.656767	 -0.933333	 0.368786	 -0.64956	 -0.914461	 0.366075	 -0.642225	 -0.895608	 2.13641	 2.13627	 2.13632	 2.13605	 2.13624	 
14.21	 0.381	 -0.678	 -0.99	 0.378317	 -0.670876	 -0.971082	 0.375114	 -0.663753	 -0.952245	 0.371794	 -0.656635	 -0.933427	 0.368961	 -0.649515	 -0.914531	 0.366355	 -0.642388	 -0.895605	 2.13355	 2.13341	 2.13344	 2.13318	 2.13337	 
14.22	 0.381	 -0.678	 -0.99	 0.378296	 -0.671044	 -0.971052	 0.375192	 -0.663807	 -0.952272	 0.371997	 -0.656506	 -0.933533	 0.369188	 -0.649471	 -0.914632	 0.366558	 -0.642558	 -0.895658	 2.12934	 2.1292	 2.12924	 2.12899	 2.12919	 
14.23	 0.381	 -0.678	 -0.99	 0.378202	 -0.671157	 -0.971062	 0.375261	 -0.663847	 -0.952321	 0.372286	 -0.656434	 -0.933626	 0.369448	 -0.649461	 -0.914743	 0.366677	 -0.642688	 -0.895777	 2.12411	 2.12397	 2.12403	 2.12378	 2.12398	 
14.24	 0.381	 -0.678	 -0.99	 0.378078	 -0.671169	 -0.971118	 0.375326	 -0.66387	 -0.952387	 0.372607	 -0.656462	 -0.933694	 0.36972	 -0.6495	 -0.914857	 0.366763	 -0.64275	 -0.895952	 2.11812	 2.118	 2.11807	 2.11782	 2.11801	 
14.25	 0.381	 -0.678	 -0.99	 0.377978	 -0.671085	 -0.971211	 0.375387	 -0.663874	 -0.952471	 0.37289	 -0.656595	 -0.933743	 0.369982	 -0.649596	 -0.914969	 0.366891	 -0.642732	 -0.896174	 2.1115	 2.11139	 2.11147	 2.11121	 2.1114	 
14.26	 0.381	 -0.678	 -0.99	 0.377973	 -0.670936	 -0.97132	 0.375465	 -0.663868	 -0.952566	 0.37308	 -0.656797	 -0.933795	 0.370204	 -0.649729	 -0.915095	 0.367095	 -0.642666	 -0.896429	 2.10416	 2.10406	 2.10415	 2.10387	 2.10405	 
14.27	 0.381	 -0.678	 -0.99	 0.378087	 -0.670783	 -0.97142	 0.375578	 -0.663863	 -0.952669	 0.373161	 -0.657007	 -0.933883	 0.370365	 -0.649869	 -0.915256	 0.36739	 -0.642607	 -0.896704	 2.09582	 2.09572	 2.0958	 2.09552	 2.09569	 
14.28	 0.381	 -0.678	 -0.99	 0.378298	 -0.670701	 -0.971489	 0.37571	 -0.663876	 -0.952784	 0.373151	 -0.65716	 -0.934034	 0.370484	 -0.649993	 -0.915469	 0.367761	 -0.642615	 -0.896994	 2.0861	 2.08598	 2.08605	 2.08575	 2.08593	 
14.29	 0.381	 -0.678	 -0.99	 0.378538	 -0.670732	 -0.971525	 0.375849	 -0.663923	 -0.952909	 0.37311	 -0.657219	 -0.934262	 0.370585	 -0.650081	 -0.915748	 0.368154	 -0.642741	 -0.897299	 2.07461	 2.07448	 2.07452	 2.07421	 2.07439	 
14.3	 0.381	 -0.678	 -0.99	 0.378726	 -0.670886	 -0.971538	 0.375978	 -0.664005	 -0.953052	 0.373118	 -0.657183	 -0.934562	 0.370704	 -0.65014	 -0.916093	 0.3685	 -0.642987	 -0.897639	 2.0611	 2.06094	 2.06097	 2.06065	 2.06083	 
14.31	 0.381	 -0.678	 -0.99	 0.378792	 -0.671108	 -0.971556	 0.376072	 -0.664115	 -0.953219	 0.373234	 -0.657101	 -0.934909	 0.370877	 -0.650184	 -0.916496	 0.368744	 -0.643307	 -0.898039	 2.0455	 2.04533	 2.04535	 2.04503	 2.04521	 
14.32	 0.381	 -0.678	 -0.99	 0.378715	 -0.67131	 -0.971614	 0.376133	 -0.664225	 -0.953417	 0.373479	 -0.65705	 -0.935266	 0.371105	 -0.650249	 -0.916936	 0.36887	 -0.643624	 -0.898522	 2.028	 2.02784	 2.02787	 2.02755	 2.02773	 
14.33	 0.381	 -0.678	 -0.99	 0.378554	 -0.671406	 -0.971734	 0.376174	 -0.664313	 -0.953648	 0.373805	 -0.657108	 -0.935605	 0.37137	 -0.650375	 -0.917391	 0.368908	 -0.643862	 -0.8991	 2.009	 2.00885	 2.0089	 2.00857	 2.00876	 
14.34	 0.381	 -0.678	 -0.99	 0.378407	 -0.671353	 -0.971915	 0.376217	 -0.664374	 -0.953903	 0.374114	 -0.657315	 -0.935911	 0.371621	 -0.650573	 -0.91785	 0.368948	 -0.643988	 -0.899756	 1.98894	 1.98882	 1.98889	 1.98857	 1.98876	 
14.35	 0.381	 -0.678	 -0.99	 0.378377	 -0.671196	 -0.972125	 0.376279	 -0.664412	 -0.954173	 0.374297	 -0.657632	 -0.936207	 0.371812	 -0.650833	 -0.918313	 0.369092	 -0.644029	 -0.900453	 1.96827	 1.96816	 1.96825	 1.96795	 1.96813	 
14.36	 0.381	 -0.678	 -0.99	 0.378519	 -0.671041	 -0.972314	 0.376371	 -0.664454	 -0.954444	 0.374306	 -0.657953	 -0.936533	 0.371922	 -0.651098	 -0.918795	 0.369379	 -0.64408	 -0.901143	 1.9472	 1.94709	 1.94719	 1.94689	 1.94708	 
14.37	 0.381	 -0.678	 -0.99	 0.378782	 -0.671013	 -0.972444	 0.376495	 -0.664527	 -0.954706	 0.374195	 -0.658156	 -0.936927	 0.371963	 -0.651311	 -0.919319	 0.369756	 -0.644243	 -0.901795	 1.92568	 1.92556	 1.92565	 1.92535	 1.92555	 
14.38	 0.381	 -0.678	 -0.99	 0.379029	 -0.671173	 -0.972509	 0.376616	 -0.664643	 -0.954962	 0.374101	 -0.658185	 -0.937401	 0.372001	 -0.651447	 -0.919894	 0.3701	 -0.644568	 -0.902417	 1.90342	 1.90328	 1.90337	 1.90306	 1.90326	 
14.39	 0.381	 -0.678	 -0.99	 0.379105	 -0.671455	 -0.972558	 0.376693	 -0.664793	 -0.955226	 0.374161	 -0.658107	 -0.937921	 0.37211	 -0.651533	 -0.920511	 0.370292	 -0.645008	 -0.903055	 1.88006	 1.8799	 1.87997	 1.87964	 1.87983	 
14.4	 0.381	 -0.678	 -0.99	 0.378958	 -0.671699	 -0.97266	 0.376714	 -0.664943	 -0.955518	 0.374418	 -0.658081	 -0.938426	 0.372311	 -0.65165	 -0.921144	 0.370303	 -0.645427	 -0.903774	 1.85525	 1.85509	 1.85516	 1.85481	 1.855	 
14.41	 0.381	 -0.678	 -0.99	 0.378715	 -0.671749	 -0.972858	 0.376706	 -0.665053	 -0.955851	 0.37476	 -0.658253	 -0.938877	 0.372554	 -0.651872	 -0.921776	 0.370226	 -0.645695	 -0.904614	 1.82892	 1.82877	 1.82883	 1.82847	 1.82865	 
14.42	 0.381	 -0.678	 -0.99	 0.378597	 -0.671587	 -0.97313	 0.376726	 -0.665119	 -0.956215	 0.374983	 -0.658634	 -0.939292	 0.372737	 -0.6522	 -0.922412	 0.370245	 -0.645799	 -0.905553	 1.80124	 1.8011	 1.80117	 1.80081	 1.801	 
14.43	 0.381	 -0.678	 -0.99	 0.378743	 -0.671392	 -0.973389	 0.376808	 -0.665176	 -0.956588	 0.374951	 -0.65905	 -0.939745	 0.372791	 -0.652553	 -0.923081	 0.370483	 -0.64588	 -0.906504	 1.77266	 1.77252	 1.7726	 1.77226	 1.77245	 
14.44	 0.381	 -0.678	 -0.99	 0.379066	 -0.671404	 -0.97355	 0.376928	 -0.665281	 -0.956944	 0.374746	 -0.659273	 -0.940301	 0.372758	 -0.652816	 -0.923805	 0.370859	 -0.646136	 -0.907385	 1.74372	 1.74358	 1.74369	 1.74336	 1.74357	 
14.45	 0.381	 -0.678	 -0.99	 0.379278	 -0.671687	 -0.973619	 0.377021	 -0.665452	 -0.957274	 0.374641	 -0.659238	 -0.940938	 0.372764	 -0.652949	 -0.924567	 0.371131	 -0.646623	 -0.908183	 1.71497	 1.71484	 1.71497	 1.71466	 1.71487	 
14.46	 0.381	 -0.678	 -0.99	 0.379164	 -0.672025	 -0.973703	 0.377037	 -0.665638	 -0.9576	 0.374835	 -0.659153	 -0.941546	 0.372906	 -0.653057	 -0.925307	 0.371118	 -0.647153	 -0.908979	 1.68682	 1.6867	 1.68684	 1.68654	 1.68675	 
14.47	 0.381	 -0.678	 -0.99	 0.378855	 -0.672101	 -0.973907	 0.376997	 -0.66576	 -0.957947	 0.375203	 -0.659315	 -0.942021	 0.373131	 -0.653285	 -0.925968	 0.370929	 -0.647461	 -0.909855	 1.65943	 1.65932	 1.65947	 1.65917	 1.6594	 
14.48	 0.381	 -0.678	 -0.99	 0.378733	 -0.671871	 -0.974199	 0.376992	 -0.66581	 -0.958307	 0.375377	 -0.659764	 -0.942395	 0.373258	 -0.653652	 -0.926569	 0.370889	 -0.647516	 -0.910787	 1.63272	 1.63261	 1.63276	 1.63246	 1.6327	 
14.49	 0.381	 -0.678	 -0.99	 0.378989	 -0.671685	 -0.974426	 0.377072	 -0.665869	 -0.958649	 0.375177	 -0.660169	 -0.942825	 0.373191	 -0.654002	 -0.927191	 0.371157	 -0.647606	 -0.911654	 1.60638	 1.60625	 1.60638	 1.60608	 1.60632	 
14.5	 0.381	 -0.678	 -0.99	 0.37932	 -0.671878	 -0.974499	 0.377166	 -0.666016	 -0.958957	 0.374898	 -0.66022	 -0.943405	 0.373076	 -0.654178	 -0.927891	 0.371477	 -0.648009	 -0.9124	 1.57987	 1.57973	 1.57986	 1.57953	 1.57977	 
14.51	 0.381	 -0.678	 -0.99	 0.379273	 -0.672285	 -0.974541	 0.377168	 -0.66622	 -0.959264	 0.374973	 -0.660073	 -0.944032	 0.373133	 -0.654255	 -0.928627	 0.371474	 -0.648595	 -0.913141	 1.55267	 1.55253	 1.55264	 1.55228	 1.5525	 
14.52	 0.381	 -0.678	 -0.99	 0.378902	 -0.672401	 -0.974744	 0.377092	 -0.666358	 -0.959622	 0.375352	 -0.660206	 -0.944536	 0.373342	 -0.65447	 -0.929322	 0.371201	 -0.648948	 -0.914046	 1.52435	 1.52419	 1.52429	 1.52392	 1.52414	 
14.53	 0.381	 -0.678	 -0.99	 0.378784	 -0.672119	 -0.975078	 0.377076	 -0.6664	 -0.960029	 0.375493	 -0.660718	 -0.944951	 0.373435	 -0.654883	 -0.929992	 0.371138	 -0.648977	 -0.915094	 1.49477	 1.4946	 1.49468	 1.49431	 1.49453	 
14.54	 0.381	 -0.678	 -0.99	 0.379146	 -0.671987	 -0.9753	 0.377175	 -0.666476	 -0.960422	 0.375179	 -0.66109	 -0.9455	 0.373297	 -0.655233	 -0.930744	 0.371467	 -0.649135	 -0.916078	 1.46414	 1.46396	 1.46406	 1.46369	 1.46392	 
14.55	 0.381	 -0.678	 -0.99	 0.379391	 -0.672359	 -0.975346	 0.377244	 -0.666677	 -0.960777	 0.374969	 -0.66099	 -0.946229	 0.373202	 -0.655341	 -0.931598	 0.371691	 -0.649707	 -0.916932	 1.43302	 1.43287	 1.43299	 1.43263	 1.43285	 
14.56	 0.381	 -0.678	 -0.99	 0.379062	 -0.67269	 -0.975479	 0.377169	 -0.666871	 -0.961149	 0.375289	 -0.660925	 -0.946869	 0.373371	 -0.655459	 -0.932405	 0.371438	 -0.650241	 -0.917851	 1.40222	 1.4021	 1.40225	 1.4019	 1.40213	 
14.57	 0.381	 -0.678	 -0.99	 0.378779	 -0.672451	 -0.975821	 0.377103	 -0.666921	 -0.961561	 0.375563	 -0.661394	 -0.947284	 0.373516	 -0.655848	 -0.93308	 0.371215	 -0.650299	 -0.918914	 1.37252	 1.37238	 1.37255	 1.37224	 1.37249	 
14.58	 0.381	 -0.678	 -0.99	 0.379133	 -0.67223	 -0.97606	 0.377192	 -0.666969	 -0.96193	 0.375235	 -0.661837	 -0.947754	 0.37335	 -0.656226	 -0.933753	 0.371499	 -0.65037	 -0.919846	 1.34442	 1.3443	 1.34449	 1.34421	 1.34448	 
14.59	 0.381	 -0.678	 -0.99	 0.379393	 -0.672635	 -0.976053	 0.377256	 -0.66717	 -0.962217	 0.374987	 -0.661686	 -0.948408	 0.373212	 -0.656294	 -0.934492	 0.37169	 -0.650945	 -0.920529	 1.31818	 1.31809	 1.3183	 1.31801	 1.31826	 
14.6	 0.381	 -0.678	 -0.99	 0.378968	 -0.672911	 -0.976178	 0.377141	 -0.667339	 -0.962515	 0.375362	 -0.661646	 -0.948894	 0.373386	 -0.656405	 -0.935122	 0.371313	 -0.6514	 -0.921274	 1.29372	 1.29362	 1.29383	 1.29354	 1.29382	 
14.61	 0.381	 -0.678	 -0.99	 0.378816	 -0.672539	 -0.976509	 0.377085	 -0.66734	 -0.962851	 0.375467	 -0.662201	 -0.949154	 0.373423	 -0.656816	 -0.935612	 0.371156	 -0.651313	 -0.922151	 1.27069	 1.27056	 1.27075	 1.27048	 1.27077	 
14.62	 0.381	 -0.678	 -0.99	 0.379291	 -0.672525	 -0.976604	 0.377186	 -0.667419	 -0.963119	 0.374981	 -0.662408	 -0.949614	 0.373147	 -0.65705	 -0.936189	 0.371503	 -0.651511	 -0.922811	 1.24863	 1.24851	 1.24869	 1.24839	 1.24867	 
14.63	 0.381	 -0.678	 -0.99	 0.379196	 -0.673037	 -0.97657	 0.377145	 -0.66763	 -0.963349	 0.375027	 -0.662115	 -0.950182	 0.373138	 -0.657017	 -0.936816	 0.371376	 -0.652131	 -0.923352	 1.22717	 1.22706	 1.22723	 1.2269	 1.22717	 
14.64	 0.381	 -0.678	 -0.99	 0.378733	 -0.672893	 -0.976845	 0.377003	 -0.667678	 -0.963652	 0.375406	 -0.662438	 -0.950451	 0.373307	 -0.657297	 -0.937284	 0.370947	 -0.652211	 -0.924137	 1.20607	 1.20593	 1.20609	 1.20577	 1.20605	 
14.65	 0.381	 -0.678	 -0.99	 0.379089	 -0.672589	 -0.97706	 0.377064	 -0.667684	 -0.963938	 0.375015	 -0.662909	 -0.950771	 0.373074	 -0.657659	 -0.937771	 0.371183	 -0.652162	 -0.924865	 1.18524	 1.18509	 1.18524	 1.18493	 1.18521	 
14.66	 0.381	 -0.678	 -0.99	 0.379268	 -0.67308	 -0.976986	 0.377091	 -0.667888	 -0.964146	 0.3748	 -0.66263	 -0.951351	 0.372924	 -0.657627	 -0.938391	 0.371265	 -0.652754	 -0.925349	 1.16476	 1.16465	 1.16482	 1.16448	 1.16474	 
14.67	 0.381	 -0.678	 -0.99	 0.378732	 -0.673125	 -0.977192	 0.376936	 -0.667978	 -0.964417	 0.375256	 -0.662759	 -0.951654	 0.373127	 -0.657794	 -0.938859	 0.370767	 -0.65297	 -0.926048	 1.14497	 1.14485	 1.14502	 1.14471	 1.145	 
14.68	 0.381	 -0.678	 -0.99	 0.378981	 -0.672716	 -0.977448	 0.376969	 -0.667944	 -0.964693	 0.374959	 -0.6633	 -0.951889	 0.372939	 -0.658176	 -0.939273	 0.370911	 -0.652805	 -0.92676	 1.12624	 1.12611	 1.12629	 1.126	 1.12629	 
14.69	 0.381	 -0.678	 -0.99	 0.379236	 -0.673173	 -0.97735	 0.377001	 -0.66812	 -0.964864	 0.374646	 -0.663013	 -0.952422	 0.372731	 -0.658115	 -0.939823	 0.371053	 -0.653325	 -0.927146	 1.10901	 1.10891	 1.10913	 1.10883	 1.10911	 
14.7	 0.381	 -0.678	 -0.99	 0.378672	 -0.673229	 -0.977529	 0.376825	 -0.668189	 -0.965083	 0.375099	 -0.663081	 -0.952647	 0.372925	 -0.658222	 -0.940183	 0.370523	 -0.653498	 -0.927707	 1.09383	 1.09373	 1.09395	 1.09369	 1.09399	 
14.71	 0.381	 -0.678	 -0.99	 0.378959	 -0.672809	 -0.977739	 0.376861	 -0.668127	 -0.965285	 0.374751	 -0.663577	 -0.952782	 0.372697	 -0.658549	 -0.940456	 0.37067	 -0.65327	 -0.928229	 1.08108	 1.08097	 1.0812	 1.08098	 1.0813	 
14.72	 0.381	 -0.678	 -0.99	 0.379134	 -0.673306	 -0.977585	 0.376866	 -0.668292	 -0.965363	 0.374496	 -0.663201	 -0.953191	 0.372501	 -0.658407	 -0.940835	 0.370707	 -0.653765	 -0.928387	 1.07094	 1.07089	 1.07114	 1.07089	 1.0712	 
14.73	 0.381	 -0.678	 -0.99	 0.378576	 -0.673217	 -0.977769	 0.376679	 -0.668303	 -0.965498	 0.374917	 -0.663355	 -0.953219	 0.372659	 -0.658526	 -0.940975	 0.370141	 -0.653765	 -0.928753	 1.06348	 1.06339	 1.06363	 1.06341	 1.06375	 
14.74	 0.381	 -0.678	 -0.99	 0.378989	 -0.672885	 -0.977866	 0.376733	 -0.668239	 -0.965588	 0.37442	 -0.663714	 -0.953274	 0.372331	 -0.65875	 -0.941091	 0.370355	 -0.653555	 -0.928983	 1.05833	 1.05824	 1.05848	 1.05826	 1.05858	 
14.75	 0.381	 -0.678	 -0.99	 0.378949	 -0.673418	 -0.977685	 0.376669	 -0.668391	 -0.965586	 0.374331	 -0.663253	 -0.953543	 0.372205	 -0.65853	 -0.941295	 0.370194	 -0.654026	 -0.928943	 1.05504	 1.05497	 1.0552	 1.05495	 1.05526	 
14.76	 0.381	 -0.678	 -0.99	 0.378487	 -0.673121	 -0.9779	 0.376494	 -0.66833	 -0.96567	 0.374635	 -0.663556	 -0.95341	 0.372291	 -0.6587	 -0.941268	 0.36969	 -0.653809	 -0.92919	 1.05313	 1.05301	 1.05321	 1.05297	 1.0533	 
14.77	 0.381	 -0.678	 -0.99	 0.378998	 -0.672981	 -0.97787	 0.376572	 -0.668298	 -0.965683	 0.37404	 -0.663701	 -0.953484	 0.371902	 -0.658789	 -0.941335	 0.369971	 -0.653712	 -0.929216	 1.05206	 1.05195	 1.05214	 1.05188	 1.05218	 
14.78	 0.381	 -0.678	 -0.99	 0.378718	 -0.673465	 -0.977733	 0.376448	 -0.668426	 -0.965662	 0.374177	 -0.663257	 -0.953645	 0.371893	 -0.658559	 -0.941442	 0.369607	 -0.65411	 -0.929143	 1.05158	 1.05148	 1.05167	 1.05138	 1.05168	 
14.79	 0.381	 -0.678	 -0.99	 0.378455	 -0.673007	 -0.977964	 0.376317	 -0.668311	 -0.965731	 0.374284	 -0.663689	 -0.953451	 0.371872	 -0.658786	 -0.941353	 0.36926	 -0.65374	 -0.929352	 1.05169	 1.05157	 1.05173	 1.05148	 1.05179	 
14.8	 0.381	 -0.678	 -0.99	 0.378951	 -0.6731	 -0.977825	 0.376383	 -0.668328	 -0.965699	 0.373684	 -0.663593	 -0.953586	 0.371474	 -0.658736	 -0.941423	 0.369521	 -0.653813	 -0.929241	 1.05254	 1.05245	 1.05264	 1.05237	 1.05267	 
14.81	 0.381	 -0.678	 -0.99	 0.378479	 -0.673434	 -0.97777	 0.376205	 -0.668406	 -0.965673	 0.373993	 -0.663263	 -0.953613	 0.371549	 -0.65855	 -0.941423	 0.368988	 -0.654064	 -0.92917	 1.05459	 1.0545	 1.0547	 1.05445	 1.05475	 
14.82	 0.381	 -0.678	 -0.99	 0.378461	 -0.67291	 -0.977955	 0.376136	 -0.66826	 -0.965692	 0.373867	 -0.663723	 -0.953375	 0.371397	 -0.658773	 -0.941259	 0.368819	 -0.653606	 -0.929253	 1.05827	 1.05816	 1.05837	 1.05816	 1.05849	 
14.83	 0.381	 -0.678	 -0.99	 0.378841	 -0.673196	 -0.977725	 0.376168	 -0.668309	 -0.965585	 0.373365	 -0.663406	 -0.953479	 0.371038	 -0.658578	 -0.941244	 0.368962	 -0.653786	 -0.928948	 1.06391	 1.06385	 1.06407	 1.06386	 1.06417	 
14.84	 0.381	 -0.678	 -0.99	 0.378278	 -0.673331	 -0.977728	 0.375956	 -0.668315	 -0.965512	 0.373734	 -0.66321	 -0.953312	 0.371134	 -0.658429	 -0.941057	 0.368337	 -0.653821	 -0.928777	 1.07178	 1.07171	 1.07194	 1.07175	 1.07209	 
14.85	 0.381	 -0.678	 -0.99	 0.37844	 -0.672829	 -0.977823	 0.375919	 -0.668149	 -0.96544	 0.373411	 -0.663594	 -0.953008	 0.370866	 -0.658578	 -0.940763	 0.368296	 -0.653324	 -0.92862	 1.08185	 1.08178	 1.082	 1.08183	 1.08216	 
14.86	 0.381	 -0.678	 -0.99	 0.378678	 -0.673204	 -0.977537	 0.375902	 -0.6682	 -0.96525	 0.373012	 -0.663143	 -0.953009	 0.370546	 -0.658282	 -0.940599	 0.368306	 -0.653523	 -0.928105	 1.09387	 1.09382	 1.09404	 1.09385	 1.09417	 
14.87	 0.381	 -0.678	 -0.99	 0.378113	 -0.67321	 -0.977554	 0.375683	 -0.668154	 -0.965117	 0.373367	 -0.663027	 -0.952686	 0.370622	 -0.658148	 -0.940243	 0.367658	 -0.653407	 -0.927795	 1.10756	 1.10748	 1.10768	 1.10749	 1.10782	 
14.88	 0.381	 -0.678	 -0.99	 0.378338	 -0.672745	 -0.977584	 0.37566	 -0.667981	 -0.964975	 0.372979	 -0.663342	 -0.95232	 0.370311	 -0.65824	 -0.939841	 0.367648	 -0.6529	 -0.92746	 1.12249	 1.12241	 1.1226	 1.12242	 1.12273	 
14.89	 0.381	 -0.678	 -0.99	 0.378536	 -0.673114	 -0.97728	 0.375628	 -0.668015	 -0.964739	 0.372605	 -0.662865	 -0.952245	 0.369999	 -0.657913	 -0.939579	 0.367614	 -0.653061	 -0.92683	 1.13839	 1.13832	 1.13851	 1.13829	 1.1386	 
14.9	 0.381	 -0.678	 -0.99	 0.377989	 -0.673131	 -0.977271	 0.375406	 -0.667957	 -0.964568	 0.37293	 -0.662707	 -0.951875	 0.370054	 -0.65774	 -0.939153	 0.366974	 -0.652922	 -0.926419	 1.15513	 1.15504	 1.15522	 1.15501	 1.15532	 
14.91	 0.381	 -0.678	 -0.99	 0.378138	 -0.672647	 -0.977304	 0.375361	 -0.667766	 -0.9644	 0.372609	 -0.663006	 -0.951446	 0.369778	 -0.657802	 -0.938681	 0.366902	 -0.652368	 -0.926021	 1.17269	 1.1726	 1.17277	 1.17259	 1.1729	 
14.92	 0.381	 -0.678	 -0.99	 0.378427	 -0.672913	 -0.977001	 0.375354	 -0.66776	 -0.964137	 0.372157	 -0.662595	 -0.951307	 0.369427	 -0.657491	 -0.938347	 0.366939	 -0.652416	 -0.925324	 1.19119	 1.19113	 1.19131	 1.19111	 1.19141	 
14.93	 0.381	 -0.678	 -0.99	 0.377942	 -0.67308	 -0.9769	 0.375151	 -0.66773	 -0.963909	 0.372426	 -0.662271	 -0.95095	 0.369448	 -0.657214	 -0.937883	 0.366344	 -0.652371	 -0.924764	 1.21086	 1.21078	 1.21097	 1.21078	 1.21109	 
14.94	 0.381	 -0.678	 -0.99	 0.377857	 -0.672595	 -0.97696	 0.375045	 -0.667531	 -0.963709	 0.372317	 -0.66255	 -0.950409	 0.369277	 -0.657248	 -0.937303	 0.366074	 -0.651788	 -0.924299	 1.23179	 1.23171	 1.2319	 1.23174	 1.23205	 
14.95	 0.381	 -0.678	 -0.99	 0.378258	 -0.672601	 -0.976706	 0.375062	 -0.667448	 -0.963417	 0.371751	 -0.66236	 -0.95013	 0.368863	 -0.65704	 -0.936836	 0.366194	 -0.651597	 -0.923543	 1.25402	 1.25395	 1.25415	 1.25398	 1.25429	 
14.96	 0.381	 -0.678	 -0.99	 0.378019	 -0.672954	 -0.976451	 0.374917	 -0.66745	 -0.96311	 0.371779	 -0.661835	 -0.949822	 0.368752	 -0.656648	 -0.936337	 0.365788	 -0.651679	 -0.922754	 1.27748	 1.27742	 1.2776	 1.27744	 1.27774	 
14.97	 0.381	 -0.678	 -0.99	 0.377612	 -0.672685	 -0.976473	 0.374724	 -0.667294	 -0.962861	 0.371961	 -0.661885	 -0.94923	 0.368726	 -0.656544	 -0.935676	 0.36525	 -0.651243	 -0.922165	 1.30197	 1.3019	 1.30207	 1.30191	 1.30222	 
14.98	 0.381	 -0.678	 -0.99	 0.377861	 -0.672313	 -0.97638	 0.374697	 -0.667108	 -0.962576	 0.371532	 -0.66202	 -0.948727	 0.36839	 -0.656482	 -0.935047	 0.365254	 -0.650716	 -0.921459	 1.32722	 1.32715	 1.32732	 1.32715	 1.32745	 
14.99	 0.381	 -0.678	 -0.99	 0.378084	 -0.672541	 -0.976053	 0.374672	 -0.667065	 -0.962226	 0.371137	 -0.661586	 -0.94843	 0.368069	 -0.656125	 -0.934516	 0.365241	 -0.650672	 -0.920547	 1.353	 1.35293	 1.35309	 1.35291	 1.35321	 
15	 0.381	 -0.678	 -0.99	 0.377712	 -0.672746	 -0.975869	 0.374502	 -0.667016	 -0.961906	 0.371308	 -0.66117	 -0.947987	 0.368042	 -0.655772	 -0.933906	 0.364745	 -0.650603	 -0.919744	 1.37915	 1.37907	 1.37922	 1.37904	 1.37933	 
15.01	 0.381	 -0.678	 -0.99	 0.37743	 -0.672404	 -0.975878	 0.374353	 -0.666833	 -0.96163	 0.371399	 -0.661268	 -0.947353	 0.367981	 -0.655679	 -0.933191	 0.364328	 -0.650082	 -0.919089	 1.4056	 1.40552	 1.40567	 1.4055	 1.40579	 
15.02	 0.381	 -0.678	 -0.99	 0.377688	 -0.672089	 -0.975747	 0.374337	 -0.666655	 -0.961315	 0.370982	 -0.661338	 -0.94684	 0.367663	 -0.655573	 -0.93253	 0.364357	 -0.649583	 -0.918307	 1.43246	 1.43238	 1.43254	 1.43237	 1.43266	 
15.03	 0.381	 -0.678	 -0.99	 0.377906	 -0.672272	 -0.975426	 0.374316	 -0.666597	 -0.960946	 0.370606	 -0.660937	 -0.94649	 0.367362	 -0.655227	 -0.931942	 0.364353	 -0.64949	 -0.917353	 1.45987	 1.4598	 1.45996	 1.4598	 1.46008	 
15.04	 0.381	 -0.678	 -0.99	 0.377632	 -0.672505	 -0.975195	 0.374177	 -0.66655	 -0.96059	 0.370697	 -0.660485	 -0.946036	 0.367296	 -0.65485	 -0.931292	 0.363943	 -0.649431	 -0.916454	 1.488	 1.48793	 1.48809	 1.48794	 1.48822	 
15.05	 0.381	 -0.678	 -0.99	 0.37728	 -0.672303	 -0.975148	 0.374019	 -0.666396	 -0.960271	 0.370866	 -0.660437	 -0.945389	 0.367277	 -0.654673	 -0.930531	 0.363472	 -0.64901	 -0.915686	 1.51686	 1.51679	 1.51695	 1.51681	 1.5171	 
15.06	 0.381	 -0.678	 -0.99	 0.377342	 -0.671915	 -0.975072	 0.373962	 -0.666195	 -0.959937	 0.37065	 -0.660561	 -0.944753	 0.367069	 -0.654582	 -0.929764	 0.363351	 -0.648436	 -0.914874	 1.54631	 1.54625	 1.5464	 1.54626	 1.54654	 
15.07	 0.381	 -0.678	 -0.99	 0.377639	 -0.671837	 -0.974819	 0.373966	 -0.666066	 -0.959556	 0.370215	 -0.66039	 -0.944276	 0.366753	 -0.654346	 -0.929071	 0.363435	 -0.648117	 -0.913906	 1.57604	 1.57598	 1.57612	 1.57596	 1.57623	 
15.08	 0.381	 -0.678	 -0.99	 0.377688	 -0.672071	 -0.974502	 0.373913	 -0.666012	 -0.959162	 0.370022	 -0.659927	 -0.943861	 0.366563	 -0.653962	 -0.92841	 0.363323	 -0.648051	 -0.912889	 1.60564	 1.60556	 1.60568	 1.60552	 1.60578	 
15.09	 0.381	 -0.678	 -0.99	 0.377394	 -0.672204	 -0.974309	 0.373781	 -0.665936	 -0.958802	 0.370163	 -0.659556	 -0.943342	 0.366549	 -0.653619	 -0.927707	 0.362941	 -0.647899	 -0.911987	 1.63474	 1.63465	 1.63476	 1.63458	 1.63484	 
15.1	 0.381	 -0.678	 -0.99	 0.377104	 -0.672003	 -0.974249	 0.373658	 -0.665781	 -0.958482	 0.370318	 -0.6595	 -0.942713	 0.366552	 -0.653429	 -0.92696	 0.362579	 -0.647469	 -0.911214	 1.6631	 1.66301	 1.66312	 1.66293	 1.66318	 
15.11	 0.381	 -0.678	 -0.99	 0.377122	 -0.671656	 -0.97418	 0.373617	 -0.665589	 -0.958167	 0.3702	 -0.659585	 -0.94211	 0.366432	 -0.653316	 -0.926235	 0.362489	 -0.646922	 -0.910451	 1.69071	 1.69063	 1.69073	 1.69054	 1.69079	 
15.12	 0.381	 -0.678	 -0.99	 0.377378	 -0.671489	 -0.973992	 0.373639	 -0.665442	 -0.95783	 0.369875	 -0.659506	 -0.941631	 0.366219	 -0.653129	 -0.925578	 0.36261	 -0.646536	 -0.9096	 1.71768	 1.7176	 1.71771	 1.71753	 1.71778	 
15.13	 0.381	 -0.678	 -0.99	 0.377563	 -0.671599	 -0.973715	 0.373651	 -0.665365	 -0.957474	 0.369626	 -0.659172	 -0.941243	 0.366047	 -0.652822	 -0.92497	 0.362684	 -0.646393	 -0.90868	 1.74425	 1.74416	 1.74427	 1.7441	 1.74435	 
15.14	 0.381	 -0.678	 -0.99	 0.377482	 -0.671802	 -0.973465	 0.373603	 -0.665314	 -0.957124	 0.369634	 -0.65876	 -0.94083	 0.366006	 -0.652481	 -0.924351	 0.362548	 -0.646332	 -0.907784	 1.77061	 1.77052	 1.77063	 1.77047	 1.77073	 
15.15	 0.381	 -0.678	 -0.99	 0.377216	 -0.67185	 -0.973317	 0.373512	 -0.66523	 -0.956798	 0.369826	 -0.658499	 -0.940319	 0.366061	 -0.652213	 -0.923684	 0.362263	 -0.646141	 -0.906975	 1.7969	 1.79682	 1.79693	 1.79678	 1.79703	 
15.16	 0.381	 -0.678	 -0.99	 0.376997	 -0.671664	 -0.973249	 0.373438	 -0.665093	 -0.956489	 0.369982	 -0.658462	 -0.939731	 0.366104	 -0.652053	 -0.92298	 0.362026	 -0.645758	 -0.90623	 1.82314	 1.82306	 1.82318	 1.82302	 1.82327	 
15.17	 0.381	 -0.678	 -0.99	 0.376991	 -0.671373	 -0.973175	 0.373418	 -0.664929	 -0.956182	 0.369946	 -0.658528	 -0.939151	 0.36606	 -0.65195	 -0.922279	 0.361976	 -0.645292	 -0.905483	 1.84918	 1.84912	 1.84923	 1.84906	 1.84931	 
15.18	 0.381	 -0.678	 -0.99	 0.377175	 -0.671167	 -0.973029	 0.373442	 -0.664789	 -0.955862	 0.369736	 -0.658518	 -0.938649	 0.365943	 -0.651816	 -0.92162	 0.362103	 -0.644909	 -0.904682	 1.87477	 1.87469	 1.87481	 1.87463	 1.87487	 
15.19	 0.381	 -0.678	 -0.99	 0.377391	 -0.671154	 -0.972808	 0.373478	 -0.664699	 -0.955532	 0.369501	 -0.658336	 -0.938236	 0.365821	 -0.651604	 -0.921016	 0.362278	 -0.644694	 -0.903835	 1.89956	 1.89948	 1.89957	 1.89939	 1.89963	 
15.2	 0.381	 -0.678	 -0.99	 0.377492	 -0.671295	 -0.972562	 0.373497	 -0.664647	 -0.955207	 0.369395	 -0.658017	 -0.937869	 0.365765	 -0.651331	 -0.92045	 0.362357	 -0.644612	 -0.902997	 1.9233	 1.9232	 1.92328	 1.9231	 1.92334	 
15.21	 0.381	 -0.678	 -0.99	 0.377423	 -0.671452	 -0.972355	 0.373489	 -0.664602	 -0.954901	 0.369476	 -0.657685	 -0.937492	 0.365802	 -0.651052	 -0.9199	 0.362293	 -0.644552	 -0.902223	 1.9459	 1.94579	 1.94586	 1.94568	 1.9459	 
15.22	 0.381	 -0.678	 -0.99	 0.377232	 -0.671502	 -0.972221	 0.373459	 -0.664534	 -0.954624	 0.369682	 -0.657457	 -0.93707	 0.365911	 -0.650827	 -0.919342	 0.362153	 -0.644409	 -0.901532	 1.96748	 1.96738	 1.96745	 1.96727	 1.96748	 
15.23	 0.381	 -0.678	 -0.99	 0.377043	 -0.671402	 -0.97215	 0.373428	 -0.664435	 -0.954368	 0.369894	 -0.657382	 -0.936604	 0.366041	 -0.650678	 -0.918772	 0.362037	 -0.644139	 -0.90091	 1.98836	 1.98827	 1.98835	 1.98817	 1.98838	 
15.24	 0.381	 -0.678	 -0.99	 0.376969	 -0.671191	 -0.972099	 0.373434	 -0.664315	 -0.954119	 0.370016	 -0.657418	 -0.936123	 0.36613	 -0.650581	 -0.918202	 0.362023	 -0.643781	 -0.900313	 2.00885	 2.00878	 2.00888	 2.00869	 2.00892	 
15.25	 0.381	 -0.678	 -0.99	 0.377045	 -0.670963	 -0.972023	 0.373483	 -0.664187	 -0.953866	 0.370009	 -0.657468	 -0.935669	 0.366163	 -0.650498	 -0.917644	 0.362142	 -0.643415	 -0.899699	 2.02915	 2.0291	 2.0292	 2.02902	 2.02925	 
15.26	 0.381	 -0.678	 -0.99	 0.377228	 -0.670809	 -0.971901	 0.373555	 -0.664075	 -0.953606	 0.369909	 -0.657446	 -0.935268	 0.366165	 -0.650381	 -0.917114	 0.362371	 -0.643114	 -0.899048	 2.0492	 2.04914	 2.04924	 2.04906	 2.04929	 
15.27	 0.381	 -0.678	 -0.99	 0.377435	 -0.67078	 -0.97173	 0.373641	 -0.663996	 -0.95334	 0.369796	 -0.657311	 -0.934924	 0.366166	 -0.65021	 -0.916621	 0.362636	 -0.642915	 -0.898375	 2.06865	 2.06858	 2.06866	 2.06848	 2.0687	 
15.28	 0.381	 -0.678	 -0.99	 0.377588	 -0.67086	 -0.971538	 0.37372	 -0.663944	 -0.953081	 0.369747	 -0.657081	 -0.934626	 0.366205	 -0.650001	 -0.916167	 0.362864	 -0.642816	 -0.897709	 2.08705	 2.08695	 2.08701	 2.08682	 2.08704	 
15.29	 0.381	 -0.678	 -0.99	 0.37763	 -0.670989	 -0.97136	 0.373773	 -0.663908	 -0.952843	 0.369807	 -0.656812	 -0.934354	 0.366306	 -0.649783	 -0.915747	 0.363021	 -0.642784	 -0.897088	 2.10395	 2.10383	 2.10387	 2.10367	 2.10389	 
15.3	 0.381	 -0.678	 -0.99	 0.377565	 -0.671107	 -0.97122	 0.373806	 -0.663876	 -0.952632	 0.369977	 -0.656572	 -0.934086	 0.366464	 -0.64959	 -0.915357	 0.363099	 -0.642752	 -0.896545	 2.11908	 2.11895	 2.11898	 2.11878	 2.11899	 
15.31	 0.381	 -0.678	 -0.99	 0.377443	 -0.671156	 -0.971131	 0.373837	 -0.66384	 -0.95245	 0.370223	 -0.656417	 -0.933813	 0.366659	 -0.649442	 -0.914995	 0.36312	 -0.642674	 -0.896096	 2.13238	 2.13224	 2.13228	 2.13206	 2.13225	 
15.32	 0.381	 -0.678	 -0.99	 0.377314	 -0.67111	 -0.97109	 0.373875	 -0.663786	 -0.952299	 0.370486	 -0.656365	 -0.933536	 0.366865	 -0.649353	 -0.91466	 0.363145	 -0.642535	 -0.895732	 2.14389	 2.14377	 2.14381	 2.14358	 2.14377	 
15.33	 0.381	 -0.678	 -0.99	 0.377235	 -0.670983	 -0.971083	 0.373919	 -0.663723	 -0.952174	 0.370706	 -0.656407	 -0.933268	 0.367066	 -0.649321	 -0.914354	 0.36323	 -0.642345	 -0.895437	 2.15372	 2.15361	 2.15366	 2.15341	 2.15359	 
15.34	 0.381	 -0.678	 -0.99	 0.377244	 -0.670816	 -0.971085	 0.37399	 -0.663661	 -0.952068	 0.37085	 -0.656507	 -0.93303	 0.367235	 -0.649325	 -0.914089	 0.3634	 -0.642137	 -0.895193	 2.16188	 2.16178	 2.16183	 2.16157	 2.16175	 
15.35	 0.381	 -0.678	 -0.99	 0.377354	 -0.670659	 -0.971078	 0.374091	 -0.663604	 -0.951979	 0.370913	 -0.656612	 -0.932842	 0.367368	 -0.649345	 -0.913874	 0.363653	 -0.641955	 -0.894986	 2.16831	 2.16821	 2.16826	 2.168	 2.16818	 
15.36	 0.381	 -0.678	 -0.99	 0.377532	 -0.670555	 -0.971052	 0.374205	 -0.663564	 -0.951907	 0.370912	 -0.656674	 -0.93272	 0.367481	 -0.649352	 -0.913719	 0.363983	 -0.641834	 -0.894806	 2.17296	 2.17286	 2.17291	 2.17264	 2.17283	 
15.37	 0.381	 -0.678	 -0.99	 0.377732	 -0.670538	 -0.971002	 0.374325	 -0.663547	 -0.951851	 0.37089	 -0.656663	 -0.932665	 0.367593	 -0.649329	 -0.913625	 0.364355	 -0.641789	 -0.894654	 2.17588	 2.17576	 2.17581	 2.17555	 2.17574	 
15.38	 0.381	 -0.678	 -0.99	 0.377915	 -0.670607	 -0.970934	 0.374448	 -0.663553	 -0.951807	 0.370901	 -0.656576	 -0.932666	 0.367723	 -0.649278	 -0.913582	 0.364709	 -0.641828	 -0.894528	 2.17729	 2.17716	 2.17721	 2.17696	 2.17716	 
15.39	 0.381	 -0.678	 -0.99	 0.378033	 -0.670738	 -0.970864	 0.374564	 -0.663575	 -0.951775	 0.370984	 -0.656438	 -0.932697	 0.367885	 -0.649208	 -0.913571	 0.365008	 -0.641932	 -0.894427	 2.17758	 2.17745	 2.17751	 2.17728	 2.17748	 
15.4	 0.381	 -0.678	 -0.99	 0.378062	 -0.670892	 -0.970804	 0.374659	 -0.663608	 -0.951751	 0.371154	 -0.656289	 -0.932731	 0.368091	 -0.649137	 -0.913572	 0.365233	 -0.642056	 -0.894354	 2.17725	 2.17713	 2.17719	 2.17698	 2.17718	 
15.41	 0.381	 -0.678	 -0.99	 0.378009	 -0.671016	 -0.97077	 0.374739	 -0.663639	 -0.951734	 0.371404	 -0.656172	 -0.932744	 0.368331	 -0.649079	 -0.913569	 0.365384	 -0.642158	 -0.89431	 2.17672	 2.1766	 2.17668	 2.17648	 2.17668	 
15.42	 0.381	 -0.678	 -0.99	 0.377902	 -0.67107	 -0.970771	 0.374804	 -0.66365	 -0.951727	 0.3717	 -0.656123	 -0.932725	 0.368593	 -0.649057	 -0.913548	 0.365494	 -0.642204	 -0.894292	 2.17619	 2.17609	 2.17618	 2.17597	 2.17618	 
15.43	 0.381	 -0.678	 -0.99	 0.377792	 -0.671035	 -0.970806	 0.374861	 -0.663646	 -0.951728	 0.371993	 -0.656161	 -0.932677	 0.36886	 -0.649077	 -0.913517	 0.365606	 -0.642183	 -0.894305	 2.17554	 2.17544	 2.17554	 2.17532	 2.17552	 
15.44	 0.381	 -0.678	 -0.99	 0.377732	 -0.670929	 -0.970864	 0.374935	 -0.663632	 -0.95174	 0.372241	 -0.65628	 -0.93262	 0.369099	 -0.649142	 -0.91349	 0.365756	 -0.642108	 -0.894354	 2.17429	 2.1742	 2.17428	 2.17404	 2.17423	 
15.45	 0.381	 -0.678	 -0.99	 0.377757	 -0.670783	 -0.970933	 0.375024	 -0.663612	 -0.951769	 0.372406	 -0.65645	 -0.932586	 0.369303	 -0.649242	 -0.913495	 0.365977	 -0.642018	 -0.894446	 2.17173	 2.17163	 2.17169	 2.17142	 2.17159	 
15.46	 0.381	 -0.678	 -0.99	 0.37787	 -0.670646	 -0.970999	 0.375129	 -0.663602	 -0.951822	 0.372481	 -0.656625	 -0.932608	 0.369469	 -0.649354	 -0.913559	 0.366285	 -0.641954	 -0.894586	 2.16714	 2.16702	 2.16706	 2.16675	 2.16692	 
15.47	 0.381	 -0.678	 -0.99	 0.378062	 -0.670572	 -0.971048	 0.375258	 -0.663611	 -0.9519	 0.37249	 -0.656757	 -0.932709	 0.369601	 -0.649457	 -0.913703	 0.36665	 -0.641951	 -0.894786	 2.16001	 2.15988	 2.1599	 2.15958	 2.15974	 
15.48	 0.381	 -0.678	 -0.99	 0.378288	 -0.670587	 -0.971078	 0.375401	 -0.663648	 -0.952003	 0.372478	 -0.656816	 -0.932896	 0.36972	 -0.649534	 -0.913933	 0.367034	 -0.642044	 -0.895039	 2.15029	 2.15015	 2.15016	 2.14983	 2.15	 
15.49	 0.381	 -0.678	 -0.99	 0.378479	 -0.670701	 -0.971092	 0.375535	 -0.663711	 -0.95213	 0.372495	 -0.656795	 -0.933155	 0.369854	 -0.649585	 -0.914233	 0.367398	 -0.642234	 -0.895339	 2.13834	 2.13818	 2.1382	 2.13789	 2.13807	 
15.5	 0.381	 -0.678	 -0.99	 0.378584	 -0.670885	 -0.971104	 0.375644	 -0.663799	 -0.952273	 0.372587	 -0.656722	 -0.933457	 0.370025	 -0.649617	 -0.91458	 0.367691	 -0.642493	 -0.895679	 2.12479	 2.12463	 2.12467	 2.12438	 2.12456	 
15.51	 0.381	 -0.678	 -0.99	 0.378578	 -0.671081	 -0.971135	 0.375731	 -0.663893	 -0.952431	 0.372784	 -0.656644	 -0.933766	 0.370238	 -0.64965	 -0.914947	 0.367885	 -0.642772	 -0.896059	 2.11031	 2.11017	 2.11023	 2.10995	 2.11014	 
15.52	 0.381	 -0.678	 -0.99	 0.378475	 -0.67122	 -0.971203	 0.375791	 -0.663973	 -0.952604	 0.373068	 -0.656623	 -0.934051	 0.370492	 -0.649715	 -0.91531	 0.36799	 -0.64301	 -0.896484	 2.09535	 2.09522	 2.09529	 2.09502	 2.09521	 
15.53	 0.381	 -0.678	 -0.99	 0.378327	 -0.671254	 -0.97132	 0.375837	 -0.664036	 -0.952792	 0.373387	 -0.656708	 -0.934302	 0.37076	 -0.649829	 -0.915666	 0.368057	 -0.643164	 -0.896962	 2.07996	 2.07984	 2.07993	 2.07965	 2.07984	 
15.54	 0.381	 -0.678	 -0.99	 0.378218	 -0.671176	 -0.971478	 0.37589	 -0.664076	 -0.952998	 0.373663	 -0.656911	 -0.93453	 0.371007	 -0.650007	 -0.916022	 0.368152	 -0.643228	 -0.897495	 2.06387	 2.06375	 2.06383	 2.06353	 2.06371	 
15.55	 0.381	 -0.678	 -0.99	 0.378224	 -0.671025	 -0.971656	 0.375967	 -0.664105	 -0.953222	 0.373829	 -0.657195	 -0.934769	 0.371198	 -0.650232	 -0.916402	 0.368333	 -0.64325	 -0.898076	 2.04655	 2.04643	 2.0465	 2.04618	 2.04635	 
15.56	 0.381	 -0.678	 -0.99	 0.378366	 -0.670887	 -0.971824	 0.376073	 -0.664143	 -0.953464	 0.373858	 -0.657481	 -0.935063	 0.371321	 -0.650471	 -0.916837	 0.368628	 -0.643301	 -0.898694	 2.0275	 2.02736	 2.02742	 2.02708	 2.02724	 
15.57	 0.381	 -0.678	 -0.99	 0.37861	 -0.670856	 -0.971953	 0.3762	 -0.664211	 -0.95372	 0.373789	 -0.657683	 -0.935445	 0.371394	 -0.65068	 -0.917347	 0.369	 -0.643452	 -0.899336	 2.00637	 2.00623	 2.00627	 2.00591	 2.00608	 
15.58	 0.381	 -0.678	 -0.99	 0.378856	 -0.670977	 -0.972039	 0.376331	 -0.664323	 -0.95399	 0.373716	 -0.657754	 -0.935921	 0.371457	 -0.650835	 -0.917938	 0.369362	 -0.643749	 -0.899999	 1.98317	 1.983	 1.98304	 1.98268	 1.98285	 
15.59	 0.381	 -0.678	 -0.99	 0.378983	 -0.671225	 -0.972107	 0.376431	 -0.664467	 -0.954277	 0.37375	 -0.657717	 -0.936463	 0.371566	 -0.650948	 -0.91859	 0.369622	 -0.644166	 -0.900694	 1.95815	 1.95797	 1.95802	 1.95766	 1.95783	 
15.6	 0.381	 -0.678	 -0.99	 0.378924	 -0.671488	 -0.972202	 0.376481	 -0.664622	 -0.954585	 0.373948	 -0.657677	 -0.937012	 0.371754	 -0.651065	 -0.919268	 0.369726	 -0.644608	 -0.901446	 1.9318	 1.93164	 1.93169	 1.93135	 1.93153	 
15.61	 0.381	 -0.678	 -0.99	 0.378723	 -0.671629	 -0.972366	 0.376494	 -0.664755	 -0.954917	 0.374271	 -0.657761	 -0.937514	 0.371997	 -0.651243	 -0.919936	 0.369705	 -0.644955	 -0.902276	 1.9047	 1.90455	 1.90464	 1.9043	 1.90449	 
15.62	 0.381	 -0.678	 -0.99	 0.378535	 -0.671575	 -0.972604	 0.376507	 -0.664841	 -0.95527	 0.374576	 -0.658034	 -0.937952	 0.372226	 -0.651515	 -0.920578	 0.36968	 -0.645138	 -0.903178	 1.87735	 1.87723	 1.87734	 1.87702	 1.87721	 
15.63	 0.381	 -0.678	 -0.99	 0.378524	 -0.671384	 -0.972871	 0.376554	 -0.664895	 -0.955629	 0.374703	 -0.658433	 -0.938363	 0.372366	 -0.651849	 -0.921204	 0.369794	 -0.645213	 -0.904097	 1.85015	 1.85004	 1.85017	 1.84986	 1.85006	 
15.64	 0.381	 -0.678	 -0.99	 0.378736	 -0.671244	 -0.973088	 0.376648	 -0.664959	 -0.955973	 0.374602	 -0.658783	 -0.938813	 0.372389	 -0.652163	 -0.921842	 0.370092	 -0.645332	 -0.904965	 1.82331	 1.82319	 1.82332	 1.82303	 1.82324	 
15.65	 0.381	 -0.678	 -0.99	 0.379038	 -0.671327	 -0.973206	 0.376758	 -0.665076	 -0.956291	 0.374408	 -0.658927	 -0.939347	 0.372358	 -0.65238	 -0.922515	 0.37045	 -0.645638	 -0.905743	 1.79681	 1.79668	 1.79681	 1.79652	 1.79674	 
15.66	 0.381	 -0.678	 -0.99	 0.379184	 -0.671629	 -0.973259	 0.376831	 -0.665249	 -0.956589	 0.374354	 -0.658869	 -0.939936	 0.372385	 -0.652499	 -0.923213	 0.370662	 -0.646131	 -0.906462	 1.77046	 1.77034	 1.77046	 1.77017	 1.77039	 
15.67	 0.381	 -0.678	 -0.99	 0.379039	 -0.671933	 -0.973349	 0.376835	 -0.665425	 -0.956896	 0.374569	 -0.658814	 -0.940493	 0.372536	 -0.652619	 -0.923899	 0.370622	 -0.646628	 -0.907216	 1.744	 1.74387	 1.74399	 1.74368	 1.7439	 
15.68	 0.381	 -0.678	 -0.99	 0.378749	 -0.671989	 -0.973555	 0.376799	 -0.665543	 -0.957238	 0.374919	 -0.658995	 -0.940952	 0.372754	 -0.652856	 -0.924545	 0.370454	 -0.64692	 -0.908081	 1.71708	 1.71695	 1.71705	 1.71672	 1.71693	 
15.69	 0.381	 -0.678	 -0.99	 0.378635	 -0.671779	 -0.973846	 0.376803	 -0.6656	 -0.957608	 0.375099	 -0.659429	 -0.941352	 0.372891	 -0.653219	 -0.925174	 0.370432	 -0.646995	 -0.909036	 1.68942	 1.68927	 1.68937	 1.68903	 1.68925	 
15.7	 0.381	 -0.678	 -0.99	 0.378863	 -0.671591	 -0.974091	 0.376888	 -0.665662	 -0.957978	 0.374952	 -0.659846	 -0.941817	 0.372862	 -0.653578	 -0.925849	 0.370692	 -0.647091	 -0.909978	 1.66091	 1.66076	 1.66086	 1.66051	 1.66072	 
15.71	 0.381	 -0.678	 -0.99	 0.379208	 -0.671729	 -0.974202	 0.376999	 -0.665801	 -0.958326	 0.37469	 -0.659959	 -0.942431	 0.37277	 -0.653793	 -0.92661	 0.37104	 -0.647462	 -0.910831	 1.63162	 1.63147	 1.63157	 1.63121	 1.63142	 
15.72	 0.381	 -0.678	 -0.99	 0.379252	 -0.67212	 -0.974258	 0.377034	 -0.666005	 -0.958667	 0.3747	 -0.659835	 -0.943112	 0.372806	 -0.653888	 -0.927415	 0.37113	 -0.648048	 -0.911652	 1.6018	 1.60165	 1.60176	 1.6014	 1.60161	 
15.73	 0.381	 -0.678	 -0.99	 0.378928	 -0.672335	 -0.97443	 0.376973	 -0.666168	 -0.959038	 0.375044	 -0.65988	 -0.94369	 0.373003	 -0.654065	 -0.928174	 0.370912	 -0.64849	 -0.912576	 1.57176	 1.57162	 1.57175	 1.5714	 1.57161	 
15.74	 0.381	 -0.678	 -0.99	 0.378693	 -0.67214	 -0.974749	 0.376928	 -0.666232	 -0.959444	 0.375295	 -0.660313	 -0.944129	 0.373153	 -0.654437	 -0.928862	 0.370758	 -0.64859	 -0.91362	 1.54181	 1.54167	 1.54181	 1.54147	 1.5417	 
15.75	 0.381	 -0.678	 -0.99	 0.378927	 -0.671899	 -0.975022	 0.376995	 -0.666285	 -0.959837	 0.375102	 -0.66079	 -0.944603	 0.373077	 -0.654837	 -0.929561	 0.370981	 -0.648655	 -0.91462	 1.51212	 1.51197	 1.51211	 1.51179	 1.51203	 
15.76	 0.381	 -0.678	 -0.99	 0.379295	 -0.672103	 -0.975104	 0.377097	 -0.666446	 -0.96018	 0.374781	 -0.66085	 -0.94525	 0.372927	 -0.655027	 -0.930344	 0.371303	 -0.649088	 -0.915456	 1.48268	 1.48255	 1.48269	 1.48236	 1.48259	 
15.77	 0.381	 -0.678	 -0.99	 0.379186	 -0.672542	 -0.975156	 0.37708	 -0.666666	 -0.960512	 0.374899	 -0.660688	 -0.945919	 0.372991	 -0.655101	 -0.931137	 0.371225	 -0.649712	 -0.916263	 1.45347	 1.45335	 1.4535	 1.45315	 1.45338	 
15.78	 0.381	 -0.678	 -0.99	 0.378772	 -0.672556	 -0.975413	 0.376979	 -0.66678	 -0.960894	 0.37529	 -0.660921	 -0.946394	 0.373194	 -0.655371	 -0.93183	 0.370895	 -0.649981	 -0.917234	 1.42449	 1.42436	 1.4245	 1.42417	 1.42441	 
15.79	 0.381	 -0.678	 -0.99	 0.378819	 -0.67221	 -0.975744	 0.376984	 -0.6668	 -0.961292	 0.375238	 -0.661484	 -0.946794	 0.373174	 -0.655807	 -0.932478	 0.370942	 -0.649952	 -0.918257	 1.39587	 1.39572	 1.39586	 1.39554	 1.3958	 
15.8	 0.381	 -0.678	 -0.99	 0.379258	 -0.672292	 -0.975851	 0.377089	 -0.666922	 -0.961629	 0.374822	 -0.661637	 -0.94739	 0.372959	 -0.656035	 -0.933216	 0.371299	 -0.650269	 -0.919081	 1.36784	 1.36771	 1.36787	 1.36755	 1.3678	 
15.81	 0.381	 -0.678	 -0.99	 0.379193	 -0.672774	 -0.975865	 0.377076	 -0.667142	 -0.961931	 0.374882	 -0.66141	 -0.948048	 0.37298	 -0.656058	 -0.933975	 0.371231	 -0.650902	 -0.919807	 1.34075	 1.34065	 1.34083	 1.3405	 1.34075	 
15.82	 0.381	 -0.678	 -0.99	 0.378742	 -0.672752	 -0.976122	 0.376962	 -0.667235	 -0.962279	 0.375298	 -0.661649	 -0.948449	 0.373183	 -0.656313	 -0.934584	 0.37084	 -0.651111	 -0.920702	 1.31489	 1.31477	 1.31495	 1.31465	 1.31492	 
15.83	 0.381	 -0.678	 -0.99	 0.378903	 -0.672381	 -0.976419	 0.376989	 -0.667234	 -0.962626	 0.375121	 -0.662206	 -0.948782	 0.37308	 -0.656732	 -0.935135	 0.370947	 -0.651031	 -0.921594	 1.29031	 1.29018	 1.29036	 1.29008	 1.29035	 
15.84	 0.381	 -0.678	 -0.99	 0.379306	 -0.672644	 -0.976424	 0.377072	 -0.667388	 -0.962888	 0.374704	 -0.662162	 -0.949361	 0.372842	 -0.656842	 -0.935795	 0.37124	 -0.651469	 -0.922214	 1.26689	 1.26678	 1.26697	 1.26666	 1.26693	 
15.85	 0.381	 -0.678	 -0.99	 0.378958	 -0.673047	 -0.976477	 0.376969	 -0.667581	 -0.963147	 0.374991	 -0.661987	 -0.949867	 0.372962	 -0.656874	 -0.936404	 0.37091	 -0.652012	 -0.92285	 1.24448	 1.24437	 1.24456	 1.24425	 1.24452	 
15.86	 0.381	 -0.678	 -0.99	 0.378689	 -0.67271	 -0.976804	 0.376882	 -0.667587	 -0.963466	 0.3752	 -0.662502	 -0.950095	 0.373044	 -0.657259	 -0.936856	 0.370642	 -0.651941	 -0.923687	 1.22294	 1.22281	 1.22297	 1.22268	 1.22297	 
15.87	 0.381	 -0.678	 -0.99	 0.379166	 -0.672618	 -0.976915	 0.376976	 -0.667644	 -0.963724	 0.374697	 -0.662772	 -0.95051	 0.372751	 -0.657518	 -0.937391	 0.370976	 -0.652066	 -0.924326	 1.20222	 1.20209	 1.20226	 1.20196	 1.20224	 
15.88	 0.381	 -0.678	 -0.99	 0.379092	 -0.673146	 -0.97686	 0.37693	 -0.667852	 -0.963932	 0.374703	 -0.66245	 -0.951059	 0.372712	 -0.657459	 -0.937984	 0.370853	 -0.652682	 -0.924809	 1.18244	 1.18234	 1.18254	 1.18222	 1.18249	 
15.89	 0.381	 -0.678	 -0.99	 0.378621	 -0.672977	 -0.977134	 0.376785	 -0.667883	 -0.964208	 0.375084	 -0.662772	 -0.951269	 0.372875	 -0.657725	 -0.938383	 0.370403	 -0.652716	 -0.925529	 1.16393	 1.1638	 1.16399	 1.16371	 1.16401	 
15.9	 0.381	 -0.678	 -0.99	 0.37903	 -0.672696	 -0.9773	 0.376862	 -0.667879	 -0.964441	 0.374644	 -0.663187	 -0.951542	 0.372608	 -0.658038	 -0.93879	 0.370663	 -0.652648	 -0.926122	 1.14689	 1.14677	 1.14697	 1.1467	 1.147	 
15.91	 0.381	 -0.678	 -0.99	 0.379104	 -0.673219	 -0.977192	 0.376849	 -0.668071	 -0.964587	 0.3745	 -0.662834	 -0.952034	 0.372484	 -0.657938	 -0.939289	 0.370645	 -0.653219	 -0.926449	 1.13151	 1.13142	 1.13164	 1.13135	 1.13164	 
15.92	 0.381	 -0.678	 -0.99	 0.378571	 -0.673118	 -0.977418	 0.376673	 -0.668102	 -0.964799	 0.37491	 -0.663048	 -0.952174	 0.372651	 -0.65812	 -0.93958	 0.370133	 -0.653264	 -0.927005	 1.11789	 1.11778	 1.11799	 1.11773	 1.11804	 
15.93	 0.381	 -0.678	 -0.99	 0.378954	 -0.672785	 -0.97757	 0.376731	 -0.668064	 -0.964976	 0.374466	 -0.663468	 -0.952342	 0.37237	 -0.658407	 -0.939858	 0.370359	 -0.653106	 -0.927458	 1.10589	 1.10578	 1.10598	 1.10573	 1.10604	 
15.94	 0.381	 -0.678	 -0.99	 0.379023	 -0.673309	 -0.977427	 0.376713	 -0.668237	 -0.965062	 0.374317	 -0.663069	 -0.952751	 0.372233	 -0.658255	 -0.940243	 0.370317	 -0.653627	 -0.927637	 1.09534	 1.09526	 1.09547	 1.09519	 1.09548	 
15.95	 0.381	 -0.678	 -0.99	 0.378498	 -0.673151	 -0.977648	 0.376535	 -0.66823	 -0.965228	 0.37471	 -0.663288	 -0.952793	 0.372381	 -0.658412	 -0.940419	 0.36979	 -0.653578	 -0.928079	 1.08616	 1.08604	 1.08624	 1.08597	 1.08628	 
15.96	 0.381	 -0.678	 -0.99	 0.378937	 -0.672863	 -0.97774	 0.376602	 -0.668182	 -0.965349	 0.3742	 -0.663619	 -0.952924	 0.372054	 -0.658629	 -0.94062	 0.37004	 -0.653415	 -0.928384	 1.0782	 1.07809	 1.07828	 1.07802	 1.07833	 
15.97	 0.381	 -0.678	 -0.99	 0.378882	 -0.673399	 -0.977586	 0.376547	 -0.668343	 -0.965391	 0.374155	 -0.663176	 -0.953252	 0.371962	 -0.65843	 -0.940907	 0.36988	 -0.653905	 -0.928458	 1.0715	 1.07141	 1.07162	 1.07134	 1.07163	 
15.98	 0.381	 -0.678	 -0.99	 0.378429	 -0.673106	 -0.977824	 0.376381	 -0.66829	 -0.965519	 0.374466	 -0.663495	 -0.953183	 0.372061	 -0.658622	 -0.940966	 0.369398	 -0.653714	 -0.928814	 1.06618	 1.06607	 1.06626	 1.06602	 1.06633	 
15.99	 0.381	 -0.678	 -0.99	 0.378933	 -0.672958	 -0.977816	 0.376454	 -0.668265	 -0.965571	 0.373873	 -0.663666	 -0.95331	 0.371679	 -0.658738	 -0.941102	 0.369685	 -0.653635	 -0.928931	 1.0623	 1.0622	 1.06241	 1.06216	 1.06248	 
16	 0.381	 -0.678	 -0.99	 0.378681	 -0.673455	 -0.977684	 0.376341	 -0.668404	 -0.96557	 0.373995	 -0.663227	 -0.95351	 0.371665	 -0.658521	 -0.941257	 0.369349	 -0.654063	 -0.928907	 1.06	 1.05992	 1.06013	 1.05988	 1.06019	 
16.01	 0.381	 -0.678	 -0.99	 0.37839	 -0.673017	 -0.977917	 0.376211	 -0.668301	 -0.965645	 0.374142	 -0.66365	 -0.953326	 0.371668	 -0.658748	 -0.941183	 0.368978	 -0.65372	 -0.929135	 1.05942	 1.05932	 1.05952	 1.05931	 1.05963	 
16.02	 0.381	 -0.678	 -0.99	 0.378893	 -0.673065	 -0.977791	 0.376275	 -0.668308	 -0.965611	 0.373529	 -0.663598	 -0.95344	 0.371261	 -0.658721	 -0.941237	 0.369242	 -0.653756	 -0.929024	 1.06064	 1.06056	 1.06078	 1.06055	 1.06087	 
16.03	 0.381	 -0.678	 -0.99	 0.378455	 -0.673439	 -0.977707	 0.3761	 -0.668396	 -0.965566	 0.373793	 -0.663229	 -0.953466	 0.371308	 -0.658511	 -0.941221	 0.368735	 -0.654033	 -0.928901	 1.06379	 1.06372	 1.06394	 1.06372	 1.06404	 
16.04	 0.381	 -0.678	 -0.99	 0.378365	 -0.672922	 -0.977894	 0.376012	 -0.668249	 -0.965569	 0.373732	 -0.663675	 -0.953191	 0.371189	 -0.658721	 -0.941014	 0.368505	 -0.653572	 -0.928947	 1.06889	 1.0688	 1.06901	 1.06882	 1.06915	 
16.05	 0.381	 -0.678	 -0.99	 0.378788	 -0.673136	 -0.977673	 0.376052	 -0.668275	 -0.965451	 0.373181	 -0.663417	 -0.953256	 0.3708	 -0.658556	 -0.94096	 0.36868	 -0.65369	 -0.928615	 1.07579	 1.07573	 1.07595	 1.07573	 1.07605	 
16.06	 0.381	 -0.678	 -0.99	 0.378259	 -0.673357	 -0.977633	 0.375847	 -0.668301	 -0.965359	 0.373516	 -0.663141	 -0.953112	 0.370875	 -0.658366	 -0.940773	 0.368078	 -0.653797	 -0.928389	 1.08435	 1.08427	 1.08448	 1.08427	 1.08459	 
16.07	 0.381	 -0.678	 -0.99	 0.378316	 -0.672837	 -0.977755	 0.375789	 -0.668135	 -0.965294	 0.373303	 -0.663552	 -0.952779	 0.370668	 -0.658534	 -0.940464	 0.367952	 -0.653291	 -0.928259	 1.09426	 1.09416	 1.09436	 1.09417	 1.09449	 
16.08	 0.381	 -0.678	 -0.99	 0.378654	 -0.67313	 -0.977488	 0.375803	 -0.668169	 -0.965119	 0.372822	 -0.663189	 -0.952786	 0.370312	 -0.658292	 -0.940317	 0.36805	 -0.653434	 -0.927784	 1.1053	 1.10522	 1.10542	 1.10519	 1.1055	 
16.09	 0.381	 -0.678	 -0.99	 0.378108	 -0.673267	 -0.977463	 0.375587	 -0.668159	 -0.964994	 0.373159	 -0.662956	 -0.952544	 0.370383	 -0.658101	 -0.940028	 0.367429	 -0.653433	 -0.92748	 1.11741	 1.11732	 1.11751	 1.1173	 1.11761	 
16.1	 0.381	 -0.678	 -0.99	 0.378198	 -0.672756	 -0.977551	 0.375532	 -0.667977	 -0.964887	 0.372904	 -0.663315	 -0.952171	 0.370148	 -0.658217	 -0.939652	 0.367322	 -0.652894	 -0.92724	 1.13062	 1.13052	 1.1307	 1.13051	 1.13083	 
16.11	 0.381	 -0.678	 -0.99	 0.378524	 -0.673026	 -0.977269	 0.375541	 -0.667987	 -0.964673	 0.37243	 -0.662934	 -0.952112	 0.369791	 -0.65794	 -0.939422	 0.367399	 -0.652976	 -0.92667	 1.14502	 1.14496	 1.14515	 1.14494	 1.14525	 
16.12	 0.381	 -0.678	 -0.99	 0.37801	 -0.67319	 -0.977203	 0.375332	 -0.667968	 -0.964498	 0.372731	 -0.66264	 -0.951821	 0.369834	 -0.657697	 -0.939053	 0.366789	 -0.65296	 -0.92624	 1.16079	 1.16072	 1.16092	 1.16072	 1.16104	 
16.13	 0.381	 -0.678	 -0.99	 0.377996	 -0.672684	 -0.977283	 0.375243	 -0.667776	 -0.964347	 0.372554	 -0.662969	 -0.951359	 0.369632	 -0.65778	 -0.938572	 0.366586	 -0.652395	 -0.925891	 1.17789	 1.17781	 1.178	 1.17783	 1.17814	 
16.14	 0.381	 -0.678	 -0.99	 0.378382	 -0.67282	 -0.977011	 0.375257	 -0.667744	 -0.964093	 0.372007	 -0.662697	 -0.951194	 0.36923	 -0.657552	 -0.938224	 0.366702	 -0.652351	 -0.925224	 1.19612	 1.19605	 1.19625	 1.19605	 1.19636	 
16.15	 0.381	 -0.678	 -0.99	 0.377989	 -0.673121	 -0.976842	 0.375078	 -0.667755	 -0.963853	 0.372191	 -0.662268	 -0.950908	 0.369208	 -0.657234	 -0.937803	 0.366181	 -0.652434	 -0.924619	 1.21523	 1.21515	 1.21533	 1.21513	 1.21543	 
16.16	 0.381	 -0.678	 -0.99	 0.377742	 -0.672692	 -0.976925	 0.374932	 -0.667578	 -0.963672	 0.372236	 -0.662509	 -0.950376	 0.36912	 -0.657258	 -0.937245	 0.365785	 -0.651917	 -0.924203	 1.23489	 1.2348	 1.23497	 1.23478	 1.23508	 
16.17	 0.381	 -0.678	 -0.99	 0.378148	 -0.672539	 -0.976748	 0.374952	 -0.667461	 -0.963423	 0.371672	 -0.66248	 -0.950081	 0.368716	 -0.657141	 -0.936803	 0.365924	 -0.651615	 -0.923564	 1.25497	 1.25489	 1.25505	 1.25485	 1.25515	 
16.18	 0.381	 -0.678	 -0.99	 0.378073	 -0.672924	 -0.976464	 0.374857	 -0.667477	 -0.963141	 0.371566	 -0.661939	 -0.949872	 0.368546	 -0.65675	 -0.936401	 0.36567	 -0.651739	 -0.922828	 1.27557	 1.2755	 1.27566	 1.27546	 1.27575	 
16.19	 0.381	 -0.678	 -0.99	 0.377603	 -0.672802	 -0.976466	 0.374663	 -0.667365	 -0.962919	 0.371834	 -0.661867	 -0.949373	 0.368573	 -0.656593	 -0.935835	 0.365095	 -0.651438	 -0.922304	 1.29702	 1.29694	 1.29711	 1.29693	 1.29724	 
16.2	 0.381	 -0.678	 -0.99	 0.377732	 -0.672362	 -0.976445	 0.374613	 -0.667169	 -0.96268	 0.371532	 -0.662088	 -0.948863	 0.368309	 -0.656587	 -0.935241	 0.365011	 -0.650872	 -0.921724	 1.31971	 1.31965	 1.31984	 1.31968	 1.31999	 
16.21	 0.381	 -0.678	 -0.99	 0.37805	 -0.672486	 -0.976147	 0.374607	 -0.66711	 -0.962353	 0.371045	 -0.661773	 -0.948574	 0.367944	 -0.656304	 -0.934735	 0.365076	 -0.650765	 -0.920872	 1.34398	 1.34393	 1.34413	 1.34398	 1.34429	 
16.22	 0.381	 -0.678	 -0.99	 0.377768	 -0.672778	 -0.97591	 0.374454	 -0.667092	 -0.962021	 0.371119	 -0.661292	 -0.948183	 0.367862	 -0.655928	 -0.934152	 0.364649	 -0.650787	 -0.920026	 1.3699	 1.36985	 1.37005	 1.36991	 1.37022	 
16.23	 0.381	 -0.678	 -0.99	 0.377392	 -0.672527	 -0.9759	 0.374278	 -0.666935	 -0.961729	 0.371286	 -0.661312	 -0.947543	 0.367831	 -0.655798	 -0.93342	 0.364144	 -0.650347	 -0.91933	 1.39724	 1.39718	 1.39736	 1.39723	 1.39753	 
16.24	 0.381	 -0.678	 -0.99	 0.377566	 -0.67214	 -0.975805	 0.374238	 -0.666737	 -0.961407	 0.370941	 -0.661445	 -0.946958	 0.367544	 -0.655722	 -0.932699	 0.364094	 -0.649782	 -0.91854	 1.42552	 1.42546	 1.42563	 1.42548	 1.42578	 
16.25	 0.381	 -0.678	 -0.99	 0.377852	 -0.672235	 -0.975493	 0.374231	 -0.666651	 -0.961026	 0.370496	 -0.661115	 -0.946569	 0.367207	 -0.655406	 -0.932072	 0.364141	 -0.649606	 -0.91756	 1.45423	 1.45417	 1.45432	 1.45415	 1.45444	 
16.26	 0.381	 -0.678	 -0.99	 0.377663	 -0.672511	 -0.975222	 0.374111	 -0.666612	 -0.960655	 0.370505	 -0.660613	 -0.946141	 0.367102	 -0.654999	 -0.931426	 0.363805	 -0.649579	 -0.916613	 1.48295	 1.48287	 1.483	 1.48282	 1.4831	 
16.27	 0.381	 -0.678	 -0.99	 0.377272	 -0.672396	 -0.975154	 0.373945	 -0.666479	 -0.960335	 0.370713	 -0.660484	 -0.945525	 0.367104	 -0.654783	 -0.930688	 0.363312	 -0.649234	 -0.915836	 1.51139	 1.5113	 1.51143	 1.51125	 1.51152	 
16.28	 0.381	 -0.678	 -0.99	 0.377248	 -0.672002	 -0.97511	 0.373871	 -0.666281	 -0.960023	 0.370586	 -0.660626	 -0.94489	 0.366947	 -0.654709	 -0.92994	 0.363129	 -0.648664	 -0.915085	 1.53952	 1.53944	 1.53956	 1.53939	 1.53966	 
16.29	 0.381	 -0.678	 -0.99	 0.377547	 -0.671848	 -0.974897	 0.373881	 -0.66614	 -0.959671	 0.370166	 -0.660542	 -0.944416	 0.366647	 -0.654524	 -0.929275	 0.363222	 -0.648295	 -0.914196	 1.56746	 1.56739	 1.56751	 1.56734	 1.56761	 
16.3	 0.381	 -0.678	 -0.99	 0.377674	 -0.672053	 -0.974586	 0.373855	 -0.666086	 -0.959295	 0.369915	 -0.660115	 -0.944035	 0.366435	 -0.654163	 -0.928658	 0.363185	 -0.648218	 -0.913226	 1.5954	 1.59532	 1.59544	 1.59527	 1.59554	 
16.31	 0.381	 -0.678	 -0.99	 0.377426	 -0.672238	 -0.97437	 0.37374	 -0.666023	 -0.95894	 0.370024	 -0.659702	 -0.943561	 0.366407	 -0.653805	 -0.927992	 0.362848	 -0.648118	 -0.91233	 1.62348	 1.6234	 1.62352	 1.62337	 1.62364	 
16.32	 0.381	 -0.678	 -0.99	 0.377103	 -0.672094	 -0.974297	 0.373609	 -0.665883	 -0.958617	 0.370208	 -0.659598	 -0.942946	 0.366425	 -0.6536	 -0.92725	 0.362457	 -0.647745	 -0.911544	 1.65175	 1.65168	 1.65181	 1.65166	 1.65193	 
16.33	 0.381	 -0.678	 -0.99	 0.377061	 -0.671745	 -0.974237	 0.373547	 -0.665695	 -0.958294	 0.370135	 -0.659692	 -0.942311	 0.366321	 -0.653495	 -0.926495	 0.362307	 -0.647209	 -0.910762	 1.68015	 1.68008	 1.68022	 1.68006	 1.68032	 
16.34	 0.381	 -0.678	 -0.99	 0.377293	 -0.671534	 -0.97406	 0.373555	 -0.665541	 -0.957944	 0.369812	 -0.659661	 -0.941786	 0.366098	 -0.653335	 -0.925793	 0.362395	 -0.646792	 -0.909883	 1.70843	 1.70836	 1.70848	 1.70832	 1.70858	 
16.35	 0.381	 -0.678	 -0.99	 0.377506	 -0.67161	 -0.973781	 0.373565	 -0.665456	 -0.957573	 0.36952	 -0.659362	 -0.941368	 0.365896	 -0.653046	 -0.925149	 0.362477	 -0.646616	 -0.908929	 1.73624	 1.73616	 1.73627	 1.7361	 1.73635	 
16.36	 0.381	 -0.678	 -0.99	 0.377464	 -0.671818	 -0.973516	 0.37352	 -0.665405	 -0.957214	 0.36948	 -0.65894	 -0.940956	 0.365826	 -0.652694	 -0.924523	 0.362363	 -0.646553	 -0.908007	 1.76324	 1.76314	 1.76323	 1.76305	 1.7633	 
16.37	 0.381	 -0.678	 -0.99	 0.377209	 -0.671899	 -0.973356	 0.373432	 -0.665327	 -0.956891	 0.369658	 -0.658644	 -0.940469	 0.365873	 -0.652408	 -0.923876	 0.362089	 -0.646388	 -0.907201	 1.78915	 1.78905	 1.78912	 1.78893	 1.78917	 
16.38	 0.381	 -0.678	 -0.99	 0.37697	 -0.671745	 -0.973292	 0.373355	 -0.665199	 -0.956601	 0.369838	 -0.658584	 -0.939916	 0.365932	 -0.652242	 -0.923213	 0.361838	 -0.646034	 -0.906503	 1.81388	 1.81378	 1.81386	 1.81366	 1.8139	 
16.39	 0.381	 -0.678	 -0.99	 0.376937	 -0.671457	 -0.973239	 0.373335	 -0.665046	 -0.956324	 0.369841	 -0.658662	 -0.939375	 0.365911	 -0.65215	 -0.922572	 0.361769	 -0.645584	 -0.905839	 1.83753	 1.83744	 1.83752	 1.83732	 1.83756	 
16.4	 0.381	 -0.678	 -0.99	 0.377113	 -0.671235	 -0.973121	 0.373367	 -0.664909	 -0.956042	 0.369655	 -0.658685	 -0.938917	 0.365808	 -0.652041	 -0.921982	 0.361895	 -0.645198	 -0.90514	 1.86026	 1.86018	 1.86028	 1.86008	 1.86032	 
16.41	 0.381	 -0.678	 -0.99	 0.377343	 -0.671203	 -0.972924	 0.373411	 -0.664817	 -0.955751	 0.369421	 -0.658528	 -0.938554	 0.365696	 -0.651849	 -0.921448	 0.362091	 -0.644979	 -0.904389	 1.88225	 1.88217	 1.88227	 1.88208	 1.88233	 
16.42	 0.381	 -0.678	 -0.99	 0.377462	 -0.671338	 -0.972692	 0.373438	 -0.664767	 -0.955457	 0.369307	 -0.658218	 -0.938238	 0.365646	 -0.651582	 -0.920947	 0.362205	 -0.644903	 -0.903626	 1.90359	 1.9035	 1.90358	 1.90341	 1.90366	 
16.43	 0.381	 -0.678	 -0.99	 0.377401	 -0.671509	 -0.972492	 0.373435	 -0.664729	 -0.955175	 0.369386	 -0.657884	 -0.937902	 0.365688	 -0.651309	 -0.920447	 0.362163	 -0.64486	 -0.902909	 1.92428	 1.92417	 1.92426	 1.92409	 1.92432	 
16.44	 0.381	 -0.678	 -0.99	 0.377211	 -0.671573	 -0.972366	 0.373407	 -0.664672	 -0.954915	 0.369598	 -0.657661	 -0.937509	 0.365802	 -0.651096	 -0.919928	 0.362019	 -0.644744	 -0.902265	 1.9443	 1.9442	 1.94429	 1.94411	 1.94433	 
16.45	 0.381	 -0.678	 -0.99	 0.377015	 -0.671472	 -0.972307	 0.373377	 -0.66458	 -0.954678	 0.369817	 -0.657601	 -0.937067	 0.365931	 -0.650967	 -0.919393	 0.361895	 -0.644501	 -0.901688	 1.96369	 1.9636	 1.96369	 1.9635	 1.96372	 
16.46	 0.381	 -0.678	 -0.99	 0.376941	 -0.671256	 -0.97227	 0.373379	 -0.664462	 -0.954452	 0.369934	 -0.657655	 -0.936616	 0.366019	 -0.650895	 -0.918861	 0.361881	 -0.64416	 -0.901145	 1.98252	 1.98244	 1.98254	 1.98234	 1.98256	 
16.47	 0.381	 -0.678	 -0.99	 0.377029	 -0.671025	 -0.972207	 0.373428	 -0.664341	 -0.954224	 0.369913	 -0.657721	 -0.9362	 0.366045	 -0.650827	 -0.918354	 0.362009	 -0.643809	 -0.900592	 2.00088	 2.00082	 2.00091	 2.00072	 2.00094	 
16.48	 0.381	 -0.678	 -0.99	 0.377225	 -0.670884	 -0.97209	 0.373504	 -0.664239	 -0.953989	 0.369796	 -0.657704	 -0.935846	 0.366036	 -0.650725	 -0.91788	 0.362249	 -0.643537	 -0.900001	 2.01885	 2.01878	 2.01887	 2.01868	 2.01891	 
16.49	 0.381	 -0.678	 -0.99	 0.377435	 -0.670882	 -0.971922	 0.373585	 -0.664175	 -0.953746	 0.369673	 -0.657565	 -0.935547	 0.366032	 -0.650568	 -0.917438	 0.362513	 -0.643386	 -0.899376	 2.03637	 2.03629	 2.03638	 2.03619	 2.03642	 
16.5	 0.381	 -0.678	 -0.99	 0.377571	 -0.670992	 -0.971731	 0.373659	 -0.664142	 -0.953501	 0.369635	 -0.657329	 -0.93528	 0.366069	 -0.650369	 -0.917021	 0.362717	 -0.643336	 -0.898748	 2.05331	 2.05321	 2.05329	 2.05311	 2.05333	 
16.51	 0.381	 -0.678	 -0.99	 0.377582	 -0.671141	 -0.971558	 0.373706	 -0.664117	 -0.953271	 0.369723	 -0.657059	 -0.935019	 0.366174	 -0.650157	 -0.916619	 0.362831	 -0.643323	 -0.898154	 2.06943	 2.06931	 2.06938	 2.06919	 2.06942	 
16.52	 0.381	 -0.678	 -0.99	 0.377478	 -0.671245	 -0.971433	 0.373726	 -0.664084	 -0.953065	 0.369924	 -0.65683	 -0.934743	 0.366345	 -0.649964	 -0.916229	 0.362873	 -0.643276	 -0.897629	 2.08441	 2.0843	 2.08435	 2.08416	 2.08437	 
16.53	 0.381	 -0.678	 -0.99	 0.377327	 -0.671255	 -0.971362	 0.373745	 -0.664032	 -0.952887	 0.370186	 -0.656701	 -0.93445	 0.366551	 -0.649821	 -0.915856	 0.362883	 -0.643154	 -0.897189	 2.09796	 2.09784	 2.0979	 2.09768	 2.09788	 
16.54	 0.381	 -0.678	 -0.99	 0.377208	 -0.67116	 -0.971336	 0.373782	 -0.663965	 -0.952736	 0.370441	 -0.656687	 -0.934152	 0.366755	 -0.649743	 -0.915507	 0.362913	 -0.642959	 -0.896834	 2.1098	 2.10969	 2.10974	 2.1095	 2.10969	 
16.55	 0.381	 -0.678	 -0.99	 0.377172	 -0.670991	 -0.971335	 0.373843	 -0.663888	 -0.952611	 0.370625	 -0.65676	 -0.933876	 0.366934	 -0.64972	 -0.915197	 0.363025	 -0.642727	 -0.896544	 2.11977	 2.11967	 2.11971	 2.11946	 2.11964	 
16.56	 0.381	 -0.678	 -0.99	 0.377239	 -0.670807	 -0.971334	 0.373924	 -0.663813	 -0.952508	 0.370712	 -0.656864	 -0.933648	 0.367079	 -0.649725	 -0.914938	 0.363247	 -0.642502	 -0.896298	 2.12786	 2.12776	 2.1278	 2.12753	 2.12771	 
16.57	 0.381	 -0.678	 -0.99	 0.377403	 -0.670668	 -0.97131	 0.374033	 -0.663756	 -0.952419	 0.370719	 -0.656937	 -0.933485	 0.36719	 -0.649722	 -0.914739	 0.363556	 -0.642327	 -0.896081	 2.13416	 2.13406	 2.13411	 2.13384	 2.13402	 
16.58	 0.381	 -0.678	 -0.99	 0.377619	 -0.670621	 -0.971254	 0.374162	 -0.663724	 -0.95234	 0.370689	 -0.656937	 -0.933388	 0.367285	 -0.649693	 -0.914596	 0.363911	 -0.642236	 -0.89588	 2.13894	 2.13883	 2.13888	 2.13863	 2.13882	 
16.59	 0.381	 -0.678	 -0.99	 0.377816	 -0.670673	 -0.971174	 0.374283	 -0.663721	 -0.952268	 0.370674	 -0.656854	 -0.933346	 0.367395	 -0.649634	 -0.914497	 0.364264	 -0.642246	 -0.895686	 2.1425	 2.14239	 2.14245	 2.14221	 2.14241	 
16.6	 0.381	 -0.678	 -0.99	 0.377941	 -0.670804	 -0.971083	 0.374388	 -0.663742	 -0.952204	 0.370725	 -0.656711	 -0.933333	 0.367536	 -0.649554	 -0.914425	 0.364565	 -0.642334	 -0.895504	 2.14517	 2.14505	 2.14512	 2.1449	 2.14511	 
16.61	 0.381	 -0.678	 -0.99	 0.377973	 -0.670965	 -0.971004	 0.374475	 -0.663772	 -0.952148	 0.370872	 -0.656548	 -0.933325	 0.367721	 -0.649469	 -0.914366	 0.36478	 -0.642454	 -0.89535	 2.1472	 2.14708	 2.14714	 2.14694	 2.14715	 
16.62	 0.381	 -0.678	 -0.99	 0.377911	 -0.671093	 -0.970956	 0.374542	 -0.663797	 -0.952106	 0.37111	 -0.656414	 -0.933302	 0.367949	 -0.649399	 -0.914311	 0.364917	 -0.642553	 -0.895236	 2.14868	 2.14856	 2.14863	 2.14842	 2.14863	 
16.63	 0.381	 -0.678	 -0.99	 0.377796	 -0.671147	 -0.970949	 0.374599	 -0.663806	 -0.952081	 0.371404	 -0.656355	 -0.933255	 0.368204	 -0.649366	 -0.914255	 0.365006	 -0.642591	 -0.895176	 2.14957	 2.14945	 2.14952	 2.1493	 2.14951	 
16.64	 0.381	 -0.678	 -0.99	 0.377685	 -0.671108	 -0.970982	 0.374661	 -0.663799	 -0.952071	 0.371699	 -0.656394	 -0.933188	 0.368457	 -0.649383	 -0.914203	 0.365092	 -0.64256	 -0.895169	 2.14968	 2.14957	 2.14965	 2.14941	 2.14961	 
16.65	 0.381	 -0.678	 -0.99	 0.377625	 -0.670988	 -0.971042	 0.374729	 -0.663777	 -0.952081	 0.371938	 -0.65652	 -0.93312	 0.368689	 -0.649452	 -0.914163	 0.365234	 -0.642477	 -0.895207	 2.1488	 2.1487	 2.14877	 2.14852	 2.1487	 
16.66	 0.381	 -0.678	 -0.99	 0.377656	 -0.670833	 -0.97111	 0.374814	 -0.663754	 -0.952105	 0.372088	 -0.656694	 -0.933076	 0.368887	 -0.649551	 -0.914154	 0.365462	 -0.642373	 -0.895283	 2.14671	 2.14661	 2.14668	 2.14641	 2.14659	 
16.67	 0.381	 -0.678	 -0.99	 0.377793	 -0.670697	 -0.971163	 0.374931	 -0.66374	 -0.952141	 0.372149	 -0.656859	 -0.933079	 0.369039	 -0.649647	 -0.914193	 0.365774	 -0.642288	 -0.895389	 2.14323	 2.14313	 2.14319	 2.14291	 2.14309	 
16.68	 0.381	 -0.678	 -0.99	 0.378001	 -0.67063	 -0.971191	 0.375065	 -0.663742	 -0.95219	 0.372145	 -0.656962	 -0.933149	 0.369164	 -0.649722	 -0.914288	 0.366151	 -0.642269	 -0.895515	 2.13821	 2.1381	 2.13816	 2.13787	 2.13806	 
16.69	 0.381	 -0.678	 -0.99	 0.378219	 -0.670661	 -0.971192	 0.375197	 -0.66377	 -0.952254	 0.372126	 -0.656979	 -0.933287	 0.369288	 -0.649763	 -0.914443	 0.366552	 -0.642348	 -0.89566	 2.13155	 2.13142	 2.13147	 2.13119	 2.13137	 
16.7	 0.381	 -0.678	 -0.99	 0.378393	 -0.670793	 -0.971177	 0.375324	 -0.663827	 -0.952333	 0.372155	 -0.656918	 -0.933485	 0.36943	 -0.649778	 -0.914655	 0.366907	 -0.642526	 -0.895839	 2.12312	 2.12298	 2.12302	 2.12274	 2.12293	 
16.71	 0.381	 -0.678	 -0.99	 0.378474	 -0.670981	 -0.971167	 0.375434	 -0.663905	 -0.952433	 0.372278	 -0.656818	 -0.933722	 0.36961	 -0.649783	 -0.914918	 0.367168	 -0.642769	 -0.896074	 2.11286	 2.1127	 2.11273	 2.11244	 2.11262	 
16.72	 0.381	 -0.678	 -0.99	 0.378438	 -0.671164	 -0.971191	 0.375516	 -0.663987	 -0.952563	 0.372507	 -0.656735	 -0.933978	 0.369838	 -0.649805	 -0.915222	 0.367333	 -0.643022	 -0.896388	 2.10067	 2.1005	 2.10053	 2.10023	 2.1004	 
16.73	 0.381	 -0.678	 -0.99	 0.378315	 -0.671275	 -0.971268	 0.375573	 -0.664059	 -0.952729	 0.372814	 -0.656733	 -0.934235	 0.370104	 -0.649872	 -0.915559	 0.367425	 -0.643226	 -0.8968	 2.08652	 2.08636	 2.08639	 2.08607	 2.08624	 
16.74	 0.381	 -0.678	 -0.99	 0.378173	 -0.671273	 -0.971403	 0.375625	 -0.664113	 -0.952929	 0.373135	 -0.656854	 -0.934485	 0.370377	 -0.650004	 -0.915926	 0.367499	 -0.64335	 -0.897312	 2.07043	 2.07028	 2.07032	 2.06998	 2.07016	 
16.75	 0.381	 -0.678	 -0.99	 0.378096	 -0.671166	 -0.971581	 0.375689	 -0.664152	 -0.953159	 0.373391	 -0.657095	 -0.934739	 0.370618	 -0.650207	 -0.916323	 0.367626	 -0.643403	 -0.897909	 2.05249	 2.05236	 2.0524	 2.05206	 2.05223	 
16.76	 0.381	 -0.678	 -0.99	 0.378147	 -0.671011	 -0.971771	 0.375778	 -0.664187	 -0.953411	 0.373521	 -0.657398	 -0.935023	 0.370801	 -0.65045	 -0.916761	 0.367861	 -0.643433	 -0.898558	 2.03292	 2.03279	 2.03285	 2.03251	 2.03267	 
16.77	 0.381	 -0.678	 -0.99	 0.378334	 -0.670899	 -0.971934	 0.375899	 -0.664236	 -0.953671	 0.373518	 -0.657669	 -0.935366	 0.370916	 -0.650685	 -0.917248	 0.368206	 -0.643509	 -0.89922	 2.01205	 2.01192	 2.01199	 2.01166	 2.01183	 
16.78	 0.381	 -0.678	 -0.99	 0.378597	 -0.670916	 -0.972046	 0.376037	 -0.664313	 -0.953931	 0.373441	 -0.657822	 -0.935781	 0.37099	 -0.650869	 -0.917785	 0.368603	 -0.643698	 -0.899864	 1.99029	 1.99017	 1.99025	 1.98994	 1.99012	 
16.79	 0.381	 -0.678	 -0.99	 0.378813	 -0.671084	 -0.97211	 0.376159	 -0.664427	 -0.954186	 0.373398	 -0.657831	 -0.936255	 0.371075	 -0.650987	 -0.918357	 0.368957	 -0.644023	 -0.900478	 1.96814	 1.968	 1.9681	 1.9678	 1.968	 
16.8	 0.381	 -0.678	 -0.99	 0.378873	 -0.671345	 -0.972161	 0.376241	 -0.664564	 -0.954437	 0.37349	 -0.657757	 -0.936741	 0.371217	 -0.651067	 -0.918935	 0.369172	 -0.644429	 -0.90108	 1.94598	 1.94585	 1.94595	 1.94567	 1.94588	 
16.81	 0.381	 -0.678	 -0.99	 0.378754	 -0.67157	 -0.972247	 0.376278	 -0.664697	 -0.954692	 0.373745	 -0.657722	 -0.937185	 0.371428	 -0.651166	 -0.919489	 0.369216	 -0.644806	 -0.901707	 1.92411	 1.92398	 1.92409	 1.92382	 1.92403	 
16.82	 0.381	 -0.678	 -0.99	 0.378543	 -0.671633	 -0.972404	 0.37629	 -0.664793	 -0.954959	 0.374078	 -0.657842	 -0.937552	 0.371668	 -0.651336	 -0.920002	 0.369169	 -0.645047	 -0.902384	 1.90259	 1.90248	 1.90261	 1.90233	 1.90254	 
16.83	 0.381	 -0.678	 -0.99	 0.378401	 -0.671507	 -0.972621	 0.376309	 -0.664842	 -0.955239	 0.374331	 -0.658136	 -0.937859	 0.371869	 -0.651591	 -0.920481	 0.369178	 -0.64513	 -0.903104	 1.88134	 1.88124	 1.88136	 1.88108	 1.88129	 
16.84	 0.381	 -0.678	 -0.99	 0.378464	 -0.671304	 -0.97284	 0.376369	 -0.664872	 -0.955521	 0.374378	 -0.658502	 -0.938167	 0.37197	 -0.651883	 -0.920961	 0.369356	 -0.645151	 -0.903828	 1.86006	 1.85995	 1.86007	 1.85977	 1.85998	 
16.85	 0.381	 -0.678	 -0.99	 0.378722	 -0.671214	 -0.972994	 0.376474	 -0.664932	 -0.955793	 0.374236	 -0.65877	 -0.938547	 0.371971	 -0.652134	 -0.921482	 0.369689	 -0.645272	 -0.904509	 1.83833	 1.8382	 1.8383	 1.838	 1.8382	 
16.86	 0.381	 -0.678	 -0.99	 0.379001	 -0.671358	 -0.973063	 0.376585	 -0.665052	 -0.956054	 0.374074	 -0.65883	 -0.939027	 0.371956	 -0.652293	 -0.922067	 0.370027	 -0.645601	 -0.905143	 1.81569	 1.81554	 1.81563	 1.81531	 1.81552	 
16.87	 0.381	 -0.678	 -0.99	 0.379081	 -0.671672	 -0.973103	 0.376649	 -0.66522	 -0.956321	 0.374096	 -0.658743	 -0.939566	 0.372026	 -0.652386	 -0.922701	 0.370193	 -0.646084	 -0.905786	 1.79177	 1.79161	 1.79169	 1.79135	 1.79155	 
16.88	 0.381	 -0.678	 -0.99	 0.378895	 -0.671931	 -0.973209	 0.376649	 -0.665381	 -0.95662	 0.374366	 -0.658719	 -0.94008	 0.372215	 -0.652513	 -0.923348	 0.370135	 -0.646528	 -0.906526	 1.76638	 1.76623	 1.7663	 1.76594	 1.76614	 
16.89	 0.381	 -0.678	 -0.99	 0.378627	 -0.671932	 -0.973434	 0.376627	 -0.665484	 -0.956964	 0.374713	 -0.658945	 -0.940518	 0.372443	 -0.652764	 -0.923983	 0.370003	 -0.64676	 -0.907405	 1.73958	 1.73943	 1.7395	 1.73913	 1.73933	 
16.9	 0.381	 -0.678	 -0.99	 0.378569	 -0.67171	 -0.973724	 0.376653	 -0.665535	 -0.957337	 0.374857	 -0.659385	 -0.940926	 0.37257	 -0.653123	 -0.924622	 0.370042	 -0.646814	 -0.90837	 1.71163	 1.71148	 1.71156	 1.71121	 1.71141	 
16.91	 0.381	 -0.678	 -0.99	 0.378828	 -0.671553	 -0.973954	 0.376751	 -0.665601	 -0.957706	 0.374694	 -0.659765	 -0.941412	 0.372542	 -0.653461	 -0.92531	 0.370338	 -0.64693	 -0.909303	 1.68296	 1.68282	 1.68292	 1.68258	 1.68278	 
16.92	 0.381	 -0.678	 -0.99	 0.379153	 -0.671717	 -0.974054	 0.37686	 -0.665742	 -0.958048	 0.374457	 -0.659844	 -0.942029	 0.372467	 -0.653656	 -0.926066	 0.370681	 -0.64732	 -0.910135	 1.65403	 1.65389	 1.654	 1.65366	 1.65387	 
16.93	 0.381	 -0.678	 -0.99	 0.379171	 -0.672098	 -0.97411	 0.376889	 -0.665937	 -0.958379	 0.374494	 -0.659717	 -0.942687	 0.372521	 -0.653745	 -0.926843	 0.370759	 -0.647891	 -0.910929	 1.62519	 1.62505	 1.62517	 1.62484	 1.62506	 
16.94	 0.381	 -0.678	 -0.99	 0.378851	 -0.672294	 -0.97428	 0.37683	 -0.666089	 -0.958734	 0.374838	 -0.659766	 -0.943231	 0.372722	 -0.653915	 -0.927562	 0.370551	 -0.648301	 -0.911812	 1.59661	 1.59649	 1.59664	 1.59631	 1.59653	 
16.95	 0.381	 -0.678	 -0.99	 0.378625	 -0.672101	 -0.974585	 0.37679	 -0.666147	 -0.959118	 0.375087	 -0.660181	 -0.94364	 0.372876	 -0.654267	 -0.928209	 0.370414	 -0.648385	 -0.912801	 1.56837	 1.56824	 1.56838	 1.56806	 1.56829	 
16.96	 0.381	 -0.678	 -0.99	 0.378843	 -0.671859	 -0.974848	 0.376856	 -0.666194	 -0.95949	 0.374916	 -0.660645	 -0.944082	 0.372816	 -0.654649	 -0.928866	 0.370633	 -0.64843	 -0.913751	 1.54035	 1.5402	 1.54033	 1.54002	 1.54026	 
16.97	 0.381	 -0.678	 -0.99	 0.379213	 -0.672029	 -0.974931	 0.376962	 -0.666341	 -0.959816	 0.3746	 -0.660725	 -0.94469	 0.372675	 -0.654841	 -0.929606	 0.370967	 -0.648821	 -0.914548	 1.51238	 1.51224	 1.51238	 1.51205	 1.51227	 
16.98	 0.381	 -0.678	 -0.99	 0.379159	 -0.672461	 -0.974971	 0.376963	 -0.666554	 -0.960132	 0.374677	 -0.660558	 -0.945341	 0.372724	 -0.654908	 -0.93037	 0.370943	 -0.649431	 -0.915312	 1.48438	 1.48425	 1.48439	 1.48404	 1.48427	 
16.99	 0.381	 -0.678	 -0.99	 0.378755	 -0.67254	 -0.975195	 0.376869	 -0.666679	 -0.960495	 0.37507	 -0.660721	 -0.945822	 0.372932	 -0.655137	 -0.93105	 0.370628	 -0.649747	 -0.91623	 1.45633	 1.4562	 1.45634	 1.456	 1.45623	 
17	 0.381	 -0.678	 -0.99	 0.378709	 -0.67221	 -0.975529	 0.376855	 -0.666702	 -0.960886	 0.375114	 -0.661264	 -0.946203	 0.372966	 -0.655559	 -0.931679	 0.370608	 -0.649724	 -0.917237	 1.42835	 1.4282	 1.42833	 1.428	 1.42824	 
17.01	 0.381	 -0.678	 -0.99	 0.37913	 -0.672179	 -0.975679	 0.376958	 -0.666796	 -0.96123	 0.374718	 -0.661523	 -0.94675	 0.372769	 -0.655838	 -0.932388	 0.370963	 -0.649944	 -0.918089	 1.4006	 1.40046	 1.4006	 1.40028	 1.40053	 
17.02	 0.381	 -0.678	 -0.99	 0.379214	 -0.67264	 -0.975682	 0.376983	 -0.667012	 -0.96153	 0.374643	 -0.66132	 -0.947421	 0.372726	 -0.655877	 -0.933153	 0.371028	 -0.650559	 -0.918808	 1.37336	 1.37326	 1.37343	 1.37309	 1.37333	 
17.03	 0.381	 -0.678	 -0.99	 0.378773	 -0.672788	 -0.975876	 0.376876	 -0.66715	 -0.961868	 0.375059	 -0.661405	 -0.947892	 0.372933	 -0.656055	 -0.933805	 0.370652	 -0.650911	 -0.919665	 1.347	 1.34688	 1.34704	 1.34672	 1.34698	 
17.04	 0.381	 -0.678	 -0.99	 0.37873	 -0.672412	 -0.976209	 0.376857	 -0.667151	 -0.962231	 0.375085	 -0.661971	 -0.948209	 0.372938	 -0.65648	 -0.934361	 0.370596	 -0.650834	 -0.920604	 1.32167	 1.32154	 1.32171	 1.32142	 1.3217	 
17.05	 0.381	 -0.678	 -0.99	 0.37919	 -0.672454	 -0.976296	 0.376957	 -0.667252	 -0.962521	 0.374621	 -0.662138	 -0.948728	 0.372681	 -0.656702	 -0.934999	 0.370942	 -0.651099	 -0.921309	 1.29754	 1.29743	 1.29761	 1.29731	 1.29759	 
17.06	 0.381	 -0.678	 -0.99	 0.379088	 -0.672953	 -0.97628	 0.376917	 -0.667468	 -0.962769	 0.37468	 -0.661877	 -0.949311	 0.372683	 -0.656695	 -0.935654	 0.370816	 -0.651725	 -0.921899	 1.27465	 1.27456	 1.27475	 1.27445	 1.27471	 
17.07	 0.381	 -0.678	 -0.99	 0.378632	 -0.672848	 -0.976545	 0.376787	 -0.667533	 -0.963072	 0.37507	 -0.662175	 -0.949598	 0.372859	 -0.656967	 -0.936139	 0.370397	 -0.651845	 -0.922689	 1.25301	 1.25288	 1.25306	 1.25278	 1.25307	 
17.08	 0.381	 -0.678	 -0.99	 0.378918	 -0.672507	 -0.97678	 0.376835	 -0.667527	 -0.96336	 0.374754	 -0.662675	 -0.949891	 0.37267	 -0.657342	 -0.936608	 0.370583	 -0.651762	 -0.923425	 1.23249	 1.23236	 1.23254	 1.23226	 1.23255	 
17.09	 0.381	 -0.678	 -0.99	 0.379198	 -0.672914	 -0.976716	 0.376878	 -0.6677	 -0.963563	 0.37443	 -0.66246	 -0.950443	 0.372466	 -0.65734	 -0.937197	 0.370756	 -0.652278	 -0.923891	 1.21301	 1.21291	 1.2131	 1.21279	 1.21307	 
17.1	 0.381	 -0.678	 -0.99	 0.378698	 -0.673127	 -0.976845	 0.376726	 -0.667828	 -0.963801	 0.374837	 -0.662423	 -0.950788	 0.372642	 -0.657416	 -0.937666	 0.370291	 -0.652618	 -0.924491	 1.19456	 1.19445	 1.19464	 1.19434	 1.19461	 
17.11	 0.381	 -0.678	 -0.99	 0.378716	 -0.672681	 -0.977141	 0.376707	 -0.667786	 -0.96407	 0.374771	 -0.662997	 -0.950949	 0.372576	 -0.657807	 -0.938024	 0.370243	 -0.652413	 -0.925205	 1.17709	 1.17695	 1.17712	 1.17684	 1.17714	 
17.12	 0.381	 -0.678	 -0.99	 0.379171	 -0.672906	 -0.977096	 0.376801	 -0.667902	 -0.964246	 0.374294	 -0.662922	 -0.951411	 0.372288	 -0.657857	 -0.938524	 0.370542	 -0.652746	 -0.925615	 1.16056	 1.16045	 1.16063	 1.16033	 1.1606	 
17.13	 0.381	 -0.678	 -0.99	 0.378742	 -0.67327	 -0.977135	 0.376662	 -0.668048	 -0.964433	 0.374623	 -0.662702	 -0.951774	 0.372414	 -0.657818	 -0.93896	 0.370122	 -0.653178	 -0.926068	 1.1451	 1.145	 1.1452	 1.1449	 1.14518	 
17.14	 0.381	 -0.678	 -0.99	 0.378611	 -0.672817	 -0.977437	 0.376591	 -0.667987	 -0.964672	 0.374666	 -0.663244	 -0.951858	 0.372395	 -0.658171	 -0.93923	 0.369942	 -0.652931	 -0.926703	 1.13094	 1.13081	 1.13099	 1.13073	 1.13103	 
17.15	 0.381	 -0.678	 -0.99	 0.379103	 -0.672959	 -0.977387	 0.376681	 -0.668069	 -0.964806	 0.374127	 -0.663219	 -0.952233	 0.372064	 -0.658226	 -0.939628	 0.370258	 -0.653156	 -0.927012	 1.11825	 1.11815	 1.11836	 1.11808	 1.11837	 
17.16	 0.381	 -0.678	 -0.99	 0.378688	 -0.673353	 -0.977383	 0.376538	 -0.668208	 -0.964932	 0.374426	 -0.662938	 -0.952525	 0.372164	 -0.658131	 -0.939959	 0.369829	 -0.653569	 -0.927314	 1.10738	 1.10729	 1.10751	 1.10725	 1.10754	 
17.17	 0.381	 -0.678	 -0.99	 0.378553	 -0.672878	 -0.977657	 0.376456	 -0.668121	 -0.965107	 0.374452	 -0.663456	 -0.952506	 0.372122	 -0.658448	 -0.940095	 0.369619	 -0.653264	 -0.927788	 1.09855	 1.09844	 1.09865	 1.09843	 1.09875	 
17.18	 0.381	 -0.678	 -0.99	 0.379035	 -0.673048	 -0.977552	 0.376537	 -0.668192	 -0.965162	 0.373904	 -0.663365	 -0.952787	 0.371769	 -0.658444	 -0.940354	 0.369895	 -0.653472	 -0.927899	 1.09175	 1.09168	 1.09191	 1.09166	 1.09197	 
17.19	 0.381	 -0.678	 -0.99	 0.378568	 -0.673386	 -0.977539	 0.376374	 -0.668303	 -0.965218	 0.374237	 -0.6631	 -0.952935	 0.371873	 -0.658335	 -0.940519	 0.369394	 -0.653803	 -0.928036	 1.08688	 1.08679	 1.08701	 1.08677	 1.08709	 
17.2	 0.381	 -0.678	 -0.99	 0.378522	 -0.672882	 -0.977771	 0.376302	 -0.668192	 -0.965323	 0.374152	 -0.66361	 -0.952822	 0.371759	 -0.658628	 -0.940521	 0.369235	 -0.653441	 -0.928329	 1.08354	 1.08342	 1.08362	 1.08339	 1.08371	 
17.21	 0.381	 -0.678	 -0.99	 0.378941	 -0.673145	 -0.977604	 0.376352	 -0.668274	 -0.965315	 0.37363	 -0.663401	 -0.953053	 0.371406	 -0.658543	 -0.940688	 0.369445	 -0.653691	 -0.928274	 1.08122	 1.08114	 1.08134	 1.08107	 1.08137	 
17.22	 0.381	 -0.678	 -0.99	 0.378409	 -0.673377	 -0.977626	 0.376167	 -0.668348	 -0.965343	 0.374011	 -0.663213	 -0.953087	 0.371528	 -0.658455	 -0.940744	 0.368879	 -0.653899	 -0.928356	 1.07971	 1.0796	 1.07977	 1.0795	 1.07981	 
17.23	 0.381	 -0.678	 -0.99	 0.378504	 -0.67287	 -0.977813	 0.376136	 -0.668221	 -0.965411	 0.373801	 -0.663692	 -0.952957	 0.371344	 -0.658712	 -0.940702	 0.368821	 -0.653498	 -0.928556	 1.07887	 1.07875	 1.07892	 1.07868	 1.07898	 
17.24	 0.381	 -0.678	 -0.99	 0.378826	 -0.673227	 -0.977608	 0.376159	 -0.668304	 -0.965372	 0.373365	 -0.663347	 -0.953177	 0.371032	 -0.658529	 -0.940832	 0.368943	 -0.653781	 -0.928415	 1.07897	 1.07888	 1.07907	 1.07881	 1.07911	 
17.25	 0.381	 -0.678	 -0.99	 0.378257	 -0.673315	 -0.977676	 0.375954	 -0.66832	 -0.965385	 0.373762	 -0.663246	 -0.953104	 0.371157	 -0.658459	 -0.94079	 0.36834	 -0.653826	 -0.928462	 1.08053	 1.08043	 1.08063	 1.0804	 1.08071	 
17.26	 0.381	 -0.678	 -0.99	 0.378478	 -0.672842	 -0.977794	 0.375945	 -0.668183	 -0.965391	 0.373414	 -0.663652	 -0.952939	 0.370893	 -0.65865	 -0.940668	 0.368372	 -0.653403	 -0.928497	 1.084	 1.08391	 1.08412	 1.08392	 1.08425	 
17.27	 0.381	 -0.678	 -0.99	 0.37868	 -0.673261	 -0.977545	 0.37593	 -0.668264	 -0.965279	 0.373072	 -0.663205	 -0.953062	 0.370616	 -0.658387	 -0.940664	 0.368375	 -0.653691	 -0.928175	 1.0897	 1.08965	 1.08988	 1.08968	 1.09	 
17.28	 0.381	 -0.678	 -0.99	 0.378115	 -0.673225	 -0.977618	 0.375717	 -0.668231	 -0.96522	 0.373443	 -0.663179	 -0.95282	 0.370712	 -0.658331	 -0.940432	 0.367745	 -0.653596	 -0.928053	 1.0978	 1.09772	 1.09795	 1.09778	 1.09811	 
17.29	 0.381	 -0.678	 -0.99	 0.378407	 -0.672797	 -0.977652	 0.37572	 -0.66809	 -0.965128	 0.373011	 -0.663508	 -0.952559	 0.370387	 -0.658461	 -0.940154	 0.367803	 -0.653172	 -0.927838	 1.10806	 1.10799	 1.10822	 1.10804	 1.10837	 
17.3	 0.381	 -0.678	 -0.99	 0.378537	 -0.673224	 -0.977368	 0.375678	 -0.668155	 -0.964936	 0.372716	 -0.663016	 -0.952555	 0.370121	 -0.65815	 -0.939985	 0.367723	 -0.653426	 -0.927319	 1.12015	 1.12009	 1.12031	 1.12011	 1.12043	 
17.31	 0.381	 -0.678	 -0.99	 0.377985	 -0.673151	 -0.977419	 0.375455	 -0.668091	 -0.964814	 0.373048	 -0.662978	 -0.952206	 0.370185	 -0.658061	 -0.939616	 0.367089	 -0.653253	 -0.927037	 1.13369	 1.13361	 1.13381	 1.13362	 1.13393	 
17.32	 0.381	 -0.678	 -0.99	 0.378248	 -0.672719	 -0.977427	 0.37544	 -0.667931	 -0.964671	 0.372621	 -0.663268	 -0.951869	 0.369856	 -0.658141	 -0.939236	 0.367116	 -0.652774	 -0.926695	 1.14826	 1.14817	 1.14835	 1.14816	 1.14848	 
17.33	 0.381	 -0.678	 -0.99	 0.378426	 -0.673096	 -0.977128	 0.375411	 -0.667968	 -0.964442	 0.372283	 -0.662786	 -0.951803	 0.369567	 -0.657811	 -0.938989	 0.367067	 -0.65294	 -0.926088	 1.16354	 1.16346	 1.16364	 1.16342	 1.16372	 
17.34	 0.381	 -0.678	 -0.99	 0.37789	 -0.673114	 -0.977126	 0.375197	 -0.667911	 -0.964282	 0.372609	 -0.662628	 -0.951449	 0.369625	 -0.657639	 -0.938586	 0.36644	 -0.652808	 -0.925708	 1.1794	 1.1793	 1.17947	 1.17926	 1.17956	 
17.35	 0.381	 -0.678	 -0.99	 0.378011	 -0.672631	 -0.977171	 0.375145	 -0.667726	 -0.964131	 0.372314	 -0.662938	 -0.951039	 0.369365	 -0.657713	 -0.938142	 0.36635	 -0.652266	 -0.925351	 1.19575	 1.19565	 1.19582	 1.19562	 1.19592	 
17.36	 0.381	 -0.678	 -0.99	 0.378328	 -0.672863	 -0.976886	 0.375147	 -0.667721	 -0.963888	 0.371837	 -0.66258	 -0.950921	 0.369003	 -0.657442	 -0.937842	 0.366417	 -0.652303	 -0.92471	 1.21267	 1.2126	 1.21277	 1.21255	 1.21285	 
17.37	 0.381	 -0.678	 -0.99	 0.377881	 -0.673089	 -0.976771	 0.374955	 -0.667713	 -0.963679	 0.372076	 -0.662219	 -0.950625	 0.369012	 -0.657159	 -0.93744	 0.365859	 -0.652326	 -0.924188	 1.23036	 1.23028	 1.23045	 1.23025	 1.23055	 
17.38	 0.381	 -0.678	 -0.99	 0.377712	 -0.672631	 -0.976855	 0.374827	 -0.667526	 -0.963513	 0.372045	 -0.662486	 -0.950123	 0.368884	 -0.657196	 -0.936916	 0.365528	 -0.651783	 -0.923804	 1.24899	 1.2489	 1.24908	 1.24891	 1.24921	 
17.39	 0.381	 -0.678	 -0.99	 0.378117	 -0.672545	 -0.976653	 0.374842	 -0.667427	 -0.963263	 0.371474	 -0.662396	 -0.949862	 0.368474	 -0.657047	 -0.936497	 0.365662	 -0.651533	 -0.923157	 1.26873	 1.26866	 1.26885	 1.26867	 1.26898	 
17.4	 0.381	 -0.678	 -0.99	 0.377985	 -0.672925	 -0.976382	 0.374729	 -0.667444	 -0.962979	 0.371412	 -0.661865	 -0.94963	 0.368323	 -0.656663	 -0.936077	 0.365355	 -0.651655	 -0.922422	 1.2897	 1.28964	 1.28982	 1.28965	 1.28995	 
17.41	 0.381	 -0.678	 -0.99	 0.377531	 -0.672765	 -0.976391	 0.374536	 -0.667326	 -0.96275	 0.371658	 -0.661834	 -0.949104	 0.368335	 -0.656529	 -0.935485	 0.364787	 -0.651328	 -0.921882	 1.31187	 1.31179	 1.31197	 1.31181	 1.31211	 
17.42	 0.381	 -0.678	 -0.99	 0.377686	 -0.672339	 -0.976354	 0.374493	 -0.667135	 -0.962499	 0.371333	 -0.662042	 -0.948595	 0.368058	 -0.656519	 -0.934883	 0.364721	 -0.65078	 -0.921274	 1.33506	 1.33499	 1.33518	 1.33502	 1.33532	 
17.43	 0.381	 -0.678	 -0.99	 0.377991	 -0.672475	 -0.976054	 0.374489	 -0.667077	 -0.962175	 0.370866	 -0.661713	 -0.948312	 0.367706	 -0.656231	 -0.934383	 0.364782	 -0.650685	 -0.920426	 1.35911	 1.35905	 1.35922	 1.35905	 1.35935	 
17.44	 0.381	 -0.678	 -0.99	 0.37771	 -0.672761	 -0.97583	 0.374341	 -0.667056	 -0.961861	 0.370952	 -0.661239	 -0.947941	 0.367638	 -0.655859	 -0.933831	 0.364366	 -0.650701	 -0.919625	 1.38381	 1.38374	 1.3839	 1.38373	 1.38402	 
17.45	 0.381	 -0.678	 -0.99	 0.37734	 -0.672515	 -0.975832	 0.374172	 -0.666903	 -0.961596	 0.371127	 -0.661259	 -0.947345	 0.367621	 -0.655732	 -0.933155	 0.363881	 -0.650271	 -0.918998	 1.40902	 1.40895	 1.4091	 1.40893	 1.40922	 
17.46	 0.381	 -0.678	 -0.99	 0.377507	 -0.67213	 -0.975757	 0.374137	 -0.666712	 -0.961307	 0.370801	 -0.661404	 -0.946808	 0.367351	 -0.655669	 -0.932501	 0.363838	 -0.649722	 -0.918293	 1.4347	 1.43463	 1.43479	 1.43462	 1.43491	 
17.47	 0.381	 -0.678	 -0.99	 0.377801	 -0.672215	 -0.975464	 0.374136	 -0.666634	 -0.960959	 0.370358	 -0.661104	 -0.946462	 0.367019	 -0.655383	 -0.931933	 0.363899	 -0.649562	 -0.917393	 1.46091	 1.46084	 1.46099	 1.46082	 1.46111	 
17.48	 0.381	 -0.678	 -0.99	 0.377631	 -0.672502	 -0.975199	 0.374021	 -0.666606	 -0.96061	 0.370351	 -0.660617	 -0.946073	 0.366906	 -0.655	 -0.931334	 0.363579	 -0.649569	 -0.916498	 1.48771	 1.48763	 1.48779	 1.48763	 1.48791	 
17.49	 0.381	 -0.678	 -0.99	 0.377236	 -0.672412	 -0.97513	 0.373851	 -0.666489	 -0.9603	 0.370558	 -0.660483	 -0.945481	 0.366906	 -0.654791	 -0.930623	 0.363077	 -0.649262	 -0.915746	 1.5151	 1.51503	 1.51518	 1.51503	 1.51531	 
17.5	 0.381	 -0.678	 -0.99	 0.377186	 -0.672022	 -0.975092	 0.373768	 -0.666296	 -0.959992	 0.370447	 -0.660627	 -0.944846	 0.366752	 -0.654721	 -0.929881	 0.362869	 -0.648701	 -0.915006	 1.54297	 1.5429	 1.54305	 1.5429	 1.54318	 
17.51	 0.381	 -0.678	 -0.99	 0.377474	 -0.671848	 -0.974888	 0.373771	 -0.666151	 -0.959641	 0.370026	 -0.660564	 -0.944362	 0.366448	 -0.654545	 -0.92921	 0.36295	 -0.648311	 -0.914123	 1.57107	 1.571	 1.57114	 1.57098	 1.57126	 
17.52	 0.381	 -0.678	 -0.99	 0.37762	 -0.672039	 -0.974577	 0.373746	 -0.666093	 -0.959265	 0.369752	 -0.660152	 -0.943981	 0.366222	 -0.654193	 -0.928592	 0.362923	 -0.648222	 -0.913154	 1.59905	 1.59897	 1.59909	 1.59892	 1.59919	 
17.53	 0.381	 -0.678	 -0.99	 0.377393	 -0.67224	 -0.974354	 0.373637	 -0.666039	 -0.958914	 0.369841	 -0.659732	 -0.943526	 0.366184	 -0.653837	 -0.927943	 0.362601	 -0.648146	 -0.912266	 1.62658	 1.62649	 1.6266	 1.62641	 1.62668	 
17.54	 0.381	 -0.678	 -0.99	 0.377065	 -0.672123	 -0.974283	 0.373508	 -0.665911	 -0.958606	 0.370037	 -0.659616	 -0.942942	 0.366208	 -0.653635	 -0.927239	 0.362208	 -0.647814	 -0.911518	 1.65345	 1.65336	 1.65346	 1.65327	 1.65353	 
17.55	 0.381	 -0.678	 -0.99	 0.377	 -0.671781	 -0.974242	 0.373444	 -0.665728	 -0.958313	 0.369995	 -0.659714	 -0.942345	 0.366125	 -0.653543	 -0.926537	 0.362047	 -0.647299	 -0.910808	 1.67967	 1.67959	 1.6797	 1.67951	 1.67976	 
17.56	 0.381	 -0.678	 -0.99	 0.377222	 -0.671549	 -0.974092	 0.373453	 -0.665571	 -0.957999	 0.36969	 -0.659707	 -0.941862	 0.365919	 -0.653399	 -0.925896	 0.362138	 -0.646875	 -0.910018	 1.70546	 1.70538	 1.70549	 1.70531	 1.70556	 
17.57	 0.381	 -0.678	 -0.99	 0.377447	 -0.671607	 -0.973832	 0.373467	 -0.665484	 -0.95766	 0.36939	 -0.659428	 -0.941485	 0.365719	 -0.653121	 -0.925311	 0.362245	 -0.646688	 -0.909141	 1.73107	 1.73099	 1.73111	 1.73094	 1.73121	 
17.58	 0.381	 -0.678	 -0.99	 0.377425	 -0.67182	 -0.97357	 0.373427	 -0.665437	 -0.957317	 0.369332	 -0.65901	 -0.941104	 0.365643	 -0.652775	 -0.924721	 0.362153	 -0.646629	 -0.908259	 1.75674	 1.75666	 1.75678	 1.75663	 1.7569	 
17.59	 0.381	 -0.678	 -0.99	 0.377178	 -0.67192	 -0.973403	 0.37334	 -0.66537	 -0.956991	 0.369502	 -0.658707	 -0.940623	 0.365683	 -0.652488	 -0.924078	 0.361877	 -0.646485	 -0.907449	 1.78252	 1.78244	 1.78256	 1.78241	 1.78267	 
17.6	 0.381	 -0.678	 -0.99	 0.376931	 -0.671779	 -0.973329	 0.373262	 -0.665247	 -0.956685	 0.369687	 -0.658639	 -0.94005	 0.365734	 -0.652321	 -0.923389	 0.361604	 -0.646149	 -0.906714	 1.80824	 1.80816	 1.80828	 1.80812	 1.80837	 
17.61	 0.381	 -0.678	 -0.99	 0.376884	 -0.67149	 -0.973268	 0.373235	 -0.665089	 -0.956387	 0.369694	 -0.658711	 -0.939474	 0.365708	 -0.652227	 -0.922702	 0.361509	 -0.645696	 -0.905998	 1.83355	 1.83348	 1.83359	 1.83342	 1.83366	 
17.62	 0.381	 -0.678	 -0.99	 0.377048	 -0.671255	 -0.973144	 0.373257	 -0.664943	 -0.956085	 0.369506	 -0.658732	 -0.93898	 0.365601	 -0.652109	 -0.922066	 0.361617	 -0.645291	 -0.905246	 1.85806	 1.85798	 1.85808	 1.85789	 1.85812	 
17.63	 0.381	 -0.678	 -0.99	 0.377276	 -0.67121	 -0.972942	 0.373297	 -0.664843	 -0.955779	 0.369264	 -0.658577	 -0.938591	 0.365479	 -0.651911	 -0.921499	 0.361806	 -0.645052	 -0.904457	 1.88136	 1.88127	 1.88135	 1.88115	 1.88138	 
17.64	 0.381	 -0.678	 -0.99	 0.377405	 -0.671339	 -0.972706	 0.373325	 -0.66479	 -0.955479	 0.369139	 -0.658271	 -0.938264	 0.365419	 -0.651649	 -0.920984	 0.361917	 -0.644971	 -0.903678	 1.90322	 1.90312	 1.90318	 1.90298	 1.90321	 
17.65	 0.381	 -0.678	 -0.99	 0.377354	 -0.671514	 -0.972505	 0.373325	 -0.664758	 -0.955197	 0.369208	 -0.657942	 -0.937934	 0.365455	 -0.651381	 -0.920491	 0.36188	 -0.64494	 -0.902965	 1.92362	 1.9235	 1.92356	 1.92335	 1.92358	 
17.66	 0.381	 -0.678	 -0.99	 0.377166	 -0.671591	 -0.97238	 0.373298	 -0.664709	 -0.954947	 0.369419	 -0.657718	 -0.937561	 0.365572	 -0.651171	 -0.919996	 0.361747	 -0.644835	 -0.902348	 1.94272	 1.9426	 1.94267	 1.94246	 1.94268	 
17.67	 0.381	 -0.678	 -0.99	 0.376969	 -0.671501	 -0.972327	 0.37327	 -0.664622	 -0.954727	 0.369646	 -0.657652	 -0.937145	 0.365709	 -0.651038	 -0.919495	 0.361625	 -0.644598	 -0.901813	 1.96085	 1.96075	 1.96083	 1.96062	 1.96084	 
17.68	 0.381	 -0.678	 -0.99	 0.376891	 -0.671283	 -0.972301	 0.373277	 -0.664502	 -0.954519	 0.369775	 -0.657703	 -0.936721	 0.365802	 -0.650964	 -0.919	 0.361609	 -0.64426	 -0.901316	 1.97834	 1.97826	 1.97835	 1.97815	 1.97837	 
17.69	 0.381	 -0.678	 -0.99	 0.376972	 -0.671051	 -0.972249	 0.373322	 -0.66438	 -0.95431	 0.36976	 -0.657775	 -0.936329	 0.365836	 -0.650906	 -0.918525	 0.36174	 -0.643915	 -0.900805	 1.99543	 1.99536	 1.99546	 1.99527	 1.99549	 
17.7	 0.381	 -0.678	 -0.99	 0.377163	 -0.67091	 -0.972141	 0.373391	 -0.66429	 -0.95409	 0.369641	 -0.657776	 -0.935995	 0.36583	 -0.65082	 -0.91808	 0.361985	 -0.643656	 -0.900252	 2.01213	 2.01206	 2.01216	 2.01197	 2.01219	 
17.71	 0.381	 -0.678	 -0.99	 0.377376	 -0.670912	 -0.97198	 0.373476	 -0.664238	 -0.953861	 0.369516	 -0.657658	 -0.93572	 0.365823	 -0.650684	 -0.917672	 0.36225	 -0.643524	 -0.89967	 2.02822	 2.02814	 2.02822	 2.02803	 2.02826	 
17.72	 0.381	 -0.678	 -0.99	 0.37752	 -0.671027	 -0.971799	 0.373555	 -0.664211	 -0.953639	 0.369477	 -0.657433	 -0.935488	 0.365855	 -0.650505	 -0.9173	 0.362449	 -0.643501	 -0.899097	 2.04335	 2.04324	 2.04331	 2.04311	 2.04333	 
17.73	 0.381	 -0.678	 -0.99	 0.37753	 -0.671179	 -0.971641	 0.373601	 -0.664192	 -0.953439	 0.369566	 -0.657172	 -0.935273	 0.365961	 -0.650311	 -0.916957	 0.362564	 -0.64352	 -0.898573	 2.05715	 2.05702	 2.05707	 2.05686	 2.05708	 
17.74	 0.381	 -0.678	 -0.99	 0.377418	 -0.671291	 -0.971535	 0.373618	 -0.664169	 -0.953269	 0.36977	 -0.656959	 -0.935048	 0.366137	 -0.650142	 -0.916634	 0.362607	 -0.643506	 -0.898133	 2.06938	 2.06926	 2.06929	 2.06908	 2.06929	 
17.75	 0.381	 -0.678	 -0.99	 0.377264	 -0.671305	 -0.971484	 0.373638	 -0.664134	 -0.953126	 0.37004	 -0.656856	 -0.934804	 0.366347	 -0.650029	 -0.91633	 0.362611	 -0.643415	 -0.897785	 2.08006	 2.07993	 2.07998	 2.07975	 2.07996	 
17.76	 0.381	 -0.678	 -0.99	 0.377148	 -0.671207	 -0.971477	 0.373681	 -0.664078	 -0.953005	 0.370299	 -0.65687	 -0.934547	 0.366554	 -0.649979	 -0.91604	 0.362644	 -0.64324	 -0.89751	 2.08939	 2.08928	 2.08934	 2.0891	 2.0893	 
17.77	 0.381	 -0.678	 -0.99	 0.377121	 -0.671031	 -0.971488	 0.373743	 -0.664004	 -0.952901	 0.370478	 -0.65696	 -0.934299	 0.366735	 -0.649969	 -0.91577	 0.362771	 -0.643008	 -0.897273	 2.09773	 2.09765	 2.09772	 2.09749	 2.09768	 
17.78	 0.381	 -0.678	 -0.99	 0.377203	 -0.67084	 -0.971488	 0.373827	 -0.663923	 -0.952804	 0.370549	 -0.65706	 -0.934083	 0.366874	 -0.649965	 -0.915523	 0.363012	 -0.642768	 -0.897039	 2.10548	 2.10541	 2.10549	 2.10526	 2.10546	 
17.79	 0.381	 -0.678	 -0.99	 0.377384	 -0.670706	 -0.971452	 0.373938	 -0.663857	 -0.952703	 0.370536	 -0.65711	 -0.933909	 0.366973	 -0.649942	 -0.915302	 0.363332	 -0.642579	 -0.896786	 2.11286	 2.11278	 2.11287	 2.11266	 2.11286	 
17.8	 0.381	 -0.678	 -0.99	 0.377603	 -0.670676	 -0.971372	 0.374062	 -0.663824	 -0.952592	 0.37049	 -0.657079	 -0.933779	 0.367056	 -0.649886	 -0.915109	 0.363681	 -0.642484	 -0.896507	 2.11985	 2.11976	 2.11985	 2.11964	 2.11986	 
17.81	 0.381	 -0.678	 -0.99	 0.377789	 -0.670751	 -0.971264	 0.374177	 -0.663822	 -0.952482	 0.370475	 -0.656966	 -0.933689	 0.367155	 -0.649804	 -0.914941	 0.364009	 -0.642499	 -0.896216	 2.12619	 2.12608	 2.12616	 2.12595	 2.12617	 
17.82	 0.381	 -0.678	 -0.99	 0.377891	 -0.670893	 -0.971156	 0.374273	 -0.663837	 -0.952384	 0.370541	 -0.656797	 -0.933629	 0.367292	 -0.649709	 -0.914803	 0.364268	 -0.642594	 -0.895949	 2.13141	 2.13129	 2.13135	 2.13112	 2.13133	 
17.83	 0.381	 -0.678	 -0.99	 0.377888	 -0.671047	 -0.971073	 0.374347	 -0.663861	 -0.952311	 0.37071	 -0.656626	 -0.933585	 0.367481	 -0.649617	 -0.914701	 0.364445	 -0.642708	 -0.895747	 2.13502	 2.13489	 2.13492	 2.13469	 2.13489	 
17.84	 0.381	 -0.678	 -0.99	 0.377797	 -0.671161	 -0.971035	 0.374403	 -0.663883	 -0.952269	 0.370967	 -0.656509	 -0.933548	 0.367719	 -0.649551	 -0.914637	 0.36456	 -0.642784	 -0.895641	 2.13668	 2.13653	 2.13656	 2.1363	 2.13649	 
17.85	 0.381	 -0.678	 -0.99	 0.377673	 -0.671189	 -0.971049	 0.374461	 -0.663894	 -0.952261	 0.371273	 -0.656487	 -0.933512	 0.367981	 -0.649536	 -0.914609	 0.364643	 -0.6428	 -0.895635	 2.13628	 2.13614	 2.13617	 2.13589	 2.13607	 
17.86	 0.381	 -0.678	 -0.99	 0.377577	 -0.671118	 -0.971108	 0.374532	 -0.663884	 -0.952284	 0.371566	 -0.656568	 -0.933479	 0.368237	 -0.649582	 -0.914611	 0.364749	 -0.642754	 -0.895713	 2.13403	 2.13391	 2.13394	 2.13366	 2.13384	 
17.87	 0.381	 -0.678	 -0.99	 0.377551	 -0.670974	 -0.971192	 0.37461	 -0.66386	 -0.952332	 0.371783	 -0.656724	 -0.933462	 0.368471	 -0.649671	 -0.914643	 0.364935	 -0.642663	 -0.895846	 2.13034	 2.13023	 2.13029	 2.13	 2.13018	 
17.88	 0.381	 -0.678	 -0.99	 0.377626	 -0.670814	 -0.971273	 0.374709	 -0.663837	 -0.952391	 0.371899	 -0.656905	 -0.933476	 0.368659	 -0.649774	 -0.914706	 0.365217	 -0.642556	 -0.896005	 2.12564	 2.12554	 2.12561	 2.12533	 2.12551	 
17.89	 0.381	 -0.678	 -0.99	 0.377808	 -0.670699	 -0.971324	 0.37484	 -0.663826	 -0.952451	 0.371925	 -0.657049	 -0.933534	 0.368798	 -0.649863	 -0.914804	 0.365567	 -0.64249	 -0.896164	 2.12021	 2.12012	 2.1202	 2.11994	 2.12012	 
17.9	 0.381	 -0.678	 -0.99	 0.378039	 -0.670676	 -0.971339	 0.374982	 -0.663839	 -0.952509	 0.371903	 -0.657113	 -0.933643	 0.368911	 -0.649922	 -0.914936	 0.365958	 -0.642516	 -0.896306	 2.11416	 2.11405	 2.11414	 2.11389	 2.11408	 
17.91	 0.381	 -0.678	 -0.99	 0.378243	 -0.670762	 -0.971322	 0.375109	 -0.663881	 -0.95257	 0.371892	 -0.657085	 -0.9338	 0.369034	 -0.64995	 -0.915099	 0.366339	 -0.642654	 -0.896435	 2.10736	 2.10724	 2.10732	 2.10707	 2.10727	 
17.92	 0.381	 -0.678	 -0.99	 0.378367	 -0.670934	 -0.971294	 0.375219	 -0.663951	 -0.952637	 0.371958	 -0.65699	 -0.93399	 0.369188	 -0.649954	 -0.915295	 0.366644	 -0.642876	 -0.896582	 2.09957	 2.09944	 2.09951	 2.09925	 2.09945	 
17.93	 0.381	 -0.678	 -0.99	 0.378376	 -0.671133	 -0.971282	 0.375308	 -0.664033	 -0.95272	 0.372137	 -0.656883	 -0.934194	 0.369389	 -0.649954	 -0.91552	 0.366841	 -0.643122	 -0.896779	 2.09058	 2.09043	 2.09049	 2.09022	 2.09041	 
17.94	 0.381	 -0.678	 -0.99	 0.378279	 -0.671281	 -0.971315	 0.375371	 -0.664108	 -0.95283	 0.372417	 -0.65683	 -0.934392	 0.369638	 -0.64998	 -0.915766	 0.366947	 -0.643329	 -0.897054	 2.08021	 2.08006	 2.08011	 2.07983	 2.08001	 
17.95	 0.381	 -0.678	 -0.99	 0.378132	 -0.671321	 -0.971406	 0.375421	 -0.664159	 -0.95297	 0.372741	 -0.656885	 -0.934573	 0.369908	 -0.650063	 -0.916028	 0.36701	 -0.643457	 -0.897414	 2.06844	 2.06829	 2.06835	 2.06805	 2.06823	 
17.96	 0.381	 -0.678	 -0.99	 0.378019	 -0.671239	 -0.971546	 0.375476	 -0.664186	 -0.953138	 0.373027	 -0.657064	 -0.934742	 0.370159	 -0.650218	 -0.916305	 0.3671	 -0.643505	 -0.897849	 2.05529	 2.05517	 2.05522	 2.05492	 2.0551	 
17.97	 0.381	 -0.678	 -0.99	 0.378016	 -0.671083	 -0.971708	 0.37555	 -0.664204	 -0.953325	 0.373202	 -0.657331	 -0.934924	 0.370358	 -0.650422	 -0.916609	 0.367282	 -0.643501	 -0.898334	 2.04087	 2.04075	 2.04082	 2.04051	 2.04069	 
17.98	 0.381	 -0.678	 -0.99	 0.378152	 -0.670938	 -0.971853	 0.375655	 -0.66423	 -0.953522	 0.373238	 -0.6576	 -0.935151	 0.370488	 -0.650632	 -0.916955	 0.367579	 -0.643511	 -0.898842	 2.02521	 2.0251	 2.02517	 2.02486	 2.02504	 
17.99	 0.381	 -0.678	 -0.99	 0.378395	 -0.670891	 -0.971955	 0.375784	 -0.664279	 -0.953724	 0.373174	 -0.65778	 -0.935451	 0.370565	 -0.650807	 -0.917356	 0.36795	 -0.643612	 -0.899348	 2.00835	 2.00822	 2.0083	 2.00799	 2.00817	 
18	 0.381	 -0.678	 -0.99	 0.378641	 -0.670991	 -0.97201	 0.375915	 -0.664363	 -0.953929	 0.373102	 -0.657823	 -0.935829	 0.370631	 -0.650924	 -0.917815	 0.368318	 -0.643852	 -0.899846	 1.99031	 1.99017	 1.99024	 1.98993	 1.99012	 
18.01	 0.381	 -0.678	 -0.99	 0.378772	 -0.671218	 -0.972043	 0.376013	 -0.664481	 -0.954143	 0.373129	 -0.657758	 -0.936257	 0.370742	 -0.650995	 -0.918316	 0.368592	 -0.644206	 -0.900353	 1.97117	 1.97102	 1.97108	 1.97078	 1.97098	 
18.02	 0.381	 -0.678	 -0.99	 0.378726	 -0.671468	 -0.972097	 0.376066	 -0.664611	 -0.954371	 0.373316	 -0.657684	 -0.936686	 0.37093	 -0.651064	 -0.918833	 0.368719	 -0.644588	 -0.900904	 1.95107	 1.95092	 1.95099	 1.95069	 1.95089	 
18.03	 0.381	 -0.678	 -0.99	 0.378544	 -0.671612	 -0.972216	 0.37609	 -0.664723	 -0.954622	 0.373633	 -0.657718	 -0.937073	 0.371174	 -0.651187	 -0.919344	 0.368719	 -0.644883	 -0.901532	 1.93019	 1.93005	 1.93014	 1.92983	 1.93003	 
18.04	 0.381	 -0.678	 -0.99	 0.378359	 -0.671574	 -0.972409	 0.376111	 -0.664793	 -0.954897	 0.373952	 -0.657928	 -0.937406	 0.371416	 -0.651396	 -0.91984	 0.368705	 -0.645027	 -0.90224	 1.90872	 1.90859	 1.90869	 1.90838	 1.90858	 
18.05	 0.381	 -0.678	 -0.99	 0.378318	 -0.671394	 -0.972638	 0.37616	 -0.66483	 -0.955187	 0.374124	 -0.658273	 -0.937719	 0.371587	 -0.651673	 -0.920335	 0.368811	 -0.64506	 -0.902991	 1.88675	 1.88664	 1.88674	 1.88643	 1.88662	 
18.06	 0.381	 -0.678	 -0.99	 0.378488	 -0.671227	 -0.972837	 0.376252	 -0.664872	 -0.955478	 0.374083	 -0.658612	 -0.938074	 0.371653	 -0.651957	 -0.920856	 0.369093	 -0.645116	 -0.903728	 1.86429	 1.86416	 1.86426	 1.86395	 1.86415	 
18.07	 0.381	 -0.678	 -0.99	 0.378782	 -0.67124	 -0.972956	 0.376371	 -0.66496	 -0.955756	 0.373919	 -0.658793	 -0.93852	 0.371651	 -0.652175	 -0.921429	 0.369465	 -0.645338	 -0.904412	 1.84119	 1.84105	 1.84115	 1.84083	 1.84103	 
18.08	 0.381	 -0.678	 -0.99	 0.378994	 -0.671477	 -0.973007	 0.37647	 -0.665107	 -0.956026	 0.373827	 -0.658775	 -0.939047	 0.371673	 -0.652303	 -0.922056	 0.369754	 -0.645758	 -0.905062	 1.81729	 1.81715	 1.81724	 1.81691	 1.81712	 
18.09	 0.381	 -0.678	 -0.99	 0.378955	 -0.671796	 -0.973067	 0.376508	 -0.665277	 -0.956307	 0.373964	 -0.658688	 -0.939589	 0.3718	 -0.652397	 -0.922706	 0.369825	 -0.646247	 -0.905747	 1.79249	 1.79235	 1.79244	 1.7921	 1.7923	 
18.1	 0.381	 -0.678	 -0.99	 0.378704	 -0.671959	 -0.973221	 0.376491	 -0.665414	 -0.956622	 0.374296	 -0.65875	 -0.940067	 0.372021	 -0.652561	 -0.923342	 0.369714	 -0.646603	 -0.906536	 1.76683	 1.76668	 1.76677	 1.76643	 1.76663	 
18.11	 0.381	 -0.678	 -0.99	 0.378492	 -0.671848	 -0.973479	 0.376482	 -0.665486	 -0.95697	 0.374589	 -0.65907	 -0.940468	 0.372224	 -0.65285	 -0.923954	 0.36963	 -0.646732	 -0.907435	 1.74043	 1.74029	 1.74039	 1.74005	 1.74025	 
18.12	 0.381	 -0.678	 -0.99	 0.378564	 -0.671611	 -0.97375	 0.37654	 -0.665527	 -0.957328	 0.374611	 -0.659511	 -0.940869	 0.372291	 -0.653204	 -0.924572	 0.369777	 -0.64676	 -0.908356	 1.71357	 1.71343	 1.71354	 1.71321	 1.71342	 
18.13	 0.381	 -0.678	 -0.99	 0.378891	 -0.671555	 -0.973919	 0.376655	 -0.665609	 -0.957665	 0.374388	 -0.659781	 -0.941372	 0.372234	 -0.653481	 -0.925242	 0.370131	 -0.646947	 -0.909197	 1.6865	 1.68636	 1.68648	 1.68616	 1.68637	 
18.14	 0.381	 -0.678	 -0.99	 0.37914	 -0.671823	 -0.973976	 0.376749	 -0.665769	 -0.957976	 0.374228	 -0.659747	 -0.941984	 0.372201	 -0.653608	 -0.925968	 0.370417	 -0.647407	 -0.909945	 1.65939	 1.65925	 1.65937	 1.65905	 1.65926	 
18.15	 0.381	 -0.678	 -0.99	 0.379025	 -0.672181	 -0.974047	 0.37675	 -0.665952	 -0.958291	 0.374398	 -0.659627	 -0.942583	 0.372325	 -0.653689	 -0.926688	 0.370395	 -0.64794	 -0.910705	 1.63232	 1.63218	 1.63231	 1.63198	 1.6322	 
18.16	 0.381	 -0.678	 -0.99	 0.378686	 -0.672247	 -0.974259	 0.37669	 -0.666067	 -0.958638	 0.374768	 -0.659785	 -0.943048	 0.372546	 -0.653905	 -0.927343	 0.37018	 -0.648227	 -0.911584	 1.60529	 1.60516	 1.60529	 1.60497	 1.60518	 
18.17	 0.381	 -0.678	 -0.99	 0.378584	 -0.671985	 -0.974565	 0.376683	 -0.666105	 -0.959008	 0.374907	 -0.660255	 -0.943424	 0.37265	 -0.654279	 -0.927953	 0.37015	 -0.648246	 -0.912539	 1.57829	 1.57816	 1.57829	 1.57796	 1.57819	 
18.18	 0.381	 -0.678	 -0.99	 0.378897	 -0.671829	 -0.974774	 0.376774	 -0.666168	 -0.959355	 0.374651	 -0.660632	 -0.94389	 0.372548	 -0.654614	 -0.928605	 0.370451	 -0.648358	 -0.913414	 1.5513	 1.55116	 1.55128	 1.55096	 1.55119	 
18.19	 0.381	 -0.678	 -0.99	 0.379196	 -0.672107	 -0.974818	 0.376863	 -0.666338	 -0.959661	 0.374402	 -0.660603	 -0.944511	 0.37244	 -0.654749	 -0.929335	 0.370728	 -0.648832	 -0.914153	 1.5243	 1.52416	 1.5243	 1.52396	 1.52419	 
18.2	 0.381	 -0.678	 -0.99	 0.379019	 -0.6725	 -0.974883	 0.376831	 -0.666538	 -0.959972	 0.374591	 -0.660464	 -0.945113	 0.372546	 -0.654824	 -0.930058	 0.370603	 -0.649399	 -0.91491	 1.49734	 1.49721	 1.49735	 1.49701	 1.49724	 
18.21	 0.381	 -0.678	 -0.99	 0.37864	 -0.672458	 -0.975143	 0.376743	 -0.666628	 -0.960331	 0.37496	 -0.660726	 -0.945533	 0.372742	 -0.655093	 -0.93069	 0.370309	 -0.649602	 -0.915827	 1.47049	 1.47036	 1.4705	 1.47017	 1.4704	 
18.22	 0.381	 -0.678	 -0.99	 0.378713	 -0.672127	 -0.97545	 0.37676	 -0.666643	 -0.960702	 0.374893	 -0.661253	 -0.945908	 0.372719	 -0.655497	 -0.931296	 0.370385	 -0.649562	 -0.91678	 1.44385	 1.4437	 1.44383	 1.44352	 1.44376	 
18.23	 0.381	 -0.678	 -0.99	 0.379132	 -0.672197	 -0.975551	 0.376863	 -0.666753	 -0.96102	 0.3745	 -0.661402	 -0.946469	 0.372523	 -0.655713	 -0.931992	 0.370737	 -0.64985	 -0.917556	 1.41746	 1.41732	 1.41747	 1.41715	 1.4174	 
18.24	 0.381	 -0.678	 -0.99	 0.379115	 -0.672661	 -0.975559	 0.376862	 -0.666965	 -0.961309	 0.37452	 -0.661185	 -0.947106	 0.372529	 -0.655739	 -0.932721	 0.370718	 -0.65046	 -0.918249	 1.39142	 1.39131	 1.39147	 1.39113	 1.39137	 
18.25	 0.381	 -0.678	 -0.99	 0.378675	 -0.672722	 -0.975782	 0.376754	 -0.667081	 -0.961645	 0.374934	 -0.661349	 -0.947529	 0.372735	 -0.655955	 -0.933337	 0.370347	 -0.65074	 -0.919107	 1.36581	 1.36568	 1.36583	 1.3655	 1.36576	 
18.26	 0.381	 -0.678	 -0.99	 0.37871	 -0.672351	 -0.9761	 0.376757	 -0.667087	 -0.962001	 0.37489	 -0.661917	 -0.947854	 0.372708	 -0.656383	 -0.933893	 0.37036	 -0.65067	 -0.92003	 1.34062	 1.34047	 1.34062	 1.34031	 1.34058	 
18.27	 0.381	 -0.678	 -0.99	 0.379158	 -0.672455	 -0.976169	 0.376858	 -0.667206	 -0.962291	 0.374446	 -0.662035	 -0.948403	 0.372466	 -0.656585	 -0.934554	 0.370704	 -0.65099	 -0.920733	 1.31593	 1.3158	 1.31597	 1.31564	 1.3159	 
18.28	 0.381	 -0.678	 -0.99	 0.379015	 -0.672941	 -0.976173	 0.376813	 -0.667422	 -0.962556	 0.374556	 -0.661792	 -0.948993	 0.3725	 -0.656592	 -0.93523	 0.370553	 -0.651611	 -0.921368	 1.29196	 1.29185	 1.29203	 1.2917	 1.29196	 
18.29	 0.381	 -0.678	 -0.99	 0.378581	 -0.67281	 -0.976454	 0.376692	 -0.667482	 -0.962878	 0.374933	 -0.662118	 -0.949298	 0.372676	 -0.656881	 -0.935743	 0.370163	 -0.651714	 -0.922205	 1.26906	 1.26893	 1.26911	 1.26881	 1.2691	 
18.3	 0.381	 -0.678	 -0.99	 0.378881	 -0.672484	 -0.976687	 0.376748	 -0.667481	 -0.963176	 0.374614	 -0.662606	 -0.949617	 0.372491	 -0.657248	 -0.936241	 0.37037	 -0.651644	 -0.922965	 1.24761	 1.24749	 1.24768	 1.2474	 1.24769	 
18.31	 0.381	 -0.678	 -0.99	 0.379156	 -0.672887	 -0.976626	 0.376795	 -0.667651	 -0.963381	 0.374305	 -0.662387	 -0.95017	 0.3723	 -0.65724	 -0.936833	 0.370549	 -0.65215	 -0.923437	 1.22801	 1.22792	 1.22813	 1.22785	 1.22814	 
18.32	 0.381	 -0.678	 -0.99	 0.378666	 -0.673103	 -0.976745	 0.376647	 -0.667771	 -0.963607	 0.374707	 -0.662329	 -0.950501	 0.372474	 -0.657296	 -0.937281	 0.370096	 -0.652478	 -0.924003	 1.21059	 1.21051	 1.21073	 1.21047	 1.21076	 
18.33	 0.381	 -0.678	 -0.99	 0.378654	 -0.672658	 -0.97703	 0.376619	 -0.667717	 -0.96385	 0.374664	 -0.662877	 -0.950619	 0.372419	 -0.657659	 -0.937581	 0.370022	 -0.652249	 -0.924647	 1.19543	 1.19531	 1.19553	 1.1953	 1.19561	 
18.34	 0.381	 -0.678	 -0.99	 0.379119	 -0.672831	 -0.976978	 0.37671	 -0.66781	 -0.963986	 0.374168	 -0.662829	 -0.951002	 0.372117	 -0.657708	 -0.937988	 0.37032	 -0.652511	 -0.924964	 1.18229	 1.18221	 1.18243	 1.18218	 1.18246	 
18.35	 0.381	 -0.678	 -0.99	 0.378747	 -0.673233	 -0.976965	 0.376583	 -0.667956	 -0.964113	 0.374436	 -0.662552	 -0.95131	 0.372202	 -0.657625	 -0.938333	 0.369927	 -0.652946	 -0.925268	 1.17088	 1.17079	 1.17101	 1.17074	 1.17104	 
18.36	 0.381	 -0.678	 -0.99	 0.378517	 -0.672819	 -0.97724	 0.376481	 -0.667896	 -0.9643	 0.374557	 -0.663036	 -0.951319	 0.372213	 -0.657933	 -0.938502	 0.369648	 -0.652711	 -0.925774	 1.16071	 1.16059	 1.16078	 1.16053	 1.16084	 
18.37	 0.381	 -0.678	 -0.99	 0.379014	 -0.672825	 -0.977218	 0.376563	 -0.667938	 -0.964404	 0.373997	 -0.663125	 -0.951584	 0.371863	 -0.658041	 -0.938791	 0.369954	 -0.652815	 -0.926017	 1.15129	 1.15118	 1.15136	 1.15107	 1.15136	 
18.38	 0.381	 -0.678	 -0.99	 0.378746	 -0.673302	 -0.977143	 0.376453	 -0.668098	 -0.96449	 0.374149	 -0.662766	 -0.951891	 0.371879	 -0.657907	 -0.939099	 0.369635	 -0.653296	 -0.926209	 1.14226	 1.14216	 1.14233	 1.14203	 1.14231	 
18.39	 0.381	 -0.678	 -0.99	 0.378414	 -0.672934	 -0.97741	 0.376322	 -0.668041	 -0.964662	 0.374356	 -0.66319	 -0.951876	 0.371931	 -0.658176	 -0.939235	 0.369265	 -0.653083	 -0.926672	 1.13354	 1.1334	 1.13355	 1.13327	 1.13356	 
18.4	 0.381	 -0.678	 -0.99	 0.378914	 -0.672858	 -0.977408	 0.376405	 -0.668053	 -0.964761	 0.373792	 -0.663335	 -0.952102	 0.371576	 -0.658302	 -0.93949	 0.369567	 -0.6531	 -0.92691	 1.12517	 1.12505	 1.12522	 1.12493	 1.12522	 
18.41	 0.381	 -0.678	 -0.99	 0.378693	 -0.673354	 -0.977309	 0.376311	 -0.668208	 -0.964827	 0.373908	 -0.662937	 -0.952399	 0.371572	 -0.65813	 -0.939775	 0.369276	 -0.653566	 -0.927051	 1.1176	 1.1175	 1.11768	 1.11739	 1.11767	 
18.42	 0.381	 -0.678	 -0.99	 0.37834	 -0.672987	 -0.977564	 0.376172	 -0.668136	 -0.96497	 0.37413	 -0.663324	 -0.952339	 0.371626	 -0.658358	 -0.939853	 0.368878	 -0.653316	 -0.927446	 1.1114	 1.11128	 1.11148	 1.11124	 1.11155	 
18.43	 0.381	 -0.678	 -0.99	 0.378837	 -0.672899	 -0.977534	 0.376242	 -0.668123	 -0.965023	 0.373542	 -0.663432	 -0.952499	 0.371247	 -0.658436	 -0.940015	 0.369162	 -0.653279	 -0.927557	 1.10716	 1.10708	 1.10729	 1.10706	 1.10738	 
18.44	 0.381	 -0.678	 -0.99	 0.378583	 -0.673376	 -0.977408	 0.376125	 -0.66825	 -0.96502	 0.373657	 -0.663	 -0.952685	 0.371228	 -0.658216	 -0.940155	 0.368823	 -0.653679	 -0.927527	 1.1054	 1.10535	 1.10559	 1.10537	 1.10568	 
18.45	 0.381	 -0.678	 -0.99	 0.378257	 -0.672975	 -0.977623	 0.375986	 -0.668149	 -0.965073	 0.373835	 -0.663371	 -0.952482	 0.371242	 -0.658406	 -0.940049	 0.368415	 -0.653348	 -0.927702	 1.10639	 1.1063	 1.10654	 1.10637	 1.1067	 
18.46	 0.381	 -0.678	 -0.99	 0.37875	 -0.672914	 -0.977523	 0.376048	 -0.668122	 -0.965021	 0.373232	 -0.663406	 -0.952512	 0.370837	 -0.658416	 -0.940024	 0.368661	 -0.65328	 -0.927552	 1.10992	 1.10986	 1.1101	 1.10991	 1.11023	 
18.47	 0.381	 -0.678	 -0.99	 0.378458	 -0.673361	 -0.977365	 0.375909	 -0.668222	 -0.964928	 0.373354	 -0.662957	 -0.952543	 0.370803	 -0.65816	 -0.939969	 0.368261	 -0.653608	 -0.927301	 1.11558	 1.11552	 1.11575	 1.11554	 1.11586	 
18.48	 0.381	 -0.678	 -0.99	 0.37815	 -0.672945	 -0.977541	 0.375759	 -0.6681	 -0.964904	 0.373485	 -0.663307	 -0.952224	 0.370779	 -0.658314	 -0.939709	 0.367847	 -0.653222	 -0.927282	 1.12272	 1.12262	 1.12282	 1.12262	 1.12295	 
18.49	 0.381	 -0.678	 -0.99	 0.378626	 -0.672881	 -0.97741	 0.375806	 -0.668057	 -0.964796	 0.372877	 -0.663311	 -0.952177	 0.370364	 -0.658286	 -0.939577	 0.368066	 -0.653113	 -0.926994	 1.13067	 1.13058	 1.13076	 1.13053	 1.13084	 
18.5	 0.381	 -0.678	 -0.99	 0.378351	 -0.673316	 -0.977236	 0.375665	 -0.668137	 -0.964674	 0.372968	 -0.662835	 -0.952164	 0.370308	 -0.657995	 -0.939462	 0.367673	 -0.653395	 -0.926664	 1.13908	 1.13899	 1.13916	 1.13891	 1.1392	 
18.51	 0.381	 -0.678	 -0.99	 0.378013	 -0.672926	 -0.977398	 0.375508	 -0.668007	 -0.964631	 0.373127	 -0.663124	 -0.951826	 0.370296	 -0.658094	 -0.939172	 0.367228	 -0.652994	 -0.926599	 1.1479	 1.14778	 1.14794	 1.14771	 1.14802	 
18.52	 0.381	 -0.678	 -0.99	 0.378472	 -0.672786	 -0.977286	 0.375555	 -0.667932	 -0.964514	 0.372543	 -0.663168	 -0.951729	 0.369893	 -0.658065	 -0.938996	 0.367428	 -0.652786	 -0.926296	 1.15735	 1.15725	 1.15743	 1.1572	 1.1575	 
18.53	 0.381	 -0.678	 -0.99	 0.378299	 -0.673229	 -0.977073	 0.375442	 -0.667998	 -0.964361	 0.372542	 -0.662652	 -0.951705	 0.369787	 -0.657734	 -0.938846	 0.367112	 -0.65304	 -0.925885	 1.16785	 1.16777	 1.16796	 1.16773	 1.16804	 
18.54	 0.381	 -0.678	 -0.99	 0.37787	 -0.672934	 -0.977198	 0.375256	 -0.667876	 -0.964278	 0.372771	 -0.662817	 -0.951332	 0.369804	 -0.657749	 -0.938492	 0.366587	 -0.652683	 -0.92571	 1.17976	 1.17967	 1.17986	 1.17967	 1.17999	 
18.55	 0.381	 -0.678	 -0.99	 0.378253	 -0.672647	 -0.977129	 0.375273	 -0.667749	 -0.964129	 0.372239	 -0.662968	 -0.951098	 0.369422	 -0.657757	 -0.938184	 0.366717	 -0.652324	 -0.925336	 1.19323	 1.19315	 1.19335	 1.19317	 1.19349	 
18.56	 0.381	 -0.678	 -0.99	 0.378279	 -0.673063	 -0.976851	 0.375205	 -0.667796	 -0.963909	 0.37204	 -0.662449	 -0.951021	 0.369206	 -0.657409	 -0.937935	 0.366548	 -0.652526	 -0.924751	 1.20826	 1.2082	 1.2084	 1.20821	 1.20852	 
18.57	 0.381	 -0.678	 -0.99	 0.377767	 -0.67298	 -0.97688	 0.374996	 -0.667713	 -0.963751	 0.37234	 -0.662382	 -0.950623	 0.369249	 -0.657282	 -0.937499	 0.365937	 -0.652307	 -0.92438	 1.22474	 1.22467	 1.22486	 1.22469	 1.225	 
18.58	 0.381	 -0.678	 -0.99	 0.377934	 -0.672528	 -0.976892	 0.374954	 -0.66753	 -0.963576	 0.371997	 -0.662651	 -0.95021	 0.36896	 -0.657327	 -0.937035	 0.365877	 -0.651776	 -0.923962	 1.24248	 1.2424	 1.24259	 1.24242	 1.24273	 
18.59	 0.381	 -0.678	 -0.99	 0.378228	 -0.672755	 -0.976599	 0.374946	 -0.667515	 -0.963311	 0.371537	 -0.662279	 -0.950053	 0.368603	 -0.657039	 -0.936685	 0.365915	 -0.651793	 -0.923266	 1.26131	 1.26125	 1.26143	 1.26124	 1.26155	 
18.6	 0.381	 -0.678	 -0.99	 0.377811	 -0.672991	 -0.976458	 0.374761	 -0.667504	 -0.963072	 0.37174	 -0.661897	 -0.949727	 0.368586	 -0.656738	 -0.936234	 0.36537	 -0.651811	 -0.922667	 1.28115	 1.28108	 1.28125	 1.28107	 1.28137	 
18.61	 0.381	 -0.678	 -0.99	 0.377578	 -0.672579	 -0.976525	 0.374615	 -0.667329	 -0.962875	 0.371765	 -0.662119	 -0.949185	 0.368483	 -0.656749	 -0.935656	 0.364978	 -0.6513	 -0.922211	 1.30183	 1.30175	 1.30192	 1.30175	 1.30205	 
18.62	 0.381	 -0.678	 -0.99	 0.377944	 -0.672388	 -0.97636	 0.374617	 -0.667205	 -0.962614	 0.371224	 -0.662131	 -0.948843	 0.368087	 -0.656655	 -0.935166	 0.365077	 -0.650971	 -0.921544	 1.32322	 1.32315	 1.32332	 1.32313	 1.32343	 
18.63	 0.381	 -0.678	 -0.99	 0.377969	 -0.672738	 -0.976058	 0.374538	 -0.667215	 -0.962311	 0.371009	 -0.661631	 -0.948613	 0.367856	 -0.656294	 -0.934728	 0.364898	 -0.651079	 -0.920751	 1.34515	 1.34508	 1.34524	 1.34505	 1.34534	 
18.64	 0.381	 -0.678	 -0.99	 0.377508	 -0.67277	 -0.975993	 0.374342	 -0.667146	 -0.962061	 0.371256	 -0.661425	 -0.948151	 0.367866	 -0.656074	 -0.934165	 0.364323	 -0.650915	 -0.920143	 1.3675	 1.36741	 1.36757	 1.36738	 1.36767	 
18.65	 0.381	 -0.678	 -0.99	 0.377429	 -0.672337	 -0.976017	 0.374241	 -0.666957	 -0.961831	 0.371149	 -0.661645	 -0.947598	 0.3677	 -0.656068	 -0.93355	 0.364067	 -0.65036	 -0.9196	 1.3902	 1.39011	 1.39026	 1.39008	 1.39036	 
18.66	 0.381	 -0.678	 -0.99	 0.377781	 -0.67222	 -0.975811	 0.374248	 -0.666838	 -0.961541	 0.370641	 -0.661559	 -0.94725	 0.36733	 -0.655905	 -0.933032	 0.364166	 -0.650059	 -0.918857	 1.41334	 1.41326	 1.41341	 1.41323	 1.41352	 
18.67	 0.381	 -0.678	 -0.99	 0.377792	 -0.672533	 -0.975514	 0.374174	 -0.666825	 -0.96122	 0.370455	 -0.661063	 -0.946971	 0.367121	 -0.655529	 -0.93254	 0.363986	 -0.650106	 -0.918021	 1.43712	 1.43705	 1.43721	 1.43704	 1.43733	 
18.68	 0.381	 -0.678	 -0.99	 0.37738	 -0.672594	 -0.975411	 0.373998	 -0.666751	 -0.960934	 0.370673	 -0.6608	 -0.946486	 0.367121	 -0.655263	 -0.93193	 0.36346	 -0.649938	 -0.91732	 1.46178	 1.46171	 1.46188	 1.46172	 1.46201	 
18.69	 0.381	 -0.678	 -0.99	 0.377208	 -0.67222	 -0.975412	 0.373882	 -0.666566	 -0.960662	 0.37067	 -0.660942	 -0.945874	 0.367015	 -0.655199	 -0.931237	 0.363138	 -0.649402	 -0.916677	 1.48746	 1.4874	 1.48756	 1.48742	 1.48772	 
18.7	 0.381	 -0.678	 -0.99	 0.377479	 -0.671964	 -0.975253	 0.373876	 -0.666406	 -0.96034	 0.370253	 -0.660964	 -0.945387	 0.366703	 -0.655072	 -0.930589	 0.363185	 -0.648955	 -0.915873	 1.51416	 1.51411	 1.51428	 1.51414	 1.51443	 
18.71	 0.381	 -0.678	 -0.99	 0.377677	 -0.672135	 -0.97494	 0.373854	 -0.666345	 -0.95997	 0.369908	 -0.660575	 -0.945023	 0.366425	 -0.654734	 -0.92999	 0.363175	 -0.648853	 -0.914918	 1.54173	 1.54167	 1.54183	 1.54168	 1.54197	 
18.72	 0.381	 -0.678	 -0.99	 0.37745	 -0.672366	 -0.974702	 0.373729	 -0.666297	 -0.959612	 0.369962	 -0.660125	 -0.944575	 0.36635	 -0.65436	 -0.92934	 0.362821	 -0.648798	 -0.914009	 1.56985	 1.56978	 1.56992	 1.56977	 1.57006	 
18.73	 0.381	 -0.678	 -0.99	 0.377092	 -0.672245	 -0.97463	 0.373573	 -0.666166	 -0.959291	 0.370145	 -0.660007	 -0.943962	 0.366344	 -0.654152	 -0.928603	 0.362364	 -0.648452	 -0.913229	 1.59818	 1.59811	 1.59825	 1.59809	 1.59837	 
18.74	 0.381	 -0.678	 -0.99	 0.377037	 -0.671881	 -0.974579	 0.373493	 -0.665977	 -0.958974	 0.37005	 -0.660122	 -0.943326	 0.366208	 -0.654062	 -0.927852	 0.362168	 -0.647906	 -0.912464	 1.6265	 1.62643	 1.62656	 1.6264	 1.62667	 
18.75	 0.381	 -0.678	 -0.99	 0.377286	 -0.671676	 -0.974394	 0.373492	 -0.665825	 -0.958625	 0.369679	 -0.660087	 -0.942817	 0.36594	 -0.6539	 -0.927164	 0.362234	 -0.647493	 -0.911589	 1.6547	 1.65463	 1.65476	 1.6546	 1.65486	 
18.76	 0.381	 -0.678	 -0.99	 0.377481	 -0.671792	 -0.9741	 0.373484	 -0.665749	 -0.95825	 0.369372	 -0.659745	 -0.942414	 0.365708	 -0.653585	 -0.926529	 0.362264	 -0.647343	 -0.910624	 1.68282	 1.68274	 1.68286	 1.6827	 1.68297	 
18.77	 0.381	 -0.678	 -0.99	 0.377372	 -0.67201	 -0.97384	 0.373408	 -0.665695	 -0.957884	 0.369361	 -0.659305	 -0.941978	 0.365628	 -0.653218	 -0.925879	 0.362052	 -0.647277	 -0.909687	 1.71088	 1.71079	 1.71091	 1.71075	 1.71102	 
18.78	 0.381	 -0.678	 -0.99	 0.377065	 -0.672029	 -0.973704	 0.373288	 -0.665596	 -0.957547	 0.369544	 -0.659053	 -0.941426	 0.36565	 -0.652944	 -0.925172	 0.361688	 -0.64705	 -0.908853	 1.73881	 1.73873	 1.73885	 1.73869	 1.73895	 
18.79	 0.381	 -0.678	 -0.99	 0.376855	 -0.671789	 -0.973646	 0.373194	 -0.665438	 -0.957232	 0.369647	 -0.659053	 -0.940805	 0.365642	 -0.652799	 -0.924433	 0.361417	 -0.646614	 -0.908089	 1.7664	 1.76632	 1.76643	 1.76626	 1.76652	 
18.8	 0.381	 -0.678	 -0.99	 0.37691	 -0.671481	 -0.973558	 0.37317	 -0.665268	 -0.956915	 0.369516	 -0.659126	 -0.940227	 0.365528	 -0.652696	 -0.923725	 0.361375	 -0.646129	 -0.907317	 1.79325	 1.79317	 1.79327	 1.79308	 1.79333	 
18.81	 0.381	 -0.678	 -0.99	 0.377143	 -0.671333	 -0.973374	 0.373198	 -0.66514	 -0.956588	 0.369232	 -0.659058	 -0.939764	 0.365346	 -0.652527	 -0.923093	 0.361495	 -0.645781	 -0.906497	 1.81893	 1.81885	 1.81893	 1.81872	 1.81897	 
18.82	 0.381	 -0.678	 -0.99	 0.377332	 -0.671411	 -0.973126	 0.373219	 -0.665066	 -0.956262	 0.369	 -0.658781	 -0.939401	 0.365199	 -0.652261	 -0.922531	 0.361599	 -0.645627	 -0.90566	 1.84315	 1.84304	 1.84311	 1.8429	 1.84314	 
18.83	 0.381	 -0.678	 -0.99	 0.37732	 -0.671595	 -0.972895	 0.373194	 -0.66502	 -0.955958	 0.368964	 -0.658407	 -0.939061	 0.365159	 -0.651953	 -0.922004	 0.36156	 -0.645572	 -0.904873	 1.86585	 1.86574	 1.86579	 1.86559	 1.86583	 
18.84	 0.381	 -0.678	 -0.99	 0.377123	 -0.671706	 -0.972744	 0.373131	 -0.66496	 -0.955686	 0.369116	 -0.658111	 -0.938675	 0.365218	 -0.651688	 -0.921473	 0.361379	 -0.645469	 -0.904181	 1.8873	 1.8872	 1.88726	 1.88706	 1.8873	 
18.85	 0.381	 -0.678	 -0.99	 0.376891	 -0.671637	 -0.972675	 0.373072	 -0.664864	 -0.95544	 0.369324	 -0.657997	 -0.938226	 0.365308	 -0.651517	 -0.920923	 0.361168	 -0.645225	 -0.90358	 1.90793	 1.90783	 1.90792	 1.90772	 1.90796	 
18.86	 0.381	 -0.678	 -0.99	 0.376777	 -0.671416	 -0.972639	 0.373048	 -0.664737	 -0.955202	 0.369437	 -0.658035	 -0.937749	 0.365361	 -0.651423	 -0.920365	 0.361066	 -0.644859	 -0.903014	 1.92813	 1.92806	 1.92816	 1.92798	 1.9282	 
18.87	 0.381	 -0.678	 -0.99	 0.376841	 -0.671165	 -0.972576	 0.373067	 -0.664604	 -0.95496	 0.369388	 -0.658106	 -0.937301	 0.365349	 -0.651347	 -0.91982	 0.361136	 -0.644469	 -0.902425	 1.94818	 1.94812	 1.94823	 1.94805	 1.94828	 
18.88	 0.381	 -0.678	 -0.99	 0.377037	 -0.671012	 -0.972447	 0.373122	 -0.664495	 -0.954703	 0.369225	 -0.658086	 -0.936915	 0.365289	 -0.65123	 -0.919305	 0.361327	 -0.644163	 -0.901782	 1.9681	 1.96804	 1.96814	 1.96797	 1.9682	 
18.89	 0.381	 -0.678	 -0.99	 0.377252	 -0.671016	 -0.972257	 0.37319	 -0.664424	 -0.954433	 0.36906	 -0.657923	 -0.936591	 0.365228	 -0.651048	 -0.918824	 0.361535	 -0.643996	 -0.901096	 1.98771	 1.98764	 1.98773	 1.98756	 1.98779	 
18.9	 0.381	 -0.678	 -0.99	 0.377366	 -0.67114	 -0.972048	 0.373237	 -0.664382	 -0.954165	 0.368997	 -0.657652	 -0.936298	 0.365224	 -0.650824	 -0.918364	 0.361673	 -0.643945	 -0.900403	 2.00674	 2.00664	 2.00672	 2.00654	 2.00678	 
18.91	 0.381	 -0.678	 -0.99	 0.377335	 -0.671292	 -0.971867	 0.373255	 -0.664352	 -0.953913	 0.36908	 -0.657362	 -0.935999	 0.365299	 -0.650597	 -0.917913	 0.361704	 -0.643931	 -0.899751	 2.02488	 2.02477	 2.02484	 2.02466	 2.02489	 
18.92	 0.381	 -0.678	 -0.99	 0.377198	 -0.671382	 -0.971741	 0.373259	 -0.664314	 -0.953682	 0.369284	 -0.657145	 -0.93567	 0.365433	 -0.650405	 -0.917469	 0.361648	 -0.643863	 -0.899179	 2.04191	 2.04179	 2.04186	 2.04166	 2.04188	 
18.93	 0.381	 -0.678	 -0.99	 0.377028	 -0.671354	 -0.971675	 0.373258	 -0.664255	 -0.953479	 0.369525	 -0.65705	 -0.935316	 0.365594	 -0.650273	 -0.917033	 0.361579	 -0.643697	 -0.898692	 2.05766	 2.05755	 2.05761	 2.0574	 2.05761	 
18.94	 0.381	 -0.678	 -0.99	 0.376907	 -0.67121	 -0.971652	 0.373262	 -0.66417	 -0.953303	 0.369717	 -0.65707	 -0.934958	 0.365747	 -0.650203	 -0.916614	 0.361581	 -0.643452	 -0.898268	 2.07207	 2.07197	 2.07203	 2.0718	 2.072	 
18.95	 0.381	 -0.678	 -0.99	 0.376899	 -0.671007	 -0.971636	 0.373296	 -0.664074	 -0.953145	 0.369811	 -0.657154	 -0.934627	 0.365861	 -0.650177	 -0.916226	 0.361691	 -0.643177	 -0.89788	 2.08514	 2.08504	 2.08511	 2.08486	 2.08506	 
18.96	 0.381	 -0.678	 -0.99	 0.37702	 -0.670825	 -0.971594	 0.373374	 -0.663991	 -0.952992	 0.369809	 -0.657233	 -0.934345	 0.365932	 -0.650154	 -0.915883	 0.361905	 -0.642928	 -0.897508	 2.09691	 2.09682	 2.09689	 2.09665	 2.09685	 
18.97	 0.381	 -0.678	 -0.99	 0.377219	 -0.670727	 -0.971515	 0.373478	 -0.663931	 -0.952841	 0.369748	 -0.657242	 -0.934127	 0.365984	 -0.6501	 -0.915589	 0.362199	 -0.642749	 -0.897136	 2.10752	 2.10743	 2.10749	 2.10726	 2.10747	 
18.98	 0.381	 -0.678	 -0.99	 0.377424	 -0.670734	 -0.971402	 0.373584	 -0.663894	 -0.952697	 0.369689	 -0.657151	 -0.933968	 0.366049	 -0.650001	 -0.915339	 0.362522	 -0.642661	 -0.896762	 2.1171	 2.11699	 2.11706	 2.11684	 2.11706	 
18.99	 0.381	 -0.678	 -0.99	 0.377575	 -0.67083	 -0.971275	 0.373685	 -0.663876	 -0.95256	 0.369693	 -0.656972	 -0.933847	 0.366147	 -0.649863	 -0.915123	 0.362804	 -0.642657	 -0.896397	 2.1258	 2.12568	 2.12575	 2.12554	 2.12576	 
19	 0.381	 -0.678	 -0.99	 0.377635	 -0.670973	 -0.971153	 0.373774	 -0.66387	 -0.952431	 0.369799	 -0.656755	 -0.933737	 0.366292	 -0.649712	 -0.914924	 0.363006	 -0.642697	 -0.896059	 2.13375	 2.13362	 2.13369	 2.13349	 2.1337	 
19.01	 0.381	 -0.678	 -0.99	 0.377592	 -0.671103	 -0.971062	 0.37384	 -0.663869	 -0.952316	 0.370004	 -0.656563	 -0.933614	 0.36649	 -0.649576	 -0.91473	 0.363132	 -0.642733	 -0.895763	 2.14099	 2.14086	 2.14093	 2.14073	 2.14094	 
19.02	 0.381	 -0.678	 -0.99	 0.377478	 -0.671169	 -0.971012	 0.373886	 -0.66386	 -0.952218	 0.370274	 -0.656443	 -0.933469	 0.366725	 -0.649478	 -0.914537	 0.363212	 -0.642721	 -0.895521	 2.14748	 2.14736	 2.14743	 2.14722	 2.14742	 
19.03	 0.381	 -0.678	 -0.99	 0.377352	 -0.671142	 -0.971006	 0.37393	 -0.663833	 -0.95214	 0.370556	 -0.65642	 -0.933305	 0.366968	 -0.649432	 -0.914349	 0.363285	 -0.642644	 -0.895337	 2.15308	 2.15297	 2.15303	 2.15281	 2.153	 
19.04	 0.381	 -0.678	 -0.99	 0.377268	 -0.671029	 -0.971032	 0.373983	 -0.663789	 -0.952082	 0.370799	 -0.656487	 -0.933138	 0.367196	 -0.649439	 -0.914175	 0.3634	 -0.642515	 -0.895203	 2.15759	 2.15749	 2.15755	 2.1573	 2.15749	 
19.05	 0.381	 -0.678	 -0.99	 0.377272	 -0.67087	 -0.971067	 0.374059	 -0.663743	 -0.952039	 0.370965	 -0.656616	 -0.932991	 0.367389	 -0.649488	 -0.914031	 0.363588	 -0.642361	 -0.895112	 2.16081	 2.16071	 2.16077	 2.16051	 2.16069	 
19.06	 0.381	 -0.678	 -0.99	 0.377379	 -0.670719	 -0.971091	 0.374166	 -0.66371	 -0.952007	 0.371046	 -0.65676	 -0.932885	 0.367541	 -0.64955	 -0.913929	 0.363855	 -0.642224	 -0.895051	 2.16259	 2.1625	 2.16256	 2.16229	 2.16248	 
19.07	 0.381	 -0.678	 -0.99	 0.377562	 -0.670621	 -0.971092	 0.374291	 -0.663693	 -0.951986	 0.371058	 -0.656864	 -0.932838	 0.367667	 -0.649602	 -0.913879	 0.364199	 -0.642145	 -0.895008	 2.16291	 2.16281	 2.16286	 2.1626	 2.16279	 
19.08	 0.381	 -0.678	 -0.99	 0.377775	 -0.670605	 -0.971069	 0.374421	 -0.663692	 -0.951981	 0.371042	 -0.656888	 -0.932856	 0.367788	 -0.649625	 -0.913882	 0.364584	 -0.642151	 -0.89498	 2.16177	 2.16166	 2.16172	 2.16145	 2.16164	 
19.09	 0.381	 -0.678	 -0.99	 0.377971	 -0.670682	 -0.971025	 0.374555	 -0.663714	 -0.951985	 0.371054	 -0.656828	 -0.932931	 0.367917	 -0.649611	 -0.913937	 0.364947	 -0.642237	 -0.894976	 2.15925	 2.15912	 2.15917	 2.15891	 2.1591	 
19.1	 0.381	 -0.678	 -0.99	 0.378095	 -0.670833	 -0.970976	 0.374675	 -0.66376	 -0.952003	 0.371135	 -0.656712	 -0.933043	 0.36808	 -0.649572	 -0.914035	 0.365251	 -0.642384	 -0.895008	 2.15537	 2.15523	 2.15528	 2.15501	 2.15521	 
19.11	 0.381	 -0.678	 -0.99	 0.378114	 -0.671004	 -0.970946	 0.374763	 -0.663816	 -0.952042	 0.371307	 -0.656584	 -0.933173	 0.368293	 -0.649534	 -0.914162	 0.365485	 -0.642565	 -0.895089	 2.15011	 2.14996	 2.15001	 2.14975	 2.14995	 
19.12	 0.381	 -0.678	 -0.99	 0.378042	 -0.671142	 -0.970955	 0.374834	 -0.663866	 -0.952108	 0.37157	 -0.656498	 -0.933306	 0.368548	 -0.649525	 -0.914315	 0.365643	 -0.642733	 -0.89524	 2.14337	 2.14322	 2.14326	 2.143	 2.14319	 
19.13	 0.381	 -0.678	 -0.99	 0.377925	 -0.671199	 -0.971012	 0.374901	 -0.663904	 -0.952202	 0.371888	 -0.656499	 -0.933432	 0.368828	 -0.649562	 -0.914494	 0.365751	 -0.642844	 -0.895479	 2.13499	 2.13485	 2.1349	 2.13461	 2.13479	 
19.14	 0.381	 -0.678	 -0.99	 0.377813	 -0.67116	 -0.971116	 0.374969	 -0.663929	 -0.952325	 0.372201	 -0.656608	 -0.933557	 0.369107	 -0.649658	 -0.914701	 0.365867	 -0.642884	 -0.895804	 2.12488	 2.12474	 2.12479	 2.12448	 2.12465	 
19.15	 0.381	 -0.678	 -0.99	 0.377771	 -0.671041	 -0.971251	 0.375051	 -0.663943	 -0.952475	 0.372445	 -0.656811	 -0.933695	 0.369356	 -0.649808	 -0.914942	 0.366043	 -0.64287	 -0.896202	 2.11302	 2.11289	 2.11294	 2.11262	 2.11279	 
19.16	 0.381	 -0.678	 -0.99	 0.377839	 -0.670891	 -0.971392	 0.375157	 -0.663958	 -0.952643	 0.372582	 -0.657059	 -0.933867	 0.369553	 -0.649991	 -0.915224	 0.36631	 -0.642852	 -0.896643	 2.09961	 2.09949	 2.09955	 2.09923	 2.09939	 
19.17	 0.381	 -0.678	 -0.99	 0.378018	 -0.67078	 -0.971509	 0.375286	 -0.663983	 -0.952821	 0.37261	 -0.657281	 -0.934091	 0.369696	 -0.650175	 -0.915547	 0.366667	 -0.642884	 -0.897094	 2.08499	 2.08488	 2.08495	 2.08464	 2.08481	 
19.18	 0.381	 -0.678	 -0.99	 0.378259	 -0.670769	 -0.971586	 0.375426	 -0.664034	 -0.952999	 0.372574	 -0.657413	 -0.934374	 0.369806	 -0.650321	 -0.915913	 0.367073	 -0.643009	 -0.897531	 2.0696	 2.06948	 2.06957	 2.06928	 2.06946	 
19.19	 0.381	 -0.678	 -0.99	 0.378481	 -0.670886	 -0.971621	 0.375561	 -0.664117	 -0.953172	 0.37255	 -0.657429	 -0.934708	 0.369915	 -0.650412	 -0.916311	 0.367455	 -0.643239	 -0.897948	 2.05379	 2.05367	 2.05376	 2.05348	 2.05368	 
19.2	 0.381	 -0.678	 -0.99	 0.378599	 -0.671099	 -0.971638	 0.375669	 -0.664225	 -0.953344	 0.372615	 -0.657358	 -0.935066	 0.37006	 -0.650463	 -0.916725	 0.36774	 -0.64355	 -0.898358	 2.03775	 2.03762	 2.03771	 2.03744	 2.03765	 
19.21	 0.381	 -0.678	 -0.99	 0.378568	 -0.671322	 -0.971675	 0.375737	 -0.664335	 -0.953524	 0.372811	 -0.657278	 -0.935415	 0.370263	 -0.650512	 -0.91714	 0.367897	 -0.643881	 -0.898791	 2.02142	 2.02128	 2.02137	 2.0211	 2.02131	 
19.22	 0.381	 -0.678	 -0.99	 0.378417	 -0.671461	 -0.971764	 0.375774	 -0.664428	 -0.953723	 0.373115	 -0.657282	 -0.935728	 0.370515	 -0.650605	 -0.917547	 0.367947	 -0.644149	 -0.899281	 2.00454	 2.00441	 2.00449	 2.00421	 2.00442	 
19.23	 0.381	 -0.678	 -0.99	 0.378246	 -0.671455	 -0.971917	 0.375808	 -0.664492	 -0.953946	 0.37344	 -0.657433	 -0.936003	 0.370772	 -0.65077	 -0.917953	 0.367965	 -0.644297	 -0.899853	 1.98678	 1.98665	 1.98673	 1.98643	 1.98663	 
19.24	 0.381	 -0.678	 -0.99	 0.37817	 -0.671317	 -0.972114	 0.375863	 -0.664531	 -0.954192	 0.373672	 -0.657718	 -0.936266	 0.370981	 -0.651002	 -0.918374	 0.368057	 -0.644338	 -0.900497	 1.96781	 1.96769	 1.96777	 1.96744	 1.96763	 
19.25	 0.381	 -0.678	 -0.99	 0.378262	 -0.671142	 -0.972311	 0.375949	 -0.664564	 -0.954457	 0.373733	 -0.658048	 -0.936567	 0.371111	 -0.651265	 -0.918834	 0.368294	 -0.64436	 -0.901177	 1.94745	 1.94732	 1.9474	 1.94706	 1.94725	 
19.26	 0.381	 -0.678	 -0.99	 0.378505	 -0.671062	 -0.972461	 0.376066	 -0.664623	 -0.954727	 0.373643	 -0.658299	 -0.936948	 0.371164	 -0.651502	 -0.919355	 0.368653	 -0.644482	 -0.901853	 1.92567	 1.92554	 1.9256	 1.92527	 1.92546	 
19.27	 0.381	 -0.678	 -0.99	 0.378776	 -0.67117	 -0.972546	 0.376192	 -0.664731	 -0.954996	 0.373524	 -0.658385	 -0.937423	 0.371195	 -0.65167	 -0.919941	 0.369024	 -0.644776	 -0.902508	 1.90263	 1.90247	 1.90254	 1.90221	 1.90241	 
19.28	 0.381	 -0.678	 -0.99	 0.378911	 -0.671439	 -0.972597	 0.376285	 -0.664882	 -0.955267	 0.373531	 -0.65833	 -0.937954	 0.37128	 -0.651775	 -0.920572	 0.369272	 -0.645215	 -0.903161	 1.87857	 1.87841	 1.87849	 1.87816	 1.87836	 
19.29	 0.381	 -0.678	 -0.99	 0.378818	 -0.671717	 -0.972681	 0.37632	 -0.665039	 -0.955554	 0.373744	 -0.658272	 -0.938473	 0.371462	 -0.651879	 -0.921209	 0.369328	 -0.645665	 -0.90386	 1.85382	 1.85367	 1.85376	 1.85344	 1.85364	 
19.3	 0.381	 -0.678	 -0.99	 0.378579	 -0.671825	 -0.972851	 0.376316	 -0.665159	 -0.955865	 0.374088	 -0.658379	 -0.93892	 0.371706	 -0.652063	 -0.921819	 0.369256	 -0.645972	 -0.904645	 1.82866	 1.82853	 1.82863	 1.82831	 1.82852	 
19.31	 0.381	 -0.678	 -0.99	 0.378407	 -0.671702	 -0.973101	 0.376325	 -0.665227	 -0.956199	 0.374362	 -0.658708	 -0.939298	 0.371913	 -0.652355	 -0.922401	 0.369233	 -0.646088	 -0.905504	 1.80325	 1.80313	 1.80324	 1.80292	 1.80313	 
19.32	 0.381	 -0.678	 -0.99	 0.378488	 -0.671486	 -0.973354	 0.37639	 -0.665274	 -0.956536	 0.374392	 -0.65913	 -0.939681	 0.371999	 -0.652698	 -0.922987	 0.369414	 -0.646133	 -0.906373	 1.77757	 1.77745	 1.77756	 1.77724	 1.77745	 
19.33	 0.381	 -0.678	 -0.99	 0.378791	 -0.671426	 -0.973521	 0.376506	 -0.665357	 -0.956861	 0.374206	 -0.659408	 -0.940158	 0.371975	 -0.652979	 -0.923628	 0.369775	 -0.646317	 -0.907184	 1.75138	 1.75124	 1.75135	 1.75102	 1.75123	 
19.34	 0.381	 -0.678	 -0.99	 0.379058	 -0.67165	 -0.973592	 0.376613	 -0.665509	 -0.957173	 0.374051	 -0.65942	 -0.940752	 0.371961	 -0.653133	 -0.924341	 0.3701	 -0.646746	 -0.907939	 1.72427	 1.72412	 1.72422	 1.72387	 1.72407	 
19.35	 0.381	 -0.678	 -0.99	 0.379029	 -0.672007	 -0.973662	 0.376651	 -0.665697	 -0.9575	 0.374174	 -0.659313	 -0.941381	 0.372077	 -0.653229	 -0.925096	 0.37017	 -0.647289	 -0.908733	 1.69583	 1.69567	 1.69575	 1.69538	 1.69557	 
19.36	 0.381	 -0.678	 -0.99	 0.378737	 -0.67217	 -0.973853	 0.376623	 -0.665843	 -0.957875	 0.374541	 -0.659398	 -0.941939	 0.372312	 -0.653421	 -0.925844	 0.370017	 -0.647676	 -0.909673	 1.66578	 1.66561	 1.66568	 1.66529	 1.66549	 
19.37	 0.381	 -0.678	 -0.99	 0.378538	 -0.671998	 -0.97417	 0.376612	 -0.665914	 -0.958298	 0.374811	 -0.659808	 -0.942419	 0.372501	 -0.65378	 -0.926579	 0.36994	 -0.647795	 -0.91076	 1.63416	 1.634	 1.63408	 1.63369	 1.63388	 
19.38	 0.381	 -0.678	 -0.99	 0.378724	 -0.671762	 -0.974467	 0.376687	 -0.66597	 -0.958729	 0.37471	 -0.660286	 -0.942945	 0.372503	 -0.654181	 -0.927352	 0.370179	 -0.647871	 -0.911856	 1.60153	 1.60137	 1.60146	 1.60108	 1.60129	 
19.39	 0.381	 -0.678	 -0.99	 0.379099	 -0.671867	 -0.974608	 0.376806	 -0.666109	 -0.959126	 0.374421	 -0.660444	 -0.943622	 0.372402	 -0.654427	 -0.928202	 0.370564	 -0.648234	 -0.912828	 1.56874	 1.56859	 1.5687	 1.56835	 1.56857	 
19.4	 0.381	 -0.678	 -0.99	 0.379155	 -0.672284	 -0.974667	 0.376846	 -0.666323	 -0.959491	 0.374423	 -0.660306	 -0.944354	 0.372437	 -0.654519	 -0.929067	 0.370672	 -0.648844	 -0.91371	 1.53683	 1.53671	 1.53687	 1.53655	 1.53677	 
19.41	 0.381	 -0.678	 -0.99	 0.378802	 -0.672488	 -0.974851	 0.376782	 -0.666483	 -0.959866	 0.374803	 -0.660358	 -0.944923	 0.372655	 -0.654695	 -0.929824	 0.370428	 -0.649267	 -0.914648	 1.50673	 1.50664	 1.50683	 1.50654	 1.50678	 
19.42	 0.381	 -0.678	 -0.99	 0.378606	 -0.672233	 -0.975174	 0.376748	 -0.666525	 -0.96025	 0.375021	 -0.660829	 -0.945304	 0.372789	 -0.655075	 -0.93045	 0.370302	 -0.649298	 -0.915642	 1.4789	 1.4788	 1.47901	 1.47876	 1.47902	 
19.43	 0.381	 -0.678	 -0.99	 0.378928	 -0.67203	 -0.975391	 0.376834	 -0.666572	 -0.960586	 0.374737	 -0.66124	 -0.945734	 0.372661	 -0.655425	 -0.931064	 0.370591	 -0.649366	 -0.91649	 1.45321	 1.45311	 1.45331	 1.45306	 1.45333	 
19.44	 0.381	 -0.678	 -0.99	 0.379226	 -0.672348	 -0.975397	 0.376909	 -0.666744	 -0.960853	 0.374461	 -0.661156	 -0.946322	 0.372524	 -0.65552	 -0.931735	 0.370846	 -0.649858	 -0.917125	 1.42901	 1.42891	 1.4291	 1.42882	 1.42908	 
19.45	 0.381	 -0.678	 -0.99	 0.378943	 -0.672721	 -0.975461	 0.376838	 -0.666933	 -0.961125	 0.374721	 -0.66102	 -0.946841	 0.372652	 -0.655583	 -0.932364	 0.370614	 -0.65039	 -0.917792	 1.40544	 1.40533	 1.4055	 1.40519	 1.40544	 
19.46	 0.381	 -0.678	 -0.99	 0.378603	 -0.672532	 -0.975753	 0.37675	 -0.666985	 -0.961456	 0.375033	 -0.661415	 -0.947151	 0.372809	 -0.655916	 -0.93289	 0.370329	 -0.65046	 -0.918653	 1.38171	 1.38155	 1.38168	 1.38135	 1.38161	 
19.47	 0.381	 -0.678	 -0.99	 0.378891	 -0.672251	 -0.975994	 0.376818	 -0.667012	 -0.961784	 0.374758	 -0.661898	 -0.947527	 0.372666	 -0.656301	 -0.933459	 0.370553	 -0.650461	 -0.919492	 1.35723	 1.35707	 1.35718	 1.35684	 1.3571	 
19.48	 0.381	 -0.678	 -0.99	 0.379222	 -0.672586	 -0.975995	 0.376899	 -0.667191	 -0.962063	 0.37444	 -0.661804	 -0.948151	 0.372491	 -0.656396	 -0.934169	 0.370804	 -0.650974	 -0.920156	 1.33194	 1.3318	 1.33191	 1.33154	 1.33178	 
19.49	 0.381	 -0.678	 -0.99	 0.378865	 -0.672948	 -0.976092	 0.376804	 -0.667381	 -0.962371	 0.374759	 -0.661688	 -0.948699	 0.372641	 -0.656474	 -0.934851	 0.370491	 -0.651509	 -0.920915	 1.30615	 1.306	 1.30613	 1.30576	 1.30601	 
19.5	 0.381	 -0.678	 -0.99	 0.378605	 -0.672637	 -0.976436	 0.376728	 -0.667405	 -0.962741	 0.37498	 -0.662202	 -0.949017	 0.372746	 -0.656876	 -0.935413	 0.37026	 -0.651493	 -0.921874	 1.28038	 1.28023	 1.28037	 1.28004	 1.28031	 
19.51	 0.381	 -0.678	 -0.99	 0.379054	 -0.672504	 -0.976597	 0.376831	 -0.667466	 -0.963059	 0.374541	 -0.662543	 -0.949489	 0.372509	 -0.65719	 -0.936043	 0.370606	 -0.651615	 -0.922667	 1.25528	 1.25515	 1.25531	 1.255	 1.25527	 
19.52	 0.381	 -0.678	 -0.99	 0.37911	 -0.673015	 -0.976559	 0.37684	 -0.667681	 -0.963313	 0.37447	 -0.662262	 -0.950118	 0.372454	 -0.65717	 -0.936738	 0.370625	 -0.652243	 -0.923267	 1.23147	 1.23137	 1.23156	 1.23125	 1.23151	 
19.53	 0.381	 -0.678	 -0.99	 0.378605	 -0.673007	 -0.9768	 0.376699	 -0.66776	 -0.963619	 0.374912	 -0.662447	 -0.950447	 0.372666	 -0.657371	 -0.937253	 0.370185	 -0.652423	 -0.924051	 1.20947	 1.20937	 1.20958	 1.2093	 1.20959	 
19.54	 0.381	 -0.678	 -0.99	 0.37884	 -0.672611	 -0.977059	 0.376735	 -0.667729	 -0.963909	 0.374648	 -0.662975	 -0.950708	 0.37251	 -0.657744	 -0.9377	 0.37034	 -0.652267	 -0.924795	 1.18963	 1.18952	 1.18973	 1.18948	 1.18979	 
19.55	 0.381	 -0.678	 -0.99	 0.37916	 -0.673003	 -0.976978	 0.376798	 -0.667888	 -0.964087	 0.374304	 -0.662746	 -0.951231	 0.372298	 -0.657713	 -0.938248	 0.370548	 -0.652735	 -0.925205	 1.17205	 1.17197	 1.17221	 1.17194	 1.17222	 
19.56	 0.381	 -0.678	 -0.99	 0.378646	 -0.673201	 -0.977095	 0.376647	 -0.667995	 -0.964289	 0.374735	 -0.662685	 -0.951511	 0.372485	 -0.657755	 -0.938638	 0.370063	 -0.653028	 -0.925717	 1.15676	 1.15667	 1.1569	 1.15665	 1.15696	 
19.57	 0.381	 -0.678	 -0.99	 0.378711	 -0.672732	 -0.977363	 0.376629	 -0.667927	 -0.964508	 0.374601	 -0.663237	 -0.951601	 0.372374	 -0.658115	 -0.938894	 0.370041	 -0.652772	 -0.926295	 1.14354	 1.14343	 1.14365	 1.14341	 1.14372	 
19.58	 0.381	 -0.678	 -0.99	 0.379116	 -0.673031	 -0.977259	 0.376691	 -0.668049	 -0.964614	 0.37413	 -0.663067	 -0.951996	 0.372074	 -0.658098	 -0.939282	 0.370283	 -0.653133	 -0.926524	 1.13202	 1.13193	 1.13215	 1.13188	 1.13218	 
19.59	 0.381	 -0.678	 -0.99	 0.378609	 -0.673305	 -0.977312	 0.376522	 -0.668167	 -0.964743	 0.374511	 -0.662917	 -0.952207	 0.372216	 -0.65808	 -0.939556	 0.369776	 -0.653461	 -0.926848	 1.12186	 1.12176	 1.12196	 1.12169	 1.12199	 
19.6	 0.381	 -0.678	 -0.99	 0.378624	 -0.672821	 -0.977566	 0.376482	 -0.668088	 -0.964914	 0.374402	 -0.663467	 -0.952209	 0.372104	 -0.658425	 -0.939705	 0.369689	 -0.653168	 -0.92731	 1.11264	 1.11251	 1.11268	 1.11242	 1.11273	 
19.61	 0.381	 -0.678	 -0.99	 0.37904	 -0.673109	 -0.97744	 0.376543	 -0.668198	 -0.964984	 0.373912	 -0.663284	 -0.952556	 0.371784	 -0.658388	 -0.940026	 0.369921	 -0.653497	 -0.927451	 1.10393	 1.10383	 1.10401	 1.10371	 1.104	 
19.62	 0.381	 -0.678	 -0.99	 0.378517	 -0.673361	 -0.977496	 0.376369	 -0.6683	 -0.965096	 0.374305	 -0.663131	 -0.952724	 0.371927	 -0.658354	 -0.940253	 0.369389	 -0.653786	 -0.927734	 1.09559	 1.09546	 1.09563	 1.09533	 1.09562	 
19.63	 0.381	 -0.678	 -0.99	 0.378591	 -0.672867	 -0.977735	 0.376346	 -0.668208	 -0.965252	 0.374144	 -0.663668	 -0.952717	 0.371788	 -0.658683	 -0.940382	 0.369345	 -0.653467	 -0.928158	 1.08751	 1.08737	 1.08753	 1.08725	 1.08755	 
19.64	 0.381	 -0.678	 -0.99	 0.378955	 -0.673219	 -0.977582	 0.376396	 -0.668324	 -0.965306	 0.373705	 -0.663402	 -0.953067	 0.371493	 -0.658587	 -0.940693	 0.369535	 -0.653825	 -0.928254	 1.07989	 1.07979	 1.07996	 1.07966	 1.07994	 
19.65	 0.381	 -0.678	 -0.99	 0.378389	 -0.673361	 -0.977682	 0.376204	 -0.668386	 -0.965413	 0.374126	 -0.663323	 -0.953161	 0.371651	 -0.658574	 -0.940858	 0.36897	 -0.653995	 -0.928532	 1.07326	 1.07316	 1.07335	 1.07307	 1.07337	 
19.66	 0.381	 -0.678	 -0.99	 0.3786	 -0.672887	 -0.977864	 0.37621	 -0.66828	 -0.965526	 0.373825	 -0.663802	 -0.953138	 0.371432	 -0.658848	 -0.940935	 0.36903	 -0.653648	 -0.928836	 1.06827	 1.06816	 1.06837	 1.06814	 1.06845	 
19.67	 0.381	 -0.678	 -0.99	 0.378828	 -0.673331	 -0.977663	 0.376222	 -0.668396	 -0.965516	 0.373504	 -0.663396	 -0.953419	 0.371188	 -0.658645	 -0.94114	 0.369088	 -0.654023	 -0.928772	 1.06555	 1.06549	 1.06573	 1.06549	 1.06581	 
19.68	 0.381	 -0.678	 -0.99	 0.378255	 -0.673283	 -0.977796	 0.376018	 -0.668381	 -0.965562	 0.373909	 -0.663432	 -0.953322	 0.371324	 -0.658655	 -0.941107	 0.36849	 -0.653974	 -0.928907	 1.06561	 1.06554	 1.06579	 1.0656	 1.06593	 
19.69	 0.381	 -0.678	 -0.99	 0.37861	 -0.672893	 -0.977858	 0.376042	 -0.668272	 -0.96556	 0.373433	 -0.663776	 -0.953221	 0.370991	 -0.658825	 -0.941026	 0.368633	 -0.653634	 -0.928911	 1.06845	 1.06837	 1.06862	 1.06844	 1.06878	 
19.7	 0.381	 -0.678	 -0.99	 0.378642	 -0.67339	 -0.977618	 0.375988	 -0.668384	 -0.965452	 0.373257	 -0.66328	 -0.953341	 0.370803	 -0.658545	 -0.941025	 0.3685	 -0.654001	 -0.928606	 1.07362	 1.07357	 1.07382	 1.07361	 1.07393	 
19.71	 0.381	 -0.678	 -0.99	 0.37813	 -0.67317	 -0.977761	 0.375788	 -0.668312	 -0.965422	 0.373581	 -0.663445	 -0.953061	 0.37088	 -0.658602	 -0.940789	 0.367921	 -0.653777	 -0.928568	 1.08052	 1.08043	 1.08063	 1.08043	 1.08076	 
19.72	 0.381	 -0.678	 -0.99	 0.378567	 -0.672895	 -0.977721	 0.375828	 -0.668218	 -0.965338	 0.373015	 -0.663652	 -0.952928	 0.370488	 -0.658683	 -0.940614	 0.368108	 -0.653501	 -0.928356	 1.08837	 1.08828	 1.08847	 1.08824	 1.08856	 
19.73	 0.381	 -0.678	 -0.99	 0.378464	 -0.673383	 -0.97749	 0.375738	 -0.668314	 -0.965198	 0.37296	 -0.663132	 -0.952963	 0.370358	 -0.65837	 -0.940523	 0.367853	 -0.653829	 -0.927978	 1.09678	 1.0967	 1.09687	 1.09661	 1.09691	 
19.74	 0.381	 -0.678	 -0.99	 0.378022	 -0.673072	 -0.977643	 0.375556	 -0.668201	 -0.965153	 0.373218	 -0.663341	 -0.952632	 0.370398	 -0.658427	 -0.940234	 0.367326	 -0.653492	 -0.927903	 1.10571	 1.1056	 1.10577	 1.10554	 1.10585	 
19.75	 0.381	 -0.678	 -0.99	 0.378471	 -0.672853	 -0.977562	 0.375595	 -0.668101	 -0.965043	 0.372631	 -0.663451	 -0.952505	 0.369993	 -0.65843	 -0.94004	 0.367523	 -0.653215	 -0.927617	 1.11545	 1.11536	 1.11553	 1.11531	 1.11562	 
19.76	 0.381	 -0.678	 -0.99	 0.378325	 -0.673314	 -0.977332	 0.375485	 -0.668172	 -0.96488	 0.372601	 -0.662916	 -0.952484	 0.369872	 -0.658086	 -0.939883	 0.367228	 -0.653478	 -0.927179	 1.12647	 1.12641	 1.1266	 1.12638	 1.12669	 
19.77	 0.381	 -0.678	 -0.99	 0.377896	 -0.673002	 -0.977459	 0.375302	 -0.668045	 -0.964786	 0.372837	 -0.663097	 -0.952084	 0.369893	 -0.658108	 -0.939501	 0.3667	 -0.653103	 -0.926982	 1.13924	 1.13915	 1.13936	 1.13918	 1.13951	 
19.78	 0.381	 -0.678	 -0.99	 0.378316	 -0.672752	 -0.977357	 0.37533	 -0.667926	 -0.964615	 0.37227	 -0.663208	 -0.951848	 0.36949	 -0.658095	 -0.939171	 0.366855	 -0.652774	 -0.926546	 1.15392	 1.15386	 1.15408	 1.15391	 1.15423	 
19.79	 0.381	 -0.678	 -0.99	 0.378245	 -0.673191	 -0.97708	 0.375232	 -0.667977	 -0.964377	 0.372153	 -0.662663	 -0.95173	 0.369314	 -0.657728	 -0.938876	 0.366604	 -0.652989	 -0.925919	 1.17049	 1.17044	 1.17065	 1.17048	 1.17079	 
19.8	 0.381	 -0.678	 -0.99	 0.37776	 -0.672983	 -0.977142	 0.375028	 -0.667859	 -0.964208	 0.372423	 -0.662707	 -0.951258	 0.369342	 -0.657653	 -0.938375	 0.366015	 -0.652655	 -0.92553	 1.18864	 1.18856	 1.18876	 1.1886	 1.18892	 
19.81	 0.381	 -0.678	 -0.99	 0.378064	 -0.672601	 -0.977083	 0.375021	 -0.667687	 -0.963999	 0.371953	 -0.662894	 -0.950874	 0.368986	 -0.657646	 -0.937903	 0.366067	 -0.652162	 -0.925016	 1.20791	 1.20783	 1.20801	 1.20784	 1.20816	 
19.82	 0.381	 -0.678	 -0.99	 0.378209	 -0.672949	 -0.976768	 0.374975	 -0.667691	 -0.963719	 0.371631	 -0.662384	 -0.950717	 0.3687	 -0.657269	 -0.93754	 0.365986	 -0.652251	 -0.924278	 1.22788	 1.22781	 1.22798	 1.22778	 1.22808	 
19.83	 0.381	 -0.678	 -0.99	 0.377702	 -0.672997	 -0.976719	 0.374765	 -0.667623	 -0.963499	 0.371917	 -0.662154	 -0.950297	 0.368731	 -0.657031	 -0.937035	 0.365376	 -0.652092	 -0.923744	 1.24832	 1.24824	 1.2484	 1.2482	 1.24849	 
19.84	 0.381	 -0.678	 -0.99	 0.377708	 -0.672518	 -0.976756	 0.374683	 -0.667424	 -0.963295	 0.371728	 -0.662425	 -0.949783	 0.368522	 -0.65706	 -0.93647	 0.365185	 -0.651509	 -0.923265	 1.26914	 1.26905	 1.26921	 1.26902	 1.26932	 
19.85	 0.381	 -0.678	 -0.99	 0.378085	 -0.672574	 -0.97649	 0.374698	 -0.667359	 -0.963009	 0.371194	 -0.662198	 -0.949534	 0.368132	 -0.656838	 -0.936032	 0.365296	 -0.651372	 -0.922521	 1.29045	 1.29038	 1.29055	 1.29035	 1.29065	 
19.86	 0.381	 -0.678	 -0.99	 0.377833	 -0.672913	 -0.976257	 0.374555	 -0.667365	 -0.962721	 0.371247	 -0.661703	 -0.949238	 0.368041	 -0.656473	 -0.93556	 0.364892	 -0.651463	 -0.921783	 1.31248	 1.31241	 1.31257	 1.31238	 1.31268	 
19.87	 0.381	 -0.678	 -0.99	 0.377436	 -0.672659	 -0.976286	 0.374372	 -0.667221	 -0.962491	 0.371431	 -0.661757	 -0.948678	 0.36802	 -0.656382	 -0.934939	 0.364371	 -0.651059	 -0.921239	 1.33532	 1.33524	 1.33541	 1.33524	 1.33554	 
19.88	 0.381	 -0.678	 -0.99	 0.377657	 -0.672282	 -0.97621	 0.374341	 -0.66704	 -0.962227	 0.371034	 -0.661916	 -0.948196	 0.367704	 -0.656343	 -0.934344	 0.364357	 -0.650544	 -0.920588	 1.35897	 1.3589	 1.35907	 1.35891	 1.3592	 
19.89	 0.381	 -0.678	 -0.99	 0.377911	 -0.672471	 -0.975899	 0.374322	 -0.666997	 -0.961896	 0.370612	 -0.66154	 -0.947917	 0.367371	 -0.65603	 -0.933843	 0.36437	 -0.650489	 -0.919727	 1.38327	 1.3832	 1.38337	 1.38319	 1.38348	 
19.9	 0.381	 -0.678	 -0.99	 0.377596	 -0.672724	 -0.975697	 0.374166	 -0.666972	 -0.961586	 0.370729	 -0.661105	 -0.947523	 0.367316	 -0.655684	 -0.933277	 0.363921	 -0.650488	 -0.918942	 1.40797	 1.40789	 1.40804	 1.40786	 1.40815	 
19.91	 0.381	 -0.678	 -0.99	 0.377254	 -0.672459	 -0.975704	 0.374004	 -0.666822	 -0.961324	 0.370877	 -0.66116	 -0.946926	 0.367286	 -0.655587	 -0.932603	 0.363459	 -0.650063	 -0.91832	 1.43282	 1.43274	 1.43288	 1.4327	 1.43297	 
19.92	 0.381	 -0.678	 -0.99	 0.377433	 -0.672094	 -0.975622	 0.373974	 -0.666644	 -0.96104	 0.370546	 -0.661305	 -0.946409	 0.367018	 -0.655536	 -0.931967	 0.363435	 -0.649553	 -0.917624	 1.45773	 1.45765	 1.45779	 1.4576	 1.45788	 
19.93	 0.381	 -0.678	 -0.99	 0.377721	 -0.672183	 -0.975336	 0.373977	 -0.666571	 -0.960705	 0.370122	 -0.661011	 -0.946081	 0.366705	 -0.655257	 -0.931425	 0.363508	 -0.649403	 -0.916757	 1.4828	 1.48273	 1.48287	 1.48269	 1.48297	 
19.94	 0.381	 -0.678	 -0.99	 0.377567	 -0.672463	 -0.97508	 0.373877	 -0.66654	 -0.960372	 0.370123	 -0.660523	 -0.945717	 0.366609	 -0.654869	 -0.930861	 0.363221	 -0.649394	 -0.915906	 1.50831	 1.50824	 1.50839	 1.50822	 1.5085	 
19.95	 0.381	 -0.678	 -0.99	 0.377183	 -0.672389	 -0.975012	 0.373722	 -0.666419	 -0.960076	 0.370344	 -0.660361	 -0.945156	 0.366629	 -0.654637	 -0.930186	 0.362749	 -0.649085	 -0.91519	 1.53457	 1.53451	 1.53466	 1.53452	 1.5348	 
19.96	 0.381	 -0.678	 -0.99	 0.377109	 -0.672007	 -0.974981	 0.37364	 -0.666223	 -0.959778	 0.370273	 -0.660489	 -0.944532	 0.366505	 -0.654554	 -0.929458	 0.362536	 -0.648526	 -0.914472	 1.56184	 1.56179	 1.56195	 1.56182	 1.56211	 
19.97	 0.381	 -0.678	 -0.99	 0.37738	 -0.671801	 -0.97479	 0.373641	 -0.66607	 -0.959426	 0.369874	 -0.660455	 -0.944026	 0.366217	 -0.654397	 -0.928768	 0.362611	 -0.648119	 -0.913585	 1.59021	 1.59016	 1.59033	 1.5902	 1.59048	 
19.98	 0.381	 -0.678	 -0.99	 0.377556	 -0.671958	 -0.974475	 0.37362	 -0.666005	 -0.959033	 0.369566	 -0.660078	 -0.94361	 0.365973	 -0.654067	 -0.928107	 0.362609	 -0.648011	 -0.912568	 1.61952	 1.61947	 1.61963	 1.6195	 1.61978	 
19.99	 0.381	 -0.678	 -0.99	 0.377375	 -0.672175	 -0.974219	 0.373517	 -0.665951	 -0.958646	 0.369601	 -0.659635	 -0.943124	 0.365902	 -0.653695	 -0.927403	 0.362315	 -0.647938	 -0.911587	 1.64944	 1.64937	 1.64952	 1.64938	 1.64965	 
20	 0.381	 -0.678	 -0.99	 0.377041	 -0.672114	 -0.974105	 0.373382	 -0.665828	 -0.958293	 0.369791	 -0.659446	 -0.942502	 0.365915	 -0.65344	 -0.926632	 0.361905	 -0.647622	 -0.910724	 1.67945	 1.67938	 1.67951	 1.67935	 1.67962	 
20.01	 0.381	 -0.678	 -0.99	 0.376908	 -0.671797	 -0.974045	 0.3733	 -0.665644	 -0.957956	 0.369806	 -0.659499	 -0.941838	 0.365854	 -0.653305	 -0.925845	 0.361679	 -0.647095	 -0.909914	 1.70902	 1.70894	 1.70905	 1.70888	 1.70913	 
20.02	 0.381	 -0.678	 -0.99	 0.377071	 -0.671518	 -0.973907	 0.373294	 -0.665473	 -0.95761	 0.369557	 -0.659528	 -0.941266	 0.365675	 -0.653171	 -0.925114	 0.361719	 -0.646615	 -0.909057	 1.73763	 1.73754	 1.73765	 1.73745	 1.7377	 
20.03	 0.381	 -0.678	 -0.99	 0.37732	 -0.671493	 -0.973661	 0.373318	 -0.665367	 -0.957251	 0.369243	 -0.659334	 -0.940825	 0.365475	 -0.652939	 -0.924463	 0.361852	 -0.646366	 -0.908138	 1.7649	 1.76481	 1.76489	 1.76469	 1.76493	 
20.04	 0.381	 -0.678	 -0.99	 0.377398	 -0.671672	 -0.973389	 0.373309	 -0.665315	 -0.956902	 0.36911	 -0.658953	 -0.940445	 0.365373	 -0.65262	 -0.923867	 0.361859	 -0.646295	 -0.907236	 1.79065	 1.79054	 1.79061	 1.79041	 1.79065	 
20.05	 0.381	 -0.678	 -0.99	 0.377236	 -0.671833	 -0.97319	 0.373255	 -0.665259	 -0.956587	 0.369223	 -0.65859	 -0.940033	 0.365397	 -0.652305	 -0.923282	 0.361675	 -0.646204	 -0.906439	 1.81492	 1.8148	 1.81487	 1.81466	 1.8149	 
20.06	 0.381	 -0.678	 -0.99	 0.376979	 -0.671798	 -0.973097	 0.373186	 -0.665157	 -0.95631	 0.369442	 -0.658413	 -0.939552	 0.36548	 -0.652079	 -0.922686	 0.36142	 -0.645947	 -0.905767	 1.83793	 1.83783	 1.8379	 1.8377	 1.83793	 
20.07	 0.381	 -0.678	 -0.99	 0.376827	 -0.671567	 -0.973061	 0.373139	 -0.665013	 -0.956057	 0.369564	 -0.658428	 -0.93904	 0.365528	 -0.651955	 -0.922084	 0.361274	 -0.645543	 -0.905158	 1.86004	 1.85995	 1.86004	 1.85984	 1.86007	 
20.08	 0.381	 -0.678	 -0.99	 0.376882	 -0.671292	 -0.972999	 0.373141	 -0.664865	 -0.955804	 0.369493	 -0.658503	 -0.938563	 0.365495	 -0.651875	 -0.921504	 0.361324	 -0.645123	 -0.904533	 1.88152	 1.88144	 1.88155	 1.88135	 1.88158	 
20.09	 0.381	 -0.678	 -0.99	 0.377093	 -0.67114	 -0.972858	 0.373188	 -0.664753	 -0.955533	 0.369291	 -0.658478	 -0.938166	 0.365402	 -0.651755	 -0.920967	 0.361508	 -0.644817	 -0.903852	 1.90251	 1.90243	 1.90253	 1.90235	 1.90258	 
20.1	 0.381	 -0.678	 -0.99	 0.377309	 -0.671174	 -0.972649	 0.373247	 -0.664687	 -0.955251	 0.369105	 -0.658281	 -0.937842	 0.365318	 -0.65155	 -0.920475	 0.361696	 -0.644664	 -0.903133	 1.92295	 1.92287	 1.92296	 1.92278	 1.92302	 
20.11	 0.381	 -0.678	 -0.99	 0.377386	 -0.671327	 -0.972432	 0.37328	 -0.664645	 -0.954976	 0.369061	 -0.657962	 -0.937547	 0.365311	 -0.651289	 -0.920009	 0.361785	 -0.644616	 -0.902423	 1.9427	 1.9426	 1.94269	 1.9425	 1.94274	 
20.12	 0.381	 -0.678	 -0.99	 0.377292	 -0.671473	 -0.972261	 0.373276	 -0.664601	 -0.954722	 0.369188	 -0.657654	 -0.937228	 0.365397	 -0.651037	 -0.919542	 0.361748	 -0.644572	 -0.901769	 1.96161	 1.9615	 1.96158	 1.9614	 1.96163	 
20.13	 0.381	 -0.678	 -0.99	 0.377104	 -0.67151	 -0.972159	 0.373258	 -0.664546	 -0.954488	 0.369421	 -0.657473	 -0.936857	 0.365537	 -0.650852	 -0.919063	 0.361636	 -0.644446	 -0.901194	 1.97964	 1.97954	 1.97962	 1.97943	 1.97965	 
20.14	 0.381	 -0.678	 -0.99	 0.376938	 -0.671403	 -0.972112	 0.37325	 -0.664466	 -0.954272	 0.369644	 -0.657449	 -0.936446	 0.36568	 -0.650752	 -0.918575	 0.361553	 -0.644211	 -0.900681	 1.9969	 1.99681	 1.99689	 1.99669	 1.99691	 
20.15	 0.381	 -0.678	 -0.99	 0.376884	 -0.671191	 -0.972084	 0.373265	 -0.66436	 -0.95407	 0.369762	 -0.657523	 -0.936036	 0.365786	 -0.650705	 -0.918093	 0.361588	 -0.643902	 -0.900194	 2.01351	 2.01343	 2.01352	 2.01332	 2.01352	 
20.16	 0.381	 -0.678	 -0.99	 0.376977	 -0.670974	 -0.972031	 0.37332	 -0.664251	 -0.95387	 0.36975	 -0.657596	 -0.935666	 0.365836	 -0.650656	 -0.917642	 0.361755	 -0.643586	 -0.899703	 2.02953	 2.02946	 2.02955	 2.02935	 2.02956	 
20.17	 0.381	 -0.678	 -0.99	 0.377178	 -0.670847	 -0.971927	 0.373409	 -0.664165	 -0.953664	 0.369653	 -0.65759	 -0.935359	 0.365845	 -0.650569	 -0.917233	 0.362009	 -0.643339	 -0.899193	 2.04487	 2.0448	 2.04488	 2.04468	 2.04489	 
20.18	 0.381	 -0.678	 -0.99	 0.377389	 -0.670848	 -0.97178	 0.373501	 -0.664114	 -0.953458	 0.369549	 -0.657476	 -0.935115	 0.365859	 -0.65044	 -0.916867	 0.36229	 -0.643219	 -0.898666	 2.05927	 2.05917	 2.05925	 2.05904	 2.05926	 
20.19	 0.381	 -0.678	 -0.99	 0.377524	 -0.670958	 -0.971617	 0.373573	 -0.664094	 -0.953264	 0.369519	 -0.657275	 -0.934916	 0.36592	 -0.650286	 -0.916538	 0.362532	 -0.643214	 -0.898151	 2.07236	 2.07225	 2.07231	 2.0721	 2.07232	 
20.2	 0.381	 -0.678	 -0.99	 0.377548	 -0.671114	 -0.971471	 0.373631	 -0.664092	 -0.953088	 0.369613	 -0.657042	 -0.934737	 0.366045	 -0.65012	 -0.916246	 0.362685	 -0.643254	 -0.897694	 2.08388	 2.08375	 2.08379	 2.08358	 2.08379	 
20.21	 0.381	 -0.678	 -0.99	 0.377473	 -0.671237	 -0.971371	 0.37368	 -0.664083	 -0.952942	 0.369828	 -0.65684	 -0.934559	 0.366229	 -0.649966	 -0.915987	 0.362753	 -0.643262	 -0.897327	 2.09371	 2.09357	 2.09362	 2.09339	 2.09359	 
20.22	 0.381	 -0.678	 -0.99	 0.377338	 -0.671266	 -0.971327	 0.37372	 -0.664048	 -0.952828	 0.370109	 -0.656722	 -0.934371	 0.366455	 -0.649851	 -0.915748	 0.362788	 -0.643194	 -0.89705	 2.10199	 2.10186	 2.10191	 2.10167	 2.10186	 
20.23	 0.381	 -0.678	 -0.99	 0.377212	 -0.671187	 -0.971331	 0.373761	 -0.663995	 -0.95274	 0.370385	 -0.656715	 -0.934168	 0.36669	 -0.649795	 -0.915521	 0.36285	 -0.643047	 -0.89684	 2.10905	 2.10894	 2.109	 2.10876	 2.10896	 
20.24	 0.381	 -0.678	 -0.99	 0.377164	 -0.671034	 -0.971352	 0.373824	 -0.663935	 -0.95266	 0.370595	 -0.656803	 -0.93396	 0.366895	 -0.649794	 -0.915302	 0.362979	 -0.642848	 -0.896664	 2.11533	 2.11525	 2.11533	 2.1151	 2.11529	 
20.25	 0.381	 -0.678	 -0.99	 0.377226	 -0.670853	 -0.971366	 0.373913	 -0.663873	 -0.952582	 0.370704	 -0.656927	 -0.933767	 0.367055	 -0.649819	 -0.915094	 0.363201	 -0.642643	 -0.896488	 2.12123	 2.12116	 2.12125	 2.12103	 2.12123	 
20.26	 0.381	 -0.678	 -0.99	 0.377383	 -0.670707	 -0.971351	 0.374021	 -0.663816	 -0.952502	 0.37072	 -0.657016	 -0.93361	 0.367175	 -0.649833	 -0.914905	 0.363513	 -0.642475	 -0.89629	 2.1269	 2.12683	 2.12693	 2.12671	 2.12691	 
20.27	 0.381	 -0.678	 -0.99	 0.377593	 -0.670648	 -0.971296	 0.374142	 -0.663782	 -0.952417	 0.370685	 -0.657026	 -0.933499	 0.367271	 -0.649808	 -0.914745	 0.363871	 -0.642377	 -0.896072	 2.13221	 2.13213	 2.13223	 2.13201	 2.13222	 
20.28	 0.381	 -0.678	 -0.99	 0.377795	 -0.670694	 -0.97121	 0.374263	 -0.663779	 -0.952331	 0.37066	 -0.656951	 -0.933434	 0.36737	 -0.64975	 -0.91462	 0.364221	 -0.642375	 -0.895847	 2.13678	 2.13668	 2.13676	 2.13654	 2.13675	 
20.29	 0.381	 -0.678	 -0.99	 0.377929	 -0.670822	 -0.971115	 0.374368	 -0.6638	 -0.952258	 0.370701	 -0.656814	 -0.933408	 0.367504	 -0.64968	 -0.914529	 0.364523	 -0.642472	 -0.895642	 2.14007	 2.13995	 2.14	 2.13977	 2.13998	 
20.3	 0.381	 -0.678	 -0.99	 0.37797	 -0.670986	 -0.971036	 0.374459	 -0.663837	 -0.952207	 0.370843	 -0.656661	 -0.933409	 0.367687	 -0.649612	 -0.914481	 0.364744	 -0.642617	 -0.895498	 2.14155	 2.1414	 2.14143	 2.14118	 2.14138	 
20.31	 0.381	 -0.678	 -0.99	 0.37792	 -0.671128	 -0.970997	 0.37454	 -0.663876	 -0.952189	 0.371087	 -0.656538	 -0.933428	 0.367917	 -0.649558	 -0.914482	 0.364885	 -0.642743	 -0.895453	 2.14083	 2.14067	 2.14069	 2.14041	 2.1406	 
20.32	 0.381	 -0.678	 -0.99	 0.377806	 -0.671193	 -0.971014	 0.374602	 -0.663896	 -0.952214	 0.371392	 -0.656488	 -0.933458	 0.368186	 -0.649541	 -0.914528	 0.364991	 -0.64281	 -0.895517	 2.13783	 2.13767	 2.13769	 2.1374	 2.13757	 
20.33	 0.381	 -0.678	 -0.99	 0.377685	 -0.671159	 -0.971083	 0.374661	 -0.663897	 -0.952276	 0.371701	 -0.656539	 -0.933495	 0.368465	 -0.64958	 -0.914611	 0.365106	 -0.642808	 -0.895678	 2.13275	 2.13261	 2.13264	 2.13234	 2.13251	 
20.34	 0.381	 -0.678	 -0.99	 0.377628	 -0.671045	 -0.971182	 0.374739	 -0.663892	 -0.95236	 0.371958	 -0.656691	 -0.933538	 0.368717	 -0.649675	 -0.914723	 0.365265	 -0.642751	 -0.89591	 2.12606	 2.12594	 2.12599	 2.12569	 2.12587	 
20.35	 0.381	 -0.678	 -0.99	 0.377672	 -0.67089	 -0.971288	 0.37484	 -0.663884	 -0.952456	 0.372119	 -0.656897	 -0.9336	 0.368924	 -0.649809	 -0.914859	 0.365509	 -0.642681	 -0.896171	 2.11829	 2.11819	 2.11826	 2.11798	 2.11815	 
20.36	 0.381	 -0.678	 -0.99	 0.377818	 -0.670755	 -0.971374	 0.374957	 -0.66388	 -0.952558	 0.372172	 -0.657088	 -0.933699	 0.369083	 -0.649944	 -0.915021	 0.365849	 -0.642639	 -0.896428	 2.10992	 2.10982	 2.10991	 2.10964	 2.10982	 
20.37	 0.381	 -0.678	 -0.99	 0.378038	 -0.670703	 -0.971421	 0.375091	 -0.663898	 -0.952654	 0.372152	 -0.657204	 -0.933846	 0.369203	 -0.650041	 -0.915214	 0.366243	 -0.642662	 -0.896668	 2.10115	 2.10106	 2.10115	 2.1009	 2.10109	 
20.38	 0.381	 -0.678	 -0.99	 0.378267	 -0.670765	 -0.971427	 0.37523	 -0.663944	 -0.952746	 0.372126	 -0.657217	 -0.934041	 0.369313	 -0.650094	 -0.915439	 0.36663	 -0.642785	 -0.896888	 2.09195	 2.09184	 2.09192	 2.09167	 2.09188	 
20.39	 0.381	 -0.678	 -0.99	 0.378426	 -0.670927	 -0.971413	 0.375351	 -0.664016	 -0.952842	 0.372162	 -0.657145	 -0.934274	 0.369448	 -0.650119	 -0.915692	 0.366954	 -0.643014	 -0.897106	 2.082	 2.08187	 2.08195	 2.08169	 2.08189	 
20.4	 0.381	 -0.678	 -0.99	 0.378464	 -0.671135	 -0.971408	 0.375443	 -0.664108	 -0.952951	 0.37231	 -0.657046	 -0.934525	 0.369633	 -0.650139	 -0.915971	 0.367172	 -0.643299	 -0.897361	 2.07091	 2.07076	 2.07082	 2.07054	 2.07074	 
20.41	 0.381	 -0.678	 -0.99	 0.37838	 -0.671312	 -0.971444	 0.375507	 -0.664199	 -0.953086	 0.372571	 -0.65699	 -0.934775	 0.36987	 -0.650182	 -0.916277	 0.367284	 -0.643559	 -0.897694	 2.05831	 2.05816	 2.0582	 2.0579	 2.05809	 
20.42	 0.381	 -0.678	 -0.99	 0.378225	 -0.67138	 -0.971543	 0.375552	 -0.664266	 -0.953257	 0.372895	 -0.657038	 -0.935013	 0.370138	 -0.650275	 -0.916608	 0.367338	 -0.643732	 -0.898129	 2.04402	 2.04387	 2.04391	 2.04359	 2.04378	 
20.43	 0.381	 -0.678	 -0.99	 0.378091	 -0.671314	 -0.971701	 0.375597	 -0.664303	 -0.953463	 0.373194	 -0.657215	 -0.935242	 0.370394	 -0.650434	 -0.916963	 0.367412	 -0.643801	 -0.898658	 2.02806	 2.02792	 2.02797	 2.02764	 2.02782	 
20.44	 0.381	 -0.678	 -0.99	 0.378072	 -0.671157	 -0.971885	 0.375667	 -0.664325	 -0.95369	 0.373381	 -0.657494	 -0.93548	 0.370596	 -0.650651	 -0.917345	 0.367575	 -0.643808	 -0.899247	 2.01067	 2.01054	 2.01061	 2.01028	 2.01046	 
20.45	 0.381	 -0.678	 -0.99	 0.378209	 -0.671004	 -0.972054	 0.375772	 -0.664357	 -0.953925	 0.373417	 -0.657788	 -0.935757	 0.37072	 -0.650886	 -0.917762	 0.367859	 -0.643833	 -0.899851	 1.9922	 1.99208	 1.99216	 1.99185	 1.99203	 
20.46	 0.381	 -0.678	 -0.99	 0.378457	 -0.670958	 -0.972172	 0.375898	 -0.664415	 -0.954157	 0.373337	 -0.657989	 -0.936101	 0.370785	 -0.651087	 -0.918221	 0.368235	 -0.643961	 -0.900428	 1.97302	 1.97289	 1.97299	 1.97269	 1.97288	 
20.47	 0.381	 -0.678	 -0.99	 0.378702	 -0.671074	 -0.972233	 0.376019	 -0.66451	 -0.954383	 0.373249	 -0.658033	 -0.936514	 0.370843	 -0.651214	 -0.918722	 0.368606	 -0.64423	 -0.900971	 1.95338	 1.95325	 1.95335	 1.95306	 1.95326	 
20.48	 0.381	 -0.678	 -0.99	 0.37882	 -0.67132	 -0.972265	 0.376111	 -0.664637	 -0.954606	 0.37328	 -0.657956	 -0.936964	 0.370949	 -0.651281	 -0.919249	 0.368855	 -0.644604	 -0.901504	 1.93338	 1.93325	 1.93334	 1.93306	 1.93327	 
20.49	 0.381	 -0.678	 -0.99	 0.378746	 -0.671573	 -0.972325	 0.376158	 -0.66477	 -0.95484	 0.373489	 -0.657882	 -0.937399	 0.371133	 -0.651351	 -0.919778	 0.368931	 -0.644987	 -0.902075	 1.91291	 1.91277	 1.91286	 1.91257	 1.91277	 
20.5	 0.381	 -0.678	 -0.99	 0.378537	 -0.671688	 -0.972462	 0.376168	 -0.664878	 -0.955099	 0.373818	 -0.657952	 -0.937778	 0.371373	 -0.651498	 -0.920292	 0.368891	 -0.645273	 -0.902726	 1.89167	 1.89153	 1.89162	 1.89131	 1.89151	 
20.51	 0.381	 -0.678	 -0.99	 0.378356	 -0.671604	 -0.972677	 0.376179	 -0.664945	 -0.955389	 0.374109	 -0.658224	 -0.938111	 0.371597	 -0.651753	 -0.920799	 0.368876	 -0.645407	 -0.903471	 1.8693	 1.86917	 1.86925	 1.86892	 1.86911	 
20.52	 0.381	 -0.678	 -0.99	 0.378372	 -0.671405	 -0.972918	 0.376233	 -0.664989	 -0.955702	 0.374212	 -0.658614	 -0.938456	 0.371728	 -0.652071	 -0.921336	 0.369019	 -0.645451	 -0.904278	 1.84552	 1.84538	 1.84545	 1.8451	 1.84528	 
20.53	 0.381	 -0.678	 -0.99	 0.378612	 -0.671283	 -0.973111	 0.376341	 -0.665053	 -0.956022	 0.3741	 -0.658937	 -0.938888	 0.37175	 -0.652359	 -0.921943	 0.369342	 -0.645561	 -0.905091	 1.82019	 1.82004	 1.8201	 1.81975	 1.81994	 
20.54	 0.381	 -0.678	 -0.99	 0.378914	 -0.671394	 -0.973218	 0.376463	 -0.665173	 -0.95634	 0.373927	 -0.659043	 -0.93944	 0.371736	 -0.652548	 -0.922631	 0.36971	 -0.645874	 -0.90587	 1.79347	 1.79331	 1.79338	 1.79302	 1.79322	 
20.55	 0.381	 -0.678	 -0.99	 0.379033	 -0.671707	 -0.973279	 0.376539	 -0.665343	 -0.956657	 0.37392	 -0.658965	 -0.940059	 0.371799	 -0.652653	 -0.923368	 0.369919	 -0.646368	 -0.906636	 1.76578	 1.76562	 1.76571	 1.76536	 1.76555	 
20.56	 0.381	 -0.678	 -0.99	 0.378863	 -0.67199	 -0.973394	 0.376546	 -0.665512	 -0.95699	 0.374182	 -0.658923	 -0.940637	 0.371987	 -0.652775	 -0.924092	 0.369879	 -0.646842	 -0.907455	 1.7377	 1.73756	 1.73767	 1.73733	 1.73753	 
20.57	 0.381	 -0.678	 -0.99	 0.378582	 -0.672006	 -0.973624	 0.376522	 -0.665618	 -0.957349	 0.374543	 -0.659134	 -0.941101	 0.372222	 -0.65302	 -0.924758	 0.369738	 -0.647091	 -0.908369	 1.7098	 1.70968	 1.70981	 1.70949	 1.7097	 
20.58	 0.381	 -0.678	 -0.99	 0.378515	 -0.671774	 -0.973916	 0.376544	 -0.665661	 -0.957718	 0.374694	 -0.659572	 -0.941496	 0.372352	 -0.653374	 -0.925381	 0.369768	 -0.647128	 -0.90932	 1.68244	 1.68233	 1.68247	 1.68217	 1.68239	 
20.59	 0.381	 -0.678	 -0.99	 0.378782	 -0.671607	 -0.974133	 0.37664	 -0.665714	 -0.958064	 0.374516	 -0.659939	 -0.941949	 0.372314	 -0.653693	 -0.926023	 0.37007	 -0.647218	 -0.910193	 1.65573	 1.65561	 1.65575	 1.65546	 1.65569	 
20.6	 0.381	 -0.678	 -0.99	 0.379105	 -0.671784	 -0.974208	 0.376744	 -0.665848	 -0.958371	 0.374272	 -0.659984	 -0.942524	 0.372234	 -0.653855	 -0.926717	 0.370411	 -0.647594	 -0.910935	 1.6295	 1.62937	 1.62951	 1.6292	 1.62943	 
20.61	 0.381	 -0.678	 -0.99	 0.379091	 -0.672172	 -0.974246	 0.376764	 -0.66604	 -0.958664	 0.374335	 -0.659839	 -0.943125	 0.372298	 -0.653924	 -0.927421	 0.370459	 -0.648148	 -0.91164	 1.60347	 1.60335	 1.60348	 1.60317	 1.60339	 
20.62	 0.381	 -0.678	 -0.99	 0.378752	 -0.672334	 -0.974415	 0.376701	 -0.666184	 -0.958988	 0.374696	 -0.659916	 -0.943601	 0.372505	 -0.654103	 -0.928064	 0.370227	 -0.648519	 -0.912454	 1.57744	 1.57731	 1.57745	 1.57712	 1.57734	 
20.63	 0.381	 -0.678	 -0.99	 0.378566	 -0.672105	 -0.974715	 0.37667	 -0.666233	 -0.959345	 0.374906	 -0.660363	 -0.943958	 0.372636	 -0.654468	 -0.92865	 0.370113	 -0.648567	 -0.913381	 1.55127	 1.55113	 1.55125	 1.55093	 1.55117	 
20.64	 0.381	 -0.678	 -0.99	 0.378835	 -0.671889	 -0.974947	 0.376747	 -0.666279	 -0.959691	 0.37468	 -0.660789	 -0.944387	 0.372543	 -0.654826	 -0.929273	 0.370366	 -0.648627	 -0.914259	 1.52496	 1.52482	 1.52494	 1.52462	 1.52486	 
20.65	 0.381	 -0.678	 -0.99	 0.379174	 -0.672118	 -0.974999	 0.376839	 -0.666429	 -0.959995	 0.374381	 -0.660789	 -0.944991	 0.372403	 -0.654968	 -0.929988	 0.370665	 -0.649051	 -0.91499	 1.49859	 1.49845	 1.49858	 1.49825	 1.49849	 
20.66	 0.381	 -0.678	 -0.99	 0.379032	 -0.672531	 -0.975046	 0.37681	 -0.666625	 -0.960297	 0.374524	 -0.660614	 -0.945599	 0.372479	 -0.655015	 -0.930706	 0.370561	 -0.649623	 -0.915719	 1.4723	 1.47218	 1.47233	 1.47199	 1.47223	 
20.67	 0.381	 -0.678	 -0.99	 0.378632	 -0.672517	 -0.975295	 0.376711	 -0.66672	 -0.960645	 0.374901	 -0.660845	 -0.946012	 0.372675	 -0.655265	 -0.931323	 0.370242	 -0.649839	 -0.916607	 1.44626	 1.44613	 1.44628	 1.44596	 1.44619	 
20.68	 0.381	 -0.678	 -0.99	 0.378689	 -0.672178	 -0.9756	 0.376722	 -0.666735	 -0.961004	 0.374845	 -0.661385	 -0.94636	 0.372652	 -0.655676	 -0.931899	 0.370295	 -0.64979	 -0.917533	 1.42057	 1.42042	 1.42055	 1.42025	 1.42051	 
20.69	 0.381	 -0.678	 -0.99	 0.379118	 -0.672247	 -0.975691	 0.376828	 -0.666847	 -0.961305	 0.374443	 -0.661537	 -0.946901	 0.372447	 -0.655892	 -0.932566	 0.370645	 -0.650076	 -0.918273	 1.39521	 1.39509	 1.39524	 1.39493	 1.39519	 
20.7	 0.381	 -0.678	 -0.99	 0.379085	 -0.672715	 -0.975692	 0.376823	 -0.667055	 -0.961581	 0.374474	 -0.661306	 -0.947518	 0.372454	 -0.655907	 -0.93327	 0.370605	 -0.650685	 -0.91893	 1.37028	 1.37017	 1.37033	 1.36999	 1.37024	 
20.71	 0.381	 -0.678	 -0.99	 0.378637	 -0.672742	 -0.975923	 0.376708	 -0.667155	 -0.961909	 0.374885	 -0.661485	 -0.947912	 0.372655	 -0.656124	 -0.933854	 0.370219	 -0.650927	 -0.919768	 1.34577	 1.34564	 1.34579	 1.34547	 1.34573	 
20.72	 0.381	 -0.678	 -0.99	 0.378717	 -0.672365	 -0.976229	 0.376716	 -0.667153	 -0.962251	 0.374788	 -0.662046	 -0.948222	 0.372595	 -0.656542	 -0.934386	 0.370263	 -0.650839	 -0.920652	 1.32174	 1.32159	 1.32174	 1.32144	 1.32171	 
20.73	 0.381	 -0.678	 -0.99	 0.379156	 -0.672529	 -0.976265	 0.376813	 -0.667287	 -0.962517	 0.374348	 -0.662104	 -0.948768	 0.37235	 -0.656706	 -0.935027	 0.37059	 -0.651195	 -0.921297	 1.29833	 1.29821	 1.29838	 1.29806	 1.29832	 
20.74	 0.381	 -0.678	 -0.99	 0.378934	 -0.672995	 -0.976279	 0.376747	 -0.667495	 -0.962767	 0.374526	 -0.661873	 -0.949311	 0.372416	 -0.656713	 -0.935656	 0.370367	 -0.651789	 -0.921902	 1.27585	 1.27574	 1.27592	 1.27561	 1.27587	 
20.75	 0.381	 -0.678	 -0.99	 0.378544	 -0.672777	 -0.976577	 0.37663	 -0.667525	 -0.963077	 0.37485	 -0.662264	 -0.949562	 0.37256	 -0.657028	 -0.936116	 0.370008	 -0.651811	 -0.922707	 1.25462	 1.25449	 1.25468	 1.2544	 1.25469	 
20.76	 0.381	 -0.678	 -0.99	 0.37892	 -0.672514	 -0.97676	 0.376697	 -0.667531	 -0.963346	 0.374443	 -0.662675	 -0.949889	 0.372324	 -0.657349	 -0.936591	 0.370269	 -0.65178	 -0.92338	 1.23492	 1.23479	 1.23498	 1.23471	 1.23501	 
20.77	 0.381	 -0.678	 -0.99	 0.379085	 -0.672982	 -0.976679	 0.376714	 -0.667714	 -0.963528	 0.37423	 -0.662388	 -0.950421	 0.372176	 -0.657296	 -0.93715	 0.370348	 -0.652321	 -0.923799	 1.21689	 1.21681	 1.21703	 1.21675	 1.21702	 
20.78	 0.381	 -0.678	 -0.99	 0.378568	 -0.673071	 -0.976845	 0.376562	 -0.667799	 -0.963752	 0.374661	 -0.662441	 -0.950677	 0.372363	 -0.657401	 -0.937541	 0.369862	 -0.652531	 -0.924376	 1.2007	 1.2006	 1.2008	 1.20054	 1.20083	 
20.79	 0.381	 -0.678	 -0.99	 0.378705	 -0.672632	 -0.977098	 0.37657	 -0.667741	 -0.963981	 0.374476	 -0.662971	 -0.950811	 0.37223	 -0.657752	 -0.937841	 0.3699	 -0.652302	 -0.924978	 1.1862	 1.18609	 1.18629	 1.18605	 1.18635	 
20.8	 0.381	 -0.678	 -0.99	 0.379088	 -0.67294	 -0.977004	 0.376636	 -0.667865	 -0.964106	 0.374045	 -0.662791	 -0.951233	 0.371956	 -0.65773	 -0.938266	 0.370129	 -0.652674	 -0.925255	 1.17326	 1.17317	 1.17338	 1.1731	 1.17338	 
20.81	 0.381	 -0.678	 -0.99	 0.378607	 -0.673224	 -0.977058	 0.376477	 -0.667987	 -0.964251	 0.374409	 -0.662633	 -0.95148	 0.372092	 -0.65771	 -0.938581	 0.369651	 -0.653014	 -0.925618	 1.16173	 1.16163	 1.16184	 1.16156	 1.16186	 
20.82	 0.381	 -0.678	 -0.99	 0.378555	 -0.672758	 -0.977324	 0.376421	 -0.667913	 -0.964437	 0.374367	 -0.663166	 -0.951499	 0.372021	 -0.658045	 -0.938757	 0.369519	 -0.652735	 -0.92612	 1.15144	 1.15132	 1.1515	 1.15125	 1.15156	 
20.83	 0.381	 -0.678	 -0.99	 0.379013	 -0.67294	 -0.977237	 0.376495	 -0.667991	 -0.964526	 0.373843	 -0.663073	 -0.951828	 0.37169	 -0.658052	 -0.939078	 0.369795	 -0.652974	 -0.926308	 1.14219	 1.14209	 1.14228	 1.142	 1.14229	 
20.84	 0.381	 -0.678	 -0.99	 0.378584	 -0.673303	 -0.977232	 0.376343	 -0.668115	 -0.964624	 0.374145	 -0.662804	 -0.952058	 0.371785	 -0.657953	 -0.939339	 0.369345	 -0.653345	 -0.926542	 1.13384	 1.13375	 1.13394	 1.13365	 1.13394	 
20.85	 0.381	 -0.678	 -0.99	 0.37845	 -0.67284	 -0.977493	 0.376264	 -0.66803	 -0.964781	 0.374172	 -0.663309	 -0.952018	 0.371742	 -0.658257	 -0.939446	 0.369133	 -0.653037	 -0.926976	 1.12627	 1.12613	 1.1263	 1.12603	 1.12634	 
20.86	 0.381	 -0.678	 -0.99	 0.378934	 -0.672972	 -0.977401	 0.376346	 -0.66809	 -0.964842	 0.373626	 -0.663248	 -0.952295	 0.371393	 -0.658267	 -0.939707	 0.369415	 -0.653211	 -0.927105	 1.11927	 1.11916	 1.11935	 1.11905	 1.11934	 
20.87	 0.381	 -0.678	 -0.99	 0.378517	 -0.673352	 -0.977376	 0.376195	 -0.668211	 -0.964914	 0.373911	 -0.662945	 -0.952496	 0.371475	 -0.658141	 -0.939923	 0.368963	 -0.653579	 -0.927272	 1.11295	 1.11285	 1.11303	 1.11274	 1.11303	 
20.88	 0.381	 -0.678	 -0.99	 0.378376	 -0.672878	 -0.977629	 0.376104	 -0.668113	 -0.965048	 0.373926	 -0.663437	 -0.952416	 0.371418	 -0.658426	 -0.939976	 0.368737	 -0.653245	 -0.927641	 1.10756	 1.10743	 1.1076	 1.10735	 1.10765	 
20.89	 0.381	 -0.678	 -0.99	 0.378849	 -0.673022	 -0.977509	 0.376173	 -0.668163	 -0.965072	 0.373367	 -0.663337	 -0.952651	 0.371054	 -0.658397	 -0.940174	 0.368998	 -0.653397	 -0.927675	 1.10348	 1.10339	 1.1036	 1.10334	 1.10364	 
20.9	 0.381	 -0.678	 -0.99	 0.378404	 -0.673368	 -0.977475	 0.376012	 -0.668256	 -0.965098	 0.37367	 -0.663022	 -0.95276	 0.371135	 -0.658235	 -0.940281	 0.368504	 -0.653686	 -0.927732	 1.10141	 1.10133	 1.10155	 1.10132	 1.10163	 
20.91	 0.381	 -0.678	 -0.99	 0.378313	 -0.672866	 -0.977688	 0.37593	 -0.668123	 -0.96516	 0.373626	 -0.663476	 -0.952579	 0.371035	 -0.658464	 -0.940197	 0.36829	 -0.653265	 -0.927923	 1.10189	 1.1018	 1.10203	 1.10185	 1.10218	 
20.92	 0.381	 -0.678	 -0.99	 0.378754	 -0.673044	 -0.977504	 0.37598	 -0.668153	 -0.96509	 0.373071	 -0.663281	 -0.952697	 0.370654	 -0.658346	 -0.940224	 0.368496	 -0.653376	 -0.927716	 1.10521	 1.10516	 1.10542	 1.10523	 1.10555	 
20.93	 0.381	 -0.678	 -0.99	 0.378272	 -0.673334	 -0.977444	 0.375791	 -0.668207	 -0.965018	 0.37337	 -0.662963	 -0.952627	 0.370716	 -0.658147	 -0.940112	 0.367944	 -0.653558	 -0.927535	 1.1114	 1.11135	 1.1116	 1.11142	 1.11175	 
20.94	 0.381	 -0.678	 -0.99	 0.378212	 -0.672822	 -0.977597	 0.3757	 -0.668048	 -0.964976	 0.373262	 -0.663376	 -0.9523	 0.370564	 -0.658325	 -0.939825	 0.367728	 -0.653079	 -0.927459	 1.12003	 1.11995	 1.12018	 1.12002	 1.12035	 
20.95	 0.381	 -0.678	 -0.99	 0.378626	 -0.672998	 -0.977365	 0.375729	 -0.668058	 -0.964816	 0.372702	 -0.663138	 -0.952288	 0.370167	 -0.658159	 -0.939675	 0.367888	 -0.653147	 -0.927025	 1.1304	 1.13034	 1.13056	 1.13036	 1.13068	 
20.96	 0.381	 -0.678	 -0.99	 0.378159	 -0.673282	 -0.97727	 0.375538	 -0.668097	 -0.964676	 0.372971	 -0.662792	 -0.952119	 0.3702	 -0.657924	 -0.939432	 0.367325	 -0.653285	 -0.926679	 1.14188	 1.14179	 1.14198	 1.14176	 1.14207	 
20.97	 0.381	 -0.678	 -0.99	 0.378055	 -0.672784	 -0.977403	 0.375437	 -0.667928	 -0.964592	 0.372904	 -0.663161	 -0.951729	 0.370062	 -0.658053	 -0.939065	 0.367058	 -0.652774	 -0.926507	 1.15387	 1.15376	 1.15393	 1.15371	 1.15402	 
20.98	 0.381	 -0.678	 -0.99	 0.378487	 -0.672869	 -0.977187	 0.375471	 -0.667897	 -0.964419	 0.372328	 -0.662968	 -0.951665	 0.369655	 -0.657888	 -0.938865	 0.367225	 -0.652728	 -0.926046	 1.16612	 1.16603	 1.16619	 1.16595	 1.16625	 
20.99	 0.381	 -0.678	 -0.99	 0.37811	 -0.673214	 -0.977042	 0.375298	 -0.667934	 -0.964261	 0.372505	 -0.66253	 -0.951526	 0.369636	 -0.657586	 -0.938624	 0.366734	 -0.652884	 -0.925637	 1.17873	 1.17864	 1.17881	 1.17856	 1.17886	 
21	 0.381	 -0.678	 -0.99	 0.377855	 -0.672781	 -0.977174	 0.375154	 -0.667775	 -0.964164	 0.372568	 -0.66282	 -0.95111	 0.369565	 -0.657662	 -0.938226	 0.366344	 -0.652404	 -0.925434	 1.19201	 1.1919	 1.19207	 1.19186	 1.19217	 
21.01	 0.381	 -0.678	 -0.99	 0.378291	 -0.672675	 -0.977015	 0.375187	 -0.667692	 -0.963983	 0.371985	 -0.662797	 -0.95094	 0.369154	 -0.657578	 -0.937938	 0.366512	 -0.652191	 -0.924963	 1.2063	 1.20622	 1.20641	 1.20621	 1.20652	 
21.02	 0.381	 -0.678	 -0.99	 0.378129	 -0.673089	 -0.976774	 0.375069	 -0.667738	 -0.963765	 0.371959	 -0.662277	 -0.95081	 0.369024	 -0.657229	 -0.937651	 0.366186	 -0.652392	 -0.92439	 1.22198	 1.22192	 1.22211	 1.22191	 1.22222	 
21.03	 0.381	 -0.678	 -0.99	 0.377683	 -0.672852	 -0.976845	 0.374874	 -0.667618	 -0.963607	 0.372192	 -0.66236	 -0.950351	 0.369031	 -0.657181	 -0.937171	 0.365626	 -0.652047	 -0.924031	 1.2392	 1.23912	 1.23931	 1.23915	 1.23946	 
21.04	 0.381	 -0.678	 -0.99	 0.377971	 -0.672486	 -0.976788	 0.374862	 -0.667458	 -0.963403	 0.371735	 -0.662551	 -0.949975	 0.36868	 -0.657185	 -0.936709	 0.36566	 -0.651584	 -0.92353	 1.25788	 1.25781	 1.25801	 1.25785	 1.25817	 
21.05	 0.381	 -0.678	 -0.99	 0.37815	 -0.672798	 -0.976479	 0.374824	 -0.66746	 -0.963122	 0.371377	 -0.66209	 -0.949806	 0.368373	 -0.656846	 -0.936335	 0.3656	 -0.651664	 -0.922789	 1.27788	 1.27781	 1.278	 1.27782	 1.27813	 
21.06	 0.381	 -0.678	 -0.99	 0.377681	 -0.672927	 -0.976386	 0.374621	 -0.667416	 -0.962882	 0.371621	 -0.661796	 -0.949409	 0.368377	 -0.656585	 -0.935829	 0.365012	 -0.651587	 -0.922197	 1.2989	 1.29882	 1.299	 1.29882	 1.29913	 
21.07	 0.381	 -0.678	 -0.99	 0.37755	 -0.672481	 -0.976434	 0.374498	 -0.667229	 -0.96267	 0.371546	 -0.662042	 -0.948857	 0.368222	 -0.656604	 -0.935229	 0.364704	 -0.651042	 -0.921697	 1.32066	 1.32058	 1.32074	 1.32057	 1.32087	 
21.08	 0.381	 -0.678	 -0.99	 0.377925	 -0.672373	 -0.976227	 0.374504	 -0.667125	 -0.962387	 0.371001	 -0.661973	 -0.94853	 0.367825	 -0.656465	 -0.934733	 0.364813	 -0.650773	 -0.920971	 1.34292	 1.34285	 1.34301	 1.34282	 1.34312	 
21.09	 0.381	 -0.678	 -0.99	 0.37788	 -0.672727	 -0.975936	 0.374413	 -0.667134	 -0.962078	 0.37086	 -0.661464	 -0.948272	 0.367634	 -0.656094	 -0.934269	 0.364579	 -0.650875	 -0.920169	 1.36554	 1.36547	 1.36562	 1.36543	 1.36571	 
21.1	 0.381	 -0.678	 -0.99	 0.377426	 -0.6727	 -0.975888	 0.374221	 -0.667043	 -0.961828	 0.371107	 -0.661298	 -0.947781	 0.367647	 -0.655888	 -0.933684	 0.364015	 -0.650652	 -0.919562	 1.38844	 1.38835	 1.3885	 1.38831	 1.3886	 
21.11	 0.381	 -0.678	 -0.99	 0.37739	 -0.672266	 -0.975899	 0.374132	 -0.666845	 -0.961591	 0.370964	 -0.661502	 -0.947232	 0.367466	 -0.655865	 -0.933065	 0.363798	 -0.650083	 -0.918998	 1.41161	 1.41152	 1.41167	 1.41149	 1.41177	 
21.12	 0.381	 -0.678	 -0.99	 0.377736	 -0.672171	 -0.975682	 0.37414	 -0.666729	 -0.961293	 0.370465	 -0.661384	 -0.946886	 0.367103	 -0.655678	 -0.932543	 0.363896	 -0.649787	 -0.918237	 1.43519	 1.43511	 1.43526	 1.43508	 1.43536	 
21.13	 0.381	 -0.678	 -0.99	 0.377737	 -0.672479	 -0.975387	 0.374066	 -0.666714	 -0.960967	 0.370294	 -0.660892	 -0.946594	 0.366904	 -0.655299	 -0.932038	 0.363709	 -0.64982	 -0.917392	 1.4594	 1.45933	 1.45948	 1.45931	 1.4596	 
21.14	 0.381	 -0.678	 -0.99	 0.377334	 -0.672542	 -0.975278	 0.373895	 -0.66664	 -0.960673	 0.370506	 -0.660628	 -0.9461	 0.366901	 -0.655032	 -0.931415	 0.363193	 -0.649648	 -0.916674	 1.48453	 1.48446	 1.48463	 1.48448	 1.48477	 
21.15	 0.381	 -0.678	 -0.99	 0.377151	 -0.672182	 -0.975272	 0.373776	 -0.666458	 -0.960391	 0.370514	 -0.660755	 -0.945477	 0.366801	 -0.654959	 -0.930705	 0.362861	 -0.649121	 -0.916006	 1.51084	 1.51079	 1.51096	 1.51083	 1.51113	 
21.16	 0.381	 -0.678	 -0.99	 0.377398	 -0.671906	 -0.975119	 0.373762	 -0.666289	 -0.960061	 0.370118	 -0.660786	 -0.94496	 0.366499	 -0.654833	 -0.930027	 0.36289	 -0.648655	 -0.91518	 1.53848	 1.53843	 1.53862	 1.53849	 1.53878	 
21.17	 0.381	 -0.678	 -0.99	 0.377616	 -0.672038	 -0.974807	 0.373743	 -0.666213	 -0.959677	 0.36975	 -0.660423	 -0.944565	 0.366212	 -0.654502	 -0.929391	 0.3629	 -0.648514	 -0.91419	 1.56732	 1.56727	 1.56744	 1.56731	 1.5676	 
21.18	 0.381	 -0.678	 -0.99	 0.37744	 -0.672278	 -0.974542	 0.373631	 -0.666164	 -0.959296	 0.369758	 -0.659956	 -0.944102	 0.366114	 -0.654117	 -0.928708	 0.36259	 -0.648459	 -0.913217	 1.59693	 1.59686	 1.59701	 1.59688	 1.59716	 
21.19	 0.381	 -0.678	 -0.99	 0.377081	 -0.672219	 -0.974437	 0.373478	 -0.666047	 -0.958949	 0.369948	 -0.659779	 -0.943481	 0.366115	 -0.653877	 -0.927943	 0.362138	 -0.648161	 -0.91237	 1.62661	 1.62653	 1.62666	 1.6265	 1.62677	 
21.2	 0.381	 -0.678	 -0.99	 0.376958	 -0.671883	 -0.974387	 0.373387	 -0.665867	 -0.958621	 0.369928	 -0.659872	 -0.942822	 0.366021	 -0.653778	 -0.927167	 0.361894	 -0.647641	 -0.911583	 1.65558	 1.6555	 1.6556	 1.65542	 1.65568	 
21.21	 0.381	 -0.678	 -0.99	 0.377159	 -0.671621	 -0.97424	 0.37338	 -0.665705	 -0.958286	 0.369618	 -0.659898	 -0.942287	 0.365793	 -0.65365	 -0.926472	 0.361934	 -0.647188	 -0.91075	 1.68322	 1.68313	 1.68322	 1.68301	 1.68326	 
21.22	 0.381	 -0.678	 -0.99	 0.3774	 -0.671656	 -0.973981	 0.37339	 -0.665612	 -0.957944	 0.369283	 -0.65964	 -0.941904	 0.36556	 -0.653382	 -0.92588	 0.362024	 -0.646982	 -0.909869	 1.70925	 1.70914	 1.70922	 1.709	 1.70924	 
21.23	 0.381	 -0.678	 -0.99	 0.377394	 -0.67187	 -0.973722	 0.373347	 -0.66556	 -0.957619	 0.369194	 -0.65921	 -0.941558	 0.365457	 -0.653028	 -0.925332	 0.361924	 -0.646925	 -0.909028	 1.73381	 1.7337	 1.73377	 1.73356	 1.7338	 
21.24	 0.381	 -0.678	 -0.99	 0.37714	 -0.671978	 -0.973571	 0.37325	 -0.665487	 -0.957329	 0.369353	 -0.658885	 -0.941133	 0.365482	 -0.652728	 -0.924758	 0.36163	 -0.646787	 -0.908298	 1.75744	 1.75734	 1.75742	 1.75723	 1.75748	 
21.25	 0.381	 -0.678	 -0.99	 0.376878	 -0.671834	 -0.97352	 0.373159	 -0.66536	 -0.957062	 0.369532	 -0.658813	 -0.940612	 0.365525	 -0.652557	 -0.924138	 0.361335	 -0.646445	 -0.907654	 1.7808	 1.78072	 1.78083	 1.78066	 1.78091	 
21.26	 0.381	 -0.678	 -0.99	 0.376831	 -0.671537	 -0.973474	 0.373123	 -0.665203	 -0.956789	 0.369521	 -0.658896	 -0.94007	 0.365479	 -0.652465	 -0.923501	 0.361225	 -0.645981	 -0.907003	 1.80447	 1.80441	 1.80454	 1.80439	 1.80465	 
21.27	 0.381	 -0.678	 -0.99	 0.377009	 -0.671307	 -0.973346	 0.373141	 -0.66506	 -0.956491	 0.369302	 -0.658914	 -0.939591	 0.36534	 -0.652344	 -0.922881	 0.361319	 -0.645572	 -0.906265	 1.82866	 1.82861	 1.82875	 1.82861	 1.82887	 
21.28	 0.381	 -0.678	 -0.99	 0.377237	 -0.671281	 -0.973126	 0.37317	 -0.664958	 -0.956169	 0.369034	 -0.658729	 -0.939194	 0.365188	 -0.652124	 -0.922294	 0.361477	 -0.645337	 -0.905433	 1.85321	 1.85314	 1.85328	 1.85314	 1.85341	 
21.29	 0.381	 -0.678	 -0.99	 0.37733	 -0.671424	 -0.972873	 0.37317	 -0.664895	 -0.955841	 0.368902	 -0.658382	 -0.938829	 0.365107	 -0.651828	 -0.921722	 0.361535	 -0.64525	 -0.904574	 1.87763	 1.87756	 1.87767	 1.87753	 1.87779	 
21.3	 0.381	 -0.678	 -0.99	 0.377229	 -0.671588	 -0.972663	 0.373138	 -0.664846	 -0.955525	 0.368976	 -0.658032	 -0.938433	 0.365127	 -0.651535	 -0.921146	 0.36143	 -0.645185	 -0.90377	 1.90138	 1.90129	 1.90138	 1.90122	 1.90146	 
21.31	 0.381	 -0.678	 -0.99	 0.377012	 -0.671628	 -0.972535	 0.373088	 -0.664779	 -0.955237	 0.36918	 -0.657822	 -0.937979	 0.365217	 -0.651316	 -0.920559	 0.361233	 -0.645025	 -0.903063	 1.92399	 1.92389	 1.92396	 1.92377	 1.924	 
21.32	 0.381	 -0.678	 -0.99	 0.376822	 -0.671493	 -0.972476	 0.373049	 -0.664676	 -0.95498	 0.36937	 -0.657785	 -0.937492	 0.365314	 -0.651187	 -0.919975	 0.361081	 -0.644734	 -0.902445	 1.94522	 1.94512	 1.94519	 1.94498	 1.94519	 
21.33	 0.381	 -0.678	 -0.99	 0.376777	 -0.671254	 -0.972435	 0.373047	 -0.664547	 -0.954743	 0.369436	 -0.657848	 -0.937024	 0.365362	 -0.65111	 -0.919422	 0.361067	 -0.644357	 -0.901877	 1.9651	 1.96501	 1.96508	 1.96486	 1.96507	 
21.34	 0.381	 -0.678	 -0.99	 0.376899	 -0.671032	 -0.972357	 0.373093	 -0.664424	 -0.95451	 0.369359	 -0.657898	 -0.936618	 0.365347	 -0.651026	 -0.918918	 0.361199	 -0.643997	 -0.90131	 1.98383	 1.98375	 1.98382	 1.98361	 1.98382	 
21.35	 0.381	 -0.678	 -0.99	 0.377111	 -0.670927	 -0.972221	 0.373163	 -0.664331	 -0.954274	 0.369204	 -0.657844	 -0.936288	 0.365303	 -0.650903	 -0.918462	 0.361423	 -0.643749	 -0.900714	 2.00168	 2.0016	 2.00168	 2.00147	 2.0017	 
21.36	 0.381	 -0.678	 -0.99	 0.377304	 -0.670968	 -0.97204	 0.373232	 -0.664276	 -0.954033	 0.369077	 -0.657666	 -0.936013	 0.365279	 -0.650732	 -0.918038	 0.361645	 -0.643642	 -0.900088	 2.01888	 2.01879	 2.01887	 2.01868	 2.01891	 
21.37	 0.381	 -0.678	 -0.99	 0.377395	 -0.671109	 -0.971848	 0.373288	 -0.664253	 -0.95379	 0.369063	 -0.657407	 -0.935755	 0.365311	 -0.650525	 -0.917631	 0.36178	 -0.643623	 -0.899468	 2.03555	 2.03545	 2.03553	 2.03535	 2.03557	 
21.38	 0.381	 -0.678	 -0.99	 0.377353	 -0.67126	 -0.971684	 0.373318	 -0.664235	 -0.953559	 0.369186	 -0.657142	 -0.935482	 0.365411	 -0.650314	 -0.917226	 0.361813	 -0.643608	 -0.898889	 2.05171	 2.05159	 2.05167	 2.05148	 2.0517	 
21.39	 0.381	 -0.678	 -0.99	 0.377206	 -0.67133	 -0.971578	 0.373318	 -0.664191	 -0.953354	 0.369403	 -0.656944	 -0.935177	 0.365573	 -0.650135	 -0.916815	 0.361789	 -0.643532	 -0.898367	 2.0672	 2.0671	 2.06716	 2.06697	 2.06719	 
21.4	 0.381	 -0.678	 -0.99	 0.377037	 -0.67128	 -0.971528	 0.373313	 -0.66412	 -0.953172	 0.369645	 -0.656859	 -0.934843	 0.365757	 -0.650016	 -0.916402	 0.361767	 -0.643369	 -0.897909	 2.08186	 2.08176	 2.08182	 2.08162	 2.08184	 
21.41	 0.381	 -0.678	 -0.99	 0.376938	 -0.671133	 -0.971505	 0.373338	 -0.664036	 -0.953003	 0.369846	 -0.656887	 -0.9345	 0.365922	 -0.649956	 -0.916001	 0.361797	 -0.64313	 -0.897506	 2.09545	 2.09536	 2.09543	 2.09521	 2.09542	 
21.42	 0.381	 -0.678	 -0.99	 0.376953	 -0.670943	 -0.971485	 0.3734	 -0.663954	 -0.952845	 0.369958	 -0.656976	 -0.934178	 0.366051	 -0.64993	 -0.915631	 0.361927	 -0.64286	 -0.897139	 2.10779	 2.10771	 2.10778	 2.10755	 2.10775	 
21.43	 0.381	 -0.678	 -0.99	 0.377075	 -0.670768	 -0.971448	 0.373485	 -0.663873	 -0.952701	 0.369975	 -0.65705	 -0.933912	 0.366149	 -0.649905	 -0.915307	 0.362172	 -0.642615	 -0.896789	 2.11877	 2.11868	 2.11875	 2.11851	 2.1187	 
21.44	 0.381	 -0.678	 -0.99	 0.377269	 -0.670664	 -0.97138	 0.373592	 -0.663805	 -0.952568	 0.369934	 -0.657054	 -0.933714	 0.366228	 -0.64985	 -0.915039	 0.362493	 -0.642437	 -0.896451	 2.12834	 2.12824	 2.1283	 2.12805	 2.12825	 
21.45	 0.381	 -0.678	 -0.99	 0.377481	 -0.670664	 -0.97128	 0.373714	 -0.663767	 -0.952442	 0.369893	 -0.656969	 -0.933579	 0.366306	 -0.649756	 -0.914826	 0.362825	 -0.642348	 -0.896127	 2.13652	 2.13641	 2.13646	 2.13622	 2.13643	 
21.46	 0.381	 -0.678	 -0.99	 0.377643	 -0.670759	 -0.971164	 0.373827	 -0.663759	 -0.952325	 0.369905	 -0.656814	 -0.933487	 0.366415	 -0.649638	 -0.914652	 0.363123	 -0.642353	 -0.895823	 2.14341	 2.14328	 2.14333	 2.1431	 2.14331	 
21.47	 0.381	 -0.678	 -0.99	 0.377711	 -0.670905	 -0.971056	 0.373917	 -0.66377	 -0.952223	 0.370006	 -0.656627	 -0.933416	 0.36657	 -0.649519	 -0.914505	 0.363357	 -0.642423	 -0.895549	 2.1491	 2.14896	 2.14901	 2.14879	 2.14899	 
21.48	 0.381	 -0.678	 -0.99	 0.377681	 -0.671045	 -0.970977	 0.373984	 -0.663783	 -0.95214	 0.3702	 -0.656454	 -0.933346	 0.366772	 -0.649413	 -0.914375	 0.363514	 -0.642502	 -0.895326	 2.15369	 2.15356	 2.15361	 2.15339	 2.15359	 
21.49	 0.381	 -0.678	 -0.99	 0.377576	 -0.671125	 -0.970941	 0.374033	 -0.663784	 -0.952079	 0.370464	 -0.656341	 -0.933262	 0.367012	 -0.649339	 -0.914256	 0.363618	 -0.64254	 -0.895165	 2.15728	 2.15716	 2.15721	 2.15699	 2.15719	 
21.5	 0.381	 -0.678	 -0.99	 0.377451	 -0.671118	 -0.970947	 0.374082	 -0.66377	 -0.952037	 0.370755	 -0.656318	 -0.93316	 0.367265	 -0.649312	 -0.914144	 0.363701	 -0.642512	 -0.895065	 2.15994	 2.15982	 2.15989	 2.15966	 2.15986	 
21.51	 0.381	 -0.678	 -0.99	 0.377367	 -0.671032	 -0.970982	 0.374148	 -0.663749	 -0.952008	 0.371021	 -0.656394	 -0.933046	 0.367502	 -0.649336	 -0.914041	 0.363806	 -0.642419	 -0.895017	 2.16173	 2.16162	 2.1617	 2.16146	 2.16165	 
21.52	 0.381	 -0.678	 -0.99	 0.37736	 -0.670889	 -0.971029	 0.374231	 -0.663721	 -0.951989	 0.371215	 -0.656536	 -0.932937	 0.367712	 -0.6494	 -0.913952	 0.363985	 -0.642296	 -0.894996	 2.1627	 2.16261	 2.16269	 2.16244	 2.16263	 
21.53	 0.381	 -0.678	 -0.99	 0.377443	 -0.670731	 -0.971072	 0.374329	 -0.663686	 -0.951983	 0.371318	 -0.656691	 -0.932858	 0.367887	 -0.649481	 -0.913887	 0.364259	 -0.642177	 -0.894987	 2.16285	 2.16277	 2.16285	 2.16259	 2.16278	 
21.54	 0.381	 -0.678	 -0.99	 0.377615	 -0.670617	 -0.971091	 0.374454	 -0.663664	 -0.951981	 0.371346	 -0.656807	 -0.932828	 0.368025	 -0.649542	 -0.913863	 0.364601	 -0.642091	 -0.894988	 2.16205	 2.16196	 2.16204	 2.16178	 2.16197	 
21.55	 0.381	 -0.678	 -0.99	 0.377834	 -0.670589	 -0.971078	 0.374594	 -0.663666	 -0.951986	 0.371336	 -0.656851	 -0.932857	 0.368143	 -0.649569	 -0.913892	 0.364978	 -0.642072	 -0.895005	 2.16001	 2.1599	 2.15997	 2.15971	 2.1599	 
21.56	 0.381	 -0.678	 -0.99	 0.378033	 -0.670653	 -0.971047	 0.374721	 -0.663691	 -0.952008	 0.371332	 -0.656816	 -0.932949	 0.368271	 -0.649573	 -0.913974	 0.365357	 -0.642158	 -0.895041	 2.15634	 2.15621	 2.15626	 2.15599	 2.15619	 
21.57	 0.381	 -0.678	 -0.99	 0.378165	 -0.670795	 -0.971013	 0.374831	 -0.66374	 -0.952052	 0.371389	 -0.656723	 -0.933095	 0.368428	 -0.649566	 -0.914112	 0.365685	 -0.642338	 -0.895122	 2.15067	 2.15052	 2.15055	 2.15027	 2.15047	 
21.58	 0.381	 -0.678	 -0.99	 0.378208	 -0.670976	 -0.970995	 0.374929	 -0.66381	 -0.952122	 0.371544	 -0.656615	 -0.933278	 0.368624	 -0.64956	 -0.914307	 0.36592	 -0.642563	 -0.895281	 2.14279	 2.14263	 2.14264	 2.14235	 2.14254	 
21.59	 0.381	 -0.678	 -0.99	 0.378153	 -0.671137	 -0.971015	 0.375009	 -0.663883	 -0.952225	 0.371796	 -0.656543	 -0.933479	 0.368866	 -0.649574	 -0.914549	 0.366071	 -0.642775	 -0.895535	 2.13273	 2.13257	 2.13259	 2.13228	 2.13246	 
21.6	 0.381	 -0.678	 -0.99	 0.378032	 -0.671219	 -0.971088	 0.375072	 -0.663941	 -0.952363	 0.37211	 -0.656551	 -0.933681	 0.369139	 -0.649631	 -0.914823	 0.36617	 -0.64293	 -0.895885	 2.12079	 2.12064	 2.12067	 2.12036	 2.12053	 
21.61	 0.381	 -0.678	 -0.99	 0.377909	 -0.671196	 -0.971211	 0.375133	 -0.66398	 -0.952528	 0.372425	 -0.656669	 -0.933872	 0.369414	 -0.649747	 -0.915115	 0.366268	 -0.643011	 -0.896312	 2.10742	 2.10729	 2.10734	 2.10704	 2.10721	 
21.62	 0.381	 -0.678	 -0.99	 0.377852	 -0.671082	 -0.971364	 0.375207	 -0.664003	 -0.95271	 0.372674	 -0.656886	 -0.934056	 0.36966	 -0.649919	 -0.915418	 0.366425	 -0.643028	 -0.896788	 2.09313	 2.09302	 2.0931	 2.0928	 2.09297	 
21.63	 0.381	 -0.678	 -0.99	 0.37791	 -0.670927	 -0.971518	 0.375305	 -0.664019	 -0.952899	 0.372811	 -0.657147	 -0.934252	 0.369854	 -0.650117	 -0.915734	 0.36668	 -0.643019	 -0.897276	 2.07832	 2.07822	 2.07832	 2.07803	 2.0782	 
21.64	 0.381	 -0.678	 -0.99	 0.378089	 -0.67081	 -0.971642	 0.375431	 -0.664044	 -0.953085	 0.372831	 -0.657373	 -0.934486	 0.369989	 -0.650299	 -0.916074	 0.36703	 -0.643039	 -0.897751	 2.06322	 2.06312	 2.06322	 2.06294	 2.06312	 
21.65	 0.381	 -0.678	 -0.99	 0.378336	 -0.670799	 -0.971718	 0.375569	 -0.664092	 -0.953265	 0.372781	 -0.657498	 -0.934774	 0.370086	 -0.650433	 -0.916445	 0.36743	 -0.643148	 -0.898196	 2.04785	 2.04774	 2.04784	 2.04757	 2.04776	 
21.66	 0.381	 -0.678	 -0.99	 0.378555	 -0.67092	 -0.971752	 0.375696	 -0.664171	 -0.95344	 0.372744	 -0.6575	 -0.935114	 0.370184	 -0.650516	 -0.916847	 0.367805	 -0.643382	 -0.898612	 2.0321	 2.03197	 2.03207	 2.0318	 2.032	 
21.67	 0.381	 -0.678	 -0.99	 0.378659	 -0.671139	 -0.971771	 0.375793	 -0.664277	 -0.953618	 0.372807	 -0.657422	 -0.935482	 0.370324	 -0.65057	 -0.91727	 0.368074	 -0.643715	 -0.899028	 2.01576	 2.01563	 2.01571	 2.01544	 2.01564	 
21.68	 0.381	 -0.678	 -0.99	 0.378613	 -0.671369	 -0.971813	 0.375857	 -0.664397	 -0.953807	 0.373015	 -0.657351	 -0.935843	 0.370521	 -0.650632	 -0.917705	 0.368196	 -0.644062	 -0.899489	 1.99862	 1.99848	 1.99855	 1.99826	 1.99846	 
21.69	 0.381	 -0.678	 -0.99	 0.378451	 -0.671502	 -0.971915	 0.375894	 -0.664501	 -0.95402	 0.37333	 -0.657385	 -0.936172	 0.370766	 -0.650743	 -0.918144	 0.368209	 -0.644329	 -0.900031	 1.98045	 1.9803	 1.98037	 1.98006	 1.98026	 
21.7	 0.381	 -0.678	 -0.99	 0.378275	 -0.671473	 -0.972088	 0.37592	 -0.664567	 -0.954267	 0.373644	 -0.657573	 -0.93647	 0.371013	 -0.650934	 -0.918588	 0.368217	 -0.644469	 -0.900666	 1.96101	 1.96087	 1.96094	 1.96062	 1.9608	 
21.71	 0.381	 -0.678	 -0.99	 0.378218	 -0.671312	 -0.972305	 0.375968	 -0.664604	 -0.954543	 0.373839	 -0.657891	 -0.936768	 0.371203	 -0.651195	 -0.919057	 0.368326	 -0.644513	 -0.901377	 1.94008	 1.93995	 1.94001	 1.93967	 1.93986	 
21.72	 0.381	 -0.678	 -0.99	 0.378353	 -0.671143	 -0.97251	 0.376061	 -0.664647	 -0.954835	 0.373851	 -0.658233	 -0.937119	 0.371302	 -0.651478	 -0.919579	 0.368588	 -0.644564	 -0.902124	 1.91744	 1.9173	 1.91736	 1.91701	 1.91719	 
21.73	 0.381	 -0.678	 -0.99	 0.378629	 -0.671113	 -0.972658	 0.376187	 -0.664729	 -0.955134	 0.373729	 -0.658463	 -0.937571	 0.371333	 -0.65172	 -0.920179	 0.368962	 -0.644747	 -0.902873	 1.89293	 1.89278	 1.89283	 1.89247	 1.89266	 
21.74	 0.381	 -0.678	 -0.99	 0.378881	 -0.671288	 -0.972743	 0.376306	 -0.664865	 -0.95544	 0.373623	 -0.65851	 -0.938128	 0.371368	 -0.651881	 -0.92086	 0.369316	 -0.645118	 -0.903618	 1.8666	 1.86642	 1.86647	 1.86611	 1.8663	 
21.75	 0.381	 -0.678	 -0.99	 0.37894	 -0.671596	 -0.972816	 0.376377	 -0.665035	 -0.955761	 0.373694	 -0.658438	 -0.938738	 0.371483	 -0.651988	 -0.921594	 0.369502	 -0.645604	 -0.904396	 1.83874	 1.83857	 1.83863	 1.83827	 1.83845	 
21.76	 0.381	 -0.678	 -0.99	 0.378765	 -0.67184	 -0.972952	 0.376391	 -0.665193	 -0.956107	 0.37398	 -0.658431	 -0.939313	 0.371697	 -0.652125	 -0.922328	 0.369482	 -0.646038	 -0.905252	 1.80999	 1.80984	 1.80993	 1.80957	 1.80975	 
21.77	 0.381	 -0.678	 -0.99	 0.378512	 -0.671847	 -0.973188	 0.37638	 -0.665297	 -0.956478	 0.374329	 -0.658649	 -0.939796	 0.371938	 -0.652372	 -0.923018	 0.369388	 -0.64628	 -0.906194	 1.78115	 1.78103	 1.78114	 1.78081	 1.781	 
21.78	 0.381	 -0.678	 -0.99	 0.378438	 -0.671642	 -0.973476	 0.376405	 -0.665349	 -0.956854	 0.374497	 -0.659068	 -0.940212	 0.372089	 -0.652722	 -0.923662	 0.369437	 -0.646351	 -0.907157	 1.75302	 1.7529	 1.75305	 1.75275	 1.75295	 
21.79	 0.381	 -0.678	 -0.99	 0.378658	 -0.671466	 -0.973704	 0.376495	 -0.665405	 -0.957203	 0.374378	 -0.659455	 -0.940654	 0.372093	 -0.653059	 -0.924297	 0.369722	 -0.646447	 -0.908037	 1.72608	 1.72597	 1.72614	 1.72586	 1.72608	 
21.8	 0.381	 -0.678	 -0.99	 0.37899	 -0.671567	 -0.973803	 0.376612	 -0.665523	 -0.957506	 0.374148	 -0.659575	 -0.941186	 0.372033	 -0.653261	 -0.924957	 0.370084	 -0.646765	 -0.908778	 1.70039	 1.70028	 1.70045	 1.70018	 1.70041	 
21.81	 0.381	 -0.678	 -0.99	 0.379095	 -0.671914	 -0.973832	 0.376674	 -0.665699	 -0.957783	 0.374128	 -0.659457	 -0.941764	 0.372067	 -0.653338	 -0.925629	 0.370245	 -0.647275	 -0.909443	 1.67556	 1.67544	 1.6756	 1.67531	 1.67554	 
21.82	 0.381	 -0.678	 -0.99	 0.378856	 -0.672181	 -0.973938	 0.37665	 -0.665857	 -0.958077	 0.374425	 -0.659414	 -0.942266	 0.372252	 -0.653446	 -0.926264	 0.370112	 -0.647712	 -0.910171	 1.65088	 1.65076	 1.65089	 1.65058	 1.65081	 
21.83	 0.381	 -0.678	 -0.99	 0.378566	 -0.6721	 -0.974188	 0.376607	 -0.665936	 -0.958411	 0.374758	 -0.659706	 -0.942646	 0.372457	 -0.653722	 -0.926847	 0.369936	 -0.647866	 -0.911033	 1.62565	 1.62551	 1.62562	 1.62528	 1.62551	 
21.84	 0.381	 -0.678	 -0.99	 0.37862	 -0.671824	 -0.974473	 0.376641	 -0.665972	 -0.958766	 0.374758	 -0.660193	 -0.94302	 0.372495	 -0.654107	 -0.927443	 0.370041	 -0.647873	 -0.911951	 1.59935	 1.5992	 1.59929	 1.59894	 1.59917	 
21.85	 0.381	 -0.678	 -0.99	 0.378987	 -0.671797	 -0.974628	 0.376748	 -0.666068	 -0.959105	 0.374456	 -0.660454	 -0.943548	 0.372376	 -0.654389	 -0.928133	 0.370398	 -0.6481	 -0.912793	 1.57183	 1.57167	 1.57176	 1.5714	 1.57162	 
21.86	 0.381	 -0.678	 -0.99	 0.379174	 -0.672161	 -0.974665	 0.376812	 -0.666262	 -0.959428	 0.374319	 -0.66035	 -0.944216	 0.372331	 -0.654493	 -0.928911	 0.370595	 -0.648658	 -0.913566	 1.54326	 1.54311	 1.54321	 1.54283	 1.54305	 
21.87	 0.381	 -0.678	 -0.99	 0.378896	 -0.672479	 -0.974789	 0.37676	 -0.666447	 -0.959779	 0.374614	 -0.660292	 -0.944819	 0.372497	 -0.654615	 -0.92967	 0.370399	 -0.64918	 -0.914429	 1.51408	 1.51394	 1.51406	 1.51369	 1.51391	 
21.88	 0.381	 -0.678	 -0.99	 0.378583	 -0.672333	 -0.975097	 0.376694	 -0.666521	 -0.960176	 0.374934	 -0.660671	 -0.945252	 0.372676	 -0.654957	 -0.930345	 0.37017	 -0.649316	 -0.915448	 1.48483	 1.48468	 1.48481	 1.48447	 1.48471	 
21.89	 0.381	 -0.678	 -0.99	 0.378775	 -0.672045	 -0.975387	 0.376746	 -0.666558	 -0.960564	 0.374769	 -0.661185	 -0.945691	 0.372608	 -0.655369	 -0.931015	 0.37035	 -0.649334	 -0.91644	 1.45602	 1.45588	 1.45602	 1.45571	 1.45596	 
21.9	 0.381	 -0.678	 -0.99	 0.379167	 -0.67223	 -0.975458	 0.376846	 -0.666708	 -0.960889	 0.374408	 -0.661249	 -0.946315	 0.372431	 -0.655554	 -0.931764	 0.370686	 -0.649737	 -0.91723	 1.42806	 1.42794	 1.4281	 1.42779	 1.42804	 
21.91	 0.381	 -0.678	 -0.99	 0.379037	 -0.67268	 -0.975493	 0.376817	 -0.66692	 -0.961194	 0.374532	 -0.661052	 -0.946947	 0.372493	 -0.655595	 -0.932503	 0.370584	 -0.650346	 -0.917964	 1.40119	 1.40109	 1.40127	 1.40096	 1.40121	 
21.92	 0.381	 -0.678	 -0.99	 0.378616	 -0.672636	 -0.975755	 0.376713	 -0.667004	 -0.961543	 0.374929	 -0.661304	 -0.94734	 0.372696	 -0.655854	 -0.933106	 0.370237	 -0.650537	 -0.918856	 1.3755	 1.37537	 1.37555	 1.37525	 1.37551	 
21.93	 0.381	 -0.678	 -0.99	 0.378754	 -0.672276	 -0.976051	 0.376745	 -0.667004	 -0.96189	 0.374797	 -0.661843	 -0.947678	 0.372629	 -0.656259	 -0.933661	 0.370344	 -0.650462	 -0.919748	 1.35083	 1.35069	 1.35086	 1.35057	 1.35085	 
21.94	 0.381	 -0.678	 -0.99	 0.379178	 -0.672466	 -0.976083	 0.376847	 -0.667139	 -0.962162	 0.37439	 -0.661867	 -0.94824	 0.37241	 -0.656402	 -0.934319	 0.370674	 -0.650834	 -0.920404	 1.32697	 1.32685	 1.32703	 1.32672	 1.32698	 
21.95	 0.381	 -0.678	 -0.99	 0.378954	 -0.67292	 -0.976105	 0.376784	 -0.667345	 -0.962421	 0.374579	 -0.661648	 -0.948792	 0.372489	 -0.656414	 -0.934962	 0.370463	 -0.651418	 -0.921034	 1.30382	 1.30371	 1.30388	 1.30355	 1.30381	 
21.96	 0.381	 -0.678	 -0.99	 0.378564	 -0.672723	 -0.976403	 0.376672	 -0.667388	 -0.962743	 0.374914	 -0.662036	 -0.94907	 0.372644	 -0.656736	 -0.935455	 0.370114	 -0.651469	 -0.921872	 1.28132	 1.28118	 1.28134	 1.28104	 1.28132	 
21.97	 0.381	 -0.678	 -0.99	 0.378915	 -0.672447	 -0.976611	 0.376742	 -0.667405	 -0.963036	 0.37455	 -0.662492	 -0.949416	 0.372437	 -0.657097	 -0.935969	 0.370361	 -0.651455	 -0.922616	 1.25953	 1.25939	 1.25956	 1.25926	 1.25954	 
21.98	 0.381	 -0.678	 -0.99	 0.379141	 -0.67289	 -0.976551	 0.376782	 -0.667598	 -0.963253	 0.374296	 -0.662265	 -0.949993	 0.372276	 -0.6571	 -0.93659	 0.370498	 -0.652018	 -0.92312	 1.23861	 1.2385	 1.23869	 1.23837	 1.23863	 
21.99	 0.381	 -0.678	 -0.99	 0.378639	 -0.673067	 -0.976705	 0.376633	 -0.667724	 -0.963511	 0.374714	 -0.662277	 -0.950346	 0.37246	 -0.657211	 -0.937083	 0.370039	 -0.652347	 -0.923773	 1.21879	 1.21868	 1.21886	 1.21856	 1.21885	 
22	 0.381	 -0.678	 -0.99	 0.37867	 -0.672628	 -0.977004	 0.376613	 -0.667684	 -0.963796	 0.374627	 -0.662847	 -0.950535	 0.372387	 -0.657606	 -0.937472	 0.370011	 -0.65216	 -0.924515	 1.20021	 1.20007	 1.20026	 1.19999	 1.20029	 
22.01	 0.381	 -0.678	 -0.99	 0.379121	 -0.672844	 -0.976968	 0.376704	 -0.667798	 -0.963982	 0.374152	 -0.662784	 -0.951009	 0.372103	 -0.657668	 -0.937989	 0.370315	 -0.652495	 -0.92495	 1.18294	 1.18284	 1.18304	 1.18274	 1.18303	 
22.02	 0.381	 -0.678	 -0.99	 0.378725	 -0.67323	 -0.976997	 0.376582	 -0.667955	 -0.964167	 0.374469	 -0.662555	 -0.951384	 0.372226	 -0.657627	 -0.938435	 0.369922	 -0.652949	 -0.925402	 1.16715	 1.16706	 1.16727	 1.16698	 1.16728	 
22.03	 0.381	 -0.678	 -0.99	 0.378542	 -0.672802	 -0.977297	 0.376503	 -0.667904	 -0.964403	 0.374569	 -0.66308	 -0.951464	 0.37224	 -0.657973	 -0.938701	 0.369703	 -0.652724	 -0.926034	 1.15305	 1.15293	 1.15313	 1.15288	 1.15319	 
22.04	 0.381	 -0.678	 -0.99	 0.379044	 -0.672863	 -0.977273	 0.376592	 -0.667964	 -0.96454	 0.374017	 -0.663127	 -0.951805	 0.371905	 -0.658065	 -0.939074	 0.370032	 -0.652883	 -0.926352	 1.14076	 1.14067	 1.14089	 1.14062	 1.14092	 
22.05	 0.381	 -0.678	 -0.99	 0.378718	 -0.673314	 -0.977227	 0.376473	 -0.668115	 -0.964648	 0.374236	 -0.662787	 -0.952121	 0.371963	 -0.657939	 -0.939408	 0.369678	 -0.653341	 -0.926602	 1.13048	 1.1304	 1.13063	 1.13037	 1.13067	 
22.06	 0.381	 -0.678	 -0.99	 0.378455	 -0.672896	 -0.977499	 0.376363	 -0.668043	 -0.964816	 0.374387	 -0.663251	 -0.95209	 0.371989	 -0.658224	 -0.939529	 0.369368	 -0.65308	 -0.927059	 1.12218	 1.12207	 1.12228	 1.12206	 1.12237	 
22.07	 0.381	 -0.678	 -0.99	 0.378963	 -0.672906	 -0.97745	 0.376446	 -0.668073	 -0.964885	 0.373809	 -0.663308	 -0.952316	 0.371624	 -0.658299	 -0.939758	 0.369673	 -0.65316	 -0.927212	 1.11549	 1.1154	 1.11562	 1.11536	 1.11567	 
22.08	 0.381	 -0.678	 -0.99	 0.378641	 -0.673363	 -0.977369	 0.376321	 -0.668216	 -0.964931	 0.374007	 -0.662941	 -0.952545	 0.371658	 -0.658142	 -0.939974	 0.369296	 -0.653595	 -0.92731	 1.10993	 1.10984	 1.11003	 1.10976	 1.11006	 
22.09	 0.381	 -0.678	 -0.99	 0.378386	 -0.672934	 -0.977623	 0.376208	 -0.668135	 -0.965057	 0.374142	 -0.663401	 -0.952447	 0.371666	 -0.658417	 -0.94001	 0.368973	 -0.653307	 -0.927667	 1.1049	 1.10477	 1.10493	 1.10467	 1.10497	 
22.1	 0.381	 -0.678	 -0.99	 0.378892	 -0.672972	 -0.977547	 0.376287	 -0.668168	 -0.9651	 0.373558	 -0.663423	 -0.952655	 0.371291	 -0.658465	 -0.940203	 0.369267	 -0.653394	 -0.927753	 1.09998	 1.09986	 1.10002	 1.09972	 1.10001	 
22.11	 0.381	 -0.678	 -0.99	 0.378523	 -0.673401	 -0.977483	 0.376144	 -0.668296	 -0.965145	 0.373788	 -0.663062	 -0.952855	 0.37134	 -0.658298	 -0.940396	 0.36885	 -0.653783	 -0.92785	 1.09525	 1.09514	 1.09531	 1.095	 1.09528	 
22.12	 0.381	 -0.678	 -0.99	 0.37833	 -0.672929	 -0.977736	 0.376044	 -0.668183	 -0.965266	 0.373858	 -0.663519	 -0.952748	 0.371312	 -0.658549	 -0.940417	 0.368575	 -0.653424	 -0.928189	 1.09125	 1.09112	 1.09129	 1.09103	 1.09134	 
22.13	 0.381	 -0.678	 -0.99	 0.37882	 -0.673032	 -0.977615	 0.376119	 -0.668208	 -0.965277	 0.373286	 -0.663423	 -0.952952	 0.370938	 -0.658504	 -0.940579	 0.368845	 -0.653512	 -0.928188	 1.08877	 1.08868	 1.08888	 1.08863	 1.08894	 
22.14	 0.381	 -0.678	 -0.99	 0.378378	 -0.673389	 -0.977563	 0.375951	 -0.668295	 -0.965277	 0.37357	 -0.663079	 -0.953032	 0.371005	 -0.658312	 -0.940643	 0.368348	 -0.653784	 -0.928182	 1.08869	 1.08862	 1.08886	 1.08865	 1.08896	 
22.15	 0.381	 -0.678	 -0.99	 0.378279	 -0.672882	 -0.977764	 0.375859	 -0.668155	 -0.96531	 0.373518	 -0.663526	 -0.952803	 0.370896	 -0.658529	 -0.940496	 0.368122	 -0.653343	 -0.928298	 1.09155	 1.09148	 1.09172	 1.09156	 1.0919	 
22.16	 0.381	 -0.678	 -0.99	 0.378715	 -0.673065	 -0.97756	 0.375903	 -0.668182	 -0.965207	 0.372958	 -0.663315	 -0.952878	 0.370507	 -0.658399	 -0.940461	 0.368316	 -0.653454	 -0.928005	 1.09734	 1.0973	 1.09755	 1.09738	 1.09771	 
22.17	 0.381	 -0.678	 -0.99	 0.378219	 -0.673342	 -0.977494	 0.375707	 -0.668233	 -0.965109	 0.37326	 -0.66301	 -0.952756	 0.370564	 -0.658207	 -0.940287	 0.367743	 -0.653628	 -0.927759	 1.10562	 1.10556	 1.1058	 1.10561	 1.10595	 
22.18	 0.381	 -0.678	 -0.99	 0.378185	 -0.672828	 -0.977633	 0.375623	 -0.668076	 -0.965046	 0.373127	 -0.663429	 -0.952405	 0.370397	 -0.658388	 -0.939966	 0.367541	 -0.653145	 -0.927637	 1.11554	 1.11544	 1.11565	 1.11546	 1.11579	 
22.19	 0.381	 -0.678	 -0.99	 0.378589	 -0.673029	 -0.97739	 0.375655	 -0.668089	 -0.96488	 0.372589	 -0.66316	 -0.952396	 0.370011	 -0.658201	 -0.939816	 0.36769	 -0.653225	 -0.92719	 1.12618	 1.1261	 1.12629	 1.12605	 1.12635	 
22.2	 0.381	 -0.678	 -0.99	 0.378105	 -0.673283	 -0.977317	 0.375463	 -0.668113	 -0.964757	 0.372882	 -0.662829	 -0.95223	 0.370061	 -0.657967	 -0.939587	 0.36712	 -0.653329	 -0.926885	 1.13696	 1.13686	 1.13702	 1.13676	 1.13706	 
22.21	 0.381	 -0.678	 -0.99	 0.378041	 -0.672778	 -0.977454	 0.375371	 -0.667942	 -0.964691	 0.372777	 -0.663203	 -0.951875	 0.36991	 -0.658097	 -0.939261	 0.366897	 -0.652805	 -0.926757	 1.14763	 1.1475	 1.14765	 1.14741	 1.14771	 
22.22	 0.381	 -0.678	 -0.99	 0.378458	 -0.672907	 -0.977232	 0.375403	 -0.667924	 -0.964535	 0.37222	 -0.662972	 -0.951855	 0.369517	 -0.657914	 -0.939108	 0.367064	 -0.652797	 -0.926332	 1.15842	 1.15833	 1.15848	 1.15823	 1.15853	 
22.23	 0.381	 -0.678	 -0.99	 0.378045	 -0.673219	 -0.977118	 0.375228	 -0.667953	 -0.964395	 0.372445	 -0.662565	 -0.951715	 0.36953	 -0.65763	 -0.938882	 0.366552	 -0.652933	 -0.925973	 1.17002	 1.16993	 1.17011	 1.16988	 1.17018	 
22.24	 0.381	 -0.678	 -0.99	 0.37785	 -0.672756	 -0.97725	 0.375105	 -0.667784	 -0.9643	 0.372461	 -0.66288	 -0.951301	 0.369438	 -0.657719	 -0.938487	 0.366216	 -0.65243	 -0.925772	 1.18314	 1.18305	 1.18325	 1.18308	 1.1834	 
22.25	 0.381	 -0.678	 -0.99	 0.37829	 -0.672715	 -0.977056	 0.375138	 -0.667716	 -0.964099	 0.371876	 -0.662789	 -0.951139	 0.369025	 -0.657594	 -0.938188	 0.366388	 -0.652258	 -0.925248	 1.19839	 1.19833	 1.19855	 1.19839	 1.19871	 
22.26	 0.381	 -0.678	 -0.99	 0.378053	 -0.673109	 -0.976826	 0.374999	 -0.667749	 -0.963862	 0.371916	 -0.662271	 -0.950952	 0.36893	 -0.657232	 -0.937843	 0.366001	 -0.65242	 -0.924634	 1.21603	 1.21598	 1.21621	 1.21606	 1.21638	 
22.27	 0.381	 -0.678	 -0.99	 0.377653	 -0.672799	 -0.976898	 0.374814	 -0.667598	 -0.963677	 0.372102	 -0.662395	 -0.950428	 0.368912	 -0.657191	 -0.937288	 0.365476	 -0.651991	 -0.924206	 1.23589	 1.23583	 1.23606	 1.23592	 1.23624	 
22.28	 0.381	 -0.678	 -0.99	 0.377988	 -0.672485	 -0.976788	 0.374809	 -0.667441	 -0.963428	 0.371591	 -0.662517	 -0.950031	 0.36853	 -0.657149	 -0.93677	 0.365545	 -0.651553	 -0.923583	 1.25747	 1.25741	 1.25761	 1.25746	 1.25778	 
22.29	 0.381	 -0.678	 -0.99	 0.37809	 -0.672833	 -0.976462	 0.374746	 -0.667451	 -0.963111	 0.371294	 -0.662017	 -0.949806	 0.36825	 -0.656786	 -0.936323	 0.365419	 -0.651654	 -0.922754	 1.28012	 1.28006	 1.28025	 1.28007	 1.28037	 
22.3	 0.381	 -0.678	 -0.99	 0.377603	 -0.672891	 -0.976387	 0.374536	 -0.667389	 -0.962849	 0.371551	 -0.661787	 -0.949333	 0.368258	 -0.656556	 -0.935742	 0.364811	 -0.651517	 -0.922113	 1.30331	 1.30322	 1.30338	 1.3032	 1.30349	 
22.31	 0.381	 -0.678	 -0.99	 0.377545	 -0.672432	 -0.976412	 0.374434	 -0.667193	 -0.962613	 0.371411	 -0.662036	 -0.948763	 0.368068	 -0.65657	 -0.935107	 0.36456	 -0.650952	 -0.921552	 1.32661	 1.32651	 1.32666	 1.32647	 1.32676	 
22.32	 0.381	 -0.678	 -0.99	 0.37792	 -0.672382	 -0.976174	 0.374444	 -0.667093	 -0.962313	 0.370873	 -0.661891	 -0.948442	 0.367676	 -0.656381	 -0.934601	 0.364666	 -0.650711	 -0.920779	 1.34987	 1.34978	 1.34993	 1.34973	 1.35001	 
22.33	 0.381	 -0.678	 -0.99	 0.377816	 -0.672728	 -0.975895	 0.374339	 -0.66709	 -0.962003	 0.37079	 -0.661367	 -0.948163	 0.367516	 -0.655988	 -0.93412	 0.364387	 -0.650782	 -0.919977	 1.37312	 1.37304	 1.37318	 1.37298	 1.37327	 
22.34	 0.381	 -0.678	 -0.99	 0.377372	 -0.672648	 -0.975864	 0.374151	 -0.666982	 -0.961752	 0.37103	 -0.661238	 -0.947648	 0.367529	 -0.65579	 -0.933518	 0.363836	 -0.650496	 -0.919376	 1.39648	 1.39639	 1.39653	 1.39634	 1.39662	 
22.35	 0.381	 -0.678	 -0.99	 0.377382	 -0.672217	 -0.97586	 0.374076	 -0.666785	 -0.961506	 0.37085	 -0.661439	 -0.947101	 0.367333	 -0.655763	 -0.932893	 0.363665	 -0.649924	 -0.918787	 1.42004	 1.41996	 1.42011	 1.41992	 1.4202	 
22.36	 0.381	 -0.678	 -0.99	 0.377727	 -0.672162	 -0.975625	 0.374088	 -0.66668	 -0.961198	 0.370363	 -0.661289	 -0.946758	 0.366982	 -0.655564	 -0.932363	 0.363771	 -0.649667	 -0.917997	 1.44395	 1.44388	 1.44403	 1.44385	 1.44413	 
22.37	 0.381	 -0.678	 -0.99	 0.377697	 -0.672472	 -0.975334	 0.374013	 -0.666667	 -0.960868	 0.370233	 -0.660797	 -0.946452	 0.366811	 -0.655189	 -0.931845	 0.363572	 -0.649708	 -0.917146	 1.46833	 1.46826	 1.46841	 1.46824	 1.46852	 
22.38	 0.381	 -0.678	 -0.99	 0.377296	 -0.672507	 -0.975237	 0.373848	 -0.666585	 -0.960579	 0.370458	 -0.660556	 -0.945949	 0.366823	 -0.654932	 -0.931219	 0.363072	 -0.649512	 -0.916439	 1.4933	 1.49323	 1.49339	 1.49323	 1.49351	 
22.39	 0.381	 -0.678	 -0.99	 0.377137	 -0.672138	 -0.975233	 0.373741	 -0.666398	 -0.960305	 0.370457	 -0.660684	 -0.945341	 0.36673	 -0.654854	 -0.930528	 0.362781	 -0.648972	 -0.91579	 1.51899	 1.51893	 1.51908	 1.51893	 1.51922	 
22.4	 0.381	 -0.678	 -0.99	 0.377396	 -0.671878	 -0.97508	 0.373737	 -0.666233	 -0.959988	 0.370067	 -0.660702	 -0.944854	 0.366443	 -0.654721	 -0.929882	 0.36284	 -0.648516	 -0.914995	 1.54546	 1.5454	 1.54556	 1.54541	 1.5457	 
22.41	 0.381	 -0.678	 -0.99	 0.377608	 -0.672022	 -0.974776	 0.373725	 -0.666165	 -0.959623	 0.369723	 -0.66034	 -0.944487	 0.36618	 -0.654398	 -0.929284	 0.362866	 -0.648395	 -0.914051	 1.57269	 1.57263	 1.57278	 1.57264	 1.57292	 
22.42	 0.381	 -0.678	 -0.99	 0.377429	 -0.672263	 -0.974525	 0.373622	 -0.666125	 -0.959261	 0.369755	 -0.659891	 -0.944051	 0.366106	 -0.654031	 -0.92864	 0.362571	 -0.648355	 -0.913132	 1.60051	 1.60044	 1.60058	 1.60044	 1.60072	 
22.43	 0.381	 -0.678	 -0.99	 0.377078	 -0.672198	 -0.974431	 0.37348	 -0.666011	 -0.958933	 0.369957	 -0.659728	 -0.943455	 0.366123	 -0.653804	 -0.927911	 0.362141	 -0.648061	 -0.912334	 1.62862	 1.62854	 1.62868	 1.62853	 1.6288	 
22.44	 0.381	 -0.678	 -0.99	 0.376966	 -0.671858	 -0.974387	 0.373399	 -0.665827	 -0.958618	 0.369942	 -0.659817	 -0.942816	 0.36604	 -0.653698	 -0.927161	 0.36192	 -0.647532	 -0.911579	 1.65667	 1.6566	 1.65673	 1.65657	 1.65683	 
22.45	 0.381	 -0.678	 -0.99	 0.377173	 -0.671595	 -0.974239	 0.373398	 -0.665654	 -0.958285	 0.369636	 -0.659823	 -0.942286	 0.365822	 -0.65355	 -0.92647	 0.361978	 -0.647062	 -0.910746	 1.68437	 1.68429	 1.68441	 1.68424	 1.6845	 
22.46	 0.381	 -0.678	 -0.99	 0.377411	 -0.67163	 -0.973972	 0.373409	 -0.665553	 -0.957929	 0.369309	 -0.659548	 -0.941883	 0.365599	 -0.653265	 -0.925849	 0.362078	 -0.646844	 -0.909826	 1.71151	 1.71142	 1.71153	 1.71135	 1.71161	 
22.47	 0.381	 -0.678	 -0.99	 0.3774	 -0.671844	 -0.973701	 0.373365	 -0.665501	 -0.957577	 0.369227	 -0.659119	 -0.941494	 0.365503	 -0.652911	 -0.925243	 0.361983	 -0.646784	 -0.908915	 1.73801	 1.73792	 1.73801	 1.73784	 1.7381	 
22.48	 0.381	 -0.678	 -0.99	 0.377146	 -0.671953	 -0.973532	 0.373269	 -0.665435	 -0.957251	 0.369388	 -0.658806	 -0.941016	 0.365533	 -0.65262	 -0.924601	 0.361695	 -0.64665	 -0.908101	 1.7639	 1.7638	 1.7639	 1.76373	 1.76398	 
22.49	 0.381	 -0.678	 -0.99	 0.376889	 -0.67181	 -0.973465	 0.373182	 -0.665312	 -0.956954	 0.36957	 -0.658738	 -0.940451	 0.365579	 -0.652453	 -0.923923	 0.361408	 -0.646314	 -0.907384	 1.78921	 1.78912	 1.78923	 1.78905	 1.7893	 
22.5	 0.381	 -0.678	 -0.99	 0.376844	 -0.671514	 -0.973411	 0.373152	 -0.665151	 -0.956665	 0.369569	 -0.658813	 -0.939886	 0.365544	 -0.652356	 -0.923255	 0.361306	 -0.645847	 -0.906694	 1.81396	 1.81389	 1.81399	 1.81381	 1.81406	 
22.51	 0.381	 -0.678	 -0.99	 0.377022	 -0.671281	 -0.973285	 0.373179	 -0.665004	 -0.956368	 0.369367	 -0.658827	 -0.939406	 0.365421	 -0.652229	 -0.922636	 0.361411	 -0.645431	 -0.90596	 1.83807	 1.838	 1.8381	 1.83792	 1.83817	 
22.52	 0.381	 -0.678	 -0.99	 0.377255	 -0.671251	 -0.973074	 0.373218	 -0.664906	 -0.95606	 0.369115	 -0.658655	 -0.939027	 0.365288	 -0.652019	 -0.922076	 0.36159	 -0.645198	 -0.905169	 1.86139	 1.86131	 1.8614	 1.86122	 1.86147	 
22.53	 0.381	 -0.678	 -0.99	 0.377361	 -0.671395	 -0.972834	 0.373232	 -0.664855	 -0.955755	 0.368993	 -0.658332	 -0.938696	 0.365225	 -0.651749	 -0.921551	 0.361681	 -0.645131	 -0.90437	 1.88372	 1.88362	 1.8837	 1.88352	 1.88376	 
22.54	 0.381	 -0.678	 -0.99	 0.377276	 -0.671565	 -0.972636	 0.373213	 -0.664817	 -0.95547	 0.369074	 -0.657999	 -0.938348	 0.365263	 -0.651481	 -0.921036	 0.36161	 -0.645103	 -0.903636	 1.90488	 1.90477	 1.90484	 1.90465	 1.90489	 
22.55	 0.381	 -0.678	 -0.99	 0.377069	 -0.671615	 -0.972521	 0.373176	 -0.664756	 -0.955215	 0.369291	 -0.657789	 -0.93795	 0.365372	 -0.651274	 -0.920518	 0.361444	 -0.644974	 -0.903008	 1.92476	 1.92465	 1.92472	 1.92452	 1.92474	 
22.56	 0.381	 -0.678	 -0.99	 0.376879	 -0.671492	 -0.972477	 0.373146	 -0.664657	 -0.954992	 0.369503	 -0.657747	 -0.937518	 0.365493	 -0.651146	 -0.920005	 0.361314	 -0.644697	 -0.902474	 1.94334	 1.94324	 1.94331	 1.94309	 1.94331	 
22.57	 0.381	 -0.678	 -0.99	 0.37683	 -0.671259	 -0.972451	 0.373155	 -0.664537	 -0.954786	 0.369595	 -0.657817	 -0.937096	 0.365567	 -0.651077	 -0.919515	 0.361317	 -0.644334	 -0.901987	 1.96072	 1.96063	 1.96071	 1.96049	 1.9607	 
22.58	 0.381	 -0.678	 -0.99	 0.37695	 -0.671038	 -0.972391	 0.373209	 -0.664424	 -0.954581	 0.36954	 -0.657888	 -0.936727	 0.365576	 -0.65102	 -0.919063	 0.36147	 -0.643999	 -0.90149	 1.97713	 1.97706	 1.97714	 1.97692	 1.97714	 
22.59	 0.381	 -0.678	 -0.99	 0.377164	 -0.67093	 -0.972272	 0.373284	 -0.66434	 -0.95437	 0.369397	 -0.657861	 -0.936429	 0.365553	 -0.650929	 -0.91865	 0.361724	 -0.643783	 -0.900951	 1.99289	 1.99281	 1.9929	 1.9927	 1.99292	 
22.6	 0.381	 -0.678	 -0.99	 0.377363	 -0.670972	 -0.972103	 0.373358	 -0.664292	 -0.954151	 0.369276	 -0.657698	 -0.936185	 0.365547	 -0.650775	 -0.918267	 0.361978	 -0.643694	 -0.900377	 2.00829	 2.0082	 2.00829	 2.00811	 2.00834	 
22.61	 0.381	 -0.678	 -0.99	 0.377463	 -0.671118	 -0.971917	 0.373425	 -0.664272	 -0.953926	 0.369272	 -0.657438	 -0.935957	 0.365593	 -0.650567	 -0.917899	 0.362137	 -0.643674	 -0.899805	 2.02353	 2.02343	 2.02352	 2.02335	 2.02358	 
22.62	 0.381	 -0.678	 -0.99	 0.377425	 -0.67127	 -0.97176	 0.373465	 -0.664252	 -0.95371	 0.369409	 -0.657168	 -0.935706	 0.36571	 -0.650351	 -0.917524	 0.362186	 -0.643658	 -0.89926	 2.03862	 2.03851	 2.0386	 2.03842	 2.03865	 
22.63	 0.381	 -0.678	 -0.99	 0.377277	 -0.67134	 -0.971659	 0.373471	 -0.664212	 -0.953512	 0.369641	 -0.656976	 -0.935413	 0.365887	 -0.650181	 -0.917129	 0.362175	 -0.643592	 -0.89876	 2.05336	 2.05326	 2.05333	 2.05316	 2.05338	 
22.64	 0.381	 -0.678	 -0.99	 0.377108	 -0.671292	 -0.971611	 0.373471	 -0.664151	 -0.953334	 0.369894	 -0.65691	 -0.935083	 0.366083	 -0.650078	 -0.916724	 0.362163	 -0.643441	 -0.898315	 2.06744	 2.06734	 2.06742	 2.06722	 2.06743	 
22.65	 0.381	 -0.678	 -0.99	 0.377015	 -0.67114	 -0.971593	 0.373502	 -0.664071	 -0.95317	 0.370099	 -0.656953	 -0.934745	 0.366255	 -0.650033	 -0.916332	 0.362205	 -0.643211	 -0.897926	 2.0805	 2.08041	 2.08048	 2.08026	 2.08047	 
22.66	 0.381	 -0.678	 -0.99	 0.377043	 -0.670941	 -0.971578	 0.373571	 -0.663982	 -0.953022	 0.370209	 -0.657045	 -0.934437	 0.366388	 -0.650012	 -0.915978	 0.362353	 -0.642939	 -0.897579	 2.09225	 2.09216	 2.09222	 2.09199	 2.09219	 
22.67	 0.381	 -0.678	 -0.99	 0.377181	 -0.670769	 -0.971542	 0.373666	 -0.663903	 -0.952886	 0.37022	 -0.657115	 -0.934188	 0.366487	 -0.64998	 -0.915677	 0.362617	 -0.642688	 -0.897254	 2.10251	 2.10242	 2.10248	 2.10224	 2.10244	 
22.68	 0.381	 -0.678	 -0.99	 0.377385	 -0.670682	 -0.971472	 0.373776	 -0.663844	 -0.952762	 0.370173	 -0.657114	 -0.93401	 0.366568	 -0.649927	 -0.915431	 0.362957	 -0.642528	 -0.896935	 2.11129	 2.11119	 2.11125	 2.111	 2.1112	 
22.69	 0.381	 -0.678	 -0.99	 0.377594	 -0.670702	 -0.971372	 0.373895	 -0.663816	 -0.952643	 0.370132	 -0.657027	 -0.933892	 0.366653	 -0.649848	 -0.915233	 0.3633	 -0.642486	 -0.896621	 2.11871	 2.11859	 2.11865	 2.11841	 2.11861	 
22.7	 0.381	 -0.678	 -0.99	 0.377744	 -0.670818	 -0.971255	 0.374005	 -0.663821	 -0.952532	 0.370159	 -0.65687	 -0.933812	 0.36677	 -0.649744	 -0.915072	 0.363592	 -0.642532	 -0.896326	 2.12493	 2.12481	 2.12487	 2.12464	 2.12484	 
22.71	 0.381	 -0.678	 -0.99	 0.377791	 -0.670978	 -0.97115	 0.374094	 -0.663842	 -0.952433	 0.370285	 -0.656682	 -0.933748	 0.366937	 -0.649625	 -0.914937	 0.363805	 -0.642613	 -0.896071	 2.13013	 2.13	 2.13006	 2.12984	 2.13004	 
22.72	 0.381	 -0.678	 -0.99	 0.377738	 -0.67111	 -0.97108	 0.37416	 -0.663855	 -0.952356	 0.370508	 -0.656515	 -0.933678	 0.367153	 -0.64952	 -0.914816	 0.363941	 -0.642682	 -0.895869	 2.13438	 2.13424	 2.1343	 2.13408	 2.13429	 
22.73	 0.381	 -0.678	 -0.99	 0.377616	 -0.671166	 -0.971058	 0.374208	 -0.663849	 -0.952303	 0.370793	 -0.656424	 -0.933591	 0.367404	 -0.649458	 -0.9147	 0.364033	 -0.642704	 -0.895728	 2.13764	 2.13752	 2.13757	 2.13735	 2.13755	 
22.74	 0.381	 -0.678	 -0.99	 0.377491	 -0.67113	 -0.971078	 0.374257	 -0.663833	 -0.952269	 0.371087	 -0.65644	 -0.933485	 0.367663	 -0.649455	 -0.914592	 0.364124	 -0.642661	 -0.89565	 2.13983	 2.13971	 2.13978	 2.13953	 2.13973	 
22.75	 0.381	 -0.678	 -0.99	 0.377429	 -0.671016	 -0.971125	 0.37433	 -0.66381	 -0.95225	 0.371337	 -0.656552	 -0.933378	 0.367897	 -0.649503	 -0.914505	 0.364253	 -0.642556	 -0.895631	 2.14082	 2.14071	 2.14078	 2.14052	 2.14071	 
22.76	 0.381	 -0.678	 -0.99	 0.377462	 -0.670856	 -0.971181	 0.374425	 -0.663778	 -0.95225	 0.3715	 -0.656711	 -0.933298	 0.368094	 -0.649578	 -0.914452	 0.364469	 -0.642421	 -0.895656	 2.14047	 2.14038	 2.14044	 2.14017	 2.14036	 
22.77	 0.381	 -0.678	 -0.99	 0.377588	 -0.670706	 -0.971228	 0.374534	 -0.663746	 -0.95227	 0.371564	 -0.656858	 -0.933271	 0.368257	 -0.649654	 -0.914448	 0.364789	 -0.642307	 -0.895708	 2.13865	 2.13855	 2.13861	 2.13833	 2.1385	 
22.78	 0.381	 -0.678	 -0.99	 0.377791	 -0.670627	 -0.971248	 0.374664	 -0.663734	 -0.952301	 0.371562	 -0.656951	 -0.93331	 0.368387	 -0.649713	 -0.914503	 0.365171	 -0.642263	 -0.895783	 2.13521	 2.1351	 2.13515	 2.13486	 2.13504	 
22.79	 0.381	 -0.678	 -0.99	 0.378021	 -0.670654	 -0.971236	 0.37481	 -0.66376	 -0.95234	 0.371547	 -0.656969	 -0.933416	 0.368503	 -0.649747	 -0.914617	 0.365556	 -0.642326	 -0.895879	 2.13007	 2.12995	 2.12999	 2.1297	 2.12989	 
22.8	 0.381	 -0.678	 -0.99	 0.3782	 -0.670781	 -0.971208	 0.374939	 -0.663817	 -0.952395	 0.371573	 -0.656911	 -0.933579	 0.36864	 -0.649761	 -0.914783	 0.365908	 -0.642494	 -0.896001	 2.12327	 2.12313	 2.12317	 2.12289	 2.12308	 
22.81	 0.381	 -0.678	 -0.99	 0.378276	 -0.670966	 -0.971186	 0.375039	 -0.663889	 -0.95247	 0.371686	 -0.656804	 -0.933777	 0.368822	 -0.649757	 -0.914991	 0.366185	 -0.642724	 -0.896164	 2.11498	 2.11483	 2.11488	 2.1146	 2.1148	 
22.82	 0.381	 -0.678	 -0.99	 0.378243	 -0.671142	 -0.971193	 0.375117	 -0.663958	 -0.952567	 0.371908	 -0.656702	 -0.933982	 0.369052	 -0.649757	 -0.915224	 0.366362	 -0.642953	 -0.896389	 2.10546	 2.10531	 2.10536	 2.1051	 2.10529	 
22.83	 0.381	 -0.678	 -0.99	 0.378128	 -0.671248	 -0.971245	 0.37518	 -0.664013	 -0.952685	 0.372215	 -0.656671	 -0.934169	 0.369321	 -0.649791	 -0.915467	 0.366466	 -0.643123	 -0.896681	 2.09497	 2.09483	 2.09489	 2.09463	 2.09482	 
22.84	 0.381	 -0.678	 -0.99	 0.377991	 -0.671249	 -0.971346	 0.375239	 -0.664054	 -0.952821	 0.372542	 -0.656757	 -0.934326	 0.369601	 -0.649881	 -0.91571	 0.366551	 -0.643204	 -0.897037	 2.08367	 2.08355	 2.08363	 2.08335	 2.08353	 
22.85	 0.381	 -0.678	 -0.99	 0.377913	 -0.671146	 -0.971483	 0.375309	 -0.664077	 -0.952973	 0.372812	 -0.656954	 -0.934468	 0.369854	 -0.650031	 -0.915958	 0.366683	 -0.643208	 -0.897444	 2.0716	 2.07149	 2.07157	 2.07128	 2.07146	 
22.86	 0.381	 -0.678	 -0.99	 0.37795	 -0.670981	 -0.97163	 0.375401	 -0.664082	 -0.953141	 0.372965	 -0.657208	 -0.934626	 0.370052	 -0.650217	 -0.916226	 0.366915	 -0.643179	 -0.897879	 2.05864	 2.05853	 2.05862	 2.05832	 2.05849	 
22.87	 0.381	 -0.678	 -0.99	 0.378116	 -0.670845	 -0.971756	 0.375519	 -0.664095	 -0.953317	 0.37299	 -0.657436	 -0.934834	 0.370189	 -0.650395	 -0.916536	 0.367255	 -0.643178	 -0.898326	 2.04464	 2.04453	 2.04461	 2.0443	 2.04447	 
22.88	 0.381	 -0.678	 -0.99	 0.378364	 -0.670821	 -0.971836	 0.375657	 -0.664139	 -0.953495	 0.372936	 -0.657572	 -0.935115	 0.370281	 -0.650532	 -0.916902	 0.367652	 -0.643271	 -0.898771	 2.02947	 2.02935	 2.02942	 2.02911	 2.02929	 
22.89	 0.381	 -0.678	 -0.99	 0.378598	 -0.670941	 -0.971873	 0.375792	 -0.664224	 -0.953676	 0.372892	 -0.657586	 -0.935464	 0.370369	 -0.650622	 -0.91732	 0.368022	 -0.643502	 -0.899211	 2.01311	 2.01297	 2.01304	 2.01273	 2.01292	 
22.9	 0.381	 -0.678	 -0.99	 0.378713	 -0.671169	 -0.971895	 0.375894	 -0.664341	 -0.953865	 0.372948	 -0.657516	 -0.935854	 0.370499	 -0.650685	 -0.917773	 0.368286	 -0.643848	 -0.899663	 1.99563	 1.99548	 1.99555	 1.99524	 1.99543	 
22.91	 0.381	 -0.678	 -0.99	 0.378658	 -0.671405	 -0.971945	 0.375948	 -0.664466	 -0.954073	 0.37315	 -0.657448	 -0.936244	 0.370696	 -0.650757	 -0.918242	 0.368408	 -0.644217	 -0.900161	 1.97717	 1.97702	 1.97708	 1.97678	 1.97698	 
22.92	 0.381	 -0.678	 -0.99	 0.378478	 -0.671534	 -0.972059	 0.375971	 -0.664566	 -0.954305	 0.373464	 -0.657485	 -0.936596	 0.370943	 -0.650879	 -0.918708	 0.36842	 -0.644499	 -0.900737	 1.95787	 1.95773	 1.9578	 1.9575	 1.9577	 
22.93	 0.381	 -0.678	 -0.99	 0.378302	 -0.671492	 -0.972241	 0.375996	 -0.664629	 -0.954562	 0.373778	 -0.657684	 -0.936902	 0.371186	 -0.651077	 -0.919167	 0.36842	 -0.644633	 -0.901396	 1.93783	 1.93771	 1.9378	 1.93749	 1.93769	 
22.94	 0.381	 -0.678	 -0.99	 0.378263	 -0.671321	 -0.972458	 0.376052	 -0.664665	 -0.954835	 0.37396	 -0.658012	 -0.937194	 0.371366	 -0.651338	 -0.919632	 0.368532	 -0.644659	 -0.902106	 1.91708	 1.91697	 1.91706	 1.91675	 1.91694	 
22.95	 0.381	 -0.678	 -0.99	 0.378419	 -0.671155	 -0.972652	 0.376147	 -0.664704	 -0.955112	 0.373948	 -0.658344	 -0.937529	 0.371454	 -0.651609	 -0.920128	 0.368814	 -0.6447	 -0.902816	 1.89556	 1.89543	 1.89553	 1.89521	 1.8954	 
22.96	 0.381	 -0.678	 -0.99	 0.378703	 -0.671144	 -0.972776	 0.37627	 -0.664782	 -0.955384	 0.373809	 -0.658535	 -0.937953	 0.371477	 -0.651821	 -0.920681	 0.369201	 -0.644882	 -0.903489	 1.87312	 1.87299	 1.87307	 1.87275	 1.87295	 
22.97	 0.381	 -0.678	 -0.99	 0.378936	 -0.671345	 -0.972835	 0.376383	 -0.664911	 -0.955653	 0.373716	 -0.658531	 -0.938466	 0.371514	 -0.651942	 -0.921296	 0.369533	 -0.645249	 -0.904138	 1.84967	 1.84952	 1.84959	 1.84927	 1.84946	 
22.98	 0.381	 -0.678	 -0.99	 0.378951	 -0.67165	 -0.972891	 0.376441	 -0.665067	 -0.955933	 0.373823	 -0.658431	 -0.939012	 0.371641	 -0.652018	 -0.921946	 0.369674	 -0.645708	 -0.904814	 1.82515	 1.82499	 1.82507	 1.82473	 1.82492	 
22.99	 0.381	 -0.678	 -0.99	 0.378741	 -0.671853	 -0.973023	 0.376442	 -0.665204	 -0.956243	 0.374133	 -0.658438	 -0.93951	 0.371864	 -0.652148	 -0.92259	 0.369618	 -0.646088	 -0.905582	 1.79964	 1.7995	 1.79958	 1.79924	 1.79942	 
23	 0.381	 -0.678	 -0.99	 0.378502	 -0.671808	 -0.973259	 0.376432	 -0.665291	 -0.956584	 0.374463	 -0.658695	 -0.939927	 0.372091	 -0.652406	 -0.923206	 0.369527	 -0.646271	 -0.906455	 1.77338	 1.77324	 1.77334	 1.773	 1.77319	 
23.01	 0.381	 -0.678	 -0.99	 0.378487	 -0.671588	 -0.973534	 0.376472	 -0.665341	 -0.956937	 0.374575	 -0.65913	 -0.940313	 0.372207	 -0.652761	 -0.923811	 0.369608	 -0.64632	 -0.907371	 1.74672	 1.74659	 1.7467	 1.74637	 1.74657	 
23.02	 0.381	 -0.678	 -0.99	 0.378755	 -0.671456	 -0.973738	 0.376576	 -0.665411	 -0.957275	 0.374412	 -0.659483	 -0.940767	 0.372182	 -0.653082	 -0.924449	 0.369916	 -0.646451	 -0.908225	 1.72005	 1.71992	 1.72004	 1.71973	 1.71995	 
23.03	 0.381	 -0.678	 -0.99	 0.379067	 -0.671621	 -0.97382	 0.376686	 -0.665548	 -0.957582	 0.374198	 -0.659549	 -0.941332	 0.372125	 -0.65326	 -0.925136	 0.370255	 -0.646826	 -0.908971	 1.6937	 1.69357	 1.6937	 1.6934	 1.69362	 
23.04	 0.381	 -0.678	 -0.99	 0.379096	 -0.671983	 -0.973861	 0.376726	 -0.665728	 -0.957875	 0.37424	 -0.65942	 -0.941927	 0.372189	 -0.653334	 -0.925834	 0.370355	 -0.647356	 -0.909673	 1.66782	 1.66769	 1.66783	 1.66753	 1.66776	 
23.05	 0.381	 -0.678	 -0.99	 0.378808	 -0.672191	 -0.974001	 0.376684	 -0.665873	 -0.958187	 0.374573	 -0.659434	 -0.942419	 0.372394	 -0.653473	 -0.926476	 0.370188	 -0.647749	 -0.910448	 1.64237	 1.64225	 1.64239	 1.64208	 1.64231	 
23.06	 0.381	 -0.678	 -0.99	 0.378561	 -0.672039	 -0.974272	 0.376647	 -0.665934	 -0.958528	 0.374858	 -0.65979	 -0.942782	 0.372575	 -0.653783	 -0.927051	 0.370049	 -0.647848	 -0.911327	 1.61709	 1.61696	 1.6171	 1.61678	 1.61701	 
23.07	 0.381	 -0.678	 -0.99	 0.378702	 -0.671777	 -0.974535	 0.376699	 -0.665969	 -0.958869	 0.37477	 -0.660259	 -0.943158	 0.372567	 -0.654157	 -0.927633	 0.370223	 -0.647865	 -0.912203	 1.5916	 1.59146	 1.59157	 1.59125	 1.59148	 
23.08	 0.381	 -0.678	 -0.99	 0.379078	 -0.671838	 -0.974646	 0.376808	 -0.666083	 -0.959182	 0.374458	 -0.660428	 -0.943693	 0.372438	 -0.65439	 -0.928305	 0.370579	 -0.64816	 -0.912972	 1.56544	 1.56529	 1.56539	 1.56505	 1.56527	 
23.09	 0.381	 -0.678	 -0.99	 0.379168	 -0.672239	 -0.974672	 0.376848	 -0.666282	 -0.959486	 0.37441	 -0.660281	 -0.944335	 0.372433	 -0.654465	 -0.929049	 0.370687	 -0.648738	 -0.913699	 1.53828	 1.53814	 1.53824	 1.53787	 1.53808	 
23.1	 0.381	 -0.678	 -0.99	 0.378829	 -0.672474	 -0.974829	 0.376781	 -0.666445	 -0.959834	 0.374761	 -0.660295	 -0.944884	 0.372625	 -0.654618	 -0.929766	 0.370436	 -0.64918	 -0.914567	 1.51007	 1.50992	 1.51002	 1.50965	 1.50986	 
23.11	 0.381	 -0.678	 -0.99	 0.378595	 -0.672247	 -0.975156	 0.376732	 -0.666497	 -0.960233	 0.375003	 -0.660747	 -0.945294	 0.372765	 -0.654994	 -0.930427	 0.370272	 -0.649244	 -0.915598	 1.48103	 1.48087	 1.48098	 1.48061	 1.48084	 
23.12	 0.381	 -0.678	 -0.99	 0.378884	 -0.672019	 -0.975412	 0.376806	 -0.666548	 -0.960621	 0.374744	 -0.661201	 -0.945781	 0.37265	 -0.655377	 -0.931129	 0.370535	 -0.649312	 -0.916576	 1.45173	 1.45157	 1.45168	 1.45134	 1.45158	 
23.13	 0.381	 -0.678	 -0.99	 0.379212	 -0.672311	 -0.975457	 0.376891	 -0.666724	 -0.960951	 0.374443	 -0.661165	 -0.946453	 0.372503	 -0.655511	 -0.931918	 0.370821	 -0.649806	 -0.917369	 1.42287	 1.42275	 1.4229	 1.42257	 1.42282	 
23.14	 0.381	 -0.678	 -0.99	 0.378964	 -0.672712	 -0.975534	 0.376835	 -0.666925	 -0.961274	 0.374684	 -0.661016	 -0.947066	 0.372627	 -0.655577	 -0.93266	 0.370621	 -0.650376	 -0.918158	 1.39525	 1.39515	 1.39534	 1.39503	 1.39527	 
23.15	 0.381	 -0.678	 -0.99	 0.378606	 -0.672546	 -0.975835	 0.376749	 -0.66698	 -0.961634	 0.375027	 -0.661385	 -0.947426	 0.372802	 -0.655895	 -0.933249	 0.370323	 -0.650463	 -0.91909	 1.36935	 1.36923	 1.36942	 1.36914	 1.36941	 
23.16	 0.381	 -0.678	 -0.99	 0.378877	 -0.672243	 -0.976085	 0.376814	 -0.666993	 -0.961964	 0.374769	 -0.661868	 -0.947792	 0.372668	 -0.656268	 -0.933811	 0.370533	 -0.650428	 -0.919933	 1.34521	 1.34509	 1.34529	 1.34502	 1.3453	 
23.17	 0.381	 -0.678	 -0.99	 0.379218	 -0.67256	 -0.976072	 0.376892	 -0.667155	 -0.962212	 0.374432	 -0.661762	 -0.948368	 0.37248	 -0.656337	 -0.934459	 0.370789	 -0.650892	 -0.920521	 1.32254	 1.32244	 1.32264	 1.32234	 1.32261	 
23.18	 0.381	 -0.678	 -0.99	 0.378864	 -0.672922	 -0.976139	 0.376794	 -0.667331	 -0.962467	 0.374738	 -0.661614	 -0.948844	 0.372617	 -0.656376	 -0.935042	 0.370469	 -0.651386	 -0.921151	 1.30085	 1.30074	 1.30092	 1.30061	 1.30087	 
23.19	 0.381	 -0.678	 -0.99	 0.378597	 -0.672607	 -0.976455	 0.376713	 -0.667338	 -0.96278	 0.374957	 -0.662099	 -0.949076	 0.372714	 -0.656741	 -0.935492	 0.370219	 -0.651328	 -0.921971	 1.2796	 1.27946	 1.27962	 1.27931	 1.27959	 
23.2	 0.381	 -0.678	 -0.99	 0.379038	 -0.672462	 -0.976594	 0.376806	 -0.667383	 -0.96305	 0.374508	 -0.662421	 -0.949473	 0.372462	 -0.657028	 -0.936022	 0.370542	 -0.651412	 -0.922643	 1.25848	 1.25833	 1.25848	 1.25815	 1.25842	 
23.21	 0.381	 -0.678	 -0.99	 0.379094	 -0.672963	 -0.976538	 0.3768	 -0.667589	 -0.96327	 0.374409	 -0.662133	 -0.950051	 0.372381	 -0.656995	 -0.936648	 0.370544	 -0.652018	 -0.923155	 1.23745	 1.23734	 1.23749	 1.23715	 1.2374	 
23.22	 0.381	 -0.678	 -0.99	 0.378584	 -0.672971	 -0.976764	 0.376648	 -0.667671	 -0.963556	 0.374832	 -0.662304	 -0.950357	 0.372571	 -0.657189	 -0.937129	 0.370082	 -0.65221	 -0.923888	 1.21692	 1.21678	 1.21695	 1.21663	 1.2169	 
23.23	 0.381	 -0.678	 -0.99	 0.378797	 -0.672572	 -0.977026	 0.376678	 -0.667645	 -0.963841	 0.374585	 -0.662845	 -0.950604	 0.372415	 -0.657575	 -0.937562	 0.370201	 -0.652064	 -0.924625	 1.19734	 1.1972	 1.19737	 1.19709	 1.19738	 
23.24	 0.381	 -0.678	 -0.99	 0.379139	 -0.672945	 -0.976953	 0.376747	 -0.667807	 -0.964025	 0.37422	 -0.662652	 -0.951128	 0.372187	 -0.657575	 -0.938117	 0.370412	 -0.652535	 -0.925051	 1.17922	 1.17913	 1.17934	 1.17904	 1.17932	 
23.25	 0.381	 -0.678	 -0.99	 0.378638	 -0.673182	 -0.977059	 0.376596	 -0.667934	 -0.964232	 0.374629	 -0.662575	 -0.951437	 0.372357	 -0.657619	 -0.938533	 0.369932	 -0.652877	 -0.925574	 1.16306	 1.16297	 1.16318	 1.16292	 1.16322	 
23.26	 0.381	 -0.678	 -0.99	 0.378654	 -0.672719	 -0.977339	 0.376562	 -0.667874	 -0.964462	 0.374534	 -0.663136	 -0.951533	 0.372267	 -0.657989	 -0.938804	 0.369871	 -0.652632	 -0.926183	 1.14905	 1.14894	 1.14916	 1.14893	 1.14924	 
23.27	 0.381	 -0.678	 -0.99	 0.379088	 -0.67297	 -0.97725	 0.376634	 -0.667981	 -0.964577	 0.374044	 -0.663005	 -0.951924	 0.371959	 -0.657989	 -0.939196	 0.370139	 -0.652949	 -0.926435	 1.13719	 1.13711	 1.13734	 1.13708	 1.13738	 
23.28	 0.381	 -0.678	 -0.99	 0.378614	 -0.673284	 -0.977279	 0.376475	 -0.668099	 -0.964699	 0.374398	 -0.662794	 -0.952156	 0.372088	 -0.657927	 -0.939478	 0.369662	 -0.653292	 -0.926734	 1.12741	 1.12732	 1.12755	 1.1273	 1.12761	 
23.29	 0.381	 -0.678	 -0.99	 0.37856	 -0.672799	 -0.977538	 0.376415	 -0.668005	 -0.96486	 0.374349	 -0.663314	 -0.95213	 0.372008	 -0.658239	 -0.939598	 0.369521	 -0.652968	 -0.927173	 1.11948	 1.11936	 1.11957	 1.11934	 1.11966	 
23.3	 0.381	 -0.678	 -0.99	 0.379011	 -0.673012	 -0.977417	 0.376486	 -0.668081	 -0.964909	 0.373827	 -0.663168	 -0.95242	 0.37167	 -0.6582	 -0.939859	 0.369778	 -0.6532	 -0.927265	 1.11305	 1.11296	 1.11318	 1.11291	 1.11321	 
23.31	 0.381	 -0.678	 -0.99	 0.378534	 -0.673323	 -0.977419	 0.376324	 -0.668182	 -0.964974	 0.374175	 -0.662924	 -0.952565	 0.371785	 -0.658098	 -0.940027	 0.369274	 -0.653501	 -0.927425	 1.10787	 1.10777	 1.10797	 1.1077	 1.10801	 
23.32	 0.381	 -0.678	 -0.99	 0.378499	 -0.672826	 -0.977653	 0.376263	 -0.668075	 -0.965088	 0.374098	 -0.66343	 -0.95247	 0.371681	 -0.658389	 -0.940054	 0.36913	 -0.653144	 -0.927746	 1.10363	 1.10351	 1.10369	 1.10344	 1.10375	 
23.33	 0.381	 -0.678	 -0.99	 0.378925	 -0.673068	 -0.977501	 0.376316	 -0.668151	 -0.965097	 0.373575	 -0.66324	 -0.952719	 0.371334	 -0.658315	 -0.940247	 0.369356	 -0.653381	 -0.927732	 1.10019	 1.1001	 1.10029	 1.10001	 1.1003	 
23.34	 0.381	 -0.678	 -0.99	 0.378414	 -0.673333	 -0.977512	 0.376135	 -0.66823	 -0.965136	 0.373933	 -0.663018	 -0.952791	 0.371446	 -0.658211	 -0.940338	 0.368815	 -0.65362	 -0.92783	 1.09773	 1.09763	 1.09782	 1.09755	 1.09785	 
23.35	 0.381	 -0.678	 -0.99	 0.378445	 -0.672826	 -0.977716	 0.376091	 -0.668105	 -0.965211	 0.37379	 -0.663499	 -0.952653	 0.3713	 -0.658467	 -0.940298	 0.368708	 -0.653216	 -0.928053	 1.09657	 1.09645	 1.09665	 1.09642	 1.09673	 
23.36	 0.381	 -0.678	 -0.99	 0.378828	 -0.673115	 -0.977521	 0.376134	 -0.668172	 -0.965167	 0.373305	 -0.663218	 -0.952847	 0.370963	 -0.658316	 -0.940406	 0.368877	 -0.653438	 -0.927908	 1.09717	 1.0971	 1.09731	 1.09708	 1.09738	 
23.37	 0.381	 -0.678	 -0.99	 0.378286	 -0.673301	 -0.977535	 0.375934	 -0.668208	 -0.965152	 0.373671	 -0.663015	 -0.952792	 0.371067	 -0.658187	 -0.940354	 0.368289	 -0.653553	 -0.927877	 1.10002	 1.09995	 1.10017	 1.09997	 1.10029	 
23.38	 0.381	 -0.678	 -0.99	 0.378377	 -0.672793	 -0.977681	 0.375888	 -0.668059	 -0.965145	 0.373437	 -0.663444	 -0.952556	 0.370858	 -0.658384	 -0.940166	 0.36821	 -0.653093	 -0.927885	 1.10529	 1.1052	 1.10543	 1.10526	 1.10559	 
23.39	 0.381	 -0.678	 -0.99	 0.378703	 -0.673108	 -0.977434	 0.375902	 -0.668111	 -0.965013	 0.372973	 -0.663091	 -0.952629	 0.370517	 -0.658167	 -0.940105	 0.368311	 -0.653292	 -0.927514	 1.1128	 1.11275	 1.11298	 1.11279	 1.11311	 
23.4	 0.381	 -0.678	 -0.99	 0.378155	 -0.673245	 -0.977426	 0.37569	 -0.668119	 -0.964919	 0.373321	 -0.662897	 -0.952431	 0.370598	 -0.658022	 -0.939876	 0.367693	 -0.653333	 -0.92729	 1.12217	 1.1221	 1.12231	 1.12211	 1.12243	 
23.41	 0.381	 -0.678	 -0.99	 0.378253	 -0.672744	 -0.977528	 0.375641	 -0.667959	 -0.964841	 0.373067	 -0.663291	 -0.9521	 0.370367	 -0.658182	 -0.939559	 0.367598	 -0.652845	 -0.927124	 1.13271	 1.13261	 1.13281	 1.13261	 1.13292	 
23.42	 0.381	 -0.678	 -0.99	 0.378583	 -0.67303	 -0.977265	 0.375656	 -0.66799	 -0.964665	 0.3726	 -0.662935	 -0.952101	 0.370018	 -0.657945	 -0.939407	 0.367686	 -0.652985	 -0.926651	 1.14378	 1.1437	 1.14387	 1.14363	 1.14393	 
23.43	 0.381	 -0.678	 -0.99	 0.378066	 -0.673202	 -0.977227	 0.375453	 -0.667991	 -0.964547	 0.37292	 -0.662676	 -0.951893	 0.370081	 -0.657745	 -0.93915	 0.367089	 -0.653018	 -0.926363	 1.15499	 1.15489	 1.15505	 1.1548	 1.1551	 
23.44	 0.381	 -0.678	 -0.99	 0.37807	 -0.672698	 -0.977345	 0.375376	 -0.667817	 -0.964471	 0.372744	 -0.663041	 -0.951543	 0.369892	 -0.657869	 -0.938818	 0.366922	 -0.652495	 -0.926202	 1.16623	 1.16611	 1.16626	 1.16603	 1.16633	 
23.45	 0.381	 -0.678	 -0.99	 0.378458	 -0.672869	 -0.977109	 0.375401	 -0.667809	 -0.964302	 0.372215	 -0.66277	 -0.951517	 0.369513	 -0.657664	 -0.93865	 0.367063	 -0.652519	 -0.925745	 1.17773	 1.17764	 1.1778	 1.17756	 1.17785	 
23.46	 0.381	 -0.678	 -0.99	 0.378032	 -0.673156	 -0.977	 0.375223	 -0.667832	 -0.964154	 0.372452	 -0.662389	 -0.951348	 0.369531	 -0.657393	 -0.938396	 0.366537	 -0.652633	 -0.92537	 1.19006	 1.18997	 1.19015	 1.18993	 1.19023	 
23.47	 0.381	 -0.678	 -0.99	 0.377848	 -0.672698	 -0.977123	 0.3751	 -0.667667	 -0.964048	 0.372454	 -0.662702	 -0.950925	 0.369429	 -0.657481	 -0.937986	 0.366204	 -0.652134	 -0.925144	 1.20382	 1.20373	 1.20393	 1.20375	 1.20406	 
23.48	 0.381	 -0.678	 -0.99	 0.378279	 -0.672647	 -0.976933	 0.375129	 -0.667596	 -0.963842	 0.371872	 -0.662623	 -0.950747	 0.369015	 -0.657364	 -0.93767	 0.366363	 -0.651956	 -0.924609	 1.21952	 1.21946	 1.21968	 1.21951	 1.21983	 
23.49	 0.381	 -0.678	 -0.99	 0.378074	 -0.673043	 -0.976693	 0.374997	 -0.667632	 -0.963599	 0.371879	 -0.662107	 -0.950561	 0.368899	 -0.657006	 -0.93732	 0.365996	 -0.652124	 -0.923978	 1.23742	 1.23737	 1.23759	 1.23743	 1.23775	 
23.5	 0.381	 -0.678	 -0.99	 0.377649	 -0.672779	 -0.976751	 0.374805	 -0.667495	 -0.963409	 0.372087	 -0.662192	 -0.950047	 0.368889	 -0.656946	 -0.936769	 0.365445	 -0.651735	 -0.923537	 1.25737	 1.25731	 1.25752	 1.25739	 1.25771	 
23.51	 0.381	 -0.678	 -0.99	 0.377935	 -0.672421	 -0.97667	 0.374787	 -0.667326	 -0.963168	 0.37162	 -0.662351	 -0.949623	 0.36853	 -0.656921	 -0.936238	 0.365476	 -0.651258	 -0.922939	 1.27894	 1.27888	 1.27907	 1.27893	 1.27924	 
23.52	 0.381	 -0.678	 -0.99	 0.378111	 -0.672718	 -0.976348	 0.374744	 -0.667317	 -0.962854	 0.371257	 -0.661889	 -0.9494	 0.368221	 -0.656572	 -0.935794	 0.365418	 -0.651308	 -0.922116	 1.30153	 1.30147	 1.30165	 1.30147	 1.30178	 
23.53	 0.381	 -0.678	 -0.99	 0.377663	 -0.672861	 -0.976229	 0.374548	 -0.667271	 -0.962583	 0.371488	 -0.661568	 -0.948971	 0.368221	 -0.656288	 -0.935237	 0.364853	 -0.651226	 -0.921444	 1.32467	 1.32459	 1.32475	 1.32457	 1.32486	 
23.54	 0.381	 -0.678	 -0.99	 0.377495	 -0.672434	 -0.976268	 0.374425	 -0.667079	 -0.962349	 0.371465	 -0.661776	 -0.948386	 0.368099	 -0.656272	 -0.934595	 0.364525	 -0.650672	 -0.920894	 1.34807	 1.34798	 1.34813	 1.34794	 1.34823	 
23.55	 0.381	 -0.678	 -0.99	 0.377854	 -0.67226	 -0.97608	 0.374435	 -0.666945	 -0.962057	 0.370952	 -0.661736	 -0.948009	 0.367727	 -0.656129	 -0.934054	 0.36463	 -0.650317	 -0.920152	 1.37172	 1.37164	 1.3718	 1.37161	 1.3719	 
23.56	 0.381	 -0.678	 -0.99	 0.377894	 -0.672579	 -0.975771	 0.374368	 -0.666929	 -0.96173	 0.370739	 -0.661227	 -0.947735	 0.367504	 -0.655738	 -0.933561	 0.364473	 -0.650355	 -0.919299	 1.39588	 1.3958	 1.39596	 1.39578	 1.39607	 
23.57	 0.381	 -0.678	 -0.99	 0.377463	 -0.672642	 -0.975668	 0.374183	 -0.666851	 -0.961443	 0.370965	 -0.660953	 -0.947248	 0.367506	 -0.65546	 -0.932948	 0.363929	 -0.650176	 -0.918597	 1.4208	 1.42073	 1.42089	 1.42073	 1.42102	 
23.58	 0.381	 -0.678	 -0.99	 0.377308	 -0.672243	 -0.975674	 0.374065	 -0.666657	 -0.961173	 0.370934	 -0.661111	 -0.946632	 0.36738	 -0.655402	 -0.932252	 0.36361	 -0.649616	 -0.917956	 1.44665	 1.44658	 1.44675	 1.4466	 1.44689	 
23.59	 0.381	 -0.678	 -0.99	 0.377611	 -0.672021	 -0.975495	 0.374062	 -0.666506	 -0.960846	 0.370474	 -0.661104	 -0.946162	 0.367035	 -0.655265	 -0.931612	 0.363667	 -0.649204	 -0.917134	 1.47344	 1.47338	 1.47355	 1.4734	 1.4737	 
23.6	 0.381	 -0.678	 -0.99	 0.377759	 -0.672249	 -0.975171	 0.374023	 -0.666463	 -0.960472	 0.370163	 -0.660672	 -0.945807	 0.366763	 -0.654911	 -0.931017	 0.363597	 -0.649161	 -0.916169	 1.50104	 1.50098	 1.50114	 1.50098	 1.50127	 
23.61	 0.381	 -0.678	 -0.99	 0.377453	 -0.672442	 -0.974964	 0.373874	 -0.666411	 -0.960121	 0.370281	 -0.660265	 -0.945327	 0.36671	 -0.654562	 -0.930352	 0.363159	 -0.649081	 -0.915287	 1.5292	 1.52912	 1.52927	 1.52912	 1.52941	 
23.62	 0.381	 -0.678	 -0.99	 0.377125	 -0.67222	 -0.974924	 0.37372	 -0.666253	 -0.959808	 0.370423	 -0.660239	 -0.944685	 0.366679	 -0.654397	 -0.929601	 0.362714	 -0.648647	 -0.914535	 1.55762	 1.55756	 1.5577	 1.55755	 1.55783	 
23.63	 0.381	 -0.678	 -0.99	 0.37719	 -0.671846	 -0.974848	 0.373663	 -0.666055	 -0.959486	 0.370204	 -0.660351	 -0.944076	 0.366475	 -0.654301	 -0.928863	 0.36261	 -0.648082	 -0.91375	 1.5861	 1.58604	 1.58617	 1.58601	 1.58629	 
23.64	 0.381	 -0.678	 -0.99	 0.377479	 -0.67176	 -0.974608	 0.373668	 -0.665927	 -0.959126	 0.369788	 -0.660193	 -0.943623	 0.36618	 -0.654073	 -0.928204	 0.362703	 -0.647759	 -0.91283	 1.61442	 1.61435	 1.61448	 1.61431	 1.61458	 
23.65	 0.381	 -0.678	 -0.99	 0.377556	 -0.671976	 -0.974303	 0.37363	 -0.665874	 -0.958751	 0.369588	 -0.659757	 -0.943234	 0.365997	 -0.65371	 -0.92758	 0.362631	 -0.647694	 -0.911862	 1.64241	 1.64233	 1.64244	 1.64227	 1.64253	 
23.66	 0.381	 -0.678	 -0.99	 0.377302	 -0.672136	 -0.974103	 0.373519	 -0.66581	 -0.958404	 0.369711	 -0.659376	 -0.942755	 0.36598	 -0.653375	 -0.926918	 0.362294	 -0.647586	 -0.910989	 1.66995	 1.66986	 1.66996	 1.66978	 1.67005	 
23.67	 0.381	 -0.678	 -0.99	 0.376999	 -0.671991	 -0.974035	 0.373399	 -0.665673	 -0.958095	 0.36989	 -0.659281	 -0.942163	 0.365999	 -0.653179	 -0.926208	 0.361926	 -0.647223	 -0.910241	 1.69697	 1.69688	 1.69699	 1.69681	 1.69708	 
23.68	 0.381	 -0.678	 -0.99	 0.376948	 -0.671657	 -0.973985	 0.373339	 -0.665491	 -0.957796	 0.369834	 -0.659363	 -0.941569	 0.365911	 -0.653069	 -0.925504	 0.361782	 -0.646698	 -0.909519	 1.72352	 1.72345	 1.72356	 1.72338	 1.72364	 
23.69	 0.381	 -0.678	 -0.99	 0.377157	 -0.671433	 -0.973833	 0.373343	 -0.665334	 -0.957478	 0.369541	 -0.659347	 -0.941077	 0.365712	 -0.652914	 -0.924854	 0.361865	 -0.646266	 -0.90872	 1.74972	 1.74964	 1.74976	 1.74959	 1.74984	 
23.7	 0.381	 -0.678	 -0.99	 0.377381	 -0.671471	 -0.973579	 0.373359	 -0.665244	 -0.957134	 0.369245	 -0.65909	 -0.940684	 0.365514	 -0.652649	 -0.924254	 0.361966	 -0.646065	 -0.907838	 1.77564	 1.77557	 1.77568	 1.77551	 1.77577	 
23.71	 0.381	 -0.678	 -0.99	 0.377398	 -0.671667	 -0.973314	 0.373335	 -0.665197	 -0.956787	 0.369162	 -0.658695	 -0.9403	 0.365422	 -0.652323	 -0.92366	 0.361895	 -0.646009	 -0.90695	 1.80135	 1.80126	 1.80138	 1.80121	 1.80147	 
23.72	 0.381	 -0.678	 -0.99	 0.377194	 -0.671794	 -0.973129	 0.373264	 -0.665135	 -0.956461	 0.3693	 -0.658372	 -0.939842	 0.365444	 -0.652032	 -0.923033	 0.361649	 -0.645897	 -0.906133	 1.82678	 1.82669	 1.8268	 1.82663	 1.82688	 
23.73	 0.381	 -0.678	 -0.99	 0.376935	 -0.671708	 -0.973042	 0.373179	 -0.665024	 -0.956163	 0.369491	 -0.658246	 -0.939306	 0.365506	 -0.651835	 -0.922374	 0.361385	 -0.645607	 -0.905405	 1.85177	 1.85168	 1.85178	 1.85161	 1.85185	 
23.74	 0.381	 -0.678	 -0.99	 0.376813	 -0.671454	 -0.972992	 0.373125	 -0.664872	 -0.955883	 0.369557	 -0.65828	 -0.938752	 0.365523	 -0.651718	 -0.921714	 0.361264	 -0.645178	 -0.904721	 1.87609	 1.87601	 1.87611	 1.87591	 1.87614	 
23.75	 0.381	 -0.678	 -0.99	 0.376904	 -0.671191	 -0.972903	 0.373131	 -0.664722	 -0.955602	 0.369443	 -0.658332	 -0.938252	 0.36546	 -0.651618	 -0.921092	 0.361328	 -0.644755	 -0.904026	 1.89951	 1.89943	 1.89952	 1.89931	 1.89954	 
23.76	 0.381	 -0.678	 -0.99	 0.377127	 -0.671069	 -0.972738	 0.373184	 -0.664614	 -0.95531	 0.369231	 -0.658269	 -0.937842	 0.365352	 -0.651474	 -0.920529	 0.361502	 -0.644465	 -0.903294	 1.92184	 1.92176	 1.92184	 1.92163	 1.92186	 
23.77	 0.381	 -0.678	 -0.99	 0.377323	 -0.671127	 -0.97252	 0.373237	 -0.664554	 -0.955016	 0.369059	 -0.658051	 -0.937507	 0.365271	 -0.651264	 -0.920019	 0.361666	 -0.64434	 -0.902544	 1.94301	 1.94291	 1.94298	 1.94278	 1.94301	 
23.78	 0.381	 -0.678	 -0.99	 0.377371	 -0.671287	 -0.972304	 0.373257	 -0.664519	 -0.954737	 0.369032	 -0.65774	 -0.937199	 0.365271	 -0.651014	 -0.919538	 0.36173	 -0.644309	 -0.901821	 1.96305	 1.96294	 1.96301	 1.96282	 1.96305	 
23.79	 0.381	 -0.678	 -0.99	 0.377264	 -0.671424	 -0.972139	 0.373247	 -0.664478	 -0.95448	 0.369166	 -0.65745	 -0.936868	 0.365352	 -0.650774	 -0.919062	 0.361669	 -0.644261	 -0.901166	 1.98215	 1.98205	 1.98212	 1.98193	 1.98216	 
23.8	 0.381	 -0.678	 -0.99	 0.377075	 -0.671445	 -0.972039	 0.373225	 -0.664414	 -0.954244	 0.36939	 -0.657275	 -0.936488	 0.365482	 -0.650588	 -0.918573	 0.361546	 -0.644115	 -0.900585	 2.00062	 2.00052	 2.00061	 2.00042	 2.00065	 
23.81	 0.381	 -0.678	 -0.99	 0.37691	 -0.671325	 -0.97199	 0.373209	 -0.664322	 -0.954022	 0.369596	 -0.657242	 -0.936064	 0.365616	 -0.650473	 -0.918066	 0.361466	 -0.643855	 -0.900049	 2.01877	 2.01869	 2.01879	 2.01861	 2.01883	 
23.82	 0.381	 -0.678	 -0.99	 0.376862	 -0.671116	 -0.97195	 0.373225	 -0.664212	 -0.9538	 0.369705	 -0.6573	 -0.93563	 0.365711	 -0.650404	 -0.917553	 0.361492	 -0.643522	 -0.89952	 2.03687	 2.0368	 2.03692	 2.03674	 2.03696	 
23.83	 0.381	 -0.678	 -0.99	 0.37696	 -0.670903	 -0.97188	 0.373288	 -0.664097	 -0.95357	 0.369696	 -0.657356	 -0.93522	 0.36575	 -0.650333	 -0.917051	 0.361636	 -0.643185	 -0.898966	 2.05499	 2.05494	 2.05505	 2.05488	 2.05511	 
23.84	 0.381	 -0.678	 -0.99	 0.377147	 -0.670764	 -0.971764	 0.373368	 -0.663995	 -0.953334	 0.369602	 -0.65733	 -0.934863	 0.36576	 -0.650221	 -0.916576	 0.361881	 -0.642906	 -0.898376	 2.073	 2.07294	 2.07305	 2.07287	 2.0731	 
23.85	 0.381	 -0.678	 -0.99	 0.377341	 -0.670741	 -0.971607	 0.373443	 -0.663918	 -0.953097	 0.369496	 -0.657194	 -0.934561	 0.365781	 -0.650055	 -0.916133	 0.362168	 -0.642722	 -0.89776	 2.0905	 2.09041	 2.09051	 2.09033	 2.09056	 
23.86	 0.381	 -0.678	 -0.99	 0.377487	 -0.670822	 -0.971429	 0.37352	 -0.66387	 -0.952864	 0.369459	 -0.656972	 -0.934299	 0.365836	 -0.649858	 -0.915726	 0.362411	 -0.642639	 -0.897154	 2.10696	 2.10686	 2.10692	 2.10673	 2.10696	 
23.87	 0.381	 -0.678	 -0.99	 0.377544	 -0.670955	 -0.971261	 0.373595	 -0.663843	 -0.952646	 0.369534	 -0.656719	 -0.93406	 0.365941	 -0.649659	 -0.915355	 0.362568	 -0.642623	 -0.896598	 2.12186	 2.12173	 2.12177	 2.12156	 2.12177	 
23.88	 0.381	 -0.678	 -0.99	 0.377494	 -0.671077	 -0.971133	 0.373645	 -0.663823	 -0.95246	 0.369714	 -0.656497	 -0.933831	 0.366108	 -0.649485	 -0.915019	 0.362658	 -0.642615	 -0.896123	 2.13476	 2.13462	 2.13464	 2.13441	 2.13461	 
23.89	 0.381	 -0.678	 -0.99	 0.377371	 -0.671133	 -0.97106	 0.373675	 -0.663794	 -0.952312	 0.369963	 -0.65635	 -0.933608	 0.366319	 -0.649356	 -0.91472	 0.36271	 -0.642568	 -0.895749	 2.14545	 2.14531	 2.14533	 2.14509	 2.14528	 
23.9	 0.381	 -0.678	 -0.99	 0.377245	 -0.6711	 -0.971036	 0.373715	 -0.663753	 -0.952198	 0.370234	 -0.656306	 -0.93339	 0.366541	 -0.649284	 -0.914461	 0.362754	 -0.64246	 -0.895477	 2.15396	 2.15383	 2.15386	 2.1536	 2.15379	 
23.91	 0.381	 -0.678	 -0.99	 0.377168	 -0.670989	 -0.971046	 0.373772	 -0.663707	 -0.952111	 0.370471	 -0.656361	 -0.933184	 0.36675	 -0.64927	 -0.91424	 0.362842	 -0.642302	 -0.895286	 2.16049	 2.16037	 2.16041	 2.16015	 2.16033	 
23.92	 0.381	 -0.678	 -0.99	 0.37717	 -0.670831	 -0.971069	 0.373845	 -0.663658	 -0.952046	 0.370632	 -0.656479	 -0.933005	 0.366936	 -0.649301	 -0.914054	 0.363017	 -0.64213	 -0.895143	 2.16534	 2.16524	 2.16529	 2.16503	 2.16521	 
23.93	 0.381	 -0.678	 -0.99	 0.377265	 -0.670674	 -0.971086	 0.373939	 -0.663611	 -0.951996	 0.370707	 -0.656605	 -0.932869	 0.367086	 -0.649347	 -0.913908	 0.363284	 -0.641977	 -0.895025	 2.16887	 2.16877	 2.16884	 2.16858	 2.16876	 
23.94	 0.381	 -0.678	 -0.99	 0.377437	 -0.670566	 -0.971077	 0.374053	 -0.663577	 -0.951952	 0.370714	 -0.656687	 -0.932784	 0.367209	 -0.649373	 -0.913805	 0.363623	 -0.641867	 -0.894915	 2.17136	 2.17127	 2.17134	 2.17109	 2.17128	 
23.95	 0.381	 -0.678	 -0.99	 0.377643	 -0.67054	 -0.971037	 0.374178	 -0.663561	 -0.951911	 0.370696	 -0.656691	 -0.932749	 0.367324	 -0.649363	 -0.913739	 0.363995	 -0.641824	 -0.894803	 2.17306	 2.17296	 2.17304	 2.17281	 2.17301	 
23.96	 0.381	 -0.678	 -0.99	 0.377838	 -0.670602	 -0.970972	 0.374311	 -0.663567	 -0.951871	 0.370705	 -0.656616	 -0.932753	 0.367448	 -0.649321	 -0.913703	 0.364348	 -0.641864	 -0.894688	 2.17412	 2.17401	 2.17409	 2.17386	 2.17407	 
23.97	 0.381	 -0.678	 -0.99	 0.377969	 -0.670734	 -0.970897	 0.374432	 -0.663594	 -0.951833	 0.370778	 -0.656487	 -0.932779	 0.367602	 -0.649261	 -0.913686	 0.364647	 -0.641975	 -0.894579	 2.17457	 2.17444	 2.17452	 2.17429	 2.1745	 
23.98	 0.381	 -0.678	 -0.99	 0.378	 -0.670892	 -0.970834	 0.374522	 -0.663634	 -0.951807	 0.370936	 -0.656344	 -0.932811	 0.367805	 -0.649199	 -0.913683	 0.364885	 -0.642116	 -0.894496	 2.17428	 2.17415	 2.17421	 2.17399	 2.1742	 
23.99	 0.381	 -0.678	 -0.99	 0.377947	 -0.671027	 -0.970802	 0.374596	 -0.663671	 -0.951798	 0.371178	 -0.656231	 -0.932839	 0.368045	 -0.649153	 -0.913694	 0.365046	 -0.642239	 -0.894467	 2.17303	 2.1729	 2.17296	 2.17273	 2.17293	 
24	 0.381	 -0.678	 -0.99	 0.377847	 -0.671093	 -0.970812	 0.374667	 -0.663696	 -0.951812	 0.371476	 -0.656187	 -0.932858	 0.368304	 -0.649142	 -0.913726	 0.36515	 -0.642312	 -0.894512	 2.17056	 2.17042	 2.17048	 2.17022	 2.17041	 
24.01	 0.381	 -0.678	 -0.99	 0.377733	 -0.671072	 -0.970867	 0.374727	 -0.663704	 -0.951855	 0.371776	 -0.656236	 -0.932875	 0.368573	 -0.649183	 -0.913779	 0.36526	 -0.642325	 -0.894629	 2.16661	 2.16649	 2.16653	 2.16626	 2.16643	 
24.02	 0.381	 -0.678	 -0.99	 0.377659	 -0.670971	 -0.970955	 0.37479	 -0.663701	 -0.951924	 0.372029	 -0.656375	 -0.932898	 0.368827	 -0.649277	 -0.913858	 0.365421	 -0.642288	 -0.894811	 2.16114	 2.16102	 2.16107	 2.16077	 2.16094	 
24.03	 0.381	 -0.678	 -0.99	 0.377683	 -0.670826	 -0.971054	 0.374884	 -0.663693	 -0.95201	 0.372205	 -0.656568	 -0.932945	 0.369039	 -0.649403	 -0.913972	 0.365647	 -0.642225	 -0.895042	 2.15426	 2.15415	 2.15421	 2.15391	 2.15408	 
24.04	 0.381	 -0.678	 -0.99	 0.37781	 -0.670688	 -0.971141	 0.375006	 -0.663689	 -0.952105	 0.372289	 -0.656758	 -0.93303	 0.369207	 -0.649529	 -0.914124	 0.365954	 -0.642168	 -0.895297	 2.1463	 2.1462	 2.14627	 2.14598	 2.14616	 
24.05	 0.381	 -0.678	 -0.99	 0.378012	 -0.67061	 -0.971201	 0.37514	 -0.663697	 -0.952204	 0.372297	 -0.65689	 -0.933164	 0.369343	 -0.64963	 -0.914311	 0.366332	 -0.642162	 -0.895547	 2.13762	 2.13752	 2.1376	 2.13733	 2.13752	 
24.06	 0.381	 -0.678	 -0.99	 0.378239	 -0.670629	 -0.971224	 0.375279	 -0.663727	 -0.952301	 0.372277	 -0.656933	 -0.933346	 0.369463	 -0.649693	 -0.914529	 0.36673	 -0.642246	 -0.895779	 2.12848	 2.12837	 2.12846	 2.1282	 2.12839	 
24.07	 0.381	 -0.678	 -0.99	 0.378427	 -0.670751	 -0.971218	 0.375409	 -0.663788	 -0.952396	 0.372291	 -0.656892	 -0.933564	 0.369594	 -0.649724	 -0.914771	 0.367091	 -0.642427	 -0.895999	 2.11884	 2.11872	 2.11881	 2.11855	 2.11875	 
24.08	 0.381	 -0.678	 -0.99	 0.378519	 -0.670943	 -0.971207	 0.375515	 -0.663873	 -0.952497	 0.372391	 -0.656801	 -0.933806	 0.369764	 -0.64974	 -0.915037	 0.367369	 -0.64268	 -0.896235	 2.10836	 2.10823	 2.10829	 2.10803	 2.10823	 
24.09	 0.381	 -0.678	 -0.99	 0.378494	 -0.671137	 -0.971223	 0.375593	 -0.663963	 -0.952621	 0.3726	 -0.65672	 -0.934061	 0.369981	 -0.64977	 -0.915335	 0.367539	 -0.642953	 -0.896534	 2.0964	 2.09625	 2.0963	 2.096	 2.0962	 
24.1	 0.381	 -0.678	 -0.99	 0.378375	 -0.671265	 -0.971293	 0.375649	 -0.664044	 -0.952784	 0.372896	 -0.656713	 -0.934322	 0.370235	 -0.649842	 -0.915673	 0.367624	 -0.643185	 -0.896938	 2.08224	 2.08207	 2.08209	 2.08177	 2.08194	 
24.11	 0.381	 -0.678	 -0.99	 0.378223	 -0.671281	 -0.971429	 0.375692	 -0.664108	 -0.952994	 0.373215	 -0.656831	 -0.934592	 0.370504	 -0.649983	 -0.916062	 0.367688	 -0.64334	 -0.897472	 2.06531	 2.06514	 2.06515	 2.06478	 2.06495	 
24.12	 0.381	 -0.678	 -0.99	 0.378127	 -0.671186	 -0.971619	 0.375746	 -0.664157	 -0.953249	 0.373478	 -0.657078	 -0.934884	 0.370748	 -0.6502	 -0.916508	 0.3678	 -0.643422	 -0.898128	 2.04549	 2.04533	 2.04534	 2.04495	 2.0451	 
24.13	 0.381	 -0.678	 -0.99	 0.378167	 -0.671032	 -0.971829	 0.375836	 -0.664202	 -0.953535	 0.373621	 -0.657399	 -0.935217	 0.370929	 -0.650465	 -0.917015	 0.368011	 -0.643476	 -0.898868	 2.02319	 2.02304	 2.02307	 2.02269	 2.02284	 
24.14	 0.381	 -0.678	 -0.99	 0.378354	 -0.670915	 -0.972016	 0.37596	 -0.664257	 -0.953836	 0.373623	 -0.657696	 -0.935613	 0.371039	 -0.650727	 -0.917578	 0.368338	 -0.643569	 -0.899634	 1.99926	 1.99912	 1.99918	 1.99883	 1.999	 
24.15	 0.381	 -0.678	 -0.99	 0.378618	 -0.670924	 -0.97215	 0.376094	 -0.664341	 -0.954134	 0.373536	 -0.65787	 -0.93608	 0.371107	 -0.650932	 -0.918186	 0.368735	 -0.643773	 -0.900369	 1.97475	 1.97462	 1.97471	 1.9744	 1.97458	 
24.16	 0.381	 -0.678	 -0.99	 0.378839	 -0.671095	 -0.972227	 0.376213	 -0.66446	 -0.954416	 0.373479	 -0.657889	 -0.936595	 0.371183	 -0.651062	 -0.918812	 0.369092	 -0.644111	 -0.901049	 1.95055	 1.95042	 1.95054	 1.95026	 1.95046	 
24.17	 0.381	 -0.678	 -0.99	 0.378903	 -0.671366	 -0.972282	 0.376295	 -0.664604	 -0.954682	 0.373566	 -0.657815	 -0.93711	 0.371316	 -0.651147	 -0.919425	 0.369296	 -0.644533	 -0.901692	 1.92714	 1.92701	 1.92714	 1.92688	 1.92709	 
24.18	 0.381	 -0.678	 -0.99	 0.378776	 -0.671597	 -0.972373	 0.37633	 -0.664743	 -0.954946	 0.373826	 -0.657784	 -0.937569	 0.371524	 -0.651252	 -0.920001	 0.369327	 -0.644923	 -0.902344	 1.90445	 1.90433	 1.90446	 1.9042	 1.90441	 
24.19	 0.381	 -0.678	 -0.99	 0.378552	 -0.671655	 -0.97254	 0.376333	 -0.664843	 -0.955226	 0.374162	 -0.657921	 -0.937949	 0.371769	 -0.651439	 -0.920534	 0.369274	 -0.645172	 -0.903052	 1.88201	 1.8819	 1.88202	 1.88173	 1.88194	 
24.2	 0.381	 -0.678	 -0.99	 0.378414	 -0.671517	 -0.972773	 0.37635	 -0.664897	 -0.955528	 0.374406	 -0.658243	 -0.938281	 0.371965	 -0.651718	 -0.921051	 0.369288	 -0.645261	 -0.903828	 1.85915	 1.85903	 1.85913	 1.85881	 1.85901	 
24.21	 0.381	 -0.678	 -0.99	 0.378503	 -0.671314	 -0.973007	 0.376417	 -0.664937	 -0.955843	 0.374428	 -0.658631	 -0.93864	 0.37205	 -0.652035	 -0.921598	 0.369481	 -0.645303	 -0.904635	 1.83524	 1.8351	 1.83519	 1.83485	 1.83505	 
24.22	 0.381	 -0.678	 -0.99	 0.378786	 -0.671252	 -0.973173	 0.376528	 -0.665014	 -0.956158	 0.374263	 -0.658897	 -0.939099	 0.372038	 -0.652302	 -0.922216	 0.369829	 -0.645475	 -0.905422	 1.80995	 1.80979	 1.80987	 1.80951	 1.80972	 
24.23	 0.381	 -0.678	 -0.99	 0.379052	 -0.671445	 -0.973254	 0.376633	 -0.665158	 -0.956467	 0.374106	 -0.658939	 -0.939671	 0.372026	 -0.652469	 -0.922911	 0.370159	 -0.645873	 -0.906173	 1.78326	 1.7831	 1.78317	 1.78282	 1.78302	 
24.24	 0.381	 -0.678	 -0.99	 0.379074	 -0.671787	 -0.973317	 0.376681	 -0.665346	 -0.956784	 0.374177	 -0.658854	 -0.940285	 0.372118	 -0.652579	 -0.923645	 0.370278	 -0.646406	 -0.906939	 1.75547	 1.75532	 1.75541	 1.75506	 1.75526	 
24.25	 0.381	 -0.678	 -0.99	 0.378833	 -0.67201	 -0.973466	 0.376665	 -0.665509	 -0.957127	 0.374496	 -0.658889	 -0.940836	 0.372328	 -0.652748	 -0.92436	 0.370166	 -0.646842	 -0.907796	 1.72703	 1.72689	 1.72699	 1.72664	 1.72685	 
24.26	 0.381	 -0.678	 -0.99	 0.378584	 -0.67193	 -0.973733	 0.376645	 -0.6656	 -0.957502	 0.374818	 -0.659206	 -0.941283	 0.372538	 -0.653054	 -0.92503	 0.370038	 -0.647026	 -0.908761	 1.69831	 1.69817	 1.69829	 1.69795	 1.69816	 
24.27	 0.381	 -0.678	 -0.99	 0.37863	 -0.671679	 -0.974027	 0.376691	 -0.665646	 -0.957887	 0.374853	 -0.659678	 -0.94171	 0.372605	 -0.653437	 -0.925691	 0.370153	 -0.647068	 -0.909751	 1.66953	 1.6694	 1.66952	 1.6692	 1.66942	 
24.28	 0.381	 -0.678	 -0.99	 0.378967	 -0.671616	 -0.974212	 0.376801	 -0.665734	 -0.958248	 0.374604	 -0.659973	 -0.942243	 0.372526	 -0.653737	 -0.926404	 0.370503	 -0.647268	 -0.910649	 1.64075	 1.64061	 1.64074	 1.64041	 1.64063	 
24.29	 0.381	 -0.678	 -0.99	 0.379213	 -0.671912	 -0.974271	 0.376885	 -0.66591	 -0.95858	 0.374427	 -0.659932	 -0.942898	 0.372474	 -0.653874	 -0.92718	 0.370771	 -0.647771	 -0.911447	 1.61184	 1.61169	 1.61181	 1.61147	 1.61169	 
24.3	 0.381	 -0.678	 -0.99	 0.379051	 -0.672279	 -0.974358	 0.376867	 -0.666107	 -0.95892	 0.374625	 -0.659829	 -0.943533	 0.372602	 -0.653977	 -0.927952	 0.370693	 -0.648335	 -0.912277	 1.58265	 1.58252	 1.58264	 1.58229	 1.58251	 
24.31	 0.381	 -0.678	 -0.99	 0.378695	 -0.67229	 -0.974611	 0.376798	 -0.666221	 -0.959305	 0.374999	 -0.660066	 -0.94402	 0.372818	 -0.654248	 -0.928656	 0.370449	 -0.648603	 -0.913254	 1.55317	 1.55303	 1.55316	 1.5528	 1.55302	 
24.32	 0.381	 -0.678	 -0.99	 0.378681	 -0.671994	 -0.974939	 0.376809	 -0.66626	 -0.959711	 0.375049	 -0.660592	 -0.944444	 0.372871	 -0.654667	 -0.929332	 0.37048	 -0.648617	 -0.9143	 1.52347	 1.52331	 1.52343	 1.52309	 1.52332	 
24.33	 0.381	 -0.678	 -0.99	 0.379069	 -0.671938	 -0.975119	 0.376918	 -0.666355	 -0.960082	 0.374717	 -0.660891	 -0.945008	 0.372725	 -0.654976	 -0.930078	 0.370833	 -0.648833	 -0.915226	 1.49373	 1.49358	 1.49371	 1.49337	 1.49361	 
24.34	 0.381	 -0.678	 -0.99	 0.37925	 -0.672338	 -0.975148	 0.376976	 -0.666562	 -0.960413	 0.374574	 -0.660761	 -0.945706	 0.372665	 -0.655067	 -0.930888	 0.371005	 -0.649424	 -0.91602	 1.46426	 1.46414	 1.46428	 1.46394	 1.46417	 
24.35	 0.381	 -0.678	 -0.99	 0.378902	 -0.672626	 -0.97529	 0.376898	 -0.666742	 -0.960764	 0.374916	 -0.660734	 -0.946285	 0.372845	 -0.655204	 -0.931631	 0.370734	 -0.64992	 -0.916891	 1.4354	 1.43528	 1.43545	 1.43512	 1.43536	 
24.36	 0.381	 -0.678	 -0.99	 0.378646	 -0.672377	 -0.975623	 0.376834	 -0.666789	 -0.961154	 0.375158	 -0.661209	 -0.946665	 0.372975	 -0.655594	 -0.932258	 0.370535	 -0.649969	 -0.917896	 1.40741	 1.40727	 1.40744	 1.40713	 1.40738	 
24.37	 0.381	 -0.678	 -0.99	 0.378988	 -0.672163	 -0.975849	 0.376915	 -0.666839	 -0.961507	 0.374833	 -0.661644	 -0.947118	 0.372813	 -0.655965	 -0.932906	 0.370819	 -0.650041	 -0.918789	 1.3804	 1.38026	 1.38043	 1.38014	 1.38041	 
24.38	 0.381	 -0.678	 -0.99	 0.379261	 -0.672542	 -0.975847	 0.376984	 -0.667033	 -0.961792	 0.374575	 -0.661513	 -0.947762	 0.372674	 -0.656041	 -0.933638	 0.371032	 -0.650589	 -0.919471	 1.35438	 1.35427	 1.35446	 1.35414	 1.35439	 
24.39	 0.381	 -0.678	 -0.99	 0.378881	 -0.672857	 -0.975959	 0.376889	 -0.667208	 -0.962095	 0.374926	 -0.661432	 -0.948279	 0.372842	 -0.65613	 -0.934294	 0.370701	 -0.651072	 -0.920225	 1.32931	 1.32919	 1.32936	 1.32905	 1.32931	 
24.4	 0.381	 -0.678	 -0.99	 0.378657	 -0.672531	 -0.976293	 0.376824	 -0.667218	 -0.962448	 0.375117	 -0.661943	 -0.948571	 0.372931	 -0.656519	 -0.934822	 0.370498	 -0.651025	 -0.921141	 1.30499	 1.30485	 1.30502	 1.30471	 1.30499	 
24.41	 0.381	 -0.678	 -0.99	 0.379099	 -0.67241	 -0.976443	 0.37692	 -0.667276	 -0.962749	 0.374673	 -0.662259	 -0.949022	 0.372688	 -0.656814	 -0.93542	 0.370834	 -0.651148	 -0.921888	 1.28128	 1.28114	 1.2813	 1.28099	 1.28126	 
24.42	 0.381	 -0.678	 -0.99	 0.379161	 -0.672912	 -0.976402	 0.376924	 -0.667493	 -0.962994	 0.374585	 -0.661995	 -0.949634	 0.372619	 -0.656807	 -0.936094	 0.37085	 -0.651776	 -0.922466	 1.25809	 1.25798	 1.25815	 1.25781	 1.25807	 
24.43	 0.381	 -0.678	 -0.99	 0.378661	 -0.672946	 -0.976627	 0.376785	 -0.667595	 -0.963298	 0.375022	 -0.662168	 -0.949983	 0.372824	 -0.657017	 -0.936625	 0.370404	 -0.652015	 -0.923248	 1.23551	 1.23538	 1.23554	 1.23522	 1.2355	 
24.44	 0.381	 -0.678	 -0.99	 0.378836	 -0.672544	 -0.976914	 0.376808	 -0.667579	 -0.963613	 0.374816	 -0.662737	 -0.950261	 0.372696	 -0.657433	 -0.937107	 0.370505	 -0.651895	 -0.92406	 1.21363	 1.21349	 1.21366	 1.21336	 1.21364	 
24.45	 0.381	 -0.678	 -0.99	 0.379211	 -0.67288	 -0.976872	 0.376879	 -0.667742	 -0.963838	 0.374412	 -0.662603	 -0.950828	 0.372453	 -0.657482	 -0.937726	 0.37076	 -0.652368	 -0.924584	 1.19262	 1.19251	 1.1927	 1.19238	 1.19265	 
24.46	 0.381	 -0.678	 -0.99	 0.378743	 -0.673184	 -0.97697	 0.37674	 -0.667899	 -0.964083	 0.374799	 -0.662495	 -0.951233	 0.37262	 -0.65753	 -0.938248	 0.370321	 -0.652796	 -0.925195	 1.17276	 1.17265	 1.17284	 1.17254	 1.17282	 
24.47	 0.381	 -0.678	 -0.99	 0.378686	 -0.672736	 -0.977288	 0.376703	 -0.667859	 -0.964369	 0.374804	 -0.663079	 -0.9514	 0.372592	 -0.657933	 -0.938623	 0.370214	 -0.6526	 -0.925951	 1.15427	 1.15414	 1.15433	 1.15407	 1.15437	 
24.48	 0.381	 -0.678	 -0.99	 0.379167	 -0.67292	 -0.977257	 0.376798	 -0.667966	 -0.964553	 0.374293	 -0.663047	 -0.95186	 0.372285	 -0.658009	 -0.939128	 0.370537	 -0.652906	 -0.926381	 1.13736	 1.13726	 1.13746	 1.13718	 1.13747	 
24.49	 0.381	 -0.678	 -0.99	 0.378745	 -0.67331	 -0.977282	 0.376658	 -0.668121	 -0.964731	 0.374611	 -0.662807	 -0.952225	 0.372406	 -0.657959	 -0.939559	 0.370123	 -0.653357	 -0.926813	 1.12226	 1.12217	 1.1224	 1.12212	 1.12241	 
24.5	 0.381	 -0.678	 -0.99	 0.378614	 -0.672846	 -0.977582	 0.376587	 -0.668055	 -0.964957	 0.374655	 -0.663354	 -0.952282	 0.372387	 -0.658311	 -0.939798	 0.369942	 -0.653094	 -0.927416	 1.10921	 1.10909	 1.1093	 1.10906	 1.10938	 
24.51	 0.381	 -0.678	 -0.99	 0.379106	 -0.67301	 -0.977509	 0.376677	 -0.668135	 -0.965067	 0.374115	 -0.66329	 -0.952637	 0.372053	 -0.658337	 -0.940159	 0.370254	 -0.653323	 -0.927663	 1.09823	 1.09816	 1.09839	 1.09813	 1.09844	 
24.52	 0.381	 -0.678	 -0.99	 0.378651	 -0.673369	 -0.977511	 0.376523	 -0.668257	 -0.965172	 0.374449	 -0.663023	 -0.952873	 0.37217	 -0.658238	 -0.94043	 0.369786	 -0.653691	 -0.927916	 1.08944	 1.08936	 1.08959	 1.08934	 1.08965	 
24.53	 0.381	 -0.678	 -0.99	 0.378589	 -0.67287	 -0.977769	 0.376461	 -0.668158	 -0.96532	 0.374408	 -0.66355	 -0.952818	 0.37209	 -0.658551	 -0.940516	 0.369631	 -0.653351	 -0.928322	 1.08266	 1.08255	 1.08276	 1.08254	 1.08286	 
24.54	 0.381	 -0.678	 -0.99	 0.379035	 -0.673121	 -0.977625	 0.376531	 -0.668243	 -0.965347	 0.37389	 -0.66337	 -0.953095	 0.371751	 -0.658493	 -0.940748	 0.369876	 -0.653611	 -0.928358	 1.07752	 1.07744	 1.07766	 1.0774	 1.0777	 
24.55	 0.381	 -0.678	 -0.99	 0.378504	 -0.673372	 -0.977651	 0.376347	 -0.668328	 -0.965402	 0.374274	 -0.663177	 -0.953182	 0.371882	 -0.658416	 -0.940864	 0.369325	 -0.653862	 -0.928499	 1.0737	 1.0736	 1.0738	 1.07355	 1.07386	 
24.56	 0.381	 -0.678	 -0.99	 0.378588	 -0.672866	 -0.977857	 0.376311	 -0.668214	 -0.965496	 0.374072	 -0.663686	 -0.953081	 0.371707	 -0.658705	 -0.940866	 0.369272	 -0.65349	 -0.928761	 1.07082	 1.07069	 1.07088	 1.07063	 1.07094	 
24.57	 0.381	 -0.678	 -0.99	 0.378921	 -0.673239	 -0.97766	 0.376346	 -0.668321	 -0.965478	 0.373643	 -0.663365	 -0.953336	 0.371405	 -0.658555	 -0.941045	 0.369412	 -0.653818	 -0.928681	 1.06865	 1.06856	 1.06875	 1.06847	 1.06876	 
24.58	 0.381	 -0.678	 -0.99	 0.378347	 -0.673321	 -0.977748	 0.376149	 -0.668348	 -0.965524	 0.374064	 -0.663298	 -0.953309	 0.37155	 -0.65852	 -0.941068	 0.368815	 -0.653891	 -0.928814	 1.06739	 1.06728	 1.06746	 1.0672	 1.06751	 
24.59	 0.381	 -0.678	 -0.99	 0.378602	 -0.672859	 -0.977883	 0.376152	 -0.668223	 -0.965574	 0.373693	 -0.663717	 -0.953218	 0.37128	 -0.658736	 -0.941037	 0.368889	 -0.653509	 -0.928954	 1.0673	 1.06719	 1.06738	 1.06714	 1.06746	 
24.6	 0.381	 -0.678	 -0.99	 0.378763	 -0.67332	 -0.977656	 0.376133	 -0.66833	 -0.965513	 0.373403	 -0.663263	 -0.953423	 0.371042	 -0.658485	 -0.94114	 0.368879	 -0.653859	 -0.928762	 1.06879	 1.06872	 1.06894	 1.06869	 1.069	 
24.61	 0.381	 -0.678	 -0.99	 0.378205	 -0.673215	 -0.977786	 0.37593	 -0.668291	 -0.96552	 0.373787	 -0.663331	 -0.953243	 0.371159	 -0.658496	 -0.941012	 0.368278	 -0.653735	 -0.928808	 1.07226	 1.07217	 1.07239	 1.07218	 1.0725	 
24.62	 0.381	 -0.678	 -0.99	 0.378589	 -0.672853	 -0.977812	 0.375962	 -0.668178	 -0.96548	 0.373283	 -0.663624	 -0.953111	 0.370806	 -0.658627	 -0.940874	 0.368432	 -0.653399	 -0.928712	 1.07774	 1.07766	 1.07789	 1.07769	 1.07802	 
24.63	 0.381	 -0.678	 -0.99	 0.378583	 -0.673344	 -0.977564	 0.375894	 -0.668279	 -0.965347	 0.373134	 -0.663114	 -0.953186	 0.370628	 -0.65833	 -0.940817	 0.36826	 -0.653745	 -0.928343	 1.08511	 1.08505	 1.08527	 1.08506	 1.08538	 
24.64	 0.381	 -0.678	 -0.99	 0.378088	 -0.673106	 -0.977698	 0.375699	 -0.668196	 -0.965292	 0.373442	 -0.66328	 -0.952862	 0.370693	 -0.658377	 -0.940527	 0.367687	 -0.653488	 -0.928244	 1.09407	 1.09397	 1.09418	 1.09398	 1.09431	 
24.65	 0.381	 -0.678	 -0.99	 0.378518	 -0.672831	 -0.977643	 0.375736	 -0.668092	 -0.965179	 0.372878	 -0.663464	 -0.95269	 0.370299	 -0.658432	 -0.940297	 0.367864	 -0.653189	 -0.927961	 1.10418	 1.10409	 1.10429	 1.10407	 1.10439	 
24.66	 0.381	 -0.678	 -0.99	 0.378426	 -0.673304	 -0.977396	 0.375638	 -0.668172	 -0.96501	 0.372795	 -0.662931	 -0.952681	 0.37015	 -0.658098	 -0.940145	 0.367613	 -0.653479	 -0.927504	 1.11516	 1.11508	 1.11526	 1.11503	 1.11533	 
24.67	 0.381	 -0.678	 -0.99	 0.377964	 -0.673025	 -0.977522	 0.375446	 -0.668059	 -0.964928	 0.373059	 -0.663092	 -0.952306	 0.370188	 -0.658115	 -0.939791	 0.367065	 -0.65314	 -0.927334	 1.12689	 1.12679	 1.12696	 1.12674	 1.12705	 
24.68	 0.381	 -0.678	 -0.99	 0.378383	 -0.672753	 -0.977448	 0.37548	 -0.667939	 -0.964787	 0.372506	 -0.663234	 -0.9521	 0.3698	 -0.658122	 -0.939512	 0.36723	 -0.652798	 -0.926982	 1.13938	 1.13929	 1.13947	 1.13926	 1.13957	 
24.69	 0.381	 -0.678	 -0.99	 0.378328	 -0.673201	 -0.977185	 0.375396	 -0.667995	 -0.964588	 0.372395	 -0.662689	 -0.952048	 0.369637	 -0.657761	 -0.939301	 0.367008	 -0.653029	 -0.926451	 1.15287	 1.15279	 1.15298	 1.15276	 1.15306	 
24.7	 0.381	 -0.678	 -0.99	 0.377842	 -0.672985	 -0.977273	 0.375196	 -0.667882	 -0.964465	 0.37268	 -0.662756	 -0.951638	 0.369683	 -0.65771	 -0.938885	 0.366438	 -0.652712	 -0.926172	 1.1676	 1.16752	 1.16771	 1.16752	 1.16784	 
24.71	 0.381	 -0.678	 -0.99	 0.378177	 -0.672624	 -0.977224	 0.375202	 -0.667727	 -0.964291	 0.372194	 -0.662951	 -0.951319	 0.369327	 -0.657726	 -0.938491	 0.366531	 -0.652266	 -0.925742	 1.18378	 1.1837	 1.1839	 1.18373	 1.18405	 
24.72	 0.381	 -0.678	 -0.99	 0.378279	 -0.673012	 -0.976919	 0.375153	 -0.667756	 -0.964035	 0.371924	 -0.662435	 -0.951201	 0.369075	 -0.657363	 -0.93818	 0.366425	 -0.652418	 -0.925066	 1.20146	 1.2014	 1.2016	 1.20142	 1.20173	 
24.73	 0.381	 -0.678	 -0.99	 0.377758	 -0.672991	 -0.976907	 0.374941	 -0.667678	 -0.963837	 0.372229	 -0.662288	 -0.950775	 0.369119	 -0.657181	 -0.937689	 0.365807	 -0.652226	 -0.924592	 1.22058	 1.22051	 1.2207	 1.22053	 1.22085	 
24.74	 0.381	 -0.678	 -0.99	 0.377863	 -0.672516	 -0.976925	 0.374881	 -0.667482	 -0.963635	 0.371941	 -0.662561	 -0.950292	 0.368856	 -0.657216	 -0.937147	 0.365694	 -0.651658	 -0.924107	 1.24092	 1.24084	 1.24103	 1.24086	 1.24117	 
24.75	 0.381	 -0.678	 -0.99	 0.378193	 -0.672687	 -0.976626	 0.37488	 -0.667447	 -0.96334	 0.371442	 -0.662228	 -0.950076	 0.368478	 -0.656941	 -0.936726	 0.365759	 -0.651616	 -0.923337	 1.26223	 1.26217	 1.26235	 1.26217	 1.26247	 
24.76	 0.381	 -0.678	 -0.99	 0.37782	 -0.672962	 -0.976444	 0.374706	 -0.66744	 -0.963063	 0.371605	 -0.661798	 -0.949727	 0.368441	 -0.656609	 -0.936225	 0.365249	 -0.651654	 -0.92264	 1.28439	 1.28431	 1.28448	 1.2843	 1.2846	 
24.77	 0.381	 -0.678	 -0.99	 0.377534	 -0.672584	 -0.976495	 0.37455	 -0.667266	 -0.962837	 0.371686	 -0.661971	 -0.949143	 0.368368	 -0.656584	 -0.93559	 0.364815	 -0.651154	 -0.922111	 1.30727	 1.30718	 1.30735	 1.30718	 1.30748	 
24.78	 0.381	 -0.678	 -0.99	 0.377874	 -0.672328	 -0.976345	 0.37455	 -0.667115	 -0.962555	 0.37118	 -0.662018	 -0.948731	 0.367994	 -0.656491	 -0.935031	 0.3649	 -0.650745	 -0.921398	 1.33087	 1.3308	 1.33097	 1.33079	 1.33109	 
24.79	 0.381	 -0.678	 -0.99	 0.37797	 -0.672641	 -0.976022	 0.374494	 -0.667101	 -0.962221	 0.370907	 -0.66152	 -0.948463	 0.36774	 -0.656111	 -0.934536	 0.364789	 -0.650787	 -0.920526	 1.3552	 1.35514	 1.3553	 1.35513	 1.35542	 
24.8	 0.381	 -0.678	 -0.99	 0.377534	 -0.672735	 -0.975908	 0.374309	 -0.667031	 -0.961929	 0.371143	 -0.66122	 -0.947981	 0.367751	 -0.655822	 -0.933922	 0.364248	 -0.650636	 -0.919808	 1.38025	 1.38018	 1.38034	 1.38017	 1.38046	 
24.81	 0.381	 -0.678	 -0.99	 0.377375	 -0.672324	 -0.975921	 0.374194	 -0.666834	 -0.961663	 0.371124	 -0.661389	 -0.947362	 0.367639	 -0.655769	 -0.933226	 0.363941	 -0.650065	 -0.919176	 1.40591	 1.40584	 1.406	 1.40583	 1.40612	 
24.82	 0.381	 -0.678	 -0.99	 0.377702	 -0.672116	 -0.975735	 0.3742	 -0.666684	 -0.961341	 0.370652	 -0.661365	 -0.946915	 0.367298	 -0.655622	 -0.932607	 0.364037	 -0.649663	 -0.918363	 1.4321	 1.43203	 1.43218	 1.43202	 1.43231	 
24.83	 0.381	 -0.678	 -0.99	 0.377814	 -0.672381	 -0.975412	 0.374157	 -0.66665	 -0.960979	 0.370386	 -0.660897	 -0.946584	 0.367058	 -0.655248	 -0.932039	 0.363957	 -0.64965	 -0.917424	 1.45874	 1.45867	 1.45882	 1.45866	 1.45895	 
24.84	 0.381	 -0.678	 -0.99	 0.377457	 -0.672532	 -0.975242	 0.374001	 -0.66659	 -0.960648	 0.370564	 -0.660532	 -0.946095	 0.367046	 -0.654921	 -0.931386	 0.363492	 -0.649537	 -0.916598	 1.48585	 1.48578	 1.48593	 1.48577	 1.48606	 
24.85	 0.381	 -0.678	 -0.99	 0.377185	 -0.672232	 -0.975224	 0.373866	 -0.666416	 -0.960348	 0.370667	 -0.660587	 -0.94545	 0.367001	 -0.654801	 -0.930644	 0.363101	 -0.649042	 -0.915885	 1.51347	 1.5134	 1.51355	 1.5134	 1.51368	 
24.86	 0.381	 -0.678	 -0.99	 0.377361	 -0.671889	 -0.975112	 0.373843	 -0.666227	 -0.96002	 0.370354	 -0.660673	 -0.94488	 0.366751	 -0.654695	 -0.92993	 0.363087	 -0.648506	 -0.915079	 1.54163	 1.54157	 1.54172	 1.54157	 1.54185	 
24.87	 0.381	 -0.678	 -0.99	 0.377639	 -0.671929	 -0.974823	 0.373848	 -0.666129	 -0.959643	 0.369952	 -0.660395	 -0.944463	 0.366459	 -0.654406	 -0.929284	 0.363166	 -0.648286	 -0.914111	 1.57026	 1.5702	 1.57034	 1.57019	 1.57047	 
24.88	 0.381	 -0.678	 -0.99	 0.377571	 -0.672186	 -0.974531	 0.373773	 -0.666085	 -0.959261	 0.369883	 -0.659915	 -0.94404	 0.366338	 -0.654015	 -0.928631	 0.362967	 -0.648246	 -0.913131	 1.59911	 1.59903	 1.59916	 1.599	 1.59928	 
24.89	 0.381	 -0.678	 -0.99	 0.377226	 -0.672223	 -0.974392	 0.373634	 -0.66599	 -0.958917	 0.370083	 -0.659646	 -0.943477	 0.366358	 -0.653729	 -0.92791	 0.362553	 -0.648025	 -0.912282	 1.62775	 1.62766	 1.62778	 1.62761	 1.62787	 
24.9	 0.381	 -0.678	 -0.99	 0.37702	 -0.671933	 -0.97435	 0.373534	 -0.665817	 -0.958603	 0.370165	 -0.659686	 -0.942836	 0.366329	 -0.653597	 -0.92716	 0.362265	 -0.647535	 -0.91153	 1.65571	 1.65562	 1.65573	 1.65554	 1.6558	 
24.91	 0.381	 -0.678	 -0.99	 0.377154	 -0.671614	 -0.974248	 0.373521	 -0.665636	 -0.958287	 0.369941	 -0.659752	 -0.942279	 0.366157	 -0.653481	 -0.926467	 0.362271	 -0.647025	 -0.910753	 1.68268	 1.68259	 1.68269	 1.68249	 1.68274	 
24.92	 0.381	 -0.678	 -0.99	 0.377425	 -0.67156	 -0.974019	 0.373547	 -0.665518	 -0.957953	 0.369599	 -0.659572	 -0.941868	 0.365935	 -0.65325	 -0.925861	 0.362406	 -0.646742	 -0.909897	 1.70856	 1.70846	 1.70855	 1.70835	 1.7086	 
24.93	 0.381	 -0.678	 -0.99	 0.377512	 -0.671748	 -0.973745	 0.373536	 -0.665464	 -0.957616	 0.369443	 -0.659175	 -0.941518	 0.36581	 -0.652918	 -0.925298	 0.362404	 -0.646672	 -0.909023	 1.73354	 1.73344	 1.73353	 1.73334	 1.73359	 
24.94	 0.381	 -0.678	 -0.99	 0.377321	 -0.671918	 -0.973547	 0.373462	 -0.665413	 -0.9573	 0.369558	 -0.658809	 -0.941102	 0.365827	 -0.652605	 -0.924708	 0.362184	 -0.646595	 -0.90822	 1.75801	 1.75792	 1.75801	 1.75784	 1.7581	 
24.95	 0.381	 -0.678	 -0.99	 0.377039	 -0.671858	 -0.97346	 0.373371	 -0.665311	 -0.957008	 0.369772	 -0.658668	 -0.940579	 0.3659	 -0.652405	 -0.924064	 0.361897	 -0.64633	 -0.907508	 1.78241	 1.78233	 1.78244	 1.78227	 1.78253	 
24.96	 0.381	 -0.678	 -0.99	 0.376915	 -0.67159	 -0.973414	 0.373324	 -0.665159	 -0.956723	 0.36985	 -0.65872	 -0.940009	 0.36591	 -0.652298	 -0.923393	 0.361744	 -0.64589	 -0.906825	 1.807	 1.80693	 1.80706	 1.8069	 1.80715	 
24.97	 0.381	 -0.678	 -0.99	 0.377034	 -0.671315	 -0.973314	 0.373338	 -0.665002	 -0.956422	 0.369708	 -0.658773	 -0.939485	 0.365818	 -0.652189	 -0.922741	 0.361802	 -0.645439	 -0.906092	 1.83179	 1.83174	 1.83187	 1.83171	 1.83197	 
24.98	 0.381	 -0.678	 -0.99	 0.377272	 -0.671214	 -0.973121	 0.373381	 -0.664884	 -0.956102	 0.369455	 -0.658661	 -0.939051	 0.365682	 -0.652003	 -0.922131	 0.36198	 -0.645136	 -0.905278	 1.85652	 1.85645	 1.85657	 1.85641	 1.85667	 
24.99	 0.381	 -0.678	 -0.99	 0.377435	 -0.671311	 -0.972873	 0.373408	 -0.664817	 -0.955774	 0.369279	 -0.65837	 -0.938681	 0.365592	 -0.651739	 -0.921558	 0.362115	 -0.645016	 -0.904426	 1.88068	 1.88059	 1.88069	 1.88052	 1.88077	 
25	 0.381	 -0.678	 -0.99	 0.377414	 -0.671488	 -0.972645	 0.373402	 -0.664775	 -0.95546	 0.369295	 -0.658019	 -0.938314	 0.3656	 -0.651455	 -0.921003	 0.362101	 -0.644979	 -0.903616	 1.90372	 1.90361	 1.90369	 1.90351	 1.90375	 
25.01	 0.381	 -0.678	 -0.99	 0.377237	 -0.671588	 -0.972491	 0.373371	 -0.664723	 -0.955178	 0.369481	 -0.657755	 -0.937911	 0.365693	 -0.651219	 -0.920454	 0.361959	 -0.644887	 -0.90291	 1.92523	 1.92511	 1.92518	 1.92497	 1.92519	 
25.02	 0.381	 -0.678	 -0.99	 0.377027	 -0.671524	 -0.972419	 0.373336	 -0.664638	 -0.954933	 0.36971	 -0.657657	 -0.937471	 0.365819	 -0.651065	 -0.919917	 0.361808	 -0.644661	 -0.902318	 1.94503	 1.94492	 1.94498	 1.94475	 1.94496	 
25.03	 0.381	 -0.678	 -0.99	 0.376918	 -0.671321	 -0.972389	 0.373329	 -0.664525	 -0.954717	 0.369855	 -0.657698	 -0.937032	 0.36592	 -0.650983	 -0.919404	 0.361765	 -0.644325	 -0.901802	 1.96322	 1.96312	 1.96318	 1.96295	 1.96315	 
25.04	 0.381	 -0.678	 -0.99	 0.37698	 -0.671085	 -0.972344	 0.373371	 -0.664408	 -0.954509	 0.369859	 -0.657783	 -0.936635	 0.365959	 -0.65093	 -0.91893	 0.361873	 -0.643974	 -0.901305	 1.98012	 1.98004	 1.9801	 1.97987	 1.98008	 
25.05	 0.381	 -0.678	 -0.99	 0.377175	 -0.670927	 -0.972247	 0.373451	 -0.664313	 -0.954299	 0.36975	 -0.657802	 -0.936306	 0.365951	 -0.650857	 -0.9185	 0.362102	 -0.64371	 -0.900782	 1.99612	 1.99604	 1.99612	 1.99591	 1.99612	 
25.06	 0.381	 -0.678	 -0.99	 0.377395	 -0.670911	 -0.972097	 0.373535	 -0.664252	 -0.954083	 0.36962	 -0.657694	 -0.936043	 0.365944	 -0.650732	 -0.918105	 0.362378	 -0.643576	 -0.900221	 2.01157	 2.01148	 2.01157	 2.01137	 2.0116	 
25.07	 0.381	 -0.678	 -0.99	 0.377541	 -0.671023	 -0.971916	 0.373608	 -0.664225	 -0.953862	 0.369569	 -0.657471	 -0.935814	 0.36598	 -0.650547	 -0.917736	 0.362601	 -0.64354	 -0.899648	 2.02664	 2.02655	 2.02664	 2.02646	 2.02669	 
25.08	 0.381	 -0.678	 -0.99	 0.377563	 -0.671183	 -0.971746	 0.373663	 -0.66421	 -0.953645	 0.369654	 -0.6572	 -0.935582	 0.36608	 -0.650335	 -0.917374	 0.362715	 -0.643536	 -0.899099	 2.04138	 2.04128	 2.04136	 2.04118	 2.04141	 
25.09	 0.381	 -0.678	 -0.99	 0.37746	 -0.671296	 -0.971622	 0.373689	 -0.66418	 -0.953447	 0.369861	 -0.65697	 -0.935321	 0.366248	 -0.650147	 -0.917003	 0.362744	 -0.643503	 -0.898596	 2.05564	 2.05553	 2.05561	 2.05542	 2.05564	 
25.1	 0.381	 -0.678	 -0.99	 0.377295	 -0.671301	 -0.971556	 0.373697	 -0.664128	 -0.953271	 0.370125	 -0.656846	 -0.935024	 0.366456	 -0.650014	 -0.916624	 0.362746	 -0.643393	 -0.898153	 2.06919	 2.06909	 2.06916	 2.06896	 2.06918	 
25.11	 0.381	 -0.678	 -0.99	 0.377166	 -0.671194	 -0.971532	 0.373723	 -0.664056	 -0.953113	 0.370373	 -0.656842	 -0.934707	 0.36666	 -0.649941	 -0.916251	 0.362778	 -0.643191	 -0.897773	 2.0818	 2.0817	 2.08177	 2.08155	 2.08175	 
25.12	 0.381	 -0.678	 -0.99	 0.377139	 -0.67101	 -0.971525	 0.373783	 -0.66397	 -0.95297	 0.370544	 -0.656916	 -0.9344	 0.366829	 -0.649908	 -0.915903	 0.362893	 -0.642927	 -0.897441	 2.09323	 2.09315	 2.09321	 2.09298	 2.09318	 
25.13	 0.381	 -0.678	 -0.99	 0.377229	 -0.670819	 -0.971507	 0.373872	 -0.663885	 -0.95284	 0.37061	 -0.657004	 -0.934137	 0.366957	 -0.649884	 -0.915598	 0.36312	 -0.642659	 -0.897136	 2.10338	 2.1033	 2.10336	 2.10312	 2.10332	 
25.14	 0.381	 -0.678	 -0.99	 0.37741	 -0.670685	 -0.97146	 0.373981	 -0.663815	 -0.95272	 0.370593	 -0.657044	 -0.933937	 0.367054	 -0.649847	 -0.915343	 0.363439	 -0.642457	 -0.896838	 2.11219	 2.1121	 2.11216	 2.11191	 2.11211	 
25.15	 0.381	 -0.678	 -0.99	 0.377629	 -0.670652	 -0.971378	 0.374105	 -0.663775	 -0.952606	 0.37055	 -0.657004	 -0.9338	 0.367139	 -0.649789	 -0.915136	 0.36379	 -0.642365	 -0.89654	 2.11968	 2.11957	 2.11963	 2.11939	 2.11959	 
25.16	 0.381	 -0.678	 -0.99	 0.377817	 -0.670728	 -0.971271	 0.374225	 -0.66377	 -0.952497	 0.37054	 -0.656887	 -0.933713	 0.36724	 -0.649705	 -0.914971	 0.364117	 -0.642382	 -0.896252	 2.12592	 2.1258	 2.12586	 2.12562	 2.12582	 
25.17	 0.381	 -0.678	 -0.99	 0.377915	 -0.670875	 -0.971162	 0.374321	 -0.663791	 -0.952399	 0.370612	 -0.656718	 -0.933655	 0.367384	 -0.649603	 -0.914839	 0.364381	 -0.642466	 -0.895992	 2.13098	 2.13085	 2.1309	 2.13068	 2.13089	 
25.18	 0.381	 -0.678	 -0.99	 0.377909	 -0.671031	 -0.971077	 0.374395	 -0.663816	 -0.952321	 0.370785	 -0.656545	 -0.933605	 0.367577	 -0.649504	 -0.91473	 0.364558	 -0.642568	 -0.895783	 2.13491	 2.13477	 2.13483	 2.1346	 2.13481	 
25.19	 0.381	 -0.678	 -0.99	 0.377819	 -0.671135	 -0.971034	 0.374453	 -0.663828	 -0.952267	 0.371043	 -0.656422	 -0.933547	 0.367811	 -0.649435	 -0.914636	 0.364666	 -0.642641	 -0.89564	 2.13765	 2.13752	 2.13757	 2.13734	 2.13754	 
25.2	 0.381	 -0.678	 -0.99	 0.377689	 -0.671153	 -0.97104	 0.374501	 -0.663828	 -0.952239	 0.371342	 -0.656396	 -0.933475	 0.368071	 -0.649419	 -0.914557	 0.364751	 -0.642653	 -0.89557	 2.13906	 2.13893	 2.13898	 2.13874	 2.13893	 
25.21	 0.381	 -0.678	 -0.99	 0.377588	 -0.671082	 -0.971084	 0.374562	 -0.663819	 -0.952234	 0.371625	 -0.656476	 -0.9334	 0.368325	 -0.649459	 -0.914503	 0.364859	 -0.642597	 -0.895578	 2.13893	 2.1388	 2.13886	 2.13859	 2.13877	 
25.22	 0.381	 -0.678	 -0.99	 0.377571	 -0.670943	 -0.971152	 0.37465	 -0.6638	 -0.952253	 0.371842	 -0.656632	 -0.933345	 0.368549	 -0.649542	 -0.914488	 0.365033	 -0.642497	 -0.895653	 2.13704	 2.13693	 2.13697	 2.13669	 2.13686	 
25.23	 0.381	 -0.678	 -0.99	 0.377653	 -0.670784	 -0.971225	 0.374757	 -0.663774	 -0.952298	 0.371961	 -0.656809	 -0.933339	 0.368735	 -0.649644	 -0.914525	 0.365309	 -0.642393	 -0.895779	 2.1333	 2.13319	 2.13324	 2.13294	 2.13311	 
25.24	 0.381	 -0.678	 -0.99	 0.377826	 -0.670666	 -0.97128	 0.374882	 -0.66376	 -0.952361	 0.371992	 -0.656951	 -0.933398	 0.368886	 -0.649736	 -0.914623	 0.365674	 -0.642336	 -0.895936	 2.12781	 2.12769	 2.12775	 2.12745	 2.12762	 
25.25	 0.381	 -0.678	 -0.99	 0.378056	 -0.670644	 -0.9713	 0.375026	 -0.663777	 -0.95243	 0.371978	 -0.65702	 -0.933523	 0.369011	 -0.649799	 -0.914776	 0.366077	 -0.642363	 -0.896108	 2.12086	 2.12074	 2.1208	 2.12051	 2.12069	 
25.26	 0.381	 -0.678	 -0.99	 0.378269	 -0.670731	 -0.971291	 0.375166	 -0.663824	 -0.952504	 0.371978	 -0.656999	 -0.9337	 0.369141	 -0.649829	 -0.914971	 0.366464	 -0.642496	 -0.89628	 2.1129	 2.11277	 2.11284	 2.11258	 2.11277	 
25.27	 0.381	 -0.678	 -0.99	 0.378397	 -0.670899	 -0.971269	 0.37528	 -0.663891	 -0.952582	 0.372048	 -0.656905	 -0.933905	 0.369305	 -0.64983	 -0.915186	 0.366787	 -0.642709	 -0.896451	 2.10438	 2.10425	 2.10433	 2.10409	 2.10429	 
25.28	 0.381	 -0.678	 -0.99	 0.37841	 -0.671091	 -0.971257	 0.375368	 -0.663962	 -0.952666	 0.372225	 -0.656787	 -0.934109	 0.369513	 -0.649819	 -0.915408	 0.367003	 -0.642944	 -0.896642	 2.09559	 2.09547	 2.09555	 2.09532	 2.09553	 
25.29	 0.381	 -0.678	 -0.99	 0.378319	 -0.671234	 -0.971282	 0.375435	 -0.664024	 -0.952762	 0.372501	 -0.656716	 -0.934287	 0.369761	 -0.64983	 -0.915623	 0.367116	 -0.643138	 -0.896874	 2.08653	 2.08641	 2.08649	 2.08626	 2.08646	 
25.3	 0.381	 -0.678	 -0.99	 0.378175	 -0.671276	 -0.971356	 0.375485	 -0.664069	 -0.952875	 0.372823	 -0.656752	 -0.934432	 0.370031	 -0.649894	 -0.915834	 0.367183	 -0.643251	 -0.897165	 2.07685	 2.07673	 2.0768	 2.07654	 2.07674	 
25.31	 0.381	 -0.678	 -0.99	 0.378059	 -0.671206	 -0.971477	 0.37554	 -0.664097	 -0.953011	 0.373113	 -0.656914	 -0.934561	 0.370285	 -0.650026	 -0.916058	 0.367271	 -0.643282	 -0.89753	 2.06591	 2.06578	 2.06585	 2.06555	 2.06573	 
25.32	 0.381	 -0.678	 -0.99	 0.378049	 -0.671054	 -0.971627	 0.375619	 -0.664112	 -0.953177	 0.373304	 -0.657167	 -0.934714	 0.37049	 -0.650216	 -0.916324	 0.367445	 -0.643269	 -0.897968	 2.05299	 2.05287	 2.05291	 2.05258	 2.05275	 
25.33	 0.381	 -0.678	 -0.99	 0.378175	 -0.670902	 -0.971776	 0.375726	 -0.66413	 -0.953374	 0.373362	 -0.657431	 -0.934935	 0.370636	 -0.650424	 -0.916663	 0.367738	 -0.643275	 -0.898472	 2.03754	 2.0374	 2.03744	 2.03708	 2.03724	 
25.34	 0.381	 -0.678	 -0.99	 0.378407	 -0.670841	 -0.971894	 0.375857	 -0.664176	 -0.953596	 0.373318	 -0.657626	 -0.935255	 0.370735	 -0.650606	 -0.917097	 0.368125	 -0.643368	 -0.899028	 2.01938	 2.01922	 2.01924	 2.01887	 2.01903	 
25.35	 0.381	 -0.678	 -0.99	 0.378659	 -0.670928	 -0.971972	 0.375995	 -0.664265	 -0.953835	 0.373256	 -0.657697	 -0.935675	 0.370822	 -0.65074	 -0.917618	 0.368525	 -0.643597	 -0.899615	 1.99879	 1.99863	 1.99865	 1.9983	 1.99846	 
25.36	 0.381	 -0.678	 -0.99	 0.378819	 -0.671147	 -0.972025	 0.376112	 -0.66439	 -0.954087	 0.373282	 -0.657657	 -0.936159	 0.370943	 -0.65083	 -0.918197	 0.368838	 -0.643956	 -0.900224	 1.97656	 1.9764	 1.97644	 1.9761	 1.97628	 
25.37	 0.381	 -0.678	 -0.99	 0.378805	 -0.671405	 -0.972092	 0.376184	 -0.664528	 -0.954349	 0.37346	 -0.657588	 -0.936646	 0.371134	 -0.650912	 -0.918788	 0.369002	 -0.64436	 -0.900858	 1.95368	 1.95353	 1.95361	 1.9533	 1.95349	 
25.38	 0.381	 -0.678	 -0.99	 0.378636	 -0.67157	 -0.972213	 0.376211	 -0.664645	 -0.954621	 0.37377	 -0.657607	 -0.937076	 0.371385	 -0.651036	 -0.919345	 0.369029	 -0.644689	 -0.901528	 1.93111	 1.93099	 1.9311	 1.93082	 1.93102	 
25.39	 0.381	 -0.678	 -0.99	 0.378437	 -0.671554	 -0.972399	 0.376227	 -0.664718	 -0.954898	 0.374098	 -0.657792	 -0.937421	 0.371635	 -0.651235	 -0.919848	 0.369015	 -0.644859	 -0.902231	 1.90949	 1.90939	 1.90953	 1.90927	 1.90948	 
25.4	 0.381	 -0.678	 -0.99	 0.378369	 -0.671384	 -0.972618	 0.37627	 -0.664755	 -0.955169	 0.374293	 -0.65812	 -0.937707	 0.371813	 -0.651499	 -0.920306	 0.369092	 -0.644891	 -0.902934	 1.88897	 1.88889	 1.88904	 1.88879	 1.889	 
25.41	 0.381	 -0.678	 -0.99	 0.378513	 -0.671204	 -0.972807	 0.376355	 -0.664788	 -0.955426	 0.374274	 -0.65846	 -0.938001	 0.371882	 -0.651772	 -0.920754	 0.369337	 -0.644916	 -0.903593	 1.86921	 1.86912	 1.86926	 1.869	 1.86922	 
25.42	 0.381	 -0.678	 -0.99	 0.378797	 -0.671182	 -0.972918	 0.376468	 -0.664859	 -0.955663	 0.374112	 -0.658653	 -0.938369	 0.371877	 -0.651981	 -0.921236	 0.369696	 -0.645084	 -0.904183	 1.84949	 1.84938	 1.84949	 1.84921	 1.84943	 
25.43	 0.381	 -0.678	 -0.99	 0.37903	 -0.671385	 -0.972956	 0.376568	 -0.664987	 -0.955893	 0.373994	 -0.658643	 -0.938826	 0.371886	 -0.652097	 -0.921774	 0.370001	 -0.645449	 -0.904734	 1.82896	 1.82882	 1.8289	 1.82859	 1.82881	 
25.44	 0.381	 -0.678	 -0.99	 0.379035	 -0.671697	 -0.972992	 0.376617	 -0.665145	 -0.956139	 0.374092	 -0.658539	 -0.939322	 0.371994	 -0.65217	 -0.922358	 0.370107	 -0.645911	 -0.905327	 1.80692	 1.80676	 1.80683	 1.80649	 1.80669	 
25.45	 0.381	 -0.678	 -0.99	 0.378812	 -0.671893	 -0.973117	 0.37661	 -0.665281	 -0.956427	 0.374403	 -0.658554	 -0.939784	 0.372206	 -0.652304	 -0.922957	 0.37002	 -0.646285	 -0.906043	 1.78303	 1.78288	 1.78293	 1.78257	 1.78276	 
25.46	 0.381	 -0.678	 -0.99	 0.378574	 -0.671828	 -0.973354	 0.376597	 -0.665362	 -0.956761	 0.374724	 -0.658826	 -0.940184	 0.372425	 -0.652569	 -0.923555	 0.369923	 -0.646452	 -0.906902	 1.75738	 1.75722	 1.75729	 1.75691	 1.7571	 
25.47	 0.381	 -0.678	 -0.99	 0.378581	 -0.671599	 -0.973632	 0.376639	 -0.665408	 -0.957121	 0.37481	 -0.659267	 -0.940579	 0.37253	 -0.652926	 -0.924171	 0.370027	 -0.646493	 -0.90783	 1.73037	 1.73022	 1.7303	 1.72994	 1.73013	 
25.48	 0.381	 -0.678	 -0.99	 0.378872	 -0.67149	 -0.973833	 0.376747	 -0.665486	 -0.957472	 0.374625	 -0.659602	 -0.941066	 0.372495	 -0.65324	 -0.924843	 0.370357	 -0.646644	 -0.908714	 1.70259	 1.70245	 1.70254	 1.7022	 1.7024	 
25.49	 0.381	 -0.678	 -0.99	 0.37917	 -0.671696	 -0.973914	 0.376855	 -0.665638	 -0.957797	 0.374423	 -0.659639	 -0.941675	 0.372442	 -0.653409	 -0.925581	 0.370682	 -0.647061	 -0.909506	 1.67456	 1.67441	 1.67452	 1.67419	 1.6744	 
25.5	 0.381	 -0.678	 -0.99	 0.379148	 -0.672069	 -0.973973	 0.376881	 -0.665828	 -0.958118	 0.37451	 -0.659515	 -0.942307	 0.372524	 -0.653494	 -0.926331	 0.370731	 -0.647615	 -0.910279	 1.64658	 1.64644	 1.64657	 1.64624	 1.64646	 
25.51	 0.381	 -0.678	 -0.99	 0.378827	 -0.672228	 -0.974151	 0.376827	 -0.665968	 -0.958467	 0.374864	 -0.65959	 -0.942824	 0.372734	 -0.653674	 -0.927025	 0.370528	 -0.647988	 -0.911151	 1.61872	 1.6186	 1.61874	 1.61841	 1.61863	 
25.52	 0.381	 -0.678	 -0.99	 0.378628	 -0.672024	 -0.974454	 0.376795	 -0.666022	 -0.958845	 0.375093	 -0.660012	 -0.943224	 0.372882	 -0.654028	 -0.92766	 0.370419	 -0.648062	 -0.912125	 1.59091	 1.59078	 1.59091	 1.59059	 1.59081	 
25.53	 0.381	 -0.678	 -0.99	 0.378852	 -0.671796	 -0.97471	 0.376863	 -0.666072	 -0.959214	 0.374917	 -0.660464	 -0.94367	 0.372823	 -0.654404	 -0.928317	 0.37065	 -0.648123	 -0.913064	 1.56296	 1.56281	 1.56293	 1.56261	 1.56284	 
25.54	 0.381	 -0.678	 -0.99	 0.379213	 -0.671966	 -0.974797	 0.376967	 -0.666219	 -0.959544	 0.374611	 -0.660546	 -0.94428	 0.37269	 -0.654602	 -0.929061	 0.370983	 -0.648519	 -0.913869	 1.53475	 1.53461	 1.53473	 1.53439	 1.53462	 
25.55	 0.381	 -0.678	 -0.99	 0.379172	 -0.672392	 -0.97484	 0.376972	 -0.666431	 -0.959866	 0.374679	 -0.660387	 -0.944938	 0.372737	 -0.654675	 -0.929834	 0.370975	 -0.649127	 -0.914645	 1.50633	 1.5062	 1.50633	 1.50598	 1.5062	 
25.56	 0.381	 -0.678	 -0.99	 0.378779	 -0.672493	 -0.975056	 0.376885	 -0.666563	 -0.960231	 0.375068	 -0.66053	 -0.945437	 0.372946	 -0.654894	 -0.930529	 0.370674	 -0.649462	 -0.915566	 1.47789	 1.47776	 1.4779	 1.47756	 1.47779	 
25.57	 0.381	 -0.678	 -0.99	 0.378698	 -0.672178	 -0.97539	 0.376866	 -0.66659	 -0.960625	 0.375155	 -0.661058	 -0.945822	 0.373004	 -0.655307	 -0.931163	 0.370628	 -0.649452	 -0.91658	 1.44969	 1.44955	 1.44968	 1.44936	 1.4496	 
25.58	 0.381	 -0.678	 -0.99	 0.379098	 -0.672099	 -0.975563	 0.376966	 -0.666671	 -0.960974	 0.374783	 -0.661363	 -0.946348	 0.372824	 -0.655611	 -0.93186	 0.370973	 -0.649634	 -0.917448	 1.42194	 1.4218	 1.42195	 1.42163	 1.42189	 
25.59	 0.381	 -0.678	 -0.99	 0.379251	 -0.672531	 -0.975566	 0.377008	 -0.666881	 -0.961272	 0.374646	 -0.661189	 -0.947013	 0.372754	 -0.655669	 -0.932619	 0.371102	 -0.650232	 -0.918162	 1.3948	 1.3947	 1.39487	 1.39454	 1.39478	 
25.6	 0.381	 -0.678	 -0.99	 0.378843	 -0.672759	 -0.975723	 0.376912	 -0.667042	 -0.961599	 0.375037	 -0.661206	 -0.947515	 0.37295	 -0.655816	 -0.933285	 0.370761	 -0.650656	 -0.918985	 1.36843	 1.36832	 1.36848	 1.36816	 1.36841	 
25.61	 0.381	 -0.678	 -0.99	 0.378698	 -0.672422	 -0.976058	 0.376875	 -0.667058	 -0.961963	 0.375172	 -0.661746	 -0.947833	 0.373018	 -0.656229	 -0.933846	 0.370631	 -0.650612	 -0.919934	 1.34279	 1.34265	 1.34281	 1.34251	 1.34278	 
25.62	 0.381	 -0.678	 -0.99	 0.37914	 -0.672347	 -0.976201	 0.376977	 -0.667132	 -0.962275	 0.37474	 -0.662029	 -0.948318	 0.372786	 -0.656513	 -0.934478	 0.370974	 -0.650783	 -0.920704	 1.31789	 1.31776	 1.31792	 1.31762	 1.31788	 
25.63	 0.381	 -0.678	 -0.99	 0.37919	 -0.672836	 -0.976174	 0.376979	 -0.667346	 -0.962534	 0.374665	 -0.661779	 -0.948942	 0.372726	 -0.656516	 -0.935172	 0.370984	 -0.651408	 -0.921317	 1.29378	 1.29368	 1.29385	 1.29353	 1.29379	 
25.64	 0.381	 -0.678	 -0.99	 0.378704	 -0.672891	 -0.976391	 0.376843	 -0.667454	 -0.962843	 0.375088	 -0.661934	 -0.949313	 0.372922	 -0.65672	 -0.935723	 0.370549	 -0.651668	 -0.922106	 1.27065	 1.27053	 1.2707	 1.2704	 1.27068	 
25.65	 0.381	 -0.678	 -0.99	 0.378821	 -0.67249	 -0.976686	 0.376853	 -0.667441	 -0.96316	 0.374939	 -0.662506	 -0.949582	 0.372824	 -0.657138	 -0.936202	 0.370602	 -0.651551	 -0.922928	 1.24866	 1.24853	 1.24871	 1.24843	 1.24872	 
25.66	 0.381	 -0.678	 -0.99	 0.379236	 -0.672745	 -0.97667	 0.376934	 -0.667583	 -0.963387	 0.374497	 -0.662448	 -0.950116	 0.372565	 -0.657227	 -0.936798	 0.370892	 -0.651958	 -0.923461	 1.22797	 1.22787	 1.22806	 1.22776	 1.22804	 
25.67	 0.381	 -0.678	 -0.99	 0.378854	 -0.673133	 -0.976716	 0.376812	 -0.667757	 -0.963613	 0.374795	 -0.662255	 -0.950558	 0.372683	 -0.65723	 -0.937328	 0.370526	 -0.652454	 -0.924012	 1.20869	 1.2086	 1.2088	 1.20851	 1.20878	 
25.68	 0.381	 -0.678	 -0.99	 0.378634	 -0.672747	 -0.97703	 0.376731	 -0.667733	 -0.963892	 0.374948	 -0.662777	 -0.950713	 0.372731	 -0.657596	 -0.93769	 0.370288	 -0.652301	 -0.92475	 1.19079	 1.19066	 1.19084	 1.19057	 1.19087	 
25.69	 0.381	 -0.678	 -0.99	 0.379138	 -0.672732	 -0.977074	 0.376838	 -0.667792	 -0.96409	 0.374428	 -0.662935	 -0.951094	 0.372425	 -0.657769	 -0.938149	 0.370631	 -0.65244	 -0.925238	 1.17405	 1.17394	 1.17413	 1.17385	 1.17412	 
25.7	 0.381	 -0.678	 -0.99	 0.37894	 -0.673234	 -0.977021	 0.376763	 -0.667975	 -0.964255	 0.374553	 -0.662592	 -0.951544	 0.372445	 -0.657669	 -0.938633	 0.370396	 -0.652987	 -0.925622	 1.15838	 1.15828	 1.15847	 1.15817	 1.15845	 
25.71	 0.381	 -0.678	 -0.99	 0.378552	 -0.672929	 -0.977311	 0.376628	 -0.667951	 -0.964495	 0.374836	 -0.662996	 -0.951652	 0.372551	 -0.657952	 -0.938923	 0.370009	 -0.652868	 -0.926256	 1.14377	 1.14365	 1.14383	 1.14356	 1.14386	 
25.72	 0.381	 -0.678	 -0.99	 0.379037	 -0.672781	 -0.977383	 0.376712	 -0.667963	 -0.964668	 0.3743	 -0.663249	 -0.95193	 0.372225	 -0.658158	 -0.939279	 0.370323	 -0.65287	 -0.926681	 1.13039	 1.13028	 1.13046	 1.13019	 1.13048	 
25.73	 0.381	 -0.678	 -0.99	 0.378909	 -0.673307	 -0.977282	 0.376644	 -0.668142	 -0.964779	 0.374334	 -0.662859	 -0.952331	 0.372186	 -0.658017	 -0.939679	 0.370128	 -0.653406	 -0.926925	 1.11856	 1.11848	 1.1187	 1.11842	 1.11871	 
25.74	 0.381	 -0.678	 -0.99	 0.378482	 -0.673017	 -0.977541	 0.376491	 -0.668108	 -0.96496	 0.374636	 -0.663217	 -0.952349	 0.37229	 -0.658255	 -0.939849	 0.369685	 -0.653261	 -0.927411	 1.10875	 1.10864	 1.10885	 1.10862	 1.10894	 
25.75	 0.381	 -0.678	 -0.99	 0.378972	 -0.672854	 -0.977573	 0.376571	 -0.668097	 -0.965059	 0.374078	 -0.663441	 -0.952523	 0.371936	 -0.658419	 -0.940065	 0.369974	 -0.653206	 -0.927654	 1.10112	 1.10104	 1.10127	 1.10104	 1.10136	 
25.76	 0.381	 -0.678	 -0.99	 0.378806	 -0.67337	 -0.977438	 0.376487	 -0.668254	 -0.96509	 0.374134	 -0.663015	 -0.952798	 0.371894	 -0.65823	 -0.940304	 0.369719	 -0.653683	 -0.927707	 1.09567	 1.09561	 1.09584	 1.0956	 1.09591	 
25.77	 0.381	 -0.678	 -0.99	 0.378416	 -0.673022	 -0.977674	 0.376336	 -0.668184	 -0.965198	 0.374383	 -0.663381	 -0.952686	 0.371958	 -0.658445	 -0.940312	 0.369284	 -0.653446	 -0.928012	 1.09204	 1.09194	 1.09215	 1.09193	 1.09225	 
25.78	 0.381	 -0.678	 -0.99	 0.378917	 -0.672921	 -0.977638	 0.376405	 -0.668171	 -0.965225	 0.373786	 -0.663507	 -0.952801	 0.371571	 -0.658536	 -0.940419	 0.369565	 -0.653403	 -0.928065	 1.0896	 1.0895	 1.08969	 1.08944	 1.08975	 
25.79	 0.381	 -0.678	 -0.99	 0.378654	 -0.673407	 -0.977509	 0.376286	 -0.66831	 -0.965219	 0.37391	 -0.663085	 -0.952983	 0.371557	 -0.65833	 -0.940555	 0.36922	 -0.653822	 -0.92803	 1.08778	 1.08769	 1.08787	 1.08759	 1.08788	 
25.8	 0.381	 -0.678	 -0.99	 0.378353	 -0.67299	 -0.977741	 0.376157	 -0.668214	 -0.965302	 0.374077	 -0.663495	 -0.952821	 0.371572	 -0.658552	 -0.940507	 0.368843	 -0.653499	 -0.928283	 1.08634	 1.08621	 1.08637	 1.08611	 1.08642	 
25.81	 0.381	 -0.678	 -0.99	 0.378858	 -0.672987	 -0.977651	 0.37623	 -0.66821	 -0.965304	 0.373479	 -0.663495	 -0.952958	 0.37118	 -0.658557	 -0.940609	 0.369117	 -0.6535	 -0.928264	 1.08536	 1.08526	 1.08543	 1.08515	 1.08544	 
25.82	 0.381	 -0.678	 -0.99	 0.378492	 -0.673405	 -0.977558	 0.376079	 -0.668309	 -0.965294	 0.373687	 -0.663086	 -0.953077	 0.371206	 -0.658331	 -0.940691	 0.368681	 -0.653823	 -0.928219	 1.08541	 1.08532	 1.08551	 1.08525	 1.08555	 
25.83	 0.381	 -0.678	 -0.99	 0.378294	 -0.672925	 -0.977775	 0.375965	 -0.668174	 -0.965344	 0.373734	 -0.663506	 -0.952863	 0.371151	 -0.658531	 -0.940571	 0.368381	 -0.6534	 -0.928381	 1.0872	 1.0871	 1.08731	 1.0871	 1.08742	 
25.84	 0.381	 -0.678	 -0.99	 0.378768	 -0.67302	 -0.977611	 0.376021	 -0.668176	 -0.965272	 0.373145	 -0.66337	 -0.952946	 0.370752	 -0.658436	 -0.940569	 0.368613	 -0.653433	 -0.928171	 1.09132	 1.09126	 1.09149	 1.09129	 1.09161	 
25.85	 0.381	 -0.678	 -0.99	 0.378324	 -0.673358	 -0.977519	 0.375841	 -0.668238	 -0.965186	 0.373405	 -0.662998	 -0.952893	 0.370791	 -0.658205	 -0.940457	 0.368088	 -0.653647	 -0.927948	 1.09813	 1.09807	 1.09832	 1.09814	 1.09846	 
25.86	 0.381	 -0.678	 -0.99	 0.378214	 -0.672854	 -0.977674	 0.375742	 -0.668084	 -0.965133	 0.37335	 -0.663407	 -0.952538	 0.370665	 -0.658377	 -0.940142	 0.367825	 -0.653167	 -0.927853	 1.10756	 1.10748	 1.10772	 1.10757	 1.1079	 
25.87	 0.381	 -0.678	 -0.99	 0.37865	 -0.672995	 -0.977442	 0.375781	 -0.668082	 -0.964957	 0.372779	 -0.663194	 -0.952492	 0.370261	 -0.658219	 -0.939955	 0.367996	 -0.653197	 -0.927387	 1.11917	 1.11912	 1.11935	 1.11917	 1.11949	 
25.88	 0.381	 -0.678	 -0.99	 0.378194	 -0.673291	 -0.977327	 0.375588	 -0.668111	 -0.964795	 0.37303	 -0.662813	 -0.952302	 0.370282	 -0.657955	 -0.939673	 0.36744	 -0.653329	 -0.926975	 1.13245	 1.13238	 1.13259	 1.1324	 1.13272	 
25.89	 0.381	 -0.678	 -0.99	 0.378069	 -0.67279	 -0.977448	 0.375473	 -0.667932	 -0.964684	 0.372964	 -0.663162	 -0.951869	 0.370142	 -0.658062	 -0.939248	 0.367155	 -0.652794	 -0.926732	 1.14678	 1.14668	 1.14686	 1.14667	 1.14699	 
25.9	 0.381	 -0.678	 -0.99	 0.378503	 -0.672865	 -0.977217	 0.375506	 -0.667892	 -0.964478	 0.372384	 -0.662962	 -0.951751	 0.369731	 -0.657879	 -0.93898	 0.367321	 -0.652712	 -0.926191	 1.16167	 1.16159	 1.16176	 1.16154	 1.16185	 
25.91	 0.381	 -0.678	 -0.99	 0.378131	 -0.673205	 -0.977054	 0.375339	 -0.667917	 -0.964284	 0.372563	 -0.662506	 -0.951562	 0.369712	 -0.657553	 -0.938672	 0.366829	 -0.652838	 -0.925698	 1.17695	 1.17686	 1.17702	 1.17679	 1.17708	 
25.92	 0.381	 -0.678	 -0.99	 0.377876	 -0.672767	 -0.97717	 0.375196	 -0.667746	 -0.964158	 0.372626	 -0.662776	 -0.951103	 0.36964	 -0.657604	 -0.938217	 0.366437	 -0.652334	 -0.925421	 1.19255	 1.19244	 1.1926	 1.19239	 1.1927	 
25.93	 0.381	 -0.678	 -0.99	 0.378309	 -0.672656	 -0.977002	 0.375225	 -0.667656	 -0.963955	 0.372044	 -0.662743	 -0.950897	 0.369229	 -0.657506	 -0.937883	 0.366602	 -0.652101	 -0.924895	 1.20861	 1.20853	 1.20869	 1.20848	 1.20878	 
25.94	 0.381	 -0.678	 -0.99	 0.378151	 -0.673067	 -0.976754	 0.375108	 -0.667698	 -0.963722	 0.372014	 -0.662221	 -0.950747	 0.369098	 -0.65715	 -0.937568	 0.366281	 -0.65229	 -0.924287	 1.22537	 1.22529	 1.22546	 1.22525	 1.22555	 
25.95	 0.381	 -0.678	 -0.99	 0.377704	 -0.672835	 -0.976819	 0.374913	 -0.667576	 -0.963559	 0.372248	 -0.662291	 -0.950283	 0.369108	 -0.657093	 -0.937078	 0.365723	 -0.651945	 -0.923911	 1.24303	 1.24294	 1.24311	 1.24293	 1.24323	 
25.96	 0.381	 -0.678	 -0.99	 0.37798	 -0.672463	 -0.976768	 0.374894	 -0.667411	 -0.963359	 0.371797	 -0.662481	 -0.949906	 0.368761	 -0.657095	 -0.936616	 0.365752	 -0.651476	 -0.923414	 1.2617	 1.26162	 1.2618	 1.26163	 1.26193	 
25.97	 0.381	 -0.678	 -0.99	 0.378167	 -0.672766	 -0.976463	 0.374856	 -0.667412	 -0.963082	 0.371427	 -0.662031	 -0.94974	 0.368448	 -0.656763	 -0.936247	 0.365703	 -0.651549	 -0.922682	 1.28143	 1.28137	 1.28155	 1.28137	 1.28167	 
25.98	 0.381	 -0.678	 -0.99	 0.377709	 -0.67291	 -0.976362	 0.374659	 -0.667375	 -0.962841	 0.371668	 -0.661731	 -0.949352	 0.368452	 -0.6565	 -0.935749	 0.365125	 -0.651485	 -0.92209	 1.30221	 1.30214	 1.30231	 1.30214	 1.30243	 
25.99	 0.381	 -0.678	 -0.99	 0.377565	 -0.672473	 -0.97641	 0.37454	 -0.667192	 -0.962627	 0.371619	 -0.661971	 -0.948798	 0.368313	 -0.656515	 -0.935148	 0.364808	 -0.650945	 -0.921592	 1.32393	 1.32385	 1.32402	 1.32386	 1.32415	 
26	 0.381	 -0.678	 -0.99	 0.377939	 -0.672343	 -0.97621	 0.374552	 -0.667078	 -0.962342	 0.371086	 -0.661911	 -0.948455	 0.367927	 -0.656376	 -0.934638	 0.36492	 -0.650651	 -0.920862	 1.34654	 1.34647	 1.34665	 1.34648	 1.34677	 
26.01	 0.381	 -0.678	 -0.99	 0.377918	 -0.672686	 -0.97591	 0.374468	 -0.667075	 -0.962022	 0.370928	 -0.661394	 -0.948184	 0.367732	 -0.655992	 -0.934153	 0.364715	 -0.650729	 -0.920028	 1.37009	 1.37002	 1.37019	 1.37003	 1.37032	 
26.02	 0.381	 -0.678	 -0.99	 0.377469	 -0.672678	 -0.975841	 0.374281	 -0.66698	 -0.961748	 0.371176	 -0.661189	 -0.947672	 0.36775	 -0.655751	 -0.933532	 0.364164	 -0.650496	 -0.91936	 1.39468	 1.39461	 1.39479	 1.39463	 1.39493	 
26.03	 0.381	 -0.678	 -0.99	 0.377404	 -0.672246	 -0.975839	 0.374187	 -0.666773	 -0.961478	 0.371067	 -0.661367	 -0.947068	 0.36759	 -0.655697	 -0.932844	 0.363931	 -0.649898	 -0.918716	 1.42047	 1.42041	 1.42059	 1.42045	 1.42074	 
26.04	 0.381	 -0.678	 -0.99	 0.377743	 -0.672112	 -0.975615	 0.374195	 -0.666634	 -0.961138	 0.370578	 -0.661258	 -0.946638	 0.367235	 -0.655496	 -0.932221	 0.364027	 -0.649539	 -0.917852	 1.4476	 1.44755	 1.44772	 1.44759	 1.44789	 
26.05	 0.381	 -0.678	 -0.99	 0.377784	 -0.672394	 -0.975289	 0.374129	 -0.666598	 -0.960755	 0.370367	 -0.660758	 -0.946265	 0.367015	 -0.655098	 -0.931605	 0.363872	 -0.649524	 -0.916863	 1.4761	 1.47604	 1.47622	 1.47609	 1.47639	 
26.06	 0.381	 -0.678	 -0.99	 0.377402	 -0.672492	 -0.975126	 0.373959	 -0.666519	 -0.960396	 0.370551	 -0.660435	 -0.945703	 0.366994	 -0.654786	 -0.930872	 0.363369	 -0.649358	 -0.915974	 1.50581	 1.50575	 1.50593	 1.50581	 1.5061	 
26.07	 0.381	 -0.678	 -0.99	 0.377166	 -0.672165	 -0.975089	 0.373823	 -0.666337	 -0.960058	 0.3706	 -0.660507	 -0.945	 0.36691	 -0.654671	 -0.930053	 0.362989	 -0.648837	 -0.915162	 1.53638	 1.53632	 1.53648	 1.53636	 1.53665	 
26.08	 0.381	 -0.678	 -0.99	 0.377356	 -0.671846	 -0.974945	 0.373794	 -0.666151	 -0.95969	 0.370254	 -0.660566	 -0.944389	 0.366633	 -0.654547	 -0.929274	 0.36297	 -0.648313	 -0.914254	 1.56728	 1.56722	 1.56736	 1.56722	 1.5675	 
26.09	 0.381	 -0.678	 -0.99	 0.377613	 -0.671899	 -0.974641	 0.373787	 -0.666052	 -0.959288	 0.369855	 -0.660268	 -0.943936	 0.366335	 -0.654241	 -0.928579	 0.363018	 -0.648092	 -0.913223	 1.59791	 1.59783	 1.59795	 1.59778	 1.59805	 
26.1	 0.381	 -0.678	 -0.99	 0.377537	 -0.672145	 -0.974349	 0.373706	 -0.666002	 -0.958896	 0.369783	 -0.65979	 -0.943493	 0.366206	 -0.653847	 -0.927903	 0.362804	 -0.648034	 -0.912222	 1.62769	 1.62759	 1.62769	 1.6275	 1.62776	 
26.11	 0.381	 -0.678	 -0.99	 0.377203	 -0.672184	 -0.974206	 0.373568	 -0.665907	 -0.958553	 0.369969	 -0.659518	 -0.942936	 0.366215	 -0.653559	 -0.927187	 0.362391	 -0.647816	 -0.911373	 1.65627	 1.65616	 1.65624	 1.65604	 1.65629	 
26.12	 0.381	 -0.678	 -0.99	 0.376987	 -0.671913	 -0.974165	 0.373464	 -0.665741	 -0.958247	 0.370058	 -0.659544	 -0.942312	 0.366188	 -0.653427	 -0.926455	 0.362092	 -0.647355	 -0.910636	 1.68358	 1.68348	 1.68356	 1.68335	 1.6836	 
26.13	 0.381	 -0.678	 -0.99	 0.377088	 -0.671591	 -0.974075	 0.373441	 -0.66556	 -0.957942	 0.36986	 -0.659619	 -0.941761	 0.36603	 -0.653322	 -0.925773	 0.362073	 -0.646853	 -0.909884	 1.70988	 1.70979	 1.70988	 1.70968	 1.70993	 
26.14	 0.381	 -0.678	 -0.99	 0.377348	 -0.671499	 -0.973864	 0.373461	 -0.665432	 -0.957616	 0.369522	 -0.659473	 -0.941339	 0.36581	 -0.653106	 -0.925165	 0.362202	 -0.646537	 -0.909046	 1.73561	 1.73552	 1.73563	 1.73545	 1.7357	 
26.15	 0.381	 -0.678	 -0.99	 0.377472	 -0.671655	 -0.973591	 0.373453	 -0.665366	 -0.957274	 0.369323	 -0.659095	 -0.940977	 0.365662	 -0.652774	 -0.924588	 0.362227	 -0.646423	 -0.90816	 1.7612	 1.76113	 1.76124	 1.76108	 1.76134	 
26.16	 0.381	 -0.678	 -0.99	 0.377333	 -0.67184	 -0.973366	 0.37339	 -0.665313	 -0.956937	 0.369384	 -0.658701	 -0.940557	 0.365644	 -0.652437	 -0.923979	 0.362036	 -0.646339	 -0.907308	 1.78697	 1.78689	 1.78701	 1.78687	 1.78713	 
26.17	 0.381	 -0.678	 -0.99	 0.377061	 -0.671839	 -0.973242	 0.373302	 -0.665222	 -0.956618	 0.369583	 -0.658498	 -0.940027	 0.365696	 -0.652201	 -0.923308	 0.361733	 -0.646115	 -0.906528	 1.81294	 1.81286	 1.81299	 1.81284	 1.8131	 
26.18	 0.381	 -0.678	 -0.99	 0.376883	 -0.671621	 -0.973179	 0.37324	 -0.665083	 -0.956311	 0.369705	 -0.658504	 -0.939435	 0.365717	 -0.652072	 -0.922604	 0.361516	 -0.645719	 -0.905794	 1.83891	 1.83884	 1.83896	 1.83881	 1.83907	 
26.19	 0.381	 -0.678	 -0.99	 0.376918	 -0.671334	 -0.973097	 0.373227	 -0.664924	 -0.956006	 0.369628	 -0.65857	 -0.938874	 0.365655	 -0.651973	 -0.921919	 0.361504	 -0.645264	 -0.905049	 1.86452	 1.86445	 1.86456	 1.86439	 1.86463	 
26.2	 0.381	 -0.678	 -0.99	 0.377115	 -0.671158	 -0.972941	 0.373252	 -0.664787	 -0.955696	 0.369402	 -0.658527	 -0.938407	 0.365536	 -0.651821	 -0.921291	 0.361654	 -0.644902	 -0.904261	 1.88934	 1.88925	 1.88935	 1.88916	 1.8894	 
26.21	 0.381	 -0.678	 -0.99	 0.377323	 -0.671173	 -0.972718	 0.373292	 -0.664699	 -0.95538	 0.369186	 -0.658312	 -0.938027	 0.365425	 -0.651592	 -0.920722	 0.361821	 -0.64471	 -0.903447	 1.91299	 1.9129	 1.91298	 1.91278	 1.91302	 
26.22	 0.381	 -0.678	 -0.99	 0.377405	 -0.671325	 -0.972481	 0.373318	 -0.664655	 -0.95507	 0.369118	 -0.65799	 -0.937683	 0.365387	 -0.651322	 -0.920192	 0.36188	 -0.644647	 -0.902656	 1.93532	 1.93521	 1.93527	 1.93507	 1.9353	 
26.23	 0.381	 -0.678	 -0.99	 0.377315	 -0.671483	 -0.972291	 0.37331	 -0.664623	 -0.954782	 0.369227	 -0.657685	 -0.937322	 0.365444	 -0.651068	 -0.919673	 0.361811	 -0.644601	 -0.901935	 1.95632	 1.9562	 1.95626	 1.95605	 1.95627	 
26.24	 0.381	 -0.678	 -0.99	 0.377118	 -0.671522	 -0.972177	 0.373277	 -0.664564	 -0.954527	 0.369443	 -0.657494	 -0.93692	 0.365568	 -0.650872	 -0.91915	 0.361678	 -0.644465	 -0.901303	 1.97617	 1.97606	 1.97612	 1.97592	 1.97614	 
26.25	 0.381	 -0.678	 -0.99	 0.376942	 -0.671403	 -0.972124	 0.373255	 -0.664464	 -0.954297	 0.369652	 -0.657442	 -0.936485	 0.365696	 -0.650743	 -0.918625	 0.361576	 -0.6442	 -0.900743	 1.99515	 1.99506	 1.99513	 1.99494	 1.99515	 
26.26	 0.381	 -0.678	 -0.99	 0.376884	 -0.671183	 -0.972087	 0.373265	 -0.664339	 -0.954079	 0.36976	 -0.657487	 -0.936049	 0.365783	 -0.650661	 -0.91811	 0.361585	 -0.643852	 -0.900213	 2.01352	 2.01345	 2.01354	 2.01334	 2.01356	 
26.27	 0.381	 -0.678	 -0.99	 0.376969	 -0.670963	 -0.972024	 0.373308	 -0.664222	 -0.953857	 0.369737	 -0.657549	 -0.935647	 0.365817	 -0.650595	 -0.917615	 0.36173	 -0.643512	 -0.899669	 2.0314	 2.03133	 2.03143	 2.03123	 2.03145	 
26.28	 0.381	 -0.678	 -0.99	 0.37716	 -0.670835	 -0.971908	 0.373385	 -0.664138	 -0.953624	 0.369629	 -0.657545	 -0.935299	 0.365814	 -0.650506	 -0.917153	 0.361966	 -0.643261	 -0.899094	 2.04871	 2.04864	 2.04873	 2.04853	 2.04875	 
26.29	 0.381	 -0.678	 -0.99	 0.377373	 -0.670832	 -0.971747	 0.373476	 -0.664083	 -0.95339	 0.369518	 -0.657429	 -0.935012	 0.365811	 -0.650372	 -0.916733	 0.36222	 -0.643127	 -0.898503	 2.06519	 2.06511	 2.06518	 2.06498	 2.0652	 
26.3	 0.381	 -0.678	 -0.99	 0.377512	 -0.670927	 -0.971573	 0.373549	 -0.664045	 -0.953171	 0.369478	 -0.657209	 -0.934774	 0.365856	 -0.650192	 -0.916354	 0.362442	 -0.643087	 -0.897926	 2.0805	 2.08039	 2.08045	 2.08024	 2.08047	 
26.31	 0.381	 -0.678	 -0.99	 0.377533	 -0.671067	 -0.971418	 0.373595	 -0.664018	 -0.952974	 0.369555	 -0.656948	 -0.93456	 0.36597	 -0.649991	 -0.916011	 0.362596	 -0.643081	 -0.897404	 2.09431	 2.09419	 2.09423	 2.09403	 2.09425	 
26.32	 0.381	 -0.678	 -0.99	 0.37746	 -0.671186	 -0.971301	 0.373636	 -0.663997	 -0.9528	 0.369751	 -0.656726	 -0.934343	 0.366142	 -0.649811	 -0.915697	 0.362662	 -0.643058	 -0.896965	 2.10649	 2.10635	 2.1064	 2.10618	 2.10639	 
26.33	 0.381	 -0.678	 -0.99	 0.377334	 -0.671225	 -0.971235	 0.373679	 -0.663967	 -0.952651	 0.370021	 -0.656599	 -0.93411	 0.36635	 -0.649686	 -0.915399	 0.362682	 -0.642985	 -0.896609	 2.1171	 2.11697	 2.11702	 2.11679	 2.11698	 
26.34	 0.381	 -0.678	 -0.99	 0.377207	 -0.671161	 -0.971218	 0.373717	 -0.663916	 -0.952529	 0.370291	 -0.656578	 -0.933866	 0.366575	 -0.649619	 -0.915114	 0.362731	 -0.642842	 -0.89632	 2.12642	 2.12631	 2.12636	 2.12613	 2.12632	 
26.35	 0.381	 -0.678	 -0.99	 0.37714	 -0.67101	 -0.971227	 0.373765	 -0.663843	 -0.952427	 0.370502	 -0.656634	 -0.933624	 0.366783	 -0.649593	 -0.914843	 0.362852	 -0.642634	 -0.896074	 2.13483	 2.13474	 2.13481	 2.13457	 2.13476	 
26.36	 0.381	 -0.678	 -0.99	 0.37718	 -0.670825	 -0.971232	 0.373847	 -0.663763	 -0.95233	 0.370626	 -0.656726	 -0.933398	 0.366947	 -0.649583	 -0.914592	 0.363054	 -0.642395	 -0.895844	 2.14266	 2.14259	 2.14267	 2.14245	 2.14264	 
26.37	 0.381	 -0.678	 -0.99	 0.37732	 -0.670671	 -0.971211	 0.373955	 -0.6637	 -0.952227	 0.370661	 -0.656807	 -0.933202	 0.367068	 -0.649573	 -0.91436	 0.363335	 -0.642185	 -0.895604	 2.15011	 2.15004	 2.15014	 2.14992	 2.15013	 
26.38	 0.381	 -0.678	 -0.99	 0.377515	 -0.670591	 -0.971154	 0.37407	 -0.663661	 -0.95212	 0.370636	 -0.656836	 -0.933045	 0.367165	 -0.649554	 -0.914148	 0.363671	 -0.642064	 -0.895336	 2.15717	 2.1571	 2.15719	 2.15698	 2.15719	 
26.39	 0.381	 -0.678	 -0.99	 0.377716	 -0.670602	 -0.971067	 0.374185	 -0.663644	 -0.952013	 0.370602	 -0.656787	 -0.932931	 0.367257	 -0.649514	 -0.913962	 0.364016	 -0.642046	 -0.895049	 2.16366	 2.16357	 2.16366	 2.16344	 2.16365	 
26.4	 0.381	 -0.678	 -0.99	 0.377871	 -0.670697	 -0.970964	 0.374292	 -0.663649	 -0.951912	 0.370616	 -0.656664	 -0.932855	 0.367372	 -0.64944	 -0.913809	 0.364324	 -0.6421	 -0.894775	 2.16929	 2.16918	 2.16925	 2.16904	 2.16925	 
26.41	 0.381	 -0.678	 -0.99	 0.377946	 -0.670844	 -0.970864	 0.374386	 -0.663672	 -0.951823	 0.370715	 -0.656498	 -0.932803	 0.36753	 -0.64934	 -0.913692	 0.364568	 -0.642184	 -0.894543	 2.17377	 2.17364	 2.17369	 2.17347	 2.17368	 
26.42	 0.381	 -0.678	 -0.99	 0.377937	 -0.670988	 -0.970791	 0.37447	 -0.663696	 -0.951757	 0.37091	 -0.656341	 -0.932764	 0.367732	 -0.649248	 -0.913606	 0.364735	 -0.642275	 -0.894374	 2.17678	 2.17664	 2.17668	 2.17644	 2.17664	 
26.43	 0.381	 -0.678	 -0.99	 0.377854	 -0.671082	 -0.970761	 0.374537	 -0.663712	 -0.951722	 0.371177	 -0.656241	 -0.932728	 0.367975	 -0.649199	 -0.913546	 0.364855	 -0.642354	 -0.894279	 2.17807	 2.17792	 2.17795	 2.1777	 2.17789	 
26.44	 0.381	 -0.678	 -0.99	 0.377733	 -0.6711	 -0.97078	 0.37459	 -0.663719	 -0.95172	 0.371474	 -0.656233	 -0.932696	 0.368245	 -0.649205	 -0.913519	 0.364967	 -0.642388	 -0.894272	 2.17737	 2.17724	 2.17726	 2.17699	 2.17717	 
26.45	 0.381	 -0.678	 -0.99	 0.377641	 -0.671039	 -0.970838	 0.374657	 -0.663719	 -0.951749	 0.37176	 -0.656318	 -0.932677	 0.36851	 -0.649258	 -0.913536	 0.365099	 -0.642358	 -0.894363	 2.17453	 2.17439	 2.17442	 2.17412	 2.1743	 
26.46	 0.381	 -0.678	 -0.99	 0.377623	 -0.670914	 -0.970924	 0.374751	 -0.663709	 -0.95181	 0.371991	 -0.656473	 -0.932691	 0.368747	 -0.649348	 -0.913608	 0.365285	 -0.64228	 -0.894542	 2.16943	 2.16931	 2.16934	 2.16903	 2.1692	 
26.47	 0.381	 -0.678	 -0.99	 0.37769	 -0.670764	 -0.971019	 0.374857	 -0.663694	 -0.951901	 0.372131	 -0.656659	 -0.932753	 0.368953	 -0.649465	 -0.913737	 0.365565	 -0.642205	 -0.894781	 2.1622	 2.16208	 2.16212	 2.1618	 2.16195	 
26.48	 0.381	 -0.678	 -0.99	 0.377845	 -0.670648	 -0.971102	 0.374979	 -0.663695	 -0.95201	 0.372184	 -0.656832	 -0.932874	 0.369122	 -0.649592	 -0.913921	 0.365929	 -0.642181	 -0.895054	 2.15313	 2.153	 2.15305	 2.15273	 2.15289	 
26.49	 0.381	 -0.678	 -0.99	 0.378067	 -0.670615	 -0.971154	 0.375124	 -0.663725	 -0.952124	 0.372185	 -0.656947	 -0.933053	 0.369258	 -0.649701	 -0.914155	 0.36633	 -0.642237	 -0.895341	 2.14268	 2.14257	 2.14262	 2.14233	 2.1425	 
26.5	 0.381	 -0.678	 -0.99	 0.378291	 -0.670684	 -0.971174	 0.375272	 -0.663781	 -0.95224	 0.372184	 -0.656972	 -0.933283	 0.369389	 -0.649768	 -0.914428	 0.366727	 -0.642379	 -0.895624	 2.13146	 2.13134	 2.13141	 2.13114	 2.13133	 
26.51	 0.381	 -0.678	 -0.99	 0.378448	 -0.670837	 -0.971175	 0.375398	 -0.663851	 -0.952358	 0.372236	 -0.656906	 -0.933544	 0.369545	 -0.64979	 -0.914723	 0.367072	 -0.642592	 -0.895901	 2.11993	 2.1198	 2.11989	 2.11964	 2.11985	 
26.52	 0.381	 -0.678	 -0.99	 0.378497	 -0.671028	 -0.971179	 0.375496	 -0.663926	 -0.95248	 0.372383	 -0.656798	 -0.933809	 0.369741	 -0.649794	 -0.915021	 0.36732	 -0.642843	 -0.896181	 2.10834	 2.10821	 2.1083	 2.10807	 2.10828	 
26.53	 0.381	 -0.678	 -0.99	 0.378433	 -0.671197	 -0.971209	 0.375567	 -0.664002	 -0.952608	 0.372631	 -0.656723	 -0.934051	 0.369979	 -0.649818	 -0.91531	 0.367463	 -0.643084	 -0.896487	 2.09657	 2.09645	 2.09653	 2.09629	 2.0965	 
26.54	 0.381	 -0.678	 -0.99	 0.378295	 -0.671286	 -0.971283	 0.375617	 -0.664073	 -0.95275	 0.372943	 -0.656748	 -0.934259	 0.370243	 -0.649895	 -0.915594	 0.367536	 -0.643264	 -0.896849	 2.0842	 2.08407	 2.08415	 2.08388	 2.08407	 
26.55	 0.381	 -0.678	 -0.99	 0.37816	 -0.671258	 -0.971409	 0.375668	 -0.664123	 -0.952917	 0.373251	 -0.656896	 -0.934449	 0.370503	 -0.650039	 -0.91589	 0.367605	 -0.643359	 -0.897287	 2.07058	 2.07045	 2.07051	 2.07021	 2.07039	 
26.56	 0.381	 -0.678	 -0.99	 0.378108	 -0.671128	 -0.971575	 0.375735	 -0.664149	 -0.953117	 0.373477	 -0.657144	 -0.934654	 0.370724	 -0.650239	 -0.916223	 0.367741	 -0.643385	 -0.897807	 2.05509	 2.05496	 2.05501	 2.05467	 2.05484	 
26.57	 0.381	 -0.678	 -0.99	 0.378188	 -0.670968	 -0.971749	 0.375828	 -0.664174	 -0.953347	 0.373571	 -0.657432	 -0.934911	 0.370885	 -0.650467	 -0.916619	 0.367995	 -0.6434	 -0.898397	 2.03731	 2.03717	 2.03721	 2.03685	 2.03701	 
26.58	 0.381	 -0.678	 -0.99	 0.378393	 -0.670877	 -0.971898	 0.375948	 -0.664224	 -0.953597	 0.373543	 -0.657679	 -0.935251	 0.370987	 -0.650688	 -0.917094	 0.368354	 -0.64349	 -0.899029	 2.01713	 2.01698	 2.01702	 2.01665	 2.01681	 
26.59	 0.381	 -0.678	 -0.99	 0.378657	 -0.670927	 -0.972001	 0.376086	 -0.664318	 -0.953859	 0.373466	 -0.657815	 -0.935685	 0.371058	 -0.650872	 -0.917647	 0.368746	 -0.643719	 -0.899678	 1.99484	 1.99469	 1.99472	 1.99437	 1.99454	 
26.6	 0.381	 -0.678	 -0.99	 0.378856	 -0.671127	 -0.972068	 0.376211	 -0.66445	 -0.954129	 0.373447	 -0.65782	 -0.936191	 0.371149	 -0.650999	 -0.91826	 0.369074	 -0.644085	 -0.900337	 1.97107	 1.97091	 1.97096	 1.97062	 1.9708	 
26.61	 0.381	 -0.678	 -0.99	 0.378888	 -0.671395	 -0.972136	 0.37629	 -0.664597	 -0.95441	 0.373573	 -0.657754	 -0.936718	 0.371309	 -0.651092	 -0.918896	 0.369264	 -0.644512	 -0.901017	 1.94661	 1.94645	 1.94653	 1.94622	 1.9464	 
26.62	 0.381	 -0.678	 -0.99	 0.378741	 -0.671599	 -0.972251	 0.376319	 -0.664724	 -0.954703	 0.373855	 -0.657741	 -0.937203	 0.371541	 -0.651204	 -0.919513	 0.369303	 -0.644879	 -0.901735	 1.92223	 1.9221	 1.9222	 1.92191	 1.92211	 
26.63	 0.381	 -0.678	 -0.99	 0.378527	 -0.671628	 -0.972437	 0.37633	 -0.664812	 -0.955005	 0.374192	 -0.657892	 -0.937605	 0.371792	 -0.651392	 -0.920081	 0.36927	 -0.645096	 -0.902497	 1.89848	 1.89837	 1.89851	 1.89823	 1.89844	 
26.64	 0.381	 -0.678	 -0.99	 0.378417	 -0.671481	 -0.97267	 0.37636	 -0.664862	 -0.955307	 0.374424	 -0.658219	 -0.937939	 0.371986	 -0.651669	 -0.920601	 0.369309	 -0.645169	 -0.903278	 1.87551	 1.87541	 1.87556	 1.87528	 1.87549	 
26.65	 0.381	 -0.678	 -0.99	 0.378522	 -0.671288	 -0.972888	 0.376435	 -0.664905	 -0.9556	 0.374438	 -0.658597	 -0.938272	 0.372071	 -0.651977	 -0.921111	 0.369522	 -0.645213	 -0.90403	 1.85304	 1.85294	 1.85307	 1.85279	 1.853	 
26.66	 0.381	 -0.678	 -0.99	 0.378802	 -0.671238	 -0.973031	 0.376545	 -0.664981	 -0.955877	 0.374277	 -0.658844	 -0.93868	 0.372065	 -0.652229	 -0.921657	 0.369874	 -0.645384	 -0.904721	 1.83045	 1.83033	 1.83044	 1.83015	 1.83036	 
26.67	 0.381	 -0.678	 -0.99	 0.37906	 -0.671424	 -0.973092	 0.37665	 -0.665114	 -0.956145	 0.374131	 -0.65887	 -0.939188	 0.372057	 -0.652376	 -0.922268	 0.370196	 -0.645759	 -0.905368	 1.80702	 1.80688	 1.80697	 1.80664	 1.80685	 
26.68	 0.381	 -0.678	 -0.99	 0.379088	 -0.671749	 -0.973142	 0.3767	 -0.665283	 -0.956427	 0.374199	 -0.658772	 -0.939746	 0.372147	 -0.652467	 -0.922928	 0.370317	 -0.646257	 -0.906047	 1.78213	 1.78198	 1.78205	 1.7817	 1.7819	 
26.69	 0.381	 -0.678	 -0.99	 0.378862	 -0.67197	 -0.973276	 0.376688	 -0.665437	 -0.956748	 0.374503	 -0.658788	 -0.940267	 0.372351	 -0.652618	 -0.9236	 0.370223	 -0.646681	 -0.906843	 1.75548	 1.75533	 1.75539	 1.75502	 1.75521	 
26.7	 0.381	 -0.678	 -0.99	 0.378608	 -0.671916	 -0.973531	 0.376666	 -0.665534	 -0.957117	 0.37483	 -0.659081	 -0.940717	 0.372569	 -0.652913	 -0.924264	 0.370104	 -0.646888	 -0.907786	 1.7271	 1.72694	 1.727	 1.72662	 1.72682	 
26.71	 0.381	 -0.678	 -0.99	 0.378617	 -0.671682	 -0.97383	 0.376705	 -0.665592	 -0.957512	 0.374907	 -0.659555	 -0.941161	 0.372664	 -0.653304	 -0.924948	 0.370199	 -0.646953	 -0.908806	 1.69728	 1.69711	 1.69719	 1.69682	 1.69702	 
26.72	 0.381	 -0.678	 -0.99	 0.378927	 -0.671585	 -0.974045	 0.376816	 -0.665681	 -0.957901	 0.374698	 -0.659899	 -0.941713	 0.372613	 -0.653635	 -0.925703	 0.370539	 -0.647135	 -0.909784	 1.66646	 1.6663	 1.66639	 1.66603	 1.66624	 
26.73	 0.381	 -0.678	 -0.99	 0.379218	 -0.671831	 -0.974136	 0.376921	 -0.665849	 -0.958268	 0.374499	 -0.659915	 -0.9424	 0.372558	 -0.653804	 -0.926535	 0.370853	 -0.647603	 -0.910677	 1.63509	 1.63494	 1.63504	 1.63469	 1.6349	 
26.74	 0.381	 -0.678	 -0.99	 0.379137	 -0.672217	 -0.974223	 0.376931	 -0.666053	 -0.958636	 0.374638	 -0.659799	 -0.943097	 0.372664	 -0.653905	 -0.927377	 0.370853	 -0.648188	 -0.911571	 1.60355	 1.6034	 1.60353	 1.60317	 1.60339	 
26.75	 0.381	 -0.678	 -0.99	 0.378785	 -0.672315	 -0.974454	 0.376867	 -0.666191	 -0.959038	 0.375018	 -0.659959	 -0.943654	 0.372888	 -0.654144	 -0.928148	 0.370623	 -0.648539	 -0.912581	 1.57213	 1.572	 1.57215	 1.57181	 1.57202	 
26.76	 0.381	 -0.678	 -0.99	 0.37867	 -0.672053	 -0.97479	 0.376855	 -0.666243	 -0.959459	 0.375168	 -0.660466	 -0.9441	 0.372995	 -0.65456	 -0.928853	 0.37058	 -0.648595	 -0.913665	 1.54116	 1.54102	 1.54117	 1.54084	 1.54107	 
26.77	 0.381	 -0.678	 -0.99	 0.379003	 -0.671905	 -0.975018	 0.376951	 -0.666322	 -0.959846	 0.374891	 -0.660865	 -0.944629	 0.372882	 -0.654925	 -0.929589	 0.370896	 -0.648745	 -0.914641	 1.51085	 1.51071	 1.51086	 1.51055	 1.51079	 
26.78	 0.381	 -0.678	 -0.99	 0.37929	 -0.672226	 -0.975065	 0.377037	 -0.666512	 -0.96018	 0.374653	 -0.660816	 -0.945308	 0.372778	 -0.655061	 -0.930388	 0.37116	 -0.649272	 -0.915448	 1.48138	 1.48126	 1.48143	 1.48111	 1.48134	 
26.79	 0.381	 -0.678	 -0.99	 0.379049	 -0.672606	 -0.975154	 0.37699	 -0.666713	 -0.960515	 0.374902	 -0.660698	 -0.945928	 0.372914	 -0.65515	 -0.931146	 0.370982	 -0.649837	 -0.916269	 1.45284	 1.45273	 1.4529	 1.45258	 1.45282	 
26.8	 0.381	 -0.678	 -0.99	 0.37869	 -0.672477	 -0.975451	 0.376904	 -0.666785	 -0.960893	 0.375247	 -0.66105	 -0.946336	 0.3731	 -0.65547	 -0.931785	 0.370705	 -0.649975	 -0.917239	 1.42512	 1.425	 1.42516	 1.42485	 1.4251	 
26.81	 0.381	 -0.678	 -0.99	 0.378889	 -0.672165	 -0.975737	 0.376951	 -0.66681	 -0.961263	 0.37506	 -0.661572	 -0.94674	 0.373013	 -0.655882	 -0.932411	 0.370881	 -0.649966	 -0.918184	 1.39798	 1.39783	 1.39798	 1.39768	 1.39794	 
26.82	 0.381	 -0.678	 -0.99	 0.379284	 -0.672395	 -0.975783	 0.37705	 -0.66697	 -0.96157	 0.374692	 -0.661592	 -0.947357	 0.372825	 -0.656043	 -0.93314	 0.371206	 -0.650405	 -0.918925	 1.37108	 1.37096	 1.37112	 1.37078	 1.37104	 
26.83	 0.381	 -0.678	 -0.99	 0.37907	 -0.672841	 -0.975832	 0.377003	 -0.667189	 -0.961873	 0.3749	 -0.661415	 -0.947969	 0.372925	 -0.6561	 -0.933866	 0.37102	 -0.651019	 -0.919667	 1.3443	 1.34418	 1.34432	 1.34397	 1.34421	 
26.84	 0.381	 -0.678	 -0.99	 0.378685	 -0.67268	 -0.97614	 0.376907	 -0.667256	 -0.962241	 0.37526	 -0.661802	 -0.948338	 0.373105	 -0.656441	 -0.93447	 0.370691	 -0.651134	 -0.920622	 1.31757	 1.31742	 1.31756	 1.31723	 1.3175	 
26.85	 0.381	 -0.678	 -0.99	 0.378988	 -0.672383	 -0.9764	 0.376973	 -0.66728	 -0.9626	 0.374958	 -0.662304	 -0.948753	 0.372943	 -0.656844	 -0.935092	 0.370924	 -0.651137	 -0.921531	 1.29105	 1.2909	 1.29105	 1.29073	 1.29099	 
26.86	 0.381	 -0.678	 -0.99	 0.379285	 -0.672774	 -0.976389	 0.377035	 -0.667471	 -0.962887	 0.374651	 -0.662153	 -0.949412	 0.372767	 -0.656908	 -0.935833	 0.371143	 -0.651697	 -0.922205	 1.26507	 1.26495	 1.26512	 1.26478	 1.26504	 
26.87	 0.381	 -0.678	 -0.99	 0.378837	 -0.673058	 -0.976524	 0.376913	 -0.66764	 -0.963195	 0.375045	 -0.662104	 -0.949907	 0.372951	 -0.657013	 -0.936477	 0.370746	 -0.652155	 -0.922976	 1.24008	 1.23997	 1.24015	 1.23983	 1.2401	 
26.88	 0.381	 -0.678	 -0.99	 0.378738	 -0.672651	 -0.976866	 0.376874	 -0.667633	 -0.963542	 0.375109	 -0.662695	 -0.950172	 0.372969	 -0.657445	 -0.93698	 0.370633	 -0.65204	 -0.923882	 1.21644	 1.21631	 1.21649	 1.21621	 1.2165	 
26.89	 0.381	 -0.678	 -0.99	 0.379232	 -0.672738	 -0.976913	 0.376979	 -0.667738	 -0.963799	 0.374604	 -0.662804	 -0.95068	 0.372683	 -0.657625	 -0.937583	 0.370995	 -0.652316	 -0.924504	 1.19436	 1.19425	 1.19446	 1.19416	 1.19445	 
26.9	 0.381	 -0.678	 -0.99	 0.37897	 -0.673224	 -0.97691	 0.376892	 -0.667937	 -0.964026	 0.3748	 -0.662523	 -0.951196	 0.372752	 -0.657585	 -0.93817	 0.370734	 -0.652897	 -0.925046	 1.17397	 1.17388	 1.1741	 1.1738	 1.17407	 
26.91	 0.381	 -0.678	 -0.99	 0.378637	 -0.672892	 -0.977227	 0.376787	 -0.667927	 -0.964314	 0.375067	 -0.662994	 -0.95137	 0.372865	 -0.657926	 -0.938554	 0.370411	 -0.652793	 -0.925807	 1.15524	 1.15512	 1.15532	 1.15506	 1.15536	 
26.92	 0.381	 -0.678	 -0.99	 0.379145	 -0.672793	 -0.977307	 0.376895	 -0.667963	 -0.964529	 0.374545	 -0.663231	 -0.951731	 0.37256	 -0.658143	 -0.939011	 0.370762	 -0.652869	 -0.926336	 1.13801	 1.1379	 1.13811	 1.13782	 1.13811	 
26.93	 0.381	 -0.678	 -0.99	 0.378984	 -0.67332	 -0.977239	 0.376825	 -0.668152	 -0.964693	 0.374626	 -0.662864	 -0.952202	 0.372558	 -0.658033	 -0.939507	 0.370564	 -0.65344	 -0.926711	 1.12217	 1.12207	 1.12228	 1.12198	 1.12227	 
26.94	 0.381	 -0.678	 -0.99	 0.37858	 -0.673011	 -0.977532	 0.376683	 -0.66813	 -0.964932	 0.374922	 -0.663277	 -0.952301	 0.372672	 -0.658323	 -0.939789	 0.370166	 -0.653322	 -0.927342	 1.10769	 1.10756	 1.10776	 1.10749	 1.10779	 
26.95	 0.381	 -0.678	 -0.99	 0.37909	 -0.672895	 -0.977585	 0.376778	 -0.668155	 -0.965095	 0.374367	 -0.663511	 -0.952586	 0.372335	 -0.658523	 -0.940144	 0.370498	 -0.653353	 -0.927744	 1.09453	 1.09442	 1.09463	 1.09435	 1.09465	 
26.96	 0.381	 -0.678	 -0.99	 0.378883	 -0.673422	 -0.977498	 0.376692	 -0.66834	 -0.965205	 0.374481	 -0.66313	 -0.952968	 0.372338	 -0.658389	 -0.940532	 0.370236	 -0.653894	 -0.927996	 1.0828	 1.08271	 1.08292	 1.08263	 1.08293	 
26.97	 0.381	 -0.678	 -0.99	 0.378541	 -0.673038	 -0.977782	 0.376562	 -0.668284	 -0.965396	 0.374706	 -0.663581	 -0.952971	 0.372403	 -0.658681	 -0.940699	 0.369863	 -0.653684	 -0.92851	 1.07259	 1.07246	 1.07266	 1.07241	 1.07273	 
26.98	 0.381	 -0.678	 -0.99	 0.379072	 -0.673033	 -0.977752	 0.376655	 -0.668316	 -0.965492	 0.374117	 -0.663665	 -0.95323	 0.372034	 -0.65878	 -0.940976	 0.370189	 -0.65377	 -0.928731	 1.06384	 1.06374	 1.06395	 1.06369	 1.06399	 
26.99	 0.381	 -0.678	 -0.99	 0.378703	 -0.673485	 -0.977693	 0.376522	 -0.668464	 -0.965563	 0.374366	 -0.663315	 -0.95348	 0.3721	 -0.658636	 -0.94123	 0.36978	 -0.654208	 -0.928894	 1.05654	 1.05645	 1.05666	 1.05639	 1.0567	 
27	 0.381	 -0.678	 -0.99	 0.378546	 -0.672995	 -0.977958	 0.376429	 -0.668365	 -0.965704	 0.3744	 -0.663829	 -0.953399	 0.372057	 -0.658941	 -0.941288	 0.369544	 -0.653872	 -0.929284	 1.05061	 1.05049	 1.05069	 1.05045	 1.05077	 
27.01	 0.381	 -0.678	 -0.99	 0.379018	 -0.673204	 -0.97782	 0.376499	 -0.668437	 -0.965729	 0.373845	 -0.66368	 -0.953661	 0.371694	 -0.658894	 -0.941507	 0.369809	 -0.654092	 -0.929313	 1.04596	 1.04587	 1.04608	 1.04581	 1.04612	 
27.02	 0.381	 -0.678	 -0.99	 0.378485	 -0.673465	 -0.977841	 0.376318	 -0.668521	 -0.965776	 0.374237	 -0.663472	 -0.953737	 0.371829	 -0.658802	 -0.941609	 0.369252	 -0.654337	 -0.929436	 1.04281	 1.04271	 1.04291	 1.04266	 1.04298	 
27.03	 0.381	 -0.678	 -0.99	 0.378604	 -0.67295	 -0.978031	 0.376292	 -0.668394	 -0.965851	 0.374004	 -0.663964	 -0.953617	 0.371635	 -0.659071	 -0.941579	 0.369221	 -0.653937	 -0.929648	 1.04143	 1.04133	 1.04154	 1.04133	 1.04165	 
27.04	 0.381	 -0.678	 -0.99	 0.378879	 -0.673361	 -0.977809	 0.376302	 -0.668492	 -0.965798	 0.37361	 -0.663567	 -0.953833	 0.371343	 -0.658859	 -0.941696	 0.369305	 -0.654263	 -0.929473	 1.04222	 1.04216	 1.0424	 1.04217	 1.04249	 
27.05	 0.381	 -0.678	 -0.99	 0.378295	 -0.673338	 -0.977911	 0.376093	 -0.668479	 -0.965798	 0.374019	 -0.663567	 -0.953682	 0.371475	 -0.658837	 -0.941585	 0.368685	 -0.65421	 -0.929499	 1.04549	 1.04541	 1.04564	 1.04545	 1.04578	 
27.06	 0.381	 -0.678	 -0.99	 0.378653	 -0.672937	 -0.977957	 0.37612	 -0.668357	 -0.96576	 0.373543	 -0.6639	 -0.953526	 0.371137	 -0.658988	 -0.941432	 0.368819	 -0.653838	 -0.929419	 1.05105	 1.05098	 1.05122	 1.05103	 1.05136	 
27.07	 0.381	 -0.678	 -0.99	 0.378665	 -0.673434	 -0.977706	 0.376057	 -0.668457	 -0.965628	 0.373377	 -0.663379	 -0.953607	 0.370951	 -0.658683	 -0.94138	 0.368662	 -0.654187	 -0.929049	 1.05841	 1.05834	 1.05856	 1.05834	 1.05866	 
27.08	 0.381	 -0.678	 -0.99	 0.378169	 -0.673176	 -0.977849	 0.375861	 -0.66837	 -0.965582	 0.373684	 -0.663566	 -0.953289	 0.371017	 -0.658745	 -0.941101	 0.368093	 -0.653922	 -0.92897	 1.06679	 1.06669	 1.06687	 1.06666	 1.06698	 
27.09	 0.381	 -0.678	 -0.99	 0.378631	 -0.672946	 -0.977781	 0.375908	 -0.668286	 -0.96548	 0.373096	 -0.663728	 -0.95316	 0.370613	 -0.658801	 -0.940914	 0.368301	 -0.65368	 -0.928712	 1.07546	 1.07535	 1.07552	 1.07526	 1.07557	 
27.1	 0.381	 -0.678	 -0.99	 0.378453	 -0.673429	 -0.977566	 0.375792	 -0.668381	 -0.965344	 0.373099	 -0.663214	 -0.953177	 0.370513	 -0.658491	 -0.94081	 0.367988	 -0.654003	 -0.928341	 1.08405	 1.08395	 1.0841	 1.08383	 1.08412	 
27.11	 0.381	 -0.678	 -0.99	 0.378067	 -0.673055	 -0.977734	 0.37562	 -0.668253	 -0.965306	 0.373298	 -0.663485	 -0.95284	 0.370523	 -0.658582	 -0.940522	 0.367509	 -0.653613	 -0.928284	 1.09274	 1.09261	 1.09276	 1.09252	 1.09282	 
27.12	 0.381	 -0.678	 -0.99	 0.378547	 -0.672928	 -0.977613	 0.375674	 -0.668177	 -0.96519	 0.372697	 -0.66351	 -0.952758	 0.370112	 -0.65854	 -0.940358	 0.36773	 -0.653409	 -0.92798	 1.10203	 1.10193	 1.10211	 1.10187	 1.10217	 
27.13	 0.381	 -0.678	 -0.99	 0.378294	 -0.673364	 -0.977419	 0.375543	 -0.668239	 -0.96504	 0.372778	 -0.662991	 -0.952714	 0.370052	 -0.658199	 -0.940197	 0.367352	 -0.653646	 -0.927583	 1.11268	 1.11261	 1.1128	 1.11259	 1.1129	 
27.14	 0.381	 -0.678	 -0.99	 0.377957	 -0.672955	 -0.977564	 0.375381	 -0.668082	 -0.964955	 0.372926	 -0.663252	 -0.952305	 0.370032	 -0.65826	 -0.939812	 0.366908	 -0.65319	 -0.927404	 1.1253	 1.12522	 1.12544	 1.12527	 1.12559	 
27.15	 0.381	 -0.678	 -0.99	 0.378416	 -0.672835	 -0.977402	 0.375422	 -0.667997	 -0.964765	 0.372327	 -0.663244	 -0.952119	 0.369617	 -0.658184	 -0.939504	 0.367106	 -0.652964	 -0.926911	 1.14017	 1.14012	 1.14035	 1.14019	 1.14052	 
27.16	 0.381	 -0.678	 -0.99	 0.378196	 -0.673261	 -0.977159	 0.375294	 -0.668049	 -0.964526	 0.372364	 -0.662719	 -0.951946	 0.369526	 -0.657829	 -0.939169	 0.366741	 -0.653169	 -0.926294	 1.15729	 1.15724	 1.15747	 1.15731	 1.15763	 
27.17	 0.381	 -0.678	 -0.99	 0.377809	 -0.672915	 -0.977245	 0.375116	 -0.667898	 -0.96435	 0.372549	 -0.662894	 -0.951422	 0.369514	 -0.657825	 -0.938624	 0.366236	 -0.652727	 -0.925894	 1.17635	 1.17628	 1.17649	 1.17634	 1.17667	 
27.18	 0.381	 -0.678	 -0.99	 0.378208	 -0.672665	 -0.977105	 0.375132	 -0.667754	 -0.964106	 0.371987	 -0.662952	 -0.951082	 0.369107	 -0.657751	 -0.938152	 0.366363	 -0.652342	 -0.925275	 1.19689	 1.19682	 1.19703	 1.19686	 1.19718	 
27.19	 0.381	 -0.678	 -0.99	 0.378175	 -0.673065	 -0.976798	 0.375042	 -0.667768	 -0.963809	 0.371829	 -0.662384	 -0.950873	 0.368903	 -0.657338	 -0.937736	 0.36613	 -0.652465	 -0.924498	 1.21852	 1.21845	 1.21864	 1.21845	 1.21876	 
27.2	 0.381	 -0.678	 -0.99	 0.377681	 -0.67293	 -0.976803	 0.374833	 -0.667649	 -0.96358	 0.372102	 -0.662314	 -0.950352	 0.368924	 -0.657175	 -0.937148	 0.36552	 -0.652143	 -0.923957	 1.24092	 1.24084	 1.24101	 1.24083	 1.24114	 
27.21	 0.381	 -0.678	 -0.99	 0.377864	 -0.672489	 -0.976768	 0.374791	 -0.667452	 -0.963335	 0.371735	 -0.662533	 -0.949853	 0.368619	 -0.657169	 -0.936556	 0.365467	 -0.65158	 -0.92336	 1.2639	 1.26382	 1.26398	 1.2638	 1.2641	 
27.22	 0.381	 -0.678	 -0.99	 0.378138	 -0.672707	 -0.976449	 0.374773	 -0.667423	 -0.963011	 0.371284	 -0.662143	 -0.949601	 0.368265	 -0.656858	 -0.936082	 0.36549	 -0.651565	 -0.922512	 1.28736	 1.28729	 1.28745	 1.28726	 1.28756	 
27.23	 0.381	 -0.678	 -0.99	 0.377742	 -0.67294	 -0.976277	 0.374592	 -0.667402	 -0.962715	 0.371467	 -0.661747	 -0.949195	 0.368241	 -0.656539	 -0.935521	 0.364968	 -0.651562	 -0.92177	 1.31129	 1.31121	 1.31137	 1.31118	 1.31148	 
27.24	 0.381	 -0.678	 -0.99	 0.377486	 -0.672555	 -0.976312	 0.374447	 -0.667224	 -0.962467	 0.371527	 -0.661919	 -0.948585	 0.368161	 -0.656505	 -0.934849	 0.364567	 -0.65104	 -0.921188	 1.33564	 1.33555	 1.3357	 1.33553	 1.33582	 
27.25	 0.381	 -0.678	 -0.99	 0.377819	 -0.672305	 -0.976152	 0.374451	 -0.667067	 -0.96217	 0.371039	 -0.661942	 -0.948155	 0.367803	 -0.656386	 -0.934264	 0.364652	 -0.65061	 -0.920442	 1.36035	 1.36028	 1.36043	 1.36026	 1.36055	 
27.26	 0.381	 -0.678	 -0.99	 0.377931	 -0.672592	 -0.975832	 0.374403	 -0.667034	 -0.961831	 0.370762	 -0.661442	 -0.947872	 0.367551	 -0.655991	 -0.933753	 0.364561	 -0.650607	 -0.919558	 1.38542	 1.38535	 1.38549	 1.38531	 1.3856	 
27.27	 0.381	 -0.678	 -0.99	 0.377522	 -0.672709	 -0.9757	 0.374229	 -0.666962	 -0.961534	 0.370979	 -0.661103	 -0.947402	 0.367556	 -0.655673	 -0.933142	 0.36405	 -0.650463	 -0.918818	 1.41081	 1.41073	 1.41088	 1.4107	 1.41098	 
27.28	 0.381	 -0.678	 -0.99	 0.377317	 -0.672334	 -0.97571	 0.374107	 -0.666775	 -0.961264	 0.371014	 -0.661241	 -0.946783	 0.367476	 -0.655606	 -0.932444	 0.363713	 -0.649926	 -0.918179	 1.43649	 1.43641	 1.43656	 1.43639	 1.43666	 
27.29	 0.381	 -0.678	 -0.99	 0.377605	 -0.672074	 -0.975555	 0.37411	 -0.66662	 -0.960948	 0.370593	 -0.661283	 -0.946303	 0.367168	 -0.655501	 -0.931807	 0.363785	 -0.649495	 -0.917391	 1.46246	 1.46238	 1.46253	 1.46236	 1.46263	 
27.3	 0.381	 -0.678	 -0.99	 0.377795	 -0.672281	 -0.975239	 0.374093	 -0.666579	 -0.960589	 0.370268	 -0.660883	 -0.945967	 0.366906	 -0.655171	 -0.931239	 0.363778	 -0.649447	 -0.916462	 1.48872	 1.48864	 1.48878	 1.48861	 1.48888	 
27.31	 0.381	 -0.678	 -0.99	 0.377517	 -0.672498	 -0.975029	 0.373962	 -0.666534	 -0.960254	 0.370383	 -0.660458	 -0.945529	 0.366868	 -0.654816	 -0.930618	 0.36339	 -0.649392	 -0.915616	 1.51528	 1.51519	 1.51534	 1.51517	 1.51544	 
27.32	 0.381	 -0.678	 -0.99	 0.377179	 -0.672296	 -0.974993	 0.373815	 -0.666381	 -0.959959	 0.370558	 -0.660414	 -0.944921	 0.366866	 -0.654645	 -0.929907	 0.36296	 -0.64898	 -0.914906	 1.54216	 1.5421	 1.54224	 1.54208	 1.54235	 
27.33	 0.381	 -0.678	 -0.99	 0.377235	 -0.671916	 -0.97493	 0.373766	 -0.666185	 -0.959652	 0.370369	 -0.660538	 -0.944325	 0.366688	 -0.65456	 -0.929192	 0.362866	 -0.648421	 -0.914157	 1.56948	 1.56942	 1.56957	 1.56941	 1.56968	 
27.34	 0.381	 -0.678	 -0.99	 0.377532	 -0.671825	 -0.974693	 0.373781	 -0.666062	 -0.959294	 0.369962	 -0.6604	 -0.943872	 0.366407	 -0.654352	 -0.928535	 0.362981	 -0.64811	 -0.913244	 1.59733	 1.59726	 1.59741	 1.59726	 1.59754	 
27.35	 0.381	 -0.678	 -0.99	 0.377614	 -0.672049	 -0.974382	 0.37375	 -0.666018	 -0.958907	 0.369769	 -0.659971	 -0.943467	 0.366235	 -0.653999	 -0.92789	 0.362926	 -0.648061	 -0.91225	 1.62577	 1.6257	 1.62585	 1.62571	 1.62598	 
27.36	 0.381	 -0.678	 -0.99	 0.377355	 -0.672208	 -0.974172	 0.373639	 -0.665955	 -0.958538	 0.369903	 -0.65959	 -0.942953	 0.36623	 -0.65366	 -0.927184	 0.362594	 -0.647943	 -0.911325	 1.65481	 1.65475	 1.65488	 1.65475	 1.65502	 
27.37	 0.381	 -0.678	 -0.99	 0.377054	 -0.672047	 -0.974092	 0.37352	 -0.665804	 -0.958198	 0.370082	 -0.65949	 -0.942311	 0.366253	 -0.653446	 -0.926409	 0.362235	 -0.647539	 -0.9105	 1.68432	 1.68426	 1.68439	 1.68425	 1.68452	 
27.38	 0.381	 -0.678	 -0.99	 0.377021	 -0.6717	 -0.974019	 0.373467	 -0.665602	 -0.95786	 0.370016	 -0.65955	 -0.941661	 0.366163	 -0.653306	 -0.925628	 0.362111	 -0.646973	 -0.909677	 1.714	 1.71394	 1.71408	 1.71392	 1.71418	 
27.39	 0.381	 -0.678	 -0.99	 0.377243	 -0.671481	 -0.973839	 0.373481	 -0.665435	 -0.957497	 0.36972	 -0.659501	 -0.941113	 0.365966	 -0.653122	 -0.924896	 0.362211	 -0.646528	 -0.908764	 1.74344	 1.74337	 1.74349	 1.74332	 1.74358	 
27.4	 0.381	 -0.678	 -0.99	 0.377462	 -0.671536	 -0.973561	 0.373501	 -0.665345	 -0.957113	 0.369443	 -0.659222	 -0.940664	 0.365785	 -0.652843	 -0.924219	 0.362319	 -0.646335	 -0.907781	 1.77212	 1.77203	 1.77213	 1.77195	 1.7722	 
27.41	 0.381	 -0.678	 -0.99	 0.377459	 -0.671737	 -0.973287	 0.373477	 -0.665301	 -0.956741	 0.36939	 -0.658828	 -0.940234	 0.36572	 -0.652519	 -0.923567	 0.362256	 -0.646286	 -0.906827	 1.79957	 1.79946	 1.79953	 1.79934	 1.79959	 
27.42	 0.381	 -0.678	 -0.99	 0.377244	 -0.671849	 -0.973108	 0.373409	 -0.665238	 -0.956408	 0.369552	 -0.658522	 -0.939755	 0.365768	 -0.65224	 -0.922919	 0.362026	 -0.646167	 -0.905995	 1.82542	 1.8253	 1.82536	 1.82516	 1.82539	 
27.43	 0.381	 -0.678	 -0.99	 0.377	 -0.671744	 -0.973029	 0.37334	 -0.665124	 -0.956121	 0.369756	 -0.658418	 -0.93923	 0.365847	 -0.652056	 -0.922279	 0.361789	 -0.645865	 -0.905298	 1.84949	 1.84938	 1.84944	 1.84922	 1.84944	 
27.44	 0.381	 -0.678	 -0.99	 0.37691	 -0.671483	 -0.972988	 0.37331	 -0.664975	 -0.955862	 0.369826	 -0.658468	 -0.938712	 0.365878	 -0.651951	 -0.921668	 0.361708	 -0.645437	 -0.904675	 1.87186	 1.87176	 1.87182	 1.87159	 1.87181	 
27.45	 0.381	 -0.678	 -0.99	 0.377026	 -0.671234	 -0.972905	 0.373334	 -0.664838	 -0.955608	 0.369715	 -0.658525	 -0.938263	 0.365836	 -0.651863	 -0.921108	 0.361827	 -0.645038	 -0.904045	 1.89284	 1.89274	 1.89282	 1.89259	 1.89281	 
27.46	 0.381	 -0.678	 -0.99	 0.377258	 -0.671138	 -0.972747	 0.373398	 -0.664742	 -0.955342	 0.369517	 -0.658455	 -0.937901	 0.365759	 -0.651725	 -0.920601	 0.362051	 -0.644784	 -0.903372	 1.91288	 1.9128	 1.91288	 1.91268	 1.91291	 
27.47	 0.381	 -0.678	 -0.99	 0.377449	 -0.671218	 -0.972534	 0.373463	 -0.664688	 -0.955066	 0.369379	 -0.658218	 -0.937598	 0.36571	 -0.651506	 -0.92013	 0.362237	 -0.644676	 -0.902667	 1.93252	 1.93243	 1.93252	 1.93235	 1.93259	 
27.48	 0.381	 -0.678	 -0.99	 0.377482	 -0.671382	 -0.972324	 0.373493	 -0.664647	 -0.954794	 0.369394	 -0.657887	 -0.937299	 0.36574	 -0.651233	 -0.919665	 0.362301	 -0.644627	 -0.901969	 1.95209	 1.952	 1.9521	 1.95194	 1.95218	 
27.49	 0.381	 -0.678	 -0.99	 0.377352	 -0.671502	 -0.972167	 0.373484	 -0.664594	 -0.954535	 0.369563	 -0.657593	 -0.936952	 0.365852	 -0.650975	 -0.919177	 0.362245	 -0.644538	 -0.901312	 1.97167	 1.97158	 1.97168	 1.97153	 1.97176	 
27.5	 0.381	 -0.678	 -0.99	 0.377158	 -0.671493	 -0.972073	 0.373464	 -0.66452	 -0.95429	 0.369804	 -0.65744	 -0.936543	 0.366003	 -0.650795	 -0.918659	 0.362141	 -0.64436	 -0.900709	 1.991	 1.99091	 1.991	 1.99083	 1.99106	 
27.51	 0.381	 -0.678	 -0.99	 0.377015	 -0.671347	 -0.972025	 0.373462	 -0.664427	 -0.95406	 0.370006	 -0.657443	 -0.936101	 0.366143	 -0.65071	 -0.918131	 0.36209	 -0.644101	 -0.900154	 2.00954	 2.00945	 2.00953	 2.00934	 2.00955	 
27.52	 0.381	 -0.678	 -0.99	 0.377003	 -0.67113	 -0.971986	 0.373494	 -0.664324	 -0.953847	 0.370097	 -0.657531	 -0.935681	 0.366239	 -0.650679	 -0.917632	 0.362161	 -0.643803	 -0.899639	 2.02669	 2.0266	 2.02667	 2.02644	 2.02664	 
27.53	 0.381	 -0.678	 -0.99	 0.377132	 -0.670936	 -0.971923	 0.373566	 -0.664228	 -0.953649	 0.37007	 -0.657602	 -0.935333	 0.366284	 -0.650638	 -0.917202	 0.362359	 -0.643518	 -0.899159	 2.04196	 2.04187	 2.04191	 2.04166	 2.04186	 
27.54	 0.381	 -0.678	 -0.99	 0.377344	 -0.670839	 -0.971822	 0.373663	 -0.664154	 -0.95347	 0.369977	 -0.657579	 -0.935078	 0.366307	 -0.650552	 -0.916854	 0.362644	 -0.643313	 -0.898709	 2.05511	 2.055	 2.05504	 2.05479	 2.05498	 
27.55	 0.381	 -0.678	 -0.99	 0.377546	 -0.670867	 -0.971692	 0.373759	 -0.664113	 -0.953307	 0.369898	 -0.657449	 -0.934904	 0.366352	 -0.650426	 -0.916573	 0.36295	 -0.643232	 -0.89828	 2.06628	 2.06615	 2.06619	 2.06594	 2.06615	 
27.56	 0.381	 -0.678	 -0.99	 0.377666	 -0.670997	 -0.971551	 0.373842	 -0.664108	 -0.953155	 0.36991	 -0.657248	 -0.93477	 0.366448	 -0.650282	 -0.916333	 0.363204	 -0.64326	 -0.897876	 2.07589	 2.07577	 2.07581	 2.07558	 2.07579	 
27.57	 0.381	 -0.678	 -0.99	 0.377675	 -0.671159	 -0.971427	 0.37391	 -0.664119	 -0.953013	 0.370046	 -0.657035	 -0.934637	 0.366604	 -0.650139	 -0.916108	 0.363359	 -0.643327	 -0.89751	 2.08457	 2.08445	 2.08451	 2.08431	 2.08452	 
27.58	 0.381	 -0.678	 -0.99	 0.377583	 -0.67127	 -0.971344	 0.37396	 -0.664114	 -0.952887	 0.370287	 -0.656863	 -0.934476	 0.366808	 -0.650013	 -0.915877	 0.363427	 -0.643349	 -0.89719	 2.09292	 2.09281	 2.09289	 2.0927	 2.09292	 
27.59	 0.381	 -0.678	 -0.99	 0.377441	 -0.671278	 -0.971308	 0.373994	 -0.66408	 -0.952773	 0.370571	 -0.656774	 -0.934276	 0.367039	 -0.649918	 -0.915629	 0.363463	 -0.643273	 -0.896912	 2.1013	 2.10121	 2.1013	 2.10112	 2.10133	 
27.6	 0.381	 -0.678	 -0.99	 0.377323	 -0.671178	 -0.971307	 0.374032	 -0.664021	 -0.952667	 0.37083	 -0.656787	 -0.934042	 0.367263	 -0.649871	 -0.915363	 0.363529	 -0.643107	 -0.89666	 2.10976	 2.10968	 2.10978	 2.10959	 2.1098	 
27.61	 0.381	 -0.678	 -0.99	 0.377296	 -0.67101	 -0.971315	 0.374097	 -0.663954	 -0.952563	 0.371013	 -0.656884	 -0.933796	 0.36745	 -0.649876	 -0.915091	 0.363665	 -0.642903	 -0.896416	 2.11802	 2.11795	 2.11805	 2.11785	 2.11805	 
27.62	 0.381	 -0.678	 -0.99	 0.377381	 -0.670833	 -0.971311	 0.374191	 -0.663895	 -0.952459	 0.371097	 -0.657007	 -0.933572	 0.367592	 -0.649906	 -0.914838	 0.363895	 -0.642709	 -0.896176	 2.12564	 2.12556	 2.12565	 2.12543	 2.12562	 
27.63	 0.381	 -0.678	 -0.99	 0.377552	 -0.670708	 -0.971281	 0.374302	 -0.663849	 -0.952365	 0.371097	 -0.657088	 -0.933405	 0.367701	 -0.649916	 -0.914632	 0.364214	 -0.642557	 -0.895947	 2.13209	 2.132	 2.13207	 2.13183	 2.13202	 
27.64	 0.381	 -0.678	 -0.99	 0.377763	 -0.67067	 -0.971224	 0.374422	 -0.66382	 -0.952286	 0.37106	 -0.657078	 -0.933312	 0.3678	 -0.649881	 -0.91449	 0.36458	 -0.642474	 -0.895742	 2.13695	 2.13684	 2.13689	 2.13664	 2.13684	 
27.65	 0.381	 -0.678	 -0.99	 0.377956	 -0.670731	 -0.971146	 0.374543	 -0.663814	 -0.952224	 0.371051	 -0.65698	 -0.933286	 0.367914	 -0.649811	 -0.914412	 0.364936	 -0.642483	 -0.895571	 2.13995	 2.13982	 2.13986	 2.1396	 2.1398	 
27.66	 0.381	 -0.678	 -0.99	 0.37808	 -0.67087	 -0.971067	 0.374656	 -0.663839	 -0.952181	 0.371122	 -0.656834	 -0.933307	 0.368069	 -0.649734	 -0.914385	 0.365238	 -0.642586	 -0.895447	 2.14097	 2.14082	 2.14085	 2.14059	 2.14078	 
27.67	 0.381	 -0.678	 -0.99	 0.378106	 -0.671038	 -0.971007	 0.374753	 -0.663884	 -0.952163	 0.371297	 -0.65669	 -0.933352	 0.368276	 -0.649676	 -0.914401	 0.36546	 -0.642741	 -0.895388	 2.13996	 2.1398	 2.13983	 2.13956	 2.13975	 
27.68	 0.381	 -0.678	 -0.99	 0.37804	 -0.67117	 -0.970991	 0.374831	 -0.663926	 -0.952177	 0.371563	 -0.65659	 -0.933409	 0.368529	 -0.649647	 -0.914456	 0.365609	 -0.642883	 -0.895418	 2.13695	 2.13679	 2.13682	 2.13654	 2.13672	 
27.69	 0.381	 -0.678	 -0.99	 0.377918	 -0.671217	 -0.971028	 0.374892	 -0.663947	 -0.952229	 0.371878	 -0.656569	 -0.933471	 0.368809	 -0.649655	 -0.914547	 0.365721	 -0.642957	 -0.895547	 2.13202	 2.13188	 2.1319	 2.13162	 2.1318	 
27.7	 0.381	 -0.678	 -0.99	 0.377807	 -0.671166	 -0.971112	 0.374958	 -0.663951	 -0.952312	 0.372186	 -0.65665	 -0.933534	 0.369087	 -0.649713	 -0.91467	 0.36584	 -0.642949	 -0.895768	 2.12533	 2.1252	 2.12524	 2.12495	 2.12512	 
27.71	 0.381	 -0.678	 -0.99	 0.377771	 -0.671039	 -0.971223	 0.375044	 -0.663948	 -0.952415	 0.372428	 -0.656826	 -0.933604	 0.369331	 -0.649828	 -0.914821	 0.366014	 -0.642893	 -0.89605	 2.11714	 2.11703	 2.11709	 2.11679	 2.11696	 
27.72	 0.381	 -0.678	 -0.99	 0.377839	 -0.670886	 -0.971335	 0.375148	 -0.663949	 -0.952531	 0.372562	 -0.657049	 -0.933698	 0.369527	 -0.649982	 -0.914997	 0.366283	 -0.642842	 -0.896357	 2.10784	 2.10774	 2.10781	 2.10752	 2.10769	 
27.73	 0.381	 -0.678	 -0.99	 0.378008	 -0.670772	 -0.971422	 0.375268	 -0.663961	 -0.95265	 0.372589	 -0.657244	 -0.933834	 0.369673	 -0.650129	 -0.915203	 0.366642	 -0.642833	 -0.89666	 2.09783	 2.09772	 2.09781	 2.09754	 2.09772	 
27.74	 0.381	 -0.678	 -0.99	 0.378239	 -0.670751	 -0.971469	 0.375403	 -0.663992	 -0.952765	 0.372555	 -0.657343	 -0.934023	 0.369782	 -0.650227	 -0.915444	 0.367038	 -0.642894	 -0.896944	 2.08746	 2.08736	 2.08745	 2.08719	 2.08739	 
27.75	 0.381	 -0.678	 -0.99	 0.378458	 -0.670844	 -0.971476	 0.375538	 -0.664044	 -0.952875	 0.372533	 -0.657326	 -0.934257	 0.369889	 -0.650269	 -0.915711	 0.367409	 -0.643051	 -0.897204	 2.07691	 2.0768	 2.07689	 2.07665	 2.07685	 
27.76	 0.381	 -0.678	 -0.99	 0.378585	 -0.671029	 -0.971466	 0.375649	 -0.664122	 -0.952983	 0.372594	 -0.657232	 -0.934513	 0.370031	 -0.650281	 -0.915993	 0.367698	 -0.643297	 -0.897454	 2.06609	 2.06596	 2.06605	 2.06581	 2.06601	 
27.77	 0.381	 -0.678	 -0.99	 0.378578	 -0.67124	 -0.971469	 0.375727	 -0.664216	 -0.953099	 0.372775	 -0.657135	 -0.934767	 0.370228	 -0.650302	 -0.916282	 0.367874	 -0.643583	 -0.897729	 2.05463	 2.05449	 2.05457	 2.05431	 2.05451	 
27.78	 0.381	 -0.678	 -0.99	 0.378456	 -0.671388	 -0.971521	 0.375777	 -0.664303	 -0.953239	 0.373062	 -0.65711	 -0.935004	 0.370474	 -0.650367	 -0.916582	 0.367951	 -0.643832	 -0.898074	 2.04198	 2.04184	 2.04189	 2.04161	 2.04181	 
27.79	 0.381	 -0.678	 -0.99	 0.378293	 -0.671409	 -0.971639	 0.375816	 -0.66436	 -0.953416	 0.373387	 -0.657208	 -0.935228	 0.370737	 -0.650489	 -0.916907	 0.36799	 -0.643976	 -0.898526	 2.02757	 2.02743	 2.02747	 2.02716	 2.02734	 
27.8	 0.381	 -0.678	 -0.99	 0.378192	 -0.671301	 -0.971811	 0.375868	 -0.664391	 -0.953632	 0.373653	 -0.657432	 -0.935459	 0.370973	 -0.650671	 -0.917276	 0.368078	 -0.644008	 -0.899089	 2.01098	 2.01084	 2.01088	 2.01053	 2.0107	 
27.81	 0.381	 -0.678	 -0.99	 0.378231	 -0.67113	 -0.972003	 0.375952	 -0.664414	 -0.95388	 0.373783	 -0.657731	 -0.935731	 0.371146	 -0.650899	 -0.917703	 0.368286	 -0.644003	 -0.899732	 1.99209	 1.99195	 1.99199	 1.99163	 1.99179	 
27.82	 0.381	 -0.678	 -0.99	 0.378425	 -0.671007	 -0.97217	 0.376069	 -0.664457	 -0.954145	 0.373764	 -0.658006	 -0.936076	 0.371246	 -0.651134	 -0.918195	 0.368624	 -0.644065	 -0.900404	 1.97112	 1.97098	 1.97103	 1.97067	 1.97084	 
27.83	 0.381	 -0.678	 -0.99	 0.378695	 -0.671033	 -0.972283	 0.376201	 -0.664542	 -0.954413	 0.373665	 -0.658159	 -0.93651	 0.371304	 -0.651324	 -0.918752	 0.369022	 -0.644274	 -0.901067	 1.94864	 1.9485	 1.94856	 1.94822	 1.9484	 
27.84	 0.381	 -0.678	 -0.99	 0.378903	 -0.671228	 -0.972347	 0.376315	 -0.664667	 -0.95468	 0.373615	 -0.658155	 -0.937011	 0.371379	 -0.651442	 -0.919355	 0.36936	 -0.64463	 -0.90171	 1.9254	 1.92526	 1.92534	 1.92503	 1.92522	 
27.85	 0.381	 -0.678	 -0.99	 0.37893	 -0.671506	 -0.972404	 0.376386	 -0.664809	 -0.954947	 0.373729	 -0.658067	 -0.937524	 0.371521	 -0.651515	 -0.919968	 0.369529	 -0.645049	 -0.902353	 1.90213	 1.90199	 1.9021	 1.90181	 1.90201	 
27.86	 0.381	 -0.678	 -0.99	 0.378767	 -0.671709	 -0.97251	 0.376408	 -0.664935	 -0.955219	 0.374014	 -0.658049	 -0.937977	 0.371737	 -0.651618	 -0.920546	 0.369522	 -0.645405	 -0.903026	 1.87934	 1.87921	 1.87934	 1.87906	 1.87927	 
27.87	 0.381	 -0.678	 -0.99	 0.378541	 -0.671716	 -0.972694	 0.376407	 -0.66502	 -0.955501	 0.374345	 -0.658227	 -0.938337	 0.371973	 -0.651822	 -0.921066	 0.369457	 -0.645608	 -0.903743	 1.85716	 1.85705	 1.85718	 1.85691	 1.85712	 
27.88	 0.381	 -0.678	 -0.99	 0.378449	 -0.671542	 -0.972927	 0.376431	 -0.665068	 -0.95579	 0.374537	 -0.658588	 -0.938639	 0.37214	 -0.652125	 -0.921548	 0.369501	 -0.645674	 -0.904486	 1.83533	 1.83522	 1.83535	 1.83507	 1.83528	 
27.89	 0.381	 -0.678	 -0.99	 0.378602	 -0.671356	 -0.973133	 0.376509	 -0.665114	 -0.956074	 0.374492	 -0.658967	 -0.938972	 0.372189	 -0.652441	 -0.922048	 0.369742	 -0.645736	 -0.905213	 1.81327	 1.81315	 1.81326	 1.81296	 1.81316	 
27.9	 0.381	 -0.678	 -0.99	 0.378909	 -0.671362	 -0.973254	 0.376625	 -0.665203	 -0.956352	 0.374299	 -0.659161	 -0.939413	 0.372159	 -0.652667	 -0.922619	 0.370103	 -0.645954	 -0.9059	 1.79027	 1.79013	 1.79021	 1.78989	 1.7901	 
27.91	 0.381	 -0.678	 -0.99	 0.379122	 -0.671615	 -0.973304	 0.37672	 -0.665351	 -0.956631	 0.374195	 -0.659119	 -0.939963	 0.372166	 -0.652777	 -0.923271	 0.370378	 -0.646377	 -0.906573	 1.76577	 1.76561	 1.76568	 1.76533	 1.76553	 
27.92	 0.381	 -0.678	 -0.99	 0.379051	 -0.671943	 -0.973375	 0.376747	 -0.665523	 -0.956934	 0.374358	 -0.65902	 -0.940538	 0.372302	 -0.652862	 -0.923966	 0.370413	 -0.646868	 -0.907313	 1.73951	 1.73935	 1.73942	 1.73905	 1.73924	 
27.93	 0.381	 -0.678	 -0.99	 0.378769	 -0.67207	 -0.973561	 0.376722	 -0.665657	 -0.957281	 0.374715	 -0.659129	 -0.941042	 0.372532	 -0.653057	 -0.924652	 0.370268	 -0.647209	 -0.90819	 1.71165	 1.71149	 1.71156	 1.71119	 1.71138	 
27.94	 0.381	 -0.678	 -0.99	 0.378593	 -0.671904	 -0.973853	 0.376717	 -0.665728	 -0.957667	 0.374966	 -0.659531	 -0.941474	 0.372709	 -0.653406	 -0.925319	 0.370204	 -0.647322	 -0.909184	 1.68261	 1.68246	 1.68255	 1.68219	 1.68239	 
27.95	 0.381	 -0.678	 -0.99	 0.37876	 -0.671679	 -0.974127	 0.376788	 -0.665783	 -0.958056	 0.37488	 -0.659988	 -0.941941	 0.372715	 -0.653789	 -0.926012	 0.370418	 -0.647395	 -0.910178	 1.65299	 1.65285	 1.65295	 1.65261	 1.65282	 
27.96	 0.381	 -0.678	 -0.99	 0.379116	 -0.671744	 -0.974266	 0.376898	 -0.665903	 -0.958418	 0.374602	 -0.660163	 -0.942543	 0.372615	 -0.654033	 -0.926774	 0.370779	 -0.647707	 -0.911064	 1.6233	 1.62316	 1.62327	 1.62295	 1.62317	 
27.97	 0.381	 -0.678	 -0.99	 0.379229	 -0.672117	 -0.974318	 0.376946	 -0.666095	 -0.958756	 0.374539	 -0.660044	 -0.943223	 0.372613	 -0.654126	 -0.927574	 0.370927	 -0.648271	 -0.911873	 1.59385	 1.59371	 1.59385	 1.59352	 1.59375	 
27.98	 0.381	 -0.678	 -0.99	 0.378939	 -0.672388	 -0.974459	 0.376893	 -0.666268	 -0.959109	 0.374849	 -0.660028	 -0.943807	 0.372792	 -0.654268	 -0.928322	 0.370733	 -0.64875	 -0.912748	 1.56474	 1.56462	 1.56477	 1.56445	 1.56467	 
27.99	 0.381	 -0.678	 -0.99	 0.378655	 -0.672243	 -0.974757	 0.376837	 -0.666347	 -0.959495	 0.375148	 -0.660417	 -0.944232	 0.372966	 -0.654617	 -0.928983	 0.370538	 -0.648888	 -0.913742	 1.53596	 1.53583	 1.53597	 1.53565	 1.53588	 
28	 0.381	 -0.678	 -0.99	 0.37883	 -0.671973	 -0.97504	 0.376892	 -0.666396	 -0.959875	 0.375013	 -0.660928	 -0.944663	 0.37292	 -0.655033	 -0.929642	 0.370715	 -0.648928	 -0.914719	 1.50737	 1.50722	 1.50735	 1.50703	 1.50728	 
28.01	 0.381	 -0.678	 -0.99	 0.379221	 -0.672115	 -0.975135	 0.376998	 -0.66654	 -0.960211	 0.374671	 -0.661041	 -0.945274	 0.372762	 -0.655248	 -0.930391	 0.371061	 -0.649304	 -0.91554	 1.47884	 1.47871	 1.47885	 1.47852	 1.47876	 
28.02	 0.381	 -0.678	 -0.99	 0.379178	 -0.672558	 -0.975172	 0.376997	 -0.666751	 -0.960534	 0.374727	 -0.660856	 -0.945943	 0.372798	 -0.655303	 -0.931172	 0.371044	 -0.649919	 -0.916316	 1.45043	 1.4503	 1.45045	 1.4501	 1.45033	 
28.03	 0.381	 -0.678	 -0.99	 0.37876	 -0.672628	 -0.975404	 0.376897	 -0.666869	 -0.960903	 0.375127	 -0.661014	 -0.946428	 0.373009	 -0.655522	 -0.93186	 0.370716	 -0.650219	 -0.917248	 1.42223	 1.4221	 1.42225	 1.42191	 1.42214	 
28.04	 0.381	 -0.678	 -0.99	 0.378744	 -0.672281	 -0.975737	 0.376893	 -0.666885	 -0.961292	 0.375147	 -0.661567	 -0.946804	 0.373027	 -0.655946	 -0.932484	 0.370713	 -0.650176	 -0.918252	 1.39447	 1.39431	 1.39446	 1.39414	 1.3944	 
28.05	 0.381	 -0.678	 -0.99	 0.379186	 -0.672301	 -0.97586	 0.377005	 -0.666994	 -0.96162	 0.374738	 -0.661785	 -0.947356	 0.37282	 -0.656207	 -0.933183	 0.371076	 -0.650439	 -0.919062	 1.36737	 1.36724	 1.3674	 1.36709	 1.36735	 
28.06	 0.381	 -0.678	 -0.99	 0.379193	 -0.672786	 -0.975857	 0.377011	 -0.667219	 -0.961903	 0.374735	 -0.661565	 -0.947998	 0.37281	 -0.65624	 -0.933914	 0.371067	 -0.651081	 -0.919743	 1.34124	 1.34114	 1.34132	 1.341	 1.34125	 
28.07	 0.381	 -0.678	 -0.99	 0.378731	 -0.672831	 -0.976084	 0.376892	 -0.667329	 -0.962234	 0.375156	 -0.661742	 -0.948403	 0.373015	 -0.656465	 -0.934509	 0.370668	 -0.651352	 -0.920585	 1.31628	 1.31616	 1.31634	 1.31604	 1.31632	 
28.08	 0.381	 -0.678	 -0.99	 0.378819	 -0.672442	 -0.976392	 0.376898	 -0.66732	 -0.962575	 0.375044	 -0.662306	 -0.948709	 0.372944	 -0.656884	 -0.935035	 0.370714	 -0.651256	 -0.921463	 1.29247	 1.29234	 1.29252	 1.29224	 1.29252	 
28.09	 0.381	 -0.678	 -0.99	 0.379254	 -0.672635	 -0.976414	 0.376991	 -0.667452	 -0.962835	 0.374599	 -0.662319	 -0.949257	 0.372692	 -0.657016	 -0.93567	 0.371034	 -0.651622	 -0.922084	 1.26969	 1.26958	 1.26976	 1.26946	 1.26973	 
28.1	 0.381	 -0.678	 -0.99	 0.378972	 -0.67308	 -0.97644	 0.376906	 -0.667651	 -0.963083	 0.374827	 -0.662095	 -0.949778	 0.372782	 -0.657015	 -0.936282	 0.37076	 -0.652181	 -0.92269	 1.24777	 1.24766	 1.24784	 1.24753	 1.24779	 
28.11	 0.381	 -0.678	 -0.99	 0.378635	 -0.672792	 -0.976755	 0.376801	 -0.667662	 -0.963397	 0.375099	 -0.662549	 -0.950014	 0.372899	 -0.65736	 -0.936734	 0.370442	 -0.652138	 -0.923511	 1.22659	 1.22645	 1.22662	 1.22632	 1.2266	 
28.12	 0.381	 -0.678	 -0.99	 0.379081	 -0.672618	 -0.976899	 0.376888	 -0.667692	 -0.963663	 0.37463	 -0.662883	 -0.950394	 0.372629	 -0.657646	 -0.937249	 0.370759	 -0.652187	 -0.924173	 1.20613	 1.206	 1.20616	 1.20586	 1.20614	 
28.13	 0.381	 -0.678	 -0.99	 0.379108	 -0.673138	 -0.976832	 0.376875	 -0.667897	 -0.963865	 0.374556	 -0.662562	 -0.950949	 0.372555	 -0.657583	 -0.937843	 0.370725	 -0.652787	 -0.924641	 1.18657	 1.18647	 1.18666	 1.18634	 1.18661	 
28.14	 0.381	 -0.678	 -0.99	 0.378606	 -0.67306	 -0.977074	 0.37673	 -0.667949	 -0.964129	 0.374983	 -0.662793	 -0.951183	 0.372746	 -0.657793	 -0.938253	 0.370257	 -0.652881	 -0.925333	 1.16828	 1.16816	 1.16834	 1.16806	 1.16835	 
28.15	 0.381	 -0.678	 -0.99	 0.378938	 -0.672704	 -0.977278	 0.376789	 -0.667916	 -0.964372	 0.374618	 -0.663258	 -0.95142	 0.372523	 -0.65812	 -0.93864	 0.370464	 -0.652734	 -0.925955	 1.15151	 1.1514	 1.1516	 1.15133	 1.15163	 
28.16	 0.381	 -0.678	 -0.99	 0.379121	 -0.67318	 -0.977169	 0.376804	 -0.668084	 -0.964518	 0.374373	 -0.662923	 -0.951913	 0.372349	 -0.658021	 -0.939137	 0.370541	 -0.653252	 -0.926275	 1.13649	 1.1364	 1.13662	 1.13633	 1.13662	 
28.17	 0.381	 -0.678	 -0.99	 0.378568	 -0.673193	 -0.977351	 0.376625	 -0.668141	 -0.964715	 0.374805	 -0.663026	 -0.952084	 0.372528	 -0.658141	 -0.939438	 0.370015	 -0.65338	 -0.926786	 1.12328	 1.12318	 1.12339	 1.12313	 1.12343	 
28.18	 0.381	 -0.678	 -0.99	 0.378852	 -0.67279	 -0.977544	 0.376657	 -0.66809	 -0.964895	 0.374453	 -0.66352	 -0.952199	 0.372296	 -0.658469	 -0.93968	 0.370158	 -0.653169	 -0.927259	 1.11172	 1.11161	 1.11181	 1.11156	 1.11188	 
28.19	 0.381	 -0.678	 -0.99	 0.379049	 -0.673267	 -0.977395	 0.376668	 -0.668255	 -0.964974	 0.374177	 -0.663174	 -0.952601	 0.372089	 -0.658354	 -0.940053	 0.370216	 -0.653668	 -0.927418	 1.10151	 1.10143	 1.10163	 1.10135	 1.10165	 
28.2	 0.381	 -0.678	 -0.99	 0.378488	 -0.673249	 -0.977567	 0.376481	 -0.668291	 -0.965124	 0.374602	 -0.663281	 -0.95268	 0.372251	 -0.658463	 -0.940243	 0.369654	 -0.653752	 -0.927811	 1.09242	 1.09231	 1.09249	 1.09222	 1.09253	 
28.21	 0.381	 -0.678	 -0.99	 0.378825	 -0.672865	 -0.977716	 0.376521	 -0.668231	 -0.965258	 0.374187	 -0.663724	 -0.952758	 0.371974	 -0.658748	 -0.940417	 0.369819	 -0.653526	 -0.928166	 1.08418	 1.08405	 1.08423	 1.08397	 1.08427	 
28.22	 0.381	 -0.678	 -0.99	 0.378928	 -0.673376	 -0.97755	 0.376504	 -0.668389	 -0.965306	 0.373989	 -0.663313	 -0.953116	 0.371802	 -0.658573	 -0.940731	 0.369789	 -0.654007	 -0.928249	 1.07672	 1.07663	 1.07682	 1.07652	 1.07681	 
28.23	 0.381	 -0.678	 -0.99	 0.378392	 -0.673225	 -0.977755	 0.376317	 -0.668372	 -0.96544	 0.374378	 -0.663497	 -0.953109	 0.371942	 -0.658694	 -0.940841	 0.369244	 -0.653934	 -0.928609	 1.0703	 1.07018	 1.07037	 1.07011	 1.07041	 
28.24	 0.381	 -0.678	 -0.99	 0.37883	 -0.672933	 -0.977823	 0.376378	 -0.668312	 -0.965523	 0.373858	 -0.663807	 -0.953193	 0.371603	 -0.658882	 -0.940974	 0.369484	 -0.653736	 -0.92882	 1.06531	 1.06521	 1.06541	 1.06517	 1.06548	 
28.25	 0.381	 -0.678	 -0.99	 0.378752	 -0.67346	 -0.977651	 0.376313	 -0.668458	 -0.96552	 0.373824	 -0.663341	 -0.953445	 0.371509	 -0.658651	 -0.941165	 0.369291	 -0.654186	 -0.928783	 1.0624	 1.06233	 1.06256	 1.06232	 1.06262	 
28.26	 0.381	 -0.678	 -0.99	 0.378319	 -0.673133	 -0.977865	 0.376146	 -0.668375	 -0.965587	 0.374101	 -0.663644	 -0.953275	 0.371579	 -0.658809	 -0.941094	 0.368805	 -0.653925	 -0.928984	 1.06224	 1.06216	 1.06241	 1.06223	 1.06256	 
28.27	 0.381	 -0.678	 -0.99	 0.378816	 -0.673002	 -0.977797	 0.376204	 -0.66833	 -0.96555	 0.373487	 -0.663744	 -0.953292	 0.371169	 -0.658854	 -0.94107	 0.36906	 -0.653802	 -0.928873	 1.06525	 1.06519	 1.06545	 1.06528	 1.06562	 
28.28	 0.381	 -0.678	 -0.99	 0.378529	 -0.673469	 -0.977627	 0.376064	 -0.668435	 -0.965448	 0.373598	 -0.663274	 -0.953321	 0.371129	 -0.658581	 -0.941008	 0.368663	 -0.654135	 -0.928599	 1.0714	 1.07136	 1.07163	 1.07145	 1.07178	 
28.29	 0.381	 -0.678	 -0.99	 0.378246	 -0.673016	 -0.977799	 0.375918	 -0.668296	 -0.965407	 0.373701	 -0.663639	 -0.952968	 0.371086	 -0.658735	 -0.940705	 0.36826	 -0.653704	 -0.928537	 1.08016	 1.08008	 1.08032	 1.08016	 1.0805	 
28.3	 0.381	 -0.678	 -0.99	 0.37873	 -0.673029	 -0.97762	 0.375967	 -0.668263	 -0.965261	 0.373081	 -0.663551	 -0.952908	 0.370656	 -0.658648	 -0.940531	 0.368472	 -0.653643	 -0.928148	 1.09046	 1.09039	 1.0906	 1.0904	 1.09072	 
28.31	 0.381	 -0.678	 -0.99	 0.378341	 -0.673411	 -0.977474	 0.375798	 -0.668329	 -0.965115	 0.373282	 -0.663122	 -0.952802	 0.370655	 -0.658376	 -0.940329	 0.367975	 -0.653873	 -0.927775	 1.10125	 1.10116	 1.10132	 1.10108	 1.10139	 
28.32	 0.381	 -0.678	 -0.99	 0.378154	 -0.672929	 -0.977627	 0.375678	 -0.668177	 -0.96505	 0.373297	 -0.663504	 -0.952425	 0.370566	 -0.658529	 -0.939989	 0.36765	 -0.653401	 -0.927656	 1.11165	 1.11152	 1.11166	 1.11141	 1.11171	 
28.33	 0.381	 -0.678	 -0.99	 0.378612	 -0.672994	 -0.977435	 0.375721	 -0.668154	 -0.96491	 0.372705	 -0.663361	 -0.952397	 0.370156	 -0.658408	 -0.939844	 0.367852	 -0.653371	 -0.927275	 1.12135	 1.12124	 1.12137	 1.12108	 1.12137	 
28.34	 0.381	 -0.678	 -0.99	 0.378214	 -0.673347	 -0.977314	 0.375549	 -0.668205	 -0.964793	 0.372913	 -0.662939	 -0.952315	 0.370162	 -0.658131	 -0.939681	 0.367359	 -0.653563	 -0.926968	 1.1307	 1.1306	 1.13074	 1.13046	 1.13074	 
28.35	 0.381	 -0.678	 -0.99	 0.37802	 -0.672875	 -0.977471	 0.375428	 -0.668045	 -0.964741	 0.372936	 -0.663288	 -0.951963	 0.370079	 -0.658251	 -0.939371	 0.367031	 -0.653074	 -0.926879	 1.14044	 1.14032	 1.14048	 1.14026	 1.14056	 
28.36	 0.381	 -0.678	 -0.99	 0.378475	 -0.672888	 -0.977287	 0.375473	 -0.667999	 -0.964591	 0.37235	 -0.663167	 -0.951901	 0.369671	 -0.658126	 -0.939192	 0.367224	 -0.652972	 -0.92648	 1.15138	 1.15131	 1.1515	 1.15129	 1.15159	 
28.37	 0.381	 -0.678	 -0.99	 0.378147	 -0.673265	 -0.977119	 0.375316	 -0.668039	 -0.964424	 0.372487	 -0.662692	 -0.951778	 0.369635	 -0.657804	 -0.938954	 0.366776	 -0.653156	 -0.926041	 1.16425	 1.16419	 1.16441	 1.16423	 1.16454	 
28.38	 0.381	 -0.678	 -0.99	 0.37785	 -0.672851	 -0.977238	 0.37516	 -0.66788	 -0.964303	 0.372588	 -0.662952	 -0.951325	 0.369584	 -0.657859	 -0.938506	 0.366353	 -0.652686	 -0.925772	 1.17941	 1.17935	 1.17957	 1.17943	 1.17975	 
28.39	 0.381	 -0.678	 -0.99	 0.378281	 -0.672711	 -0.97707	 0.375188	 -0.667783	 -0.964082	 0.372005	 -0.662949	 -0.951079	 0.369171	 -0.657775	 -0.938127	 0.366516	 -0.652423	 -0.925207	 1.19688	 1.19683	 1.19706	 1.19691	 1.19724	 
28.4	 0.381	 -0.678	 -0.99	 0.378141	 -0.673121	 -0.976799	 0.375073	 -0.667815	 -0.963812	 0.371952	 -0.662404	 -0.95088	 0.369025	 -0.657391	 -0.937744	 0.366204	 -0.652584	 -0.924506	 1.21649	 1.21645	 1.21667	 1.21652	 1.21683	 
28.41	 0.381	 -0.678	 -0.99	 0.377684	 -0.672889	 -0.97684	 0.374872	 -0.667674	 -0.963604	 0.372186	 -0.662432	 -0.950351	 0.369028	 -0.657286	 -0.937165	 0.365629	 -0.652196	 -0.924016	 1.23794	 1.23788	 1.23809	 1.23794	 1.23826	 
28.42	 0.381	 -0.678	 -0.99	 0.377953	 -0.6725	 -0.976765	 0.37485	 -0.667484	 -0.963352	 0.371736	 -0.662592	 -0.949895	 0.368676	 -0.657244	 -0.9366	 0.36564	 -0.651664	 -0.923394	 1.26087	 1.2608	 1.261	 1.26085	 1.26116	 
28.43	 0.381	 -0.678	 -0.99	 0.378146	 -0.672787	 -0.976434	 0.374812	 -0.667465	 -0.963021	 0.371358	 -0.662118	 -0.949647	 0.368353	 -0.656874	 -0.936126	 0.365582	 -0.65168	 -0.922534	 1.28488	 1.28482	 1.28501	 1.28484	 1.28514	 
28.44	 0.381	 -0.678	 -0.99	 0.377694	 -0.672931	 -0.976304	 0.374613	 -0.667415	 -0.96273	 0.371585	 -0.661787	 -0.949189	 0.368344	 -0.656577	 -0.935531	 0.364998	 -0.651585	 -0.921815	 1.30958	 1.3095	 1.30966	 1.30949	 1.30979	 
28.45	 0.381	 -0.678	 -0.99	 0.377531	 -0.672498	 -0.976332	 0.374483	 -0.667223	 -0.962476	 0.371541	 -0.662003	 -0.948575	 0.368202	 -0.656569	 -0.934848	 0.364659	 -0.651032	 -0.921212	 1.33446	 1.33437	 1.33452	 1.33434	 1.33463	 
28.46	 0.381	 -0.678	 -0.99	 0.377891	 -0.672345	 -0.976129	 0.374486	 -0.6671	 -0.962167	 0.37101	 -0.661959	 -0.948183	 0.367814	 -0.656435	 -0.93428	 0.364758	 -0.650713	 -0.920424	 1.35909	 1.359	 1.35914	 1.35893	 1.35922	 
28.47	 0.381	 -0.678	 -0.99	 0.377901	 -0.672679	 -0.975822	 0.374408	 -0.667098	 -0.961838	 0.370819	 -0.661456	 -0.947902	 0.367601	 -0.656059	 -0.933781	 0.364576	 -0.650785	 -0.919569	 1.38317	 1.38308	 1.3832	 1.38299	 1.38327	 
28.48	 0.381	 -0.678	 -0.99	 0.377463	 -0.672713	 -0.975743	 0.374225	 -0.667019	 -0.961573	 0.371061	 -0.661224	 -0.947425	 0.367618	 -0.655811	 -0.933194	 0.364037	 -0.650595	 -0.918921	 1.40667	 1.40658	 1.40669	 1.40648	 1.40675	 
28.49	 0.381	 -0.678	 -0.99	 0.377355	 -0.672298	 -0.975763	 0.374126	 -0.666824	 -0.961337	 0.371004	 -0.661404	 -0.946866	 0.367492	 -0.655768	 -0.93257	 0.36378	 -0.650028	 -0.918364	 1.42985	 1.42975	 1.42988	 1.42968	 1.42995	 
28.5	 0.381	 -0.678	 -0.99	 0.377685	 -0.672122	 -0.975583	 0.37414	 -0.666683	 -0.96105	 0.370542	 -0.661354	 -0.946488	 0.367164	 -0.655612	 -0.932031	 0.363892	 -0.64966	 -0.917634	 1.45325	 1.45317	 1.45331	 1.45314	 1.45342	 
28.51	 0.381	 -0.678	 -0.99	 0.377783	 -0.672389	 -0.975281	 0.3741	 -0.666652	 -0.96072	 0.370305	 -0.66089	 -0.946197	 0.366948	 -0.655246	 -0.931521	 0.363814	 -0.649659	 -0.916773	 1.47756	 1.4775	 1.47766	 1.47751	 1.4778	 
28.52	 0.381	 -0.678	 -0.99	 0.377432	 -0.672533	 -0.975121	 0.373951	 -0.666593	 -0.960405	 0.370488	 -0.66054	 -0.945729	 0.366944	 -0.654933	 -0.930897	 0.363364	 -0.649551	 -0.915988	 1.50338	 1.50333	 1.50352	 1.50339	 1.50368	 
28.53	 0.381	 -0.678	 -0.99	 0.377162	 -0.672241	 -0.975099	 0.373817	 -0.666423	 -0.960103	 0.370592	 -0.66059	 -0.945085	 0.3669	 -0.654812	 -0.930154	 0.362976	 -0.649067	 -0.915268	 1.53104	 1.53099	 1.53118	 1.53108	 1.53137	 
28.54	 0.381	 -0.678	 -0.99	 0.377321	 -0.671895	 -0.974982	 0.373785	 -0.666231	 -0.959759	 0.370286	 -0.660673	 -0.944487	 0.366648	 -0.6547	 -0.929406	 0.362939	 -0.648522	 -0.914423	 1.56048	 1.56044	 1.56064	 1.56053	 1.56082	 
28.55	 0.381	 -0.678	 -0.99	 0.377595	 -0.671911	 -0.974688	 0.373781	 -0.666122	 -0.959357	 0.369869	 -0.660408	 -0.94402	 0.366339	 -0.65441	 -0.928701	 0.362996	 -0.648268	 -0.913394	 1.59133	 1.59128	 1.59146	 1.59135	 1.59163	 
28.56	 0.381	 -0.678	 -0.99	 0.377553	 -0.672158	 -0.974375	 0.373703	 -0.666072	 -0.958938	 0.369754	 -0.65993	 -0.943547	 0.366181	 -0.654015	 -0.927978	 0.362798	 -0.648209	 -0.912324	 1.62296	 1.62289	 1.62304	 1.62291	 1.62318	 
28.57	 0.381	 -0.678	 -0.99	 0.377226	 -0.672228	 -0.974196	 0.373561	 -0.665985	 -0.958547	 0.36992	 -0.659628	 -0.942938	 0.366171	 -0.653711	 -0.927183	 0.362376	 -0.648013	 -0.911357	 1.65466	 1.65457	 1.6547	 1.65455	 1.65481	 
28.58	 0.381	 -0.678	 -0.99	 0.376982	 -0.67198	 -0.974124	 0.373446	 -0.665823	 -0.958187	 0.370021	 -0.659628	 -0.94224	 0.366141	 -0.653559	 -0.92635	 0.36204	 -0.647557	 -0.910488	 1.68581	 1.68573	 1.68583	 1.68566	 1.68592	 
28.59	 0.381	 -0.678	 -0.99	 0.377051	 -0.671647	 -0.974018	 0.37341	 -0.665634	 -0.957833	 0.369845	 -0.659699	 -0.941601	 0.365986	 -0.65344	 -0.925562	 0.361981	 -0.647027	 -0.909617	 1.71599	 1.71591	 1.71601	 1.71582	 1.71607	 
28.6	 0.381	 -0.678	 -0.99	 0.377303	 -0.671518	 -0.973799	 0.373426	 -0.665488	 -0.957467	 0.369509	 -0.659567	 -0.941104	 0.365763	 -0.653219	 -0.924863	 0.362097	 -0.64666	 -0.908686	 1.74497	 1.74488	 1.74497	 1.74477	 1.74502	 
28.61	 0.381	 -0.678	 -0.99	 0.377453	 -0.671643	 -0.973517	 0.373424	 -0.665406	 -0.9571	 0.369284	 -0.659201	 -0.940697	 0.365604	 -0.652884	 -0.92423	 0.362146	 -0.646507	 -0.907735	 1.77268	 1.77258	 1.77266	 1.77247	 1.77272	 
28.62	 0.381	 -0.678	 -0.99	 0.377353	 -0.671833	 -0.973277	 0.373372	 -0.66535	 -0.956751	 0.369315	 -0.658793	 -0.940273	 0.365579	 -0.652536	 -0.923604	 0.362	 -0.646422	 -0.906846	 1.7992	 1.7991	 1.79917	 1.79899	 1.79924	 
28.63	 0.381	 -0.678	 -0.99	 0.377096	 -0.671868	 -0.973139	 0.373293	 -0.665265	 -0.956434	 0.369513	 -0.658552	 -0.939768	 0.365641	 -0.652281	 -0.922952	 0.361728	 -0.646225	 -0.906065	 1.82472	 1.82462	 1.8247	 1.82451	 1.82476	 
28.64	 0.381	 -0.678	 -0.99	 0.376894	 -0.671684	 -0.973077	 0.373233	 -0.665133	 -0.956143	 0.369672	 -0.658523	 -0.939208	 0.365689	 -0.652134	 -0.922285	 0.361507	 -0.645856	 -0.905366	 1.84943	 1.84935	 1.84943	 1.84925	 1.8495	 
28.65	 0.381	 -0.678	 -0.99	 0.376887	 -0.671401	 -0.973013	 0.373215	 -0.664975	 -0.955859	 0.369646	 -0.658587	 -0.93867	 0.365658	 -0.652031	 -0.921637	 0.361469	 -0.6454	 -0.90468	 1.87353	 1.87346	 1.87356	 1.87338	 1.87362	 
28.66	 0.381	 -0.678	 -0.99	 0.377058	 -0.671193	 -0.972883	 0.373238	 -0.664834	 -0.955569	 0.369452	 -0.658578	 -0.938208	 0.365557	 -0.651894	 -0.921034	 0.361603	 -0.64501	 -0.90395	 1.89712	 1.89705	 1.89715	 1.89697	 1.89721	 
28.67	 0.381	 -0.678	 -0.99	 0.377278	 -0.671164	 -0.97268	 0.373282	 -0.664738	 -0.955264	 0.369229	 -0.658408	 -0.937825	 0.365446	 -0.651692	 -0.920473	 0.361784	 -0.644789	 -0.903165	 1.92017	 1.92009	 1.92019	 1.92001	 1.92025	 
28.68	 0.381	 -0.678	 -0.99	 0.377403	 -0.671288	 -0.972444	 0.373318	 -0.664684	 -0.954955	 0.369123	 -0.658111	 -0.937478	 0.365394	 -0.651441	 -0.919935	 0.361885	 -0.644718	 -0.902365	 1.94259	 1.9425	 1.94259	 1.94241	 1.94265	 
28.69	 0.381	 -0.678	 -0.99	 0.377358	 -0.671451	 -0.972237	 0.373321	 -0.664648	 -0.954657	 0.369192	 -0.657792	 -0.937117	 0.365437	 -0.651182	 -0.919402	 0.361864	 -0.644683	 -0.901606	 1.96425	 1.96415	 1.96423	 1.96405	 1.96428	 
28.7	 0.381	 -0.678	 -0.99	 0.377185	 -0.671529	 -0.972096	 0.373297	 -0.664595	 -0.954384	 0.36939	 -0.657556	 -0.936716	 0.365554	 -0.650956	 -0.918866	 0.361755	 -0.644564	 -0.90093	 1.98503	 1.98492	 1.985	 1.98482	 1.98504	 
28.71	 0.381	 -0.678	 -0.99	 0.376999	 -0.67146	 -0.972021	 0.373277	 -0.664506	 -0.954138	 0.369616	 -0.657454	 -0.93628	 0.365688	 -0.650791	 -0.918331	 0.36164	 -0.644316	 -0.900339	 2.00482	 2.00472	 2.0048	 2.0046	 2.00481	 
28.72	 0.381	 -0.678	 -0.99	 0.376901	 -0.671267	 -0.97198	 0.373282	 -0.664386	 -0.953913	 0.369769	 -0.65747	 -0.935839	 0.365798	 -0.650692	 -0.917808	 0.361615	 -0.643985	 -0.899798	 2.02353	 2.02345	 2.02352	 2.02332	 2.02352	 
28.73	 0.381	 -0.678	 -0.99	 0.376936	 -0.67104	 -0.971932	 0.373316	 -0.664268	 -0.953699	 0.369799	 -0.65754	 -0.935429	 0.365864	 -0.650636	 -0.917312	 0.361729	 -0.643653	 -0.899269	 2.04111	 2.04103	 2.0411	 2.04088	 2.04108	 
28.74	 0.381	 -0.678	 -0.99	 0.377095	 -0.670877	 -0.971842	 0.373387	 -0.66418	 -0.953483	 0.369729	 -0.657579	 -0.935078	 0.365887	 -0.650576	 -0.916861	 0.361953	 -0.643386	 -0.898736	 2.05748	 2.0574	 2.05746	 2.05724	 2.05745	 
28.75	 0.381	 -0.678	 -0.99	 0.377311	 -0.670827	 -0.971708	 0.373482	 -0.66412	 -0.953268	 0.369623	 -0.657519	 -0.934797	 0.365893	 -0.650472	 -0.916466	 0.362222	 -0.643218	 -0.898202	 2.07262	 2.07253	 2.0726	 2.07238	 2.07259	 
28.76	 0.381	 -0.678	 -0.99	 0.377485	 -0.670886	 -0.97155	 0.373564	 -0.66408	 -0.953067	 0.369554	 -0.657345	 -0.934576	 0.365927	 -0.650318	 -0.916117	 0.36248	 -0.643151	 -0.897675	 2.0866	 2.0865	 2.08656	 2.08635	 2.08657	 
28.77	 0.381	 -0.678	 -0.99	 0.377559	 -0.671017	 -0.971394	 0.373623	 -0.664057	 -0.952879	 0.369581	 -0.657106	 -0.934383	 0.366019	 -0.650136	 -0.915797	 0.362677	 -0.64315	 -0.897174	 2.09954	 2.09943	 2.09949	 2.0993	 2.09952	 
28.78	 0.381	 -0.678	 -0.99	 0.377532	 -0.671156	 -0.971262	 0.373673	 -0.664044	 -0.952701	 0.36973	 -0.656877	 -0.934179	 0.366167	 -0.649966	 -0.915485	 0.362781	 -0.64317	 -0.896715	 2.11162	 2.1115	 2.11157	 2.11138	 2.1116	 
28.79	 0.381	 -0.678	 -0.99	 0.377429	 -0.67124	 -0.97117	 0.373718	 -0.664028	 -0.952536	 0.369973	 -0.656719	 -0.933947	 0.36636	 -0.64984	 -0.91517	 0.362817	 -0.643157	 -0.896307	 2.12299	 2.12287	 2.12295	 2.12276	 2.12297	 
28.8	 0.381	 -0.678	 -0.99	 0.377295	 -0.671231	 -0.971123	 0.373753	 -0.663997	 -0.952388	 0.370246	 -0.656656	 -0.933688	 0.36658	 -0.649754	 -0.914853	 0.362848	 -0.643059	 -0.895955	 2.13371	 2.13361	 2.13369	 2.13348	 2.13369	 
28.81	 0.381	 -0.678	 -0.99	 0.377192	 -0.671124	 -0.97111	 0.373793	 -0.663937	 -0.95226	 0.370487	 -0.656675	 -0.933421	 0.366793	 -0.649704	 -0.914545	 0.362922	 -0.642873	 -0.895652	 2.14373	 2.14364	 2.14372	 2.1435	 2.1437	 
28.82	 0.381	 -0.678	 -0.99	 0.377177	 -0.670951	 -0.971112	 0.373859	 -0.663855	 -0.952147	 0.370656	 -0.656748	 -0.933166	 0.366973	 -0.649683	 -0.914258	 0.363069	 -0.642644	 -0.895384	 2.15287	 2.15279	 2.15286	 2.15264	 2.15283	 
28.83	 0.381	 -0.678	 -0.99	 0.377261	 -0.670776	 -0.971104	 0.373951	 -0.663783	 -0.952043	 0.370739	 -0.656841	 -0.932945	 0.367119	 -0.649681	 -0.914004	 0.363309	 -0.642424	 -0.895135	 2.1609	 2.16082	 2.16089	 2.16065	 2.16084	 
28.84	 0.381	 -0.678	 -0.99	 0.377424	 -0.670656	 -0.971071	 0.374061	 -0.663738	 -0.951944	 0.37075	 -0.656912	 -0.932774	 0.367239	 -0.649678	 -0.913792	 0.363632	 -0.642261	 -0.894898	 2.1676	 2.16751	 2.16758	 2.16733	 2.16752	 
28.85	 0.381	 -0.678	 -0.99	 0.377629	 -0.670614	 -0.971012	 0.374184	 -0.663711	 -0.951858	 0.370729	 -0.656914	 -0.932666	 0.367347	 -0.649656	 -0.913633	 0.363993	 -0.642187	 -0.894676	 2.17281	 2.17271	 2.17277	 2.17252	 2.17271	 
28.86	 0.381	 -0.678	 -0.99	 0.377821	 -0.670656	 -0.970937	 0.374308	 -0.663698	 -0.951789	 0.370725	 -0.656831	 -0.93262	 0.367465	 -0.6496	 -0.91353	 0.364349	 -0.642196	 -0.89448	 2.17648	 2.17635	 2.1764	 2.17615	 2.17635	 
28.87	 0.381	 -0.678	 -0.99	 0.377955	 -0.670772	 -0.970856	 0.374422	 -0.663709	 -0.951735	 0.370784	 -0.656688	 -0.932618	 0.367616	 -0.649513	 -0.913476	 0.36466	 -0.642263	 -0.894327	 2.17858	 2.17844	 2.17848	 2.17824	 2.17844	 
28.88	 0.381	 -0.678	 -0.99	 0.37801	 -0.670928	 -0.970785	 0.374527	 -0.663742	 -0.951697	 0.370934	 -0.656533	 -0.932637	 0.367806	 -0.649429	 -0.913458	 0.364895	 -0.64237	 -0.894228	 2.17914	 2.17899	 2.17903	 2.17878	 2.17898	 
28.89	 0.381	 -0.678	 -0.99	 0.377975	 -0.671066	 -0.970747	 0.374613	 -0.663779	 -0.951683	 0.371169	 -0.656412	 -0.932663	 0.368041	 -0.649377	 -0.913466	 0.365067	 -0.642494	 -0.894188	 2.17816	 2.17801	 2.17805	 2.17779	 2.17798	 
28.9	 0.381	 -0.678	 -0.99	 0.377872	 -0.671143	 -0.970754	 0.374674	 -0.663804	 -0.951699	 0.37146	 -0.656358	 -0.932688	 0.368314	 -0.649368	 -0.913496	 0.365203	 -0.642586	 -0.894222	 2.1756	 2.17546	 2.1755	 2.17524	 2.17542	 
28.91	 0.381	 -0.678	 -0.99	 0.377759	 -0.671135	 -0.970805	 0.374739	 -0.663813	 -0.951745	 0.371768	 -0.65639	 -0.932715	 0.368592	 -0.649398	 -0.913558	 0.365324	 -0.642608	 -0.894343	 2.17141	 2.17128	 2.17132	 2.17104	 2.17122	 
28.92	 0.381	 -0.678	 -0.99	 0.377691	 -0.671045	 -0.970891	 0.374819	 -0.663808	 -0.951817	 0.372044	 -0.656505	 -0.932753	 0.368851	 -0.649468	 -0.913657	 0.365472	 -0.64256	 -0.894545	 2.16553	 2.16541	 2.16546	 2.16516	 2.16533	 
28.93	 0.381	 -0.678	 -0.99	 0.377695	 -0.670905	 -0.970995	 0.374909	 -0.663798	 -0.951913	 0.372241	 -0.656685	 -0.932816	 0.369083	 -0.649581	 -0.913793	 0.365698	 -0.642487	 -0.894804	 2.15799	 2.15787	 2.15792	 2.15761	 2.15777	 
28.94	 0.381	 -0.678	 -0.99	 0.377799	 -0.670765	 -0.971096	 0.375021	 -0.663797	 -0.952025	 0.372343	 -0.656886	 -0.93292	 0.369271	 -0.649719	 -0.91397	 0.36601	 -0.64244	 -0.895094	 2.14888	 2.14876	 2.14882	 2.14851	 2.14867	 
28.95	 0.381	 -0.678	 -0.99	 0.377993	 -0.670677	 -0.971172	 0.375159	 -0.663812	 -0.952146	 0.372368	 -0.65705	 -0.933077	 0.369416	 -0.649855	 -0.914194	 0.366383	 -0.64246	 -0.895399	 2.13844	 2.13833	 2.13839	 2.13809	 2.13826	 
28.96	 0.381	 -0.678	 -0.99	 0.378224	 -0.670684	 -0.971215	 0.375305	 -0.663852	 -0.952271	 0.372354	 -0.657131	 -0.933292	 0.369538	 -0.649951	 -0.914463	 0.366782	 -0.642557	 -0.895707	 2.12701	 2.1269	 2.12696	 2.12668	 2.12687	 
28.97	 0.381	 -0.678	 -0.99	 0.378425	 -0.670798	 -0.971228	 0.375438	 -0.66392	 -0.952397	 0.372358	 -0.657115	 -0.933554	 0.369668	 -0.649998	 -0.914768	 0.367155	 -0.642735	 -0.896013	 2.11493	 2.11481	 2.11488	 2.11462	 2.11482	 
28.98	 0.381	 -0.678	 -0.99	 0.378536	 -0.670985	 -0.971231	 0.375549	 -0.664004	 -0.952527	 0.372441	 -0.657032	 -0.933838	 0.369829	 -0.650021	 -0.91509	 0.367447	 -0.64299	 -0.896317	 2.10245	 2.10232	 2.1024	 2.10215	 2.10235	 
28.99	 0.381	 -0.678	 -0.99	 0.378527	 -0.671182	 -0.97125	 0.375629	 -0.664093	 -0.952664	 0.372633	 -0.656946	 -0.934114	 0.370038	 -0.650055	 -0.91541	 0.367634	 -0.643279	 -0.896636	 2.08962	 2.08949	 2.08957	 2.08933	 2.08953	 
29	 0.381	 -0.678	 -0.99	 0.378413	 -0.671325	 -0.971308	 0.375683	 -0.664179	 -0.952813	 0.372918	 -0.656928	 -0.934363	 0.37029	 -0.650124	 -0.915726	 0.36773	 -0.643526	 -0.897004	 2.07628	 2.07615	 2.07623	 2.07597	 2.07616	 
29.01	 0.381	 -0.678	 -0.99	 0.378261	 -0.671358	 -0.971419	 0.375728	 -0.664245	 -0.952984	 0.373239	 -0.657023	 -0.934585	 0.370555	 -0.650243	 -0.916047	 0.367784	 -0.643673	 -0.897446	 2.06204	 2.06191	 2.06198	 2.06169	 2.06188	 
29.02	 0.381	 -0.678	 -0.99	 0.378158	 -0.671266	 -0.971578	 0.375784	 -0.664279	 -0.953184	 0.373513	 -0.657231	 -0.934801	 0.370796	 -0.650418	 -0.916392	 0.367874	 -0.643721	 -0.89797	 2.0464	 2.04627	 2.04633	 2.04601	 2.04619	 
29.03	 0.381	 -0.678	 -0.99	 0.378175	 -0.671103	 -0.97176	 0.375862	 -0.664299	 -0.953414	 0.373666	 -0.657513	 -0.935047	 0.370983	 -0.650636	 -0.916781	 0.36807	 -0.643722	 -0.898563	 2.02888	 2.02874	 2.0288	 2.02845	 2.02862	 
29.04	 0.381	 -0.678	 -0.99	 0.378336	 -0.670967	 -0.971928	 0.375972	 -0.664334	 -0.953665	 0.37368	 -0.65779	 -0.93536	 0.371104	 -0.650867	 -0.917236	 0.368388	 -0.643768	 -0.8992	 2.00918	 2.00904	 2.00908	 2.00872	 2.00888	 
29.05	 0.381	 -0.678	 -0.99	 0.378595	 -0.670954	 -0.972052	 0.376109	 -0.664407	 -0.953929	 0.373604	 -0.657975	 -0.935766	 0.371175	 -0.651069	 -0.917771	 0.368776	 -0.643938	 -0.899859	 1.9873	 1.98715	 1.98718	 1.98682	 1.98699	 
29.06	 0.381	 -0.678	 -0.99	 0.378836	 -0.671103	 -0.972132	 0.376241	 -0.664524	 -0.954204	 0.373544	 -0.658019	 -0.936263	 0.371245	 -0.651211	 -0.918381	 0.369136	 -0.644257	 -0.900531	 1.96355	 1.96339	 1.96343	 1.96307	 1.96325	 
29.07	 0.381	 -0.678	 -0.99	 0.378931	 -0.671366	 -0.972198	 0.376332	 -0.664669	 -0.954491	 0.373606	 -0.657959	 -0.936808	 0.371371	 -0.651305	 -0.919037	 0.369373	 -0.644674	 -0.901228	 1.93855	 1.93839	 1.93845	 1.93811	 1.93829	 
29.08	 0.381	 -0.678	 -0.99	 0.378829	 -0.671613	 -0.9723	 0.37637	 -0.664812	 -0.954793	 0.373838	 -0.657915	 -0.937335	 0.371573	 -0.651407	 -0.919693	 0.369441	 -0.645082	 -0.901967	 1.91305	 1.9129	 1.91298	 1.91267	 1.91286	 
29.09	 0.381	 -0.678	 -0.99	 0.378612	 -0.671707	 -0.972473	 0.376377	 -0.664922	 -0.95511	 0.374172	 -0.658023	 -0.937787	 0.371818	 -0.651586	 -0.92031	 0.369397	 -0.645374	 -0.902758	 1.88771	 1.88759	 1.88771	 1.88741	 1.88761	 
29.1	 0.381	 -0.678	 -0.99	 0.37845	 -0.6716	 -0.972709	 0.376392	 -0.664989	 -0.955433	 0.374446	 -0.658328	 -0.938162	 0.372029	 -0.651868	 -0.920876	 0.369389	 -0.64551	 -0.903584	 1.86295	 1.86285	 1.86299	 1.8627	 1.86291	 
29.11	 0.381	 -0.678	 -0.99	 0.378495	 -0.671398	 -0.972951	 0.376449	 -0.665035	 -0.955751	 0.374512	 -0.658729	 -0.938517	 0.372138	 -0.652199	 -0.921423	 0.369551	 -0.645567	 -0.904398	 1.83874	 1.83864	 1.83878	 1.83849	 1.8387	 
29.12	 0.381	 -0.678	 -0.99	 0.378752	 -0.6713	 -0.973125	 0.376553	 -0.665105	 -0.956053	 0.374369	 -0.65903	 -0.938935	 0.37214	 -0.652481	 -0.922001	 0.369885	 -0.645704	 -0.905158	 1.81464	 1.81451	 1.81463	 1.81434	 1.81455	 
29.13	 0.381	 -0.678	 -0.99	 0.379041	 -0.671446	 -0.973207	 0.376666	 -0.665231	 -0.956341	 0.374196	 -0.659099	 -0.939457	 0.37212	 -0.652648	 -0.922641	 0.370233	 -0.64604	 -0.905862	 1.78992	 1.78978	 1.78987	 1.78955	 1.78977	 
29.14	 0.381	 -0.678	 -0.99	 0.37912	 -0.671772	 -0.973258	 0.37673	 -0.665403	 -0.956636	 0.37422	 -0.659003	 -0.940042	 0.37219	 -0.652737	 -0.923335	 0.370398	 -0.646532	 -0.906576	 1.76394	 1.76379	 1.76387	 1.76351	 1.76372	 
29.15	 0.381	 -0.678	 -0.99	 0.378917	 -0.67203	 -0.973382	 0.376726	 -0.665566	 -0.956966	 0.374507	 -0.658986	 -0.940599	 0.372389	 -0.652871	 -0.924042	 0.370327	 -0.646983	 -0.907394	 1.73633	 1.73617	 1.73623	 1.73586	 1.73605	 
29.16	 0.381	 -0.678	 -0.99	 0.378644	 -0.672006	 -0.973634	 0.376701	 -0.665669	 -0.957344	 0.374856	 -0.659248	 -0.941075	 0.372619	 -0.65315	 -0.924734	 0.370193	 -0.647214	 -0.908359	 1.70713	 1.70696	 1.70703	 1.70664	 1.70684	 
29.17	 0.381	 -0.678	 -0.99	 0.37862	 -0.671767	 -0.973943	 0.376732	 -0.665723	 -0.95775	 0.374962	 -0.659721	 -0.941528	 0.372727	 -0.65354	 -0.925433	 0.37026	 -0.647275	 -0.909403	 1.67675	 1.67659	 1.67667	 1.6763	 1.6765	 
29.18	 0.381	 -0.678	 -0.99	 0.378922	 -0.671646	 -0.974169	 0.376836	 -0.665802	 -0.958145	 0.374749	 -0.660081	 -0.942076	 0.372668	 -0.653877	 -0.926188	 0.370585	 -0.647437	 -0.910394	 1.64582	 1.64567	 1.64578	 1.64543	 1.64564	 
29.19	 0.381	 -0.678	 -0.99	 0.379221	 -0.671882	 -0.974259	 0.376934	 -0.665965	 -0.958508	 0.374525	 -0.6601	 -0.942754	 0.372593	 -0.654047	 -0.927009	 0.370895	 -0.647899	 -0.911272	 1.61495	 1.61481	 1.61493	 1.61459	 1.61481	 
29.2	 0.381	 -0.678	 -0.99	 0.379138	 -0.672275	 -0.974336	 0.376935	 -0.66617	 -0.958861	 0.374648	 -0.659976	 -0.943433	 0.372682	 -0.654145	 -0.927823	 0.370878	 -0.648491	 -0.912127	 1.5845	 1.58437	 1.58452	 1.58419	 1.58442	 
29.21	 0.381	 -0.678	 -0.99	 0.378777	 -0.672371	 -0.974559	 0.376863	 -0.666308	 -0.959241	 0.375024	 -0.660143	 -0.943955	 0.372894	 -0.654387	 -0.92855	 0.370625	 -0.648838	 -0.913086	 1.55464	 1.55453	 1.55468	 1.55436	 1.55459	 
29.22	 0.381	 -0.678	 -0.99	 0.378672	 -0.672099	 -0.974885	 0.376851	 -0.66636	 -0.95964	 0.375156	 -0.660659	 -0.944365	 0.372986	 -0.654805	 -0.92921	 0.370577	 -0.648881	 -0.914117	 1.52533	 1.5252	 1.52534	 1.52503	 1.52527	 
29.23	 0.381	 -0.678	 -0.99	 0.379022	 -0.671967	 -0.975094	 0.376951	 -0.666442	 -0.960007	 0.37486	 -0.66104	 -0.944876	 0.372857	 -0.655157	 -0.929916	 0.370895	 -0.649034	 -0.915046	 1.49633	 1.4962	 1.49634	 1.49602	 1.49627	 
29.24	 0.381	 -0.678	 -0.99	 0.379287	 -0.672311	 -0.975132	 0.37703	 -0.666633	 -0.960333	 0.374639	 -0.66096	 -0.945552	 0.372758	 -0.655272	 -0.930706	 0.371134	 -0.649574	 -0.915832	 1.46743	 1.4673	 1.46745	 1.4671	 1.46733	 
29.25	 0.381	 -0.678	 -0.99	 0.379007	 -0.672668	 -0.975239	 0.376969	 -0.666826	 -0.960679	 0.374918	 -0.660858	 -0.946171	 0.372907	 -0.655368	 -0.931473	 0.370921	 -0.65012	 -0.916681	 1.43846	 1.43833	 1.43847	 1.43811	 1.43835	 
29.26	 0.381	 -0.678	 -0.99	 0.378673	 -0.672492	 -0.97556	 0.376886	 -0.666889	 -0.961081	 0.375234	 -0.66126	 -0.946594	 0.373076	 -0.65572	 -0.932143	 0.370663	 -0.650232	 -0.91771	 1.40932	 1.40917	 1.40931	 1.40896	 1.4092	 
29.27	 0.381	 -0.678	 -0.99	 0.378934	 -0.672213	 -0.975839	 0.376948	 -0.66693	 -0.961472	 0.374989	 -0.661772	 -0.947056	 0.372959	 -0.656139	 -0.93283	 0.370888	 -0.650268	 -0.918706	 1.38004	 1.37988	 1.38	 1.37967	 1.37992	 
29.28	 0.381	 -0.678	 -0.99	 0.379291	 -0.672522	 -0.975877	 0.377042	 -0.667122	 -0.961802	 0.374661	 -0.661743	 -0.947738	 0.37279	 -0.656288	 -0.93363	 0.371179	 -0.650792	 -0.919503	 1.35074	 1.35061	 1.35076	 1.35041	 1.35064	 
29.29	 0.381	 -0.678	 -0.99	 0.378989	 -0.672926	 -0.975971	 0.376974	 -0.667336	 -0.962141	 0.374953	 -0.661618	 -0.948363	 0.372934	 -0.656379	 -0.934398	 0.370922	 -0.651387	 -0.92034	 1.32179	 1.32166	 1.32181	 1.32146	 1.3217	 
29.3	 0.381	 -0.678	 -0.99	 0.378677	 -0.672667	 -0.976318	 0.376892	 -0.667377	 -0.962539	 0.37524	 -0.662096	 -0.94874	 0.373079	 -0.656771	 -0.93503	 0.370656	 -0.651431	 -0.921368	 1.2935	 1.29336	 1.29353	 1.29321	 1.29348	 
29.31	 0.381	 -0.678	 -0.99	 0.379081	 -0.672463	 -0.976531	 0.376981	 -0.667422	 -0.962896	 0.374838	 -0.662506	 -0.949221	 0.372864	 -0.657127	 -0.935698	 0.370973	 -0.651509	 -0.922258	 1.26632	 1.26618	 1.26636	 1.26606	 1.26633	 
29.32	 0.381	 -0.678	 -0.99	 0.379232	 -0.67295	 -0.976503	 0.37701	 -0.667639	 -0.963174	 0.374673	 -0.662266	 -0.949889	 0.372761	 -0.657138	 -0.936442	 0.371074	 -0.652133	 -0.922917	 1.24057	 1.24047	 1.24068	 1.24037	 1.24063	 
29.33	 0.381	 -0.678	 -0.99	 0.378727	 -0.673055	 -0.976709	 0.376875	 -0.66776	 -0.963489	 0.375125	 -0.662375	 -0.95029	 0.372979	 -0.657315	 -0.937023	 0.370632	 -0.652428	 -0.923724	 1.2166	 1.2165	 1.2167	 1.21641	 1.2167	 
29.34	 0.381	 -0.678	 -0.99	 0.378853	 -0.67263	 -0.977013	 0.37689	 -0.667735	 -0.963812	 0.374974	 -0.662957	 -0.950559	 0.372884	 -0.657734	 -0.937505	 0.3707	 -0.652282	 -0.924557	 1.19452	 1.19441	 1.19462	 1.19435	 1.19465	 
29.35	 0.381	 -0.678	 -0.99	 0.379256	 -0.672937	 -0.976974	 0.376969	 -0.667883	 -0.96403	 0.374544	 -0.662835	 -0.951107	 0.37263	 -0.65778	 -0.938103	 0.370982	 -0.652718	 -0.925064	 1.17431	 1.17421	 1.17443	 1.17415	 1.17443	 
29.36	 0.381	 -0.678	 -0.99	 0.378792	 -0.673255	 -0.977056	 0.376829	 -0.668037	 -0.964256	 0.374926	 -0.6627	 -0.951495	 0.372794	 -0.657804	 -0.938595	 0.370547	 -0.653142	 -0.925627	 1.15584	 1.15575	 1.15596	 1.15568	 1.15596	 
29.37	 0.381	 -0.678	 -0.99	 0.378734	 -0.672797	 -0.977366	 0.376791	 -0.667988	 -0.964524	 0.374931	 -0.663276	 -0.951632	 0.372765	 -0.658193	 -0.938933	 0.370436	 -0.652921	 -0.926338	 1.13888	 1.13876	 1.13895	 1.13869	 1.139	 
29.38	 0.381	 -0.678	 -0.99	 0.379212	 -0.672995	 -0.977322	 0.376884	 -0.668091	 -0.964693	 0.374418	 -0.663217	 -0.952078	 0.372455	 -0.658247	 -0.939413	 0.370753	 -0.653226	 -0.92673	 1.12313	 1.12302	 1.12322	 1.12292	 1.12321	 
29.39	 0.381	 -0.678	 -0.99	 0.378762	 -0.673363	 -0.977358	 0.376733	 -0.668241	 -0.964871	 0.374756	 -0.662996	 -0.952424	 0.372583	 -0.658207	 -0.93983	 0.370313	 -0.653658	 -0.927161	 1.10836	 1.10826	 1.10846	 1.10816	 1.10844	 
29.4	 0.381	 -0.678	 -0.99	 0.378682	 -0.67289	 -0.977657	 0.376676	 -0.668181	 -0.965103	 0.374753	 -0.663573	 -0.952497	 0.37254	 -0.658586	 -0.940087	 0.370172	 -0.653404	 -0.927783	 1.09449	 1.09434	 1.09451	 1.09423	 1.09454	 
29.41	 0.381	 -0.678	 -0.99	 0.379153	 -0.673129	 -0.977576	 0.376765	 -0.668295	 -0.96523	 0.37424	 -0.663472	 -0.952906	 0.372222	 -0.658611	 -0.940506	 0.370469	 -0.653727	 -0.928072	 1.08139	 1.08129	 1.08148	 1.08117	 1.08145	 
29.42	 0.381	 -0.678	 -0.99	 0.378643	 -0.673428	 -0.977634	 0.376598	 -0.668417	 -0.965384	 0.374632	 -0.663296	 -0.953166	 0.372373	 -0.658582	 -0.940836	 0.369965	 -0.654087	 -0.928452	 1.06932	 1.06921	 1.0694	 1.0691	 1.0694	 
29.43	 0.381	 -0.678	 -0.99	 0.378704	 -0.672928	 -0.977897	 0.376571	 -0.668334	 -0.965577	 0.374482	 -0.663861	 -0.953203	 0.372243	 -0.65894	 -0.941029	 0.369922	 -0.653787	 -0.928964	 1.05852	 1.05839	 1.05858	 1.05832	 1.05864	 
29.44	 0.381	 -0.678	 -0.99	 0.379064	 -0.673312	 -0.977747	 0.376626	 -0.668468	 -0.965646	 0.374059	 -0.663587	 -0.953585	 0.371959	 -0.658849	 -0.941379	 0.370109	 -0.654183	 -0.929104	 1.04928	 1.0492	 1.04941	 1.04914	 1.04943	 
29.45	 0.381	 -0.678	 -0.99	 0.37848	 -0.673395	 -0.977874	 0.376431	 -0.668515	 -0.965768	 0.374501	 -0.663564	 -0.953669	 0.372129	 -0.658868	 -0.941549	 0.369527	 -0.654313	 -0.92942	 1.04201	 1.04192	 1.04214	 1.0419	 1.04221	 
29.46	 0.381	 -0.678	 -0.99	 0.378782	 -0.672957	 -0.978027	 0.376453	 -0.66842	 -0.965874	 0.3741	 -0.664013	 -0.953677	 0.371852	 -0.659133	 -0.941643	 0.369657	 -0.654006	 -0.9297	 1.03691	 1.03681	 1.03703	 1.03681	 1.03715	 
29.47	 0.381	 -0.678	 -0.99	 0.378876	 -0.673476	 -0.977825	 0.37643	 -0.668567	 -0.965862	 0.373902	 -0.66356	 -0.953954	 0.371672	 -0.658913	 -0.941845	 0.369604	 -0.654454	 -0.929635	 1.03405	 1.034	 1.03423	 1.034	 1.03431	 
29.48	 0.381	 -0.678	 -0.99	 0.378357	 -0.673255	 -0.978016	 0.376245	 -0.668516	 -0.965925	 0.374267	 -0.663776	 -0.953811	 0.37179	 -0.65903	 -0.941792	 0.369049	 -0.654285	 -0.929828	 1.03351	 1.03342	 1.03365	 1.03345	 1.03378	 
29.49	 0.381	 -0.678	 -0.99	 0.378844	 -0.673039	 -0.977995	 0.376304	 -0.668455	 -0.965916	 0.373669	 -0.663969	 -0.953818	 0.371392	 -0.659132	 -0.941785	 0.369302	 -0.654108	 -0.929792	 1.03507	 1.03498	 1.03521	 1.035	 1.03533	 
29.5	 0.381	 -0.678	 -0.99	 0.378605	 -0.673541	 -0.97782	 0.376182	 -0.668578	 -0.965842	 0.37375	 -0.663489	 -0.953918	 0.371345	 -0.658867	 -0.941802	 0.368958	 -0.654492	 -0.929588	 1.03843	 1.03836	 1.03858	 1.03835	 1.03867	 
29.51	 0.381	 -0.678	 -0.99	 0.378312	 -0.673088	 -0.978023	 0.376045	 -0.668451	 -0.965852	 0.373886	 -0.663882	 -0.953634	 0.371332	 -0.659052	 -0.941595	 0.368567	 -0.65409	 -0.929655	 1.04321	 1.0431	 1.0433	 1.04309	 1.04342	 
29.52	 0.381	 -0.678	 -0.99	 0.378811	 -0.673146	 -0.977858	 0.376106	 -0.66844	 -0.965762	 0.373271	 -0.663777	 -0.953678	 0.370915	 -0.658974	 -0.941548	 0.368813	 -0.654096	 -0.929399	 1.04887	 1.04878	 1.04897	 1.04872	 1.04903	 
29.53	 0.381	 -0.678	 -0.99	 0.378347	 -0.673487	 -0.977774	 0.375922	 -0.668508	 -0.965683	 0.373554	 -0.663411	 -0.953629	 0.37097	 -0.658749	 -0.941446	 0.368278	 -0.65432	 -0.929197	 1.0551	 1.05501	 1.05518	 1.05492	 1.05523	 
29.54	 0.381	 -0.678	 -0.99	 0.378307	 -0.672962	 -0.977941	 0.375846	 -0.668353	 -0.965664	 0.373445	 -0.663853	 -0.953334	 0.370826	 -0.658949	 -0.941205	 0.36809	 -0.653835	 -0.929187	 1.06179	 1.06167	 1.06183	 1.0616	 1.06191	 
29.55	 0.381	 -0.678	 -0.99	 0.378696	 -0.673221	 -0.977704	 0.375878	 -0.668386	 -0.965539	 0.372929	 -0.663542	 -0.953407	 0.370459	 -0.658748	 -0.94115	 0.368244	 -0.653978	 -0.928834	 1.0691	 1.06901	 1.06918	 1.06893	 1.06923	 
29.56	 0.381	 -0.678	 -0.99	 0.378143	 -0.673382	 -0.977698	 0.375666	 -0.668395	 -0.965459	 0.373284	 -0.663313	 -0.953239	 0.370548	 -0.658576	 -0.940956	 0.367631	 -0.654024	 -0.928642	 1.07752	 1.07743	 1.07762	 1.07739	 1.0777	 
29.57	 0.381	 -0.678	 -0.99	 0.378274	 -0.672872	 -0.977799	 0.375627	 -0.668226	 -0.96539	 0.373005	 -0.663702	 -0.952929	 0.370307	 -0.658724	 -0.94066	 0.367567	 -0.65351	 -0.928497	 1.08753	 1.08744	 1.08764	 1.08746	 1.08778	 
29.58	 0.381	 -0.678	 -0.99	 0.378551	 -0.673215	 -0.977517	 0.375628	 -0.668263	 -0.965202	 0.372585	 -0.663271	 -0.952931	 0.369982	 -0.658433	 -0.9405	 0.367611	 -0.653675	 -0.927989	 1.09949	 1.09943	 1.09965	 1.09946	 1.09977	 
29.59	 0.381	 -0.678	 -0.99	 0.377991	 -0.673266	 -0.977519	 0.375407	 -0.668222	 -0.965064	 0.372931	 -0.663098	 -0.952618	 0.370055	 -0.658265	 -0.940144	 0.366973	 -0.653588	 -0.927656	 1.11356	 1.1135	 1.11372	 1.11355	 1.11387	 
29.6	 0.381	 -0.678	 -0.99	 0.378161	 -0.672779	 -0.977557	 0.375367	 -0.668042	 -0.964912	 0.372588	 -0.663428	 -0.952217	 0.369769	 -0.658359	 -0.939707	 0.366924	 -0.653054	 -0.927298	 1.12962	 1.12954	 1.12976	 1.1296	 1.12993	 
29.61	 0.381	 -0.678	 -0.99	 0.378414	 -0.673107	 -0.977242	 0.375354	 -0.668065	 -0.96465	 0.372173	 -0.662986	 -0.9521	 0.369436	 -0.658045	 -0.939392	 0.366933	 -0.653172	 -0.926609	 1.14736	 1.1473	 1.14752	 1.14734	 1.14765	 
29.62	 0.381	 -0.678	 -0.99	 0.377882	 -0.673189	 -0.977192	 0.375138	 -0.668016	 -0.964441	 0.372487	 -0.662752	 -0.951706	 0.369483	 -0.657823	 -0.938916	 0.3663	 -0.653074	 -0.926099	 1.16652	 1.16645	 1.16664	 1.16646	 1.16678	 
29.63	 0.381	 -0.678	 -0.99	 0.377944	 -0.672684	 -0.97723	 0.375066	 -0.66781	 -0.964245	 0.372235	 -0.663047	 -0.951207	 0.369238	 -0.65787	 -0.938367	 0.366151	 -0.652481	 -0.925633	 1.18682	 1.18674	 1.18692	 1.18675	 1.18707	 
29.64	 0.381	 -0.678	 -0.99	 0.378288	 -0.672864	 -0.976926	 0.375068	 -0.667771	 -0.963952	 0.371722	 -0.662691	 -0.951002	 0.368851	 -0.657571	 -0.937957	 0.366228	 -0.652427	 -0.924866	 1.20813	 1.20806	 1.20824	 1.20806	 1.20837	 
29.65	 0.381	 -0.678	 -0.99	 0.377867	 -0.67311	 -0.976766	 0.374882	 -0.667745	 -0.963682	 0.371931	 -0.662262	 -0.950639	 0.36884	 -0.65722	 -0.937452	 0.365679	 -0.65241	 -0.924193	 1.23045	 1.23038	 1.23056	 1.23038	 1.23069	 
29.66	 0.381	 -0.678	 -0.99	 0.377658	 -0.672659	 -0.976823	 0.374743	 -0.667539	 -0.963458	 0.371937	 -0.662473	 -0.950049	 0.368728	 -0.657198	 -0.936812	 0.36531	 -0.651821	 -0.923667	 1.25376	 1.25369	 1.25387	 1.25371	 1.25401	 
29.67	 0.381	 -0.678	 -0.99	 0.378053	 -0.672518	 -0.97661	 0.374755	 -0.667408	 -0.963156	 0.371373	 -0.662394	 -0.949685	 0.36832	 -0.657031	 -0.936272	 0.365434	 -0.651486	 -0.922893	 1.278	 1.27793	 1.27811	 1.27794	 1.27825	 
29.68	 0.381	 -0.678	 -0.99	 0.377975	 -0.672887	 -0.976303	 0.374653	 -0.66741	 -0.962818	 0.371257	 -0.661845	 -0.949386	 0.36814	 -0.65662	 -0.935753	 0.365171	 -0.651567	 -0.92202	 1.30297	 1.30291	 1.30308	 1.3029	 1.3032	 
29.69	 0.381	 -0.678	 -0.99	 0.37751	 -0.672784	 -0.976269	 0.374456	 -0.667296	 -0.962541	 0.37151	 -0.661739	 -0.948817	 0.368155	 -0.656433	 -0.935088	 0.364594	 -0.65126	 -0.921358	 1.32839	 1.32831	 1.32846	 1.32828	 1.32858	 
29.7	 0.381	 -0.678	 -0.99	 0.377591	 -0.672339	 -0.97624	 0.374395	 -0.667092	 -0.962267	 0.371255	 -0.661945	 -0.948244	 0.367915	 -0.656407	 -0.934418	 0.364469	 -0.650672	 -0.920697	 1.35385	 1.35377	 1.35392	 1.35374	 1.35402	 
29.71	 0.381	 -0.678	 -0.99	 0.377928	 -0.672389	 -0.975958	 0.3744	 -0.667005	 -0.961935	 0.370761	 -0.66168	 -0.947917	 0.367552	 -0.656142	 -0.933878	 0.364559	 -0.650492	 -0.919833	 1.3791	 1.37902	 1.37915	 1.37895	 1.37924	 
29.72	 0.381	 -0.678	 -0.99	 0.377741	 -0.672702	 -0.9757	 0.374279	 -0.666988	 -0.96161	 0.370766	 -0.661174	 -0.947573	 0.367446	 -0.655753	 -0.933334	 0.364227	 -0.650529	 -0.918997	 1.40401	 1.40392	 1.40405	 1.40385	 1.40412	 
29.73	 0.381	 -0.678	 -0.99	 0.377333	 -0.672559	 -0.975674	 0.374107	 -0.666865	 -0.961342	 0.37099	 -0.661107	 -0.94701	 0.367459	 -0.655588	 -0.932682	 0.363721	 -0.650194	 -0.918356	 1.42869	 1.4286	 1.42872	 1.42853	 1.4288	 
29.74	 0.381	 -0.678	 -0.99	 0.377393	 -0.67215	 -0.975641	 0.374054	 -0.666676	 -0.96107	 0.370784	 -0.661293	 -0.946449	 0.36726	 -0.655555	 -0.932025	 0.363605	 -0.649642	 -0.917702	 1.45345	 1.45337	 1.45351	 1.45333	 1.4536	 
29.75	 0.381	 -0.678	 -0.99	 0.377724	 -0.672118	 -0.975391	 0.374071	 -0.666575	 -0.960739	 0.370327	 -0.661117	 -0.946078	 0.366934	 -0.655338	 -0.931455	 0.363715	 -0.649396	 -0.916856	 1.47875	 1.47869	 1.47883	 1.47867	 1.47894	 
29.76	 0.381	 -0.678	 -0.99	 0.377693	 -0.672407	 -0.975097	 0.374	 -0.666546	 -0.960388	 0.370209	 -0.660623	 -0.945728	 0.366777	 -0.654951	 -0.930884	 0.363528	 -0.649403	 -0.915949	 1.50499	 1.50493	 1.50509	 1.50494	 1.50522	 
29.77	 0.381	 -0.678	 -0.99	 0.377311	 -0.672446	 -0.974974	 0.37384	 -0.666452	 -0.960066	 0.370419	 -0.660351	 -0.945189	 0.366787	 -0.654665	 -0.930199	 0.363056	 -0.649188	 -0.915153	 1.5324	 1.53235	 1.53252	 1.53239	 1.53267	 
29.78	 0.381	 -0.678	 -0.99	 0.377123	 -0.672103	 -0.974945	 0.373728	 -0.666263	 -0.959753	 0.370448	 -0.660435	 -0.94453	 0.366712	 -0.654553	 -0.929433	 0.36275	 -0.648652	 -0.9144	 1.56101	 1.56096	 1.56113	 1.56101	 1.56129	 
29.79	 0.381	 -0.678	 -0.99	 0.377333	 -0.67181	 -0.974795	 0.373715	 -0.666085	 -0.959397	 0.37011	 -0.660473	 -0.943954	 0.366458	 -0.654422	 -0.928689	 0.362779	 -0.648156	 -0.913517	 1.5906	 1.59055	 1.59071	 1.59058	 1.59086	 
29.8	 0.381	 -0.678	 -0.99	 0.377582	 -0.671878	 -0.974491	 0.373718	 -0.665995	 -0.958995	 0.369747	 -0.660171	 -0.943503	 0.366194	 -0.654122	 -0.927996	 0.362846	 -0.647958	 -0.912487	 1.6208	 1.62074	 1.62089	 1.62075	 1.62103	 
29.81	 0.381	 -0.678	 -0.99	 0.377508	 -0.672115	 -0.974198	 0.37365	 -0.665943	 -0.958593	 0.3697	 -0.659704	 -0.943036	 0.366091	 -0.653734	 -0.927293	 0.362654	 -0.647895	 -0.91146	 1.6512	 1.65113	 1.65126	 1.65111	 1.65137	 
29.82	 0.381	 -0.678	 -0.99	 0.37719	 -0.67215	 -0.974042	 0.373526	 -0.665839	 -0.958226	 0.369892	 -0.659418	 -0.942447	 0.366115	 -0.653428	 -0.926534	 0.362273	 -0.647653	 -0.910555	 1.68139	 1.68131	 1.68142	 1.68126	 1.68152	 
29.83	 0.381	 -0.678	 -0.99	 0.376972	 -0.671888	 -0.973979	 0.373429	 -0.665662	 -0.957889	 0.369998	 -0.659406	 -0.941785	 0.366108	 -0.653256	 -0.925746	 0.361996	 -0.647162	 -0.909739	 1.71104	 1.71096	 1.71107	 1.71089	 1.71115	 
29.84	 0.381	 -0.678	 -0.99	 0.377051	 -0.671563	 -0.973878	 0.373406	 -0.665471	 -0.957551	 0.369837	 -0.659461	 -0.941177	 0.365981	 -0.653123	 -0.924994	 0.361982	 -0.64663	 -0.908906	 1.73991	 1.73984	 1.73994	 1.73976	 1.74	 
29.85	 0.381	 -0.678	 -0.99	 0.377302	 -0.671441	 -0.973665	 0.373433	 -0.665335	 -0.957194	 0.369528	 -0.65934	 -0.940692	 0.365788	 -0.652917	 -0.924313	 0.362123	 -0.646286	 -0.907999	 1.76784	 1.76776	 1.76785	 1.76766	 1.7679	 
29.86	 0.381	 -0.678	 -0.99	 0.377463	 -0.671564	 -0.973387	 0.373448	 -0.665266	 -0.95683	 0.369322	 -0.659006	 -0.940287	 0.36565	 -0.652617	 -0.923686	 0.362197	 -0.646161	 -0.907063	 1.79469	 1.7946	 1.79468	 1.79449	 1.79473	 
29.87	 0.381	 -0.678	 -0.99	 0.377387	 -0.671755	 -0.973146	 0.373413	 -0.665219	 -0.956486	 0.369353	 -0.658618	 -0.939872	 0.365633	 -0.652294	 -0.923073	 0.362083	 -0.6461	 -0.906187	 1.82042	 1.82031	 1.82039	 1.8202	 1.82044	 
29.88	 0.381	 -0.678	 -0.99	 0.377146	 -0.671806	 -0.973005	 0.373345	 -0.665141	 -0.956178	 0.369552	 -0.658367	 -0.939392	 0.365707	 -0.652038	 -0.922446	 0.361844	 -0.645926	 -0.905423	 1.845	 1.8449	 1.84497	 1.84478	 1.84502	 
29.89	 0.381	 -0.678	 -0.99	 0.376934	 -0.671649	 -0.972944	 0.373285	 -0.665017	 -0.9559	 0.369732	 -0.658319	 -0.938862	 0.365784	 -0.651885	 -0.92181	 0.361651	 -0.645584	 -0.904752	 1.8685	 1.8684	 1.86848	 1.86828	 1.8685	 
29.9	 0.381	 -0.678	 -0.99	 0.3769	 -0.671379	 -0.972892	 0.373271	 -0.664871	 -0.955636	 0.369755	 -0.658389	 -0.938346	 0.3658	 -0.651798	 -0.921194	 0.361632	 -0.64516	 -0.904109	 1.89097	 1.89088	 1.89097	 1.89076	 1.89098	 
29.91	 0.381	 -0.678	 -0.99	 0.377058	 -0.671161	 -0.972785	 0.373311	 -0.664742	 -0.955366	 0.369617	 -0.658421	 -0.937899	 0.365747	 -0.6517	 -0.920622	 0.361786	 -0.644792	 -0.903439	 1.91254	 1.91246	 1.91254	 1.91234	 1.91256	 
29.92	 0.381	 -0.678	 -0.99	 0.377293	 -0.671105	 -0.972605	 0.373381	 -0.664653	 -0.955085	 0.369428	 -0.658304	 -0.937537	 0.365674	 -0.651533	 -0.920104	 0.362009	 -0.64456	 -0.90273	 1.93335	 1.93327	 1.93336	 1.93317	 1.9334	 
29.93	 0.381	 -0.678	 -0.99	 0.377453	 -0.671207	 -0.972386	 0.37344	 -0.664599	 -0.954802	 0.369321	 -0.658034	 -0.937226	 0.365646	 -0.65129	 -0.919621	 0.362181	 -0.644458	 -0.902005	 1.9536	 1.9535	 1.95359	 1.95341	 1.95365	 
29.94	 0.381	 -0.678	 -0.99	 0.377454	 -0.671366	 -0.972184	 0.373464	 -0.664556	 -0.954529	 0.369372	 -0.657706	 -0.936913	 0.365702	 -0.65102	 -0.919143	 0.362233	 -0.644408	 -0.901303	 1.9734	 1.9733	 1.97339	 1.97322	 1.97346	 
29.95	 0.381	 -0.678	 -0.99	 0.377317	 -0.671469	 -0.972035	 0.373462	 -0.664505	 -0.954271	 0.369565	 -0.657442	 -0.936554	 0.365828	 -0.650787	 -0.918647	 0.362174	 -0.644323	 -0.900652	 1.9928	 1.99269	 1.99278	 1.99261	 1.99284	 
29.96	 0.381	 -0.678	 -0.99	 0.377131	 -0.671444	 -0.971949	 0.37345	 -0.664436	 -0.95403	 0.369809	 -0.657321	 -0.936144	 0.365988	 -0.650632	 -0.918133	 0.362088	 -0.644147	 -0.900063	 2.01163	 2.01153	 2.01161	 2.01143	 2.01165	 
29.97	 0.381	 -0.678	 -0.99	 0.377002	 -0.671291	 -0.971905	 0.373451	 -0.664342	 -0.953808	 0.370004	 -0.657334	 -0.935713	 0.366134	 -0.650552	 -0.917619	 0.362066	 -0.643882	 -0.899525	 2.02957	 2.02948	 2.02956	 2.02935	 2.02956	 
29.98	 0.381	 -0.678	 -0.99	 0.377006	 -0.671074	 -0.971866	 0.373494	 -0.664235	 -0.953601	 0.370091	 -0.657413	 -0.935308	 0.366231	 -0.650509	 -0.917139	 0.362155	 -0.643573	 -0.899028	 2.0462	 2.04612	 2.04618	 2.04596	 2.04616	 
29.99	 0.381	 -0.678	 -0.99	 0.377142	 -0.670887	 -0.971802	 0.373574	 -0.664138	 -0.953407	 0.370067	 -0.657472	 -0.934971	 0.366281	 -0.650459	 -0.916721	 0.362363	 -0.643288	 -0.898559	 2.06114	 2.06105	 2.0611	 2.06086	 2.06106	 
