Time	 Node0px 	 Node0py 	 Node0pz 	 Node1px 	 Node1py 	 Node1pz 	 Node2px 	 Node2py 	 Node2pz 	 Node3px 	 Node3py 	 Node3pz 	 Node4px 	 Node4py 	 Node4pz 	 Node5px 	 Node5py 	 Node5pz 	 Seg0Te 	 Seg1Te 	 Seg2Te 	 Seg3Te 	 Seg4Te 	 
(s)	 (m) 	(m) 	(m) 	(m) 	(m) 	(m) 	(m) 	(m) 	(m) 	(m) 	(m) 	(m) 	(m) 	(m) 	(m) 	(m) 	(m) 	(m) 	(N) 	(N) 	(N) 	(N) 	(N) 	
0	 0.381	 0.678	 -0.99	 0.377426	 0.671816	 -0.973567	 0.373887	 0.66567	 -0.957112	 0.370351	 0.659517	 -0.940659	 0.366788	 0.653342	 -0.924221	 0.363218	 0.647176	 -0.907781	 1.75737	 1.75734	 1.75732	 1.75729	 1.75727	 
0.01	 0.381	 0.678	 -0.99	 0.377495	 0.67182	 -0.973553	 0.37392	 0.665666	 -0.957111	 0.370288	 0.659536	 -0.940673	 0.366744	 0.653361	 -0.924233	 0.363287	 0.647141	 -0.907791	 1.75706	 1.75703	 1.757	 1.75696	 1.75694	 
0.02	 0.381	 0.678	 -0.99	 0.377541	 0.671818	 -0.973544	 0.373898	 0.665674	 -0.957113	 0.370259	 0.659531	 -0.940681	 0.366762	 0.653351	 -0.924233	 0.363281	 0.64716	 -0.907786	 1.75705	 1.75703	 1.75701	 1.75696	 1.75688	 
0.03	 0.381	 0.678	 -0.99	 0.377466	 0.671832	 -0.973557	 0.373906	 0.665672	 -0.957117	 0.370332	 0.659499	 -0.940685	 0.36679	 0.653339	 -0.924241	 0.363274	 0.647203	 -0.907784	 1.75671	 1.75666	 1.75663	 1.75656	 1.75654	 
0.04	 0.381	 0.678	 -0.99	 0.377374	 0.671869	 -0.973566	 0.37389	 0.665667	 -0.957128	 0.3704	 0.659476	 -0.940686	 0.366805	 0.653346	 -0.924245	 0.363203	 0.647214	 -0.907807	 1.75636	 1.75633	 1.7563	 1.75627	 1.75625	 
0.05	 0.381	 0.678	 -0.99	 0.3774	 0.671864	 -0.973564	 0.373894	 0.665687	 -0.957123	 0.370457	 0.659493	 -0.940675	 0.366891	 0.653334	 -0.92424	 0.363206	 0.647202	 -0.907822	 1.75603	 1.75601	 1.756	 1.75596	 1.75598	 
0.06	 0.381	 0.678	 -0.99	 0.37743	 0.671834	 -0.973571	 0.373911	 0.665694	 -0.957122	 0.370392	 0.659534	 -0.940681	 0.366825	 0.653352	 -0.924258	 0.36325	 0.647188	 -0.90783	 1.75568	 1.75566	 1.75564	 1.75561	 1.75559	 
0.07	 0.381	 0.678	 -0.99	 0.377503	 0.671815	 -0.973566	 0.373941	 0.665664	 -0.957132	 0.370322	 0.659547	 -0.940699	 0.366789	 0.653385	 -0.924264	 0.363341	 0.647171	 -0.907831	 1.75529	 1.75526	 1.75525	 1.75522	 1.75519	 
0.08	 0.381	 0.678	 -0.99	 0.377558	 0.671808	 -0.97356	 0.373919	 0.66567	 -0.957143	 0.370289	 0.659545	 -0.940719	 0.366816	 0.653381	 -0.924276	 0.36336	 0.647197	 -0.907837	 1.75478	 1.75475	 1.75471	 1.75468	 1.75466	 
0.09	 0.381	 0.678	 -0.99	 0.377484	 0.671841	 -0.973569	 0.373928	 0.665691	 -0.957144	 0.370353	 0.659522	 -0.940729	 0.366827	 0.65336	 -0.924302	 0.363336	 0.647225	 -0.907858	 1.754	 1.75397	 1.75395	 1.75389	 1.75388	 
0.1	 0.381	 0.678	 -0.99	 0.377396	 0.671889	 -0.973577	 0.373929	 0.665693	 -0.957157	 0.370451	 0.659501	 -0.940738	 0.366868	 0.653367	 -0.924319	 0.363281	 0.647237	 -0.907901	 1.75304	 1.75301	 1.75298	 1.75294	 1.75291	 
0.11	 0.381	 0.678	 -0.99	 0.37739	 0.671873	 -0.973593	 0.373887	 0.665702	 -0.95718	 0.370466	 0.659516	 -0.940755	 0.366911	 0.653372	 -0.924343	 0.363235	 0.647255	 -0.907947	 1.75182	 1.75179	 1.75177	 1.75172	 1.75175	 
0.12	 0.381	 0.678	 -0.99	 0.377431	 0.671835	 -0.973609	 0.373933	 0.665704	 -0.95719	 0.370441	 0.659559	 -0.940775	 0.36689	 0.6534	 -0.924379	 0.36332	 0.647256	 -0.907981	 1.75035	 1.75032	 1.7503	 1.75025	 1.75024	 
0.13	 0.381	 0.678	 -0.99	 0.377507	 0.671827	 -0.973607	 0.373955	 0.665688	 -0.957214	 0.370348	 0.659585	 -0.94082	 0.366825	 0.653433	 -0.924426	 0.36339	 0.647228	 -0.908034	 1.74874	 1.74871	 1.74868	 1.74866	 1.74863	 
0.14	 0.381	 0.678	 -0.99	 0.377583	 0.671829	 -0.973603	 0.373951	 0.665709	 -0.957233	 0.370324	 0.659596	 -0.940859	 0.366866	 0.653434	 -0.924468	 0.363428	 0.647254	 -0.908079	 1.74703	 1.747	 1.74696	 1.74693	 1.7469	 
0.15	 0.381	 0.678	 -0.99	 0.377506	 0.671857	 -0.973621	 0.373957	 0.665725	 -0.957251	 0.370384	 0.659573	 -0.940893	 0.36687	 0.653425	 -0.924522	 0.363398	 0.647304	 -0.908131	 1.74519	 1.74515	 1.74514	 1.74507	 1.74507	 
0.16	 0.381	 0.678	 -0.99	 0.377404	 0.671903	 -0.973639	 0.373952	 0.665721	 -0.95728	 0.370488	 0.659548	 -0.940919	 0.366917	 0.653441	 -0.924557	 0.363346	 0.647334	 -0.908196	 1.74338	 1.74336	 1.74333	 1.7433	 1.74327	 
0.17	 0.381	 0.678	 -0.99	 0.3774	 0.671895	 -0.973656	 0.373919	 0.665741	 -0.957305	 0.370522	 0.659572	 -0.940941	 0.366979	 0.65345	 -0.924592	 0.363302	 0.647355	 -0.908261	 1.74161	 1.74158	 1.74158	 1.74153	 1.74157	 
0.18	 0.381	 0.678	 -0.99	 0.377444	 0.671857	 -0.973673	 0.373963	 0.665746	 -0.957318	 0.370493	 0.659617	 -0.940968	 0.366956	 0.653472	 -0.924639	 0.363391	 0.647348	 -0.908307	 1.73984	 1.73981	 1.7398	 1.73976	 1.73975	 
0.19	 0.381	 0.678	 -0.99	 0.377515	 0.671843	 -0.973675	 0.373971	 0.665727	 -0.957348	 0.37037	 0.659649	 -0.941019	 0.366862	 0.65352	 -0.924689	 0.363454	 0.647333	 -0.90836	 1.73814	 1.73812	 1.7381	 1.73808	 1.73805	 
0.2	 0.381	 0.678	 -0.99	 0.377604	 0.671842	 -0.973669	 0.373983	 0.665741	 -0.957365	 0.370366	 0.659656	 -0.941054	 0.366927	 0.653522	 -0.924724	 0.363513	 0.647362	 -0.908398	 1.73648	 1.73645	 1.73642	 1.73639	 1.73637	 
0.21	 0.381	 0.678	 -0.99	 0.377521	 0.671881	 -0.973684	 0.373979	 0.665773	 -0.957378	 0.370418	 0.659638	 -0.941087	 0.36692	 0.653507	 -0.92478	 0.363458	 0.647409	 -0.908454	 1.73471	 1.73468	 1.73467	 1.7346	 1.73459	 
0.22	 0.381	 0.678	 -0.99	 0.377411	 0.671938	 -0.9737	 0.373982	 0.665778	 -0.957401	 0.370536	 0.659616	 -0.941108	 0.366967	 0.653521	 -0.924816	 0.3634	 0.647434	 -0.908521	 1.73295	 1.73292	 1.7329	 1.73286	 1.73283	 
0.23	 0.381	 0.678	 -0.99	 0.377405	 0.671921	 -0.97372	 0.37394	 0.665786	 -0.957434	 0.370563	 0.659639	 -0.941133	 0.367028	 0.653541	 -0.924848	 0.363358	 0.647467	 -0.908584	 1.73111	 1.73108	 1.73107	 1.73102	 1.73106	 
0.24	 0.381	 0.678	 -0.99	 0.377449	 0.671866	 -0.973745	 0.373961	 0.665782	 -0.957458	 0.370495	 0.659686	 -0.941171	 0.366977	 0.65357	 -0.924903	 0.363426	 0.647472	 -0.908636	 1.72916	 1.72913	 1.72911	 1.72907	 1.72906	 
0.25	 0.381	 0.678	 -0.99	 0.377543	 0.671861	 -0.973741	 0.374015	 0.665771	 -0.957479	 0.370415	 0.659723	 -0.941217	 0.366919	 0.653616	 -0.924955	 0.363533	 0.64745	 -0.908692	 1.7272	 1.72717	 1.72716	 1.72714	 1.72711	 
0.26	 0.381	 0.678	 -0.99	 0.377617	 0.671878	 -0.973733	 0.374001	 0.665798	 -0.957501	 0.370378	 0.65973	 -0.941266	 0.366942	 0.653613	 -0.925009	 0.363541	 0.647469	 -0.908755	 1.72524	 1.72521	 1.72517	 1.72514	 1.72514	 
0.27	 0.381	 0.678	 -0.99	 0.377531	 0.671913	 -0.973752	 0.373999	 0.665829	 -0.957518	 0.370459	 0.65971	 -0.941298	 0.366969	 0.653601	 -0.925064	 0.363495	 0.647536	 -0.90881	 1.72322	 1.72319	 1.72319	 1.72311	 1.7231	 
0.28	 0.381	 0.678	 -0.99	 0.377394	 0.671953	 -0.973781	 0.373984	 0.665815	 -0.957554	 0.370561	 0.659682	 -0.941328	 0.366991	 0.653626	 -0.925104	 0.36342	 0.64758	 -0.908878	 1.72135	 1.72132	 1.7213	 1.72127	 1.72123	 
0.29	 0.381	 0.678	 -0.99	 0.377403	 0.671939	 -0.973797	 0.373952	 0.665825	 -0.957583	 0.370587	 0.659713	 -0.941349	 0.367058	 0.653653	 -0.925132	 0.363395	 0.6476	 -0.90894	 1.71954	 1.7195	 1.7195	 1.71944	 1.7195	 
0.3	 0.381	 0.678	 -0.99	 0.377481	 0.671895	 -0.97381	 0.37398	 0.665846	 -0.957594	 0.370504	 0.659775	 -0.941381	 0.367	 0.653666	 -0.925189	 0.363456	 0.647579	 -0.908998	 1.71774	 1.71772	 1.71771	 1.71767	 1.71767	 
0.31	 0.381	 0.678	 -0.99	 0.377566	 0.671892	 -0.973805	 0.374033	 0.665836	 -0.957611	 0.370412	 0.659806	 -0.941427	 0.36692	 0.653704	 -0.925241	 0.363568	 0.647551	 -0.909046	 1.71605	 1.71602	 1.71601	 1.716	 1.71599	 
0.32	 0.381	 0.678	 -0.99	 0.377613	 0.671906	 -0.973802	 0.374005	 0.66584	 -0.957641	 0.370383	 0.659796	 -0.941475	 0.366947	 0.653715	 -0.925283	 0.363562	 0.647596	 -0.909095	 1.7143	 1.71427	 1.71424	 1.7142	 1.7142	 
0.33	 0.381	 0.678	 -0.99	 0.377525	 0.671931	 -0.973825	 0.374005	 0.66586	 -0.95766	 0.370505	 0.65976	 -0.941502	 0.367026	 0.653689	 -0.92533	 0.363519	 0.647667	 -0.909145	 1.71238	 1.71234	 1.71233	 1.71226	 1.71224	 
0.34	 0.381	 0.678	 -0.99	 0.377373	 0.671978	 -0.973854	 0.373986	 0.665864	 -0.957692	 0.370589	 0.659743	 -0.941534	 0.367012	 0.653703	 -0.925385	 0.363423	 0.647686	 -0.90923	 1.71043	 1.7104	 1.71037	 1.71033	 1.7103	 
0.35	 0.381	 0.678	 -0.99	 0.377415	 0.671964	 -0.973865	 0.373982	 0.665868	 -0.95772	 0.370614	 0.659778	 -0.941559	 0.367082	 0.653727	 -0.925419	 0.363436	 0.647673	 -0.909305	 1.70836	 1.70832	 1.70832	 1.70824	 1.70829	 
0.36	 0.381	 0.678	 -0.99	 0.377519	 0.671897	 -0.973882	 0.373987	 0.665874	 -0.957746	 0.370488	 0.659837	 -0.941608	 0.367012	 0.653744	 -0.925486	 0.363497	 0.647663	 -0.909368	 1.7063	 1.70627	 1.70626	 1.70621	 1.70621	 
0.37	 0.381	 0.678	 -0.99	 0.377593	 0.67189	 -0.973882	 0.374053	 0.665858	 -0.957764	 0.370413	 0.659856	 -0.941657	 0.366937	 0.653778	 -0.925542	 0.363618	 0.647653	 -0.909412	 1.70448	 1.70446	 1.70446	 1.70444	 1.70446	 
0.38	 0.381	 0.678	 -0.99	 0.377608	 0.671939	 -0.973872	 0.374034	 0.665876	 -0.957785	 0.370427	 0.65984	 -0.941695	 0.366981	 0.653786	 -0.925576	 0.363597	 0.647691	 -0.90946	 1.70286	 1.70283	 1.70282	 1.70279	 1.70281	 
0.39	 0.381	 0.678	 -0.99	 0.377494	 0.671976	 -0.973892	 0.373981	 0.665917	 -0.9578	 0.370521	 0.659813	 -0.941713	 0.367034	 0.653754	 -0.925615	 0.363476	 0.647759	 -0.909509	 1.70148	 1.70146	 1.70146	 1.70143	 1.70139	 
0.4	 0.381	 0.678	 -0.99	 0.37736	 0.671997	 -0.973922	 0.373991	 0.665914	 -0.957815	 0.370623	 0.659809	 -0.941717	 0.367039	 0.653781	 -0.925636	 0.363421	 0.647792	 -0.909549	 1.70043	 1.7004	 1.70037	 1.70036	 1.70033	 
0.41	 0.381	 0.678	 -0.99	 0.377413	 0.671967	 -0.973929	 0.373979	 0.665894	 -0.95784	 0.370579	 0.65985	 -0.941732	 0.367041	 0.653829	 -0.925647	 0.363433	 0.647777	 -0.909588	 1.6994	 1.69936	 1.69936	 1.69927	 1.6993	 
0.42	 0.381	 0.678	 -0.99	 0.377568	 0.671907	 -0.973925	 0.373992	 0.665912	 -0.957844	 0.37045	 0.659913	 -0.941758	 0.367	 0.653838	 -0.92568	 0.363519	 0.647758	 -0.909611	 1.6984	 1.69837	 1.69836	 1.69831	 1.69829	 
0.43	 0.381	 0.678	 -0.99	 0.377609	 0.671916	 -0.97392	 0.374041	 0.665914	 -0.957847	 0.370375	 0.659916	 -0.941795	 0.366905	 0.65384	 -0.92573	 0.363595	 0.647741	 -0.909638	 1.6974	 1.69736	 1.69736	 1.69732	 1.69737	 
0.44	 0.381	 0.678	 -0.99	 0.377564	 0.671975	 -0.973916	 0.374025	 0.66591	 -0.957869	 0.370438	 0.659872	 -0.941824	 0.366959	 0.653844	 -0.92575	 0.363559	 0.647781	 -0.909673	 1.69619	 1.69615	 1.69615	 1.69609	 1.69611	 
0.45	 0.381	 0.678	 -0.99	 0.377454	 0.671991	 -0.973943	 0.373962	 0.665925	 -0.957896	 0.370557	 0.659829	 -0.941841	 0.367054	 0.653809	 -0.925779	 0.363423	 0.647844	 -0.909725	 1.69491	 1.69488	 1.69486	 1.69484	 1.69481	 
0.46	 0.381	 0.678	 -0.99	 0.377354	 0.671985	 -0.973977	 0.373979	 0.665923	 -0.957913	 0.370629	 0.659835	 -0.941854	 0.367049	 0.653811	 -0.92582	 0.363401	 0.647838	 -0.909782	 1.69358	 1.69355	 1.69352	 1.69349	 1.69349	 
0.47	 0.381	 0.678	 -0.99	 0.377434	 0.671965	 -0.973977	 0.37399	 0.665912	 -0.957935	 0.370535	 0.65989	 -0.941884	 0.366993	 0.653856	 -0.925857	 0.363452	 0.647775	 -0.909847	 1.69206	 1.69202	 1.69201	 1.69193	 1.69192	 
0.48	 0.381	 0.678	 -0.99	 0.377622	 0.671914	 -0.973967	 0.37401	 0.665923	 -0.957949	 0.370415	 0.659935	 -0.941926	 0.366987	 0.653855	 -0.925902	 0.363559	 0.647748	 -0.909888	 1.69058	 1.69055	 1.69052	 1.69048	 1.69044	 
0.49	 0.381	 0.678	 -0.99	 0.377619	 0.671919	 -0.973976	 0.374028	 0.665925	 -0.957966	 0.370364	 0.659921	 -0.941977	 0.36691	 0.653852	 -0.925965	 0.363586	 0.647784	 -0.909925	 1.68903	 1.68899	 1.68899	 1.68891	 1.68897	 
0.5	 0.381	 0.678	 -0.99	 0.377509	 0.671993	 -0.973984	 0.374031	 0.665917	 -0.957992	 0.370498	 0.659866	 -0.942003	 0.366983	 0.653864	 -0.925991	 0.363544	 0.64784	 -0.909971	 1.68733	 1.6873	 1.6873	 1.68723	 1.68725	 
0.51	 0.381	 0.678	 -0.99	 0.377403	 0.67202	 -0.97401	 0.373944	 0.665944	 -0.958025	 0.370589	 0.659849	 -0.942026	 0.367065	 0.653845	 -0.926028	 0.363381	 0.647884	 -0.910051	 1.68569	 1.68567	 1.68566	 1.68564	 1.68565	 
0.52	 0.381	 0.678	 -0.99	 0.377376	 0.671985	 -0.974041	 0.373966	 0.665958	 -0.95804	 0.370608	 0.659887	 -0.942045	 0.367048	 0.653846	 -0.926082	 0.363385	 0.647865	 -0.910119	 1.68397	 1.68393	 1.68392	 1.68387	 1.68392	 
0.53	 0.381	 0.678	 -0.99	 0.37749	 0.671949	 -0.974043	 0.374027	 0.665928	 -0.958063	 0.370503	 0.659943	 -0.942085	 0.366972	 0.653906	 -0.926127	 0.363516	 0.647813	 -0.910174	 1.68214	 1.68212	 1.6821	 1.68205	 1.68201	 
0.54	 0.381	 0.678	 -0.99	 0.377647	 0.671918	 -0.974033	 0.374009	 0.665922	 -0.958095	 0.370358	 0.659963	 -0.942148	 0.366942	 0.653916	 -0.926181	 0.363578	 0.647808	 -0.910227	 1.68044	 1.68041	 1.68037	 1.68034	 1.68032	 
0.55	 0.381	 0.678	 -0.99	 0.377612	 0.671944	 -0.974043	 0.374015	 0.665951	 -0.958109	 0.370393	 0.659933	 -0.94219	 0.366952	 0.653885	 -0.926242	 0.36357	 0.647867	 -0.910271	 1.67862	 1.67857	 1.67857	 1.67846	 1.6785	 
0.56	 0.381	 0.678	 -0.99	 0.377425	 0.672029	 -0.974065	 0.374001	 0.66596	 -0.958134	 0.370535	 0.659886	 -0.942214	 0.366974	 0.653895	 -0.926285	 0.36346	 0.647922	 -0.910338	 1.6768	 1.67676	 1.67676	 1.67669	 1.67667	 
0.57	 0.381	 0.678	 -0.99	 0.377365	 0.672047	 -0.974084	 0.373952	 0.665977	 -0.958164	 0.370625	 0.659905	 -0.942226	 0.367065	 0.653924	 -0.926304	 0.363351	 0.64796	 -0.91041	 1.6751	 1.67506	 1.67506	 1.67501	 1.67508	 
0.58	 0.381	 0.678	 -0.99	 0.377429	 0.671977	 -0.974109	 0.373946	 0.665996	 -0.958183	 0.370537	 0.659985	 -0.942252	 0.36701	 0.653958	 -0.926353	 0.363366	 0.64797	 -0.910466	 1.67329	 1.67325	 1.67327	 1.67319	 1.67325	 
0.59	 0.381	 0.678	 -0.99	 0.377546	 0.67195	 -0.974106	 0.374017	 0.665993	 -0.958192	 0.370395	 0.660062	 -0.942291	 0.366887	 0.65404	 -0.926398	 0.363521	 0.647968	 -0.910493	 1.67161	 1.67159	 1.67158	 1.67157	 1.67154	 
0.6	 0.381	 0.678	 -0.99	 0.377636	 0.671984	 -0.974084	 0.374005	 0.666007	 -0.958213	 0.370312	 0.660076	 -0.942338	 0.366866	 0.654081	 -0.926433	 0.363534	 0.648011	 -0.910531	 1.67008	 1.67004	 1.67003	 1.67	 1.67003	 
0.61	 0.381	 0.678	 -0.99	 0.37755	 0.672032	 -0.974095	 0.37396	 0.666056	 -0.958225	 0.370405	 0.660043	 -0.942361	 0.366935	 0.654053	 -0.92647	 0.363428	 0.648113	 -0.910568	 1.66855	 1.66852	 1.66851	 1.66844	 1.66842	 
0.62	 0.381	 0.678	 -0.99	 0.377342	 0.672083	 -0.974132	 0.373945	 0.666071	 -0.958241	 0.370551	 0.660023	 -0.942364	 0.366947	 0.654072	 -0.926496	 0.363312	 0.648184	 -0.910612	 1.66736	 1.66734	 1.66732	 1.66729	 1.66725	 
0.63	 0.381	 0.678	 -0.99	 0.37733	 0.672069	 -0.974146	 0.373931	 0.666048	 -0.958267	 0.37057	 0.660053	 -0.942369	 0.366975	 0.654121	 -0.926499	 0.36329	 0.648168	 -0.910658	 1.6664	 1.66636	 1.66636	 1.66628	 1.66634	 
0.64	 0.381	 0.678	 -0.99	 0.377499	 0.671983	 -0.974146	 0.373917	 0.666053	 -0.958278	 0.370403	 0.660127	 -0.942393	 0.366916	 0.654135	 -0.926527	 0.36335	 0.648131	 -0.910683	 1.66564	 1.66561	 1.66563	 1.66555	 1.66557	 
0.65	 0.381	 0.678	 -0.99	 0.377613	 0.67196	 -0.974132	 0.374003	 0.666055	 -0.958262	 0.370303	 0.660151	 -0.942414	 0.366828	 0.654137	 -0.926555	 0.363504	 0.648104	 -0.910671	 1.66536	 1.66534	 1.66534	 1.66533	 1.66536	 
0.66	 0.381	 0.678	 -0.99	 0.377571	 0.672035	 -0.974113	 0.373988	 0.666049	 -0.958269	 0.370308	 0.660099	 -0.942433	 0.366807	 0.654137	 -0.926562	 0.363458	 0.648123	 -0.910677	 1.66525	 1.66522	 1.66525	 1.66517	 1.66528	 
0.67	 0.381	 0.678	 -0.99	 0.377447	 0.67208	 -0.974123	 0.373908	 0.666069	 -0.958277	 0.370449	 0.660035	 -0.942423	 0.366924	 0.654087	 -0.92655	 0.363284	 0.648183	 -0.910687	 1.66537	 1.66536	 1.66535	 1.66534	 1.66531	 
0.68	 0.381	 0.678	 -0.99	 0.377312	 0.672067	 -0.974156	 0.373907	 0.666078	 -0.95827	 0.370566	 0.660035	 -0.94239	 0.366957	 0.654076	 -0.926538	 0.363218	 0.648204	 -0.910683	 1.66578	 1.66575	 1.66574	 1.66572	 1.66576	 
0.69	 0.381	 0.678	 -0.99	 0.377356	 0.672032	 -0.974157	 0.373926	 0.666046	 -0.958272	 0.370472	 0.66009	 -0.942382	 0.366865	 0.654131	 -0.926527	 0.363267	 0.648132	 -0.910686	 1.66611	 1.66607	 1.66606	 1.66597	 1.66597	 
0.7	 0.381	 0.678	 -0.99	 0.37758	 0.671977	 -0.974124	 0.373933	 0.666045	 -0.958265	 0.370295	 0.660146	 -0.942391	 0.366828	 0.654144	 -0.926518	 0.363375	 0.648075	 -0.910668	 1.66655	 1.66651	 1.6665	 1.66645	 1.6664	 
0.71	 0.381	 0.678	 -0.99	 0.377627	 0.671975	 -0.974111	 0.373941	 0.666066	 -0.958249	 0.37021	 0.660132	 -0.942406	 0.366755	 0.654108	 -0.926536	 0.363404	 0.648096	 -0.910638	 1.66704	 1.66699	 1.66699	 1.6669	 1.66697	 
0.72	 0.381	 0.678	 -0.99	 0.377472	 0.672059	 -0.974111	 0.373955	 0.666053	 -0.958245	 0.370353	 0.66005	 -0.942396	 0.366788	 0.654097	 -0.926521	 0.36334	 0.648146	 -0.910619	 1.66735	 1.6673	 1.66733	 1.66721	 1.66728	 
0.73	 0.381	 0.678	 -0.99	 0.377329	 0.672094	 -0.974127	 0.373861	 0.666043	 -0.958263	 0.370477	 0.659999	 -0.942379	 0.366884	 0.654078	 -0.926494	 0.36315	 0.648176	 -0.910635	 1.66781	 1.66778	 1.66778	 1.66776	 1.66777	 
0.74	 0.381	 0.678	 -0.99	 0.377323	 0.672032	 -0.974149	 0.373853	 0.666058	 -0.958254	 0.370495	 0.660042	 -0.942351	 0.366909	 0.654066	 -0.926483	 0.363141	 0.648157	 -0.910631	 1.66818	 1.66813	 1.66816	 1.66808	 1.66822	 
0.75	 0.381	 0.678	 -0.99	 0.377437	 0.67198	 -0.974141	 0.373927	 0.666037	 -0.958241	 0.37035	 0.66011	 -0.94235	 0.36677	 0.654109	 -0.926488	 0.363277	 0.648075	 -0.91062	 1.66844	 1.66842	 1.6684	 1.66837	 1.66833	 
0.76	 0.381	 0.678	 -0.99	 0.377612	 0.671973	 -0.974102	 0.37394	 0.666018	 -0.958241	 0.370197	 0.660124	 -0.942373	 0.366718	 0.65413	 -0.926483	 0.363366	 0.648039	 -0.910603	 1.66886	 1.66882	 1.66881	 1.66879	 1.66879	 
0.77	 0.381	 0.678	 -0.99	 0.377598	 0.672001	 -0.974092	 0.373907	 0.666052	 -0.958231	 0.370222	 0.660082	 -0.942376	 0.366757	 0.654085	 -0.926483	 0.363311	 0.648112	 -0.910576	 1.66915	 1.66911	 1.66909	 1.66899	 1.66901	 
0.78	 0.381	 0.678	 -0.99	 0.377365	 0.672075	 -0.974114	 0.373894	 0.666064	 -0.958224	 0.370397	 0.660014	 -0.942354	 0.366783	 0.654058	 -0.926476	 0.363185	 0.648167	 -0.910569	 1.66949	 1.66946	 1.66946	 1.66938	 1.66934	 
0.79	 0.381	 0.678	 -0.99	 0.377255	 0.672104	 -0.974124	 0.373846	 0.666054	 -0.958231	 0.370484	 0.660013	 -0.942324	 0.366828	 0.654082	 -0.926441	 0.363064	 0.64815	 -0.910583	 1.67015	 1.6701	 1.67009	 1.67003	 1.67009	 
0.8	 0.381	 0.678	 -0.99	 0.377387	 0.672013	 -0.974123	 0.37384	 0.666056	 -0.95822	 0.370398	 0.660085	 -0.942299	 0.366837	 0.654088	 -0.926415	 0.363115	 0.648105	 -0.910562	 1.67076	 1.67072	 1.67077	 1.67064	 1.67076	 
0.81	 0.381	 0.678	 -0.99	 0.377527	 0.671941	 -0.974112	 0.373903	 0.666039	 -0.958199	 0.370211	 0.660137	 -0.942301	 0.366684	 0.654111	 -0.926412	 0.363278	 0.648064	 -0.910506	 1.67176	 1.67174	 1.67174	 1.67174	 1.67173	 
0.82	 0.381	 0.678	 -0.99	 0.377584	 0.671981	 -0.974075	 0.373919	 0.666007	 -0.958189	 0.370134	 0.660094	 -0.942308	 0.366624	 0.654116	 -0.926389	 0.363318	 0.648049	 -0.910459	 1.67303	 1.67299	 1.67302	 1.67297	 1.67311	 
0.83	 0.381	 0.678	 -0.99	 0.377505	 0.672045	 -0.974059	 0.373859	 0.666035	 -0.958173	 0.370259	 0.660014	 -0.942281	 0.366744	 0.654044	 -0.92635	 0.363182	 0.648098	 -0.910422	 1.67431	 1.67429	 1.67428	 1.67423	 1.67421	 
0.84	 0.381	 0.678	 -0.99	 0.37729	 0.672072	 -0.974086	 0.373831	 0.666055	 -0.95815	 0.370425	 0.659965	 -0.94223	 0.36678	 0.653986	 -0.926321	 0.363025	 0.648118	 -0.910396	 1.67588	 1.67585	 1.67585	 1.67583	 1.6758	 
0.85	 0.381	 0.678	 -0.99	 0.377246	 0.672048	 -0.974094	 0.373851	 0.666006	 -0.958142	 0.370458	 0.659981	 -0.942184	 0.366773	 0.65402	 -0.926267	 0.363034	 0.648049	 -0.910365	 1.67745	 1.67741	 1.67739	 1.6773	 1.67734	 
0.86	 0.381	 0.678	 -0.99	 0.377447	 0.671954	 -0.974074	 0.373823	 0.66598	 -0.958136	 0.370257	 0.660049	 -0.94217	 0.366718	 0.654045	 -0.926226	 0.363114	 0.64798	 -0.910319	 1.67885	 1.6788	 1.67883	 1.6787	 1.67872	 
0.87	 0.381	 0.678	 -0.99	 0.377605	 0.671908	 -0.974045	 0.373888	 0.665995	 -0.958095	 0.370122	 0.660075	 -0.942159	 0.366639	 0.654018	 -0.926211	 0.363263	 0.647952	 -0.910243	 1.68046	 1.68042	 1.68041	 1.68037	 1.68038	 
0.88	 0.381	 0.678	 -0.99	 0.377532	 0.671998	 -0.974017	 0.373899	 0.665994	 -0.958072	 0.370132	 0.660005	 -0.942151	 0.366573	 0.653994	 -0.926192	 0.363222	 0.647951	 -0.910199	 1.68186	 1.6818	 1.68186	 1.68172	 1.6819	 
0.89	 0.381	 0.678	 -0.99	 0.37739	 0.672076	 -0.974009	 0.37382	 0.666003	 -0.958065	 0.370303	 0.659923	 -0.942112	 0.366714	 0.65395	 -0.926135	 0.363045	 0.647996	 -0.91017	 1.68326	 1.68324	 1.68324	 1.68321	 1.68317	 
0.9	 0.381	 0.678	 -0.99	 0.377249	 0.67204	 -0.974043	 0.373775	 0.666008	 -0.958052	 0.370421	 0.659909	 -0.94206	 0.366775	 0.65391	 -0.926094	 0.362924	 0.648018	 -0.910135	 1.68486	 1.68482	 1.68484	 1.68481	 1.6849	 
0.91	 0.381	 0.678	 -0.99	 0.37727	 0.671976	 -0.974052	 0.373821	 0.665959	 -0.958039	 0.370355	 0.659955	 -0.942025	 0.366682	 0.65395	 -0.926057	 0.363005	 0.647935	 -0.910095	 1.6863	 1.68627	 1.68625	 1.68616	 1.68618	 
0.92	 0.381	 0.678	 -0.99	 0.377512	 0.671925	 -0.974006	 0.373849	 0.665936	 -0.958019	 0.370164	 0.660014	 -0.942012	 0.366631	 0.653985	 -0.926011	 0.363147	 0.64785	 -0.91004	 1.68782	 1.68778	 1.68779	 1.68773	 1.68767	 
0.93	 0.381	 0.678	 -0.99	 0.377629	 0.671911	 -0.973974	 0.373851	 0.665964	 -0.957986	 0.370048	 0.660004	 -0.942009	 0.36658	 0.653929	 -0.925999	 0.363194	 0.647854	 -0.909971	 1.68953	 1.68948	 1.68945	 1.68938	 1.68943	 
0.94	 0.381	 0.678	 -0.99	 0.377464	 0.671995	 -0.973967	 0.373861	 0.665963	 -0.95796	 0.370158	 0.659914	 -0.941982	 0.366563	 0.653896	 -0.925969	 0.363118	 0.647905	 -0.909911	 1.69098	 1.69093	 1.69098	 1.69081	 1.69093	 
0.95	 0.381	 0.678	 -0.99	 0.377286	 0.672065	 -0.973969	 0.373794	 0.665945	 -0.957958	 0.370345	 0.65984	 -0.941932	 0.366688	 0.653883	 -0.925897	 0.362938	 0.647933	 -0.90988	 1.69271	 1.69268	 1.69268	 1.69266	 1.69264	 
0.96	 0.381	 0.678	 -0.99	 0.377245	 0.672009	 -0.973987	 0.373745	 0.665963	 -0.957936	 0.370393	 0.659873	 -0.941871	 0.366748	 0.653857	 -0.925842	 0.362859	 0.647915	 -0.909841	 1.69452	 1.69447	 1.69453	 1.69445	 1.69465	 
0.97	 0.381	 0.678	 -0.99	 0.377334	 0.67193	 -0.973983	 0.37381	 0.665944	 -0.957903	 0.370255	 0.659948	 -0.941834	 0.366609	 0.653883	 -0.925811	 0.36299	 0.647817	 -0.909782	 1.69626	 1.69625	 1.69624	 1.69619	 1.69618	 
0.98	 0.381	 0.678	 -0.99	 0.377544	 0.671908	 -0.97393	 0.373851	 0.665905	 -0.95788	 0.37007	 0.659977	 -0.941822	 0.366533	 0.653923	 -0.925756	 0.363149	 0.647748	 -0.909703	 1.69831	 1.69828	 1.69829	 1.69827	 1.69826	 
0.99	 0.381	 0.678	 -0.99	 0.377612	 0.671918	 -0.973897	 0.373816	 0.665924	 -0.957852	 0.370015	 0.659929	 -0.941809	 0.36654	 0.653863	 -0.92572	 0.363123	 0.647787	 -0.909621	 1.70041	 1.70037	 1.70034	 1.70025	 1.7003	 
1	 0.381	 0.678	 -0.99	 0.377402	 0.671993	 -0.973901	 0.373825	 0.665935	 -0.957816	 0.370199	 0.659827	 -0.941761	 0.366579	 0.653792	 -0.925678	 0.36302	 0.647834	 -0.909552	 1.70234	 1.70229	 1.70233	 1.70217	 1.7022	 
1.01	 0.381	 0.678	 -0.99	 0.377206	 0.672055	 -0.973906	 0.373765	 0.66591	 -0.957809	 0.370353	 0.659772	 -0.941703	 0.366644	 0.653786	 -0.925605	 0.362849	 0.647814	 -0.909522	 1.70458	 1.70454	 1.70452	 1.70449	 1.70449	 
1.02	 0.381	 0.678	 -0.99	 0.377261	 0.67197	 -0.973911	 0.373736	 0.665901	 -0.957788	 0.370357	 0.659814	 -0.94164	 0.366715	 0.653768	 -0.925535	 0.362836	 0.647756	 -0.909471	 1.70663	 1.70657	 1.70664	 1.70649	 1.70673	 
1.03	 0.381	 0.678	 -0.99	 0.377399	 0.671859	 -0.973906	 0.373799	 0.665874	 -0.957755	 0.370172	 0.65988	 -0.941612	 0.366561	 0.653776	 -0.925507	 0.362991	 0.64767	 -0.909394	 1.70862	 1.7086	 1.7086	 1.70855	 1.70852	 
1.04	 0.381	 0.678	 -0.99	 0.377563	 0.671866	 -0.973852	 0.373857	 0.665833	 -0.957727	 0.370018	 0.65988	 -0.941602	 0.366473	 0.653804	 -0.925456	 0.363145	 0.647606	 -0.90931	 1.7108	 1.71076	 1.71078	 1.71076	 1.71083	 
1.05	 0.381	 0.678	 -0.99	 0.377585	 0.67192	 -0.973813	 0.373802	 0.665863	 -0.9577	 0.37002	 0.659813	 -0.941585	 0.366525	 0.653734	 -0.925416	 0.363072	 0.647639	 -0.909244	 1.71276	 1.71272	 1.71268	 1.71259	 1.71264	 
1.06	 0.381	 0.678	 -0.99	 0.377345	 0.671984	 -0.973829	 0.373771	 0.665892	 -0.957669	 0.370202	 0.659722	 -0.941537	 0.366562	 0.65365	 -0.925385	 0.362911	 0.647692	 -0.909193	 1.71453	 1.71449	 1.71451	 1.71439	 1.71435	 
1.07	 0.381	 0.678	 -0.99	 0.377169	 0.67202	 -0.973843	 0.37376	 0.665855	 -0.957661	 0.370371	 0.659692	 -0.941474	 0.366631	 0.653674	 -0.925311	 0.362808	 0.647675	 -0.909159	 1.71647	 1.71641	 1.71637	 1.71633	 1.71634	 
1.08	 0.381	 0.678	 -0.99	 0.377267	 0.671927	 -0.973844	 0.373717	 0.665833	 -0.957655	 0.370299	 0.659753	 -0.941432	 0.366658	 0.653687	 -0.925253	 0.362808	 0.647612	 -0.909125	 1.71794	 1.71788	 1.71795	 1.71775	 1.71797	 
1.09	 0.381	 0.678	 -0.99	 0.377446	 0.671824	 -0.973832	 0.373785	 0.665837	 -0.957618	 0.370104	 0.659834	 -0.941413	 0.366524	 0.653691	 -0.92524	 0.362988	 0.647545	 -0.909057	 1.71935	 1.71933	 1.71933	 1.71928	 1.71924	 
1.1	 0.381	 0.678	 -0.99	 0.377569	 0.671857	 -0.973783	 0.373852	 0.665811	 -0.957592	 0.369977	 0.659824	 -0.941417	 0.366423	 0.653715	 -0.925214	 0.363124	 0.647505	 -0.908994	 1.72082	 1.72077	 1.7208	 1.72076	 1.72091	 
1.11	 0.381	 0.678	 -0.99	 0.377555	 0.671926	 -0.973751	 0.373793	 0.665827	 -0.957583	 0.37003	 0.659743	 -0.94141	 0.366513	 0.653669	 -0.925178	 0.363033	 0.647573	 -0.908946	 1.72195	 1.72192	 1.72189	 1.7218	 1.72184	 
1.12	 0.381	 0.678	 -0.99	 0.377316	 0.671966	 -0.973781	 0.373754	 0.665852	 -0.957566	 0.370235	 0.659662	 -0.941369	 0.366589	 0.653596	 -0.925154	 0.362867	 0.647654	 -0.908912	 1.72306	 1.72302	 1.72304	 1.72295	 1.72291	 
1.13	 0.381	 0.678	 -0.99	 0.377147	 0.671991	 -0.973802	 0.373756	 0.665822	 -0.95756	 0.370385	 0.659654	 -0.941315	 0.366635	 0.653623	 -0.925101	 0.362804	 0.647619	 -0.908896	 1.72442	 1.72437	 1.72434	 1.72429	 1.72431	 
1.14	 0.381	 0.678	 -0.99	 0.377283	 0.671912	 -0.973791	 0.373725	 0.665809	 -0.957552	 0.370279	 0.659731	 -0.94128	 0.366641	 0.653643	 -0.925054	 0.362829	 0.647519	 -0.90888	 1.72558	 1.72551	 1.72559	 1.72538	 1.72558	 
1.15	 0.381	 0.678	 -0.99	 0.3775	 0.671804	 -0.973772	 0.37381	 0.665811	 -0.95751	 0.3701	 0.659797	 -0.941261	 0.366548	 0.653619	 -0.925037	 0.36304	 0.647439	 -0.908806	 1.72716	 1.72714	 1.72716	 1.72713	 1.72709	 
1.16	 0.381	 0.678	 -0.99	 0.37758	 0.671832	 -0.973729	 0.373864	 0.665767	 -0.957485	 0.369982	 0.659754	 -0.94126	 0.366438	 0.653622	 -0.925003	 0.363169	 0.647404	 -0.908719	 1.72926	 1.72921	 1.72928	 1.72924	 1.72945	 
1.17	 0.381	 0.678	 -0.99	 0.377538	 0.671909	 -0.973693	 0.373808	 0.665759	 -0.957467	 0.370079	 0.659638	 -0.94123	 0.366565	 0.653554	 -0.924933	 0.363087	 0.647439	 -0.908638	 1.73155	 1.73153	 1.73153	 1.73146	 1.73152	 
1.18	 0.381	 0.678	 -0.99	 0.377304	 0.671943	 -0.973711	 0.373757	 0.665788	 -0.957427	 0.370284	 0.659548	 -0.941159	 0.366653	 0.653441	 -0.924875	 0.362904	 0.647471	 -0.908567	 1.73434	 1.73431	 1.73435	 1.7343	 1.73426	 
1.19	 0.381	 0.678	 -0.99	 0.377151	 0.671951	 -0.973721	 0.373783	 0.665751	 -0.957392	 0.37043	 0.659535	 -0.941066	 0.366682	 0.653446	 -0.924779	 0.362854	 0.647397	 -0.908495	 1.7376	 1.73756	 1.73753	 1.73748	 1.73752	 
1.2	 0.381	 0.678	 -0.99	 0.377309	 0.671857	 -0.973698	 0.373769	 0.665708	 -0.957364	 0.370321	 0.659601	 -0.940995	 0.366692	 0.653475	 -0.924674	 0.362907	 0.647293	 -0.908408	 1.74063	 1.74056	 1.74064	 1.74043	 1.7406	 
1.21	 0.381	 0.678	 -0.99	 0.377519	 0.67174	 -0.973673	 0.373812	 0.665704	 -0.957311	 0.370097	 0.659662	 -0.940953	 0.36657	 0.653453	 -0.924617	 0.363084	 0.647232	 -0.908277	 1.74385	 1.74382	 1.74382	 1.74378	 1.74374	 
1.22	 0.381	 0.678	 -0.99	 0.377594	 0.671787	 -0.973616	 0.373883	 0.665686	 -0.957257	 0.370002	 0.659632	 -0.940919	 0.366469	 0.653461	 -0.924547	 0.363218	 0.64721	 -0.908145	 1.74702	 1.74696	 1.74702	 1.74694	 1.74717	 
1.23	 0.381	 0.678	 -0.99	 0.377541	 0.671887	 -0.97357	 0.373818	 0.665697	 -0.957228	 0.370085	 0.659531	 -0.940879	 0.366568	 0.653408	 -0.924467	 0.363096	 0.647254	 -0.908056	 1.7497	 1.74966	 1.74965	 1.74954	 1.7496	 
1.24	 0.381	 0.678	 -0.99	 0.377311	 0.671921	 -0.97359	 0.373765	 0.665736	 -0.95719	 0.370295	 0.659461	 -0.940806	 0.366666	 0.653324	 -0.924405	 0.362913	 0.647327	 -0.907981	 1.75214	 1.7521	 1.75211	 1.75204	 1.75199	 
1.25	 0.381	 0.678	 -0.99	 0.377142	 0.671926	 -0.973611	 0.373779	 0.665702	 -0.957171	 0.370435	 0.659461	 -0.940733	 0.366686	 0.653353	 -0.924333	 0.362854	 0.647287	 -0.907937	 1.75438	 1.75432	 1.75427	 1.7542	 1.75423	 
1.26	 0.381	 0.678	 -0.99	 0.377288	 0.671845	 -0.973597	 0.373757	 0.665673	 -0.957162	 0.370326	 0.659541	 -0.94069	 0.366696	 0.653392	 -0.924269	 0.362902	 0.647187	 -0.907905	 1.75583	 1.75575	 1.75581	 1.75557	 1.75576	 
1.27	 0.381	 0.678	 -0.99	 0.37751	 0.671729	 -0.973583	 0.373814	 0.66568	 -0.957129	 0.370116	 0.659615	 -0.940681	 0.366588	 0.653375	 -0.924262	 0.36309	 0.647129	 -0.907838	 1.75712	 1.75708	 1.75708	 1.75702	 1.75698	 
1.28	 0.381	 0.678	 -0.99	 0.377606	 0.671758	 -0.973544	 0.373901	 0.665644	 -0.957107	 0.370024	 0.659584	 -0.940689	 0.366502	 0.653399	 -0.924239	 0.363266	 0.647126	 -0.907762	 1.75833	 1.75826	 1.75832	 1.75825	 1.75847	 
1.29	 0.381	 0.678	 -0.99	 0.377565	 0.671851	 -0.973511	 0.373828	 0.665648	 -0.957109	 0.370078	 0.659487	 -0.940693	 0.366585	 0.653361	 -0.924209	 0.363153	 0.64719	 -0.907728	 1.7592	 1.75916	 1.75916	 1.75905	 1.75913	 
1.3	 0.381	 0.678	 -0.99	 0.377347	 0.671906	 -0.97353	 0.373801	 0.665708	 -0.957077	 0.370318	 0.659419	 -0.940644	 0.366707	 0.653267	 -0.924187	 0.362991	 0.647259	 -0.907701	 1.76017	 1.76012	 1.76016	 1.76008	 1.76003	 
1.31	 0.381	 0.678	 -0.99	 0.377155	 0.671935	 -0.973554	 0.373805	 0.665691	 -0.957067	 0.370469	 0.659418	 -0.940589	 0.366722	 0.65329	 -0.924145	 0.362892	 0.647217	 -0.907699	 1.76149	 1.76144	 1.7614	 1.76136	 1.76138	 
1.32	 0.381	 0.678	 -0.99	 0.377281	 0.671842	 -0.973552	 0.373782	 0.66565	 -0.957069	 0.370397	 0.659493	 -0.940549	 0.366764	 0.653339	 -0.924082	 0.362938	 0.647136	 -0.907675	 1.76255	 1.76247	 1.76257	 1.76233	 1.76256	 
1.33	 0.381	 0.678	 -0.99	 0.377489	 0.671705	 -0.973549	 0.373829	 0.665642	 -0.957044	 0.370178	 0.659572	 -0.940539	 0.366648	 0.653332	 -0.924072	 0.36313	 0.647083	 -0.907606	 1.76382	 1.76379	 1.76381	 1.76374	 1.76371	 
1.34	 0.381	 0.678	 -0.99	 0.377611	 0.67174	 -0.9735	 0.373912	 0.665619	 -0.957014	 0.370044	 0.659557	 -0.940545	 0.366534	 0.653348	 -0.924051	 0.363309	 0.647041	 -0.907535	 1.7653	 1.76525	 1.7653	 1.76526	 1.76544	 
1.35	 0.381	 0.678	 -0.99	 0.377617	 0.67184	 -0.973453	 0.373865	 0.665638	 -0.957001	 0.370088	 0.659464	 -0.940545	 0.366619	 0.653295	 -0.92402	 0.363229	 0.647082	 -0.907494	 1.76644	 1.7664	 1.76639	 1.76627	 1.76637	 
1.36	 0.381	 0.678	 -0.99	 0.377389	 0.671884	 -0.973478	 0.37383	 0.665674	 -0.95698	 0.370313	 0.659373	 -0.940508	 0.366723	 0.653202	 -0.924003	 0.36307	 0.647174	 -0.907459	 1.76733	 1.76728	 1.76731	 1.76718	 1.76715	 
1.37	 0.381	 0.678	 -0.99	 0.377165	 0.671915	 -0.973511	 0.373821	 0.665639	 -0.956986	 0.370496	 0.659352	 -0.940463	 0.36677	 0.653237	 -0.923961	 0.362963	 0.647168	 -0.90746	 1.76825	 1.76819	 1.76815	 1.7681	 1.7681	 
1.38	 0.381	 0.678	 -0.99	 0.377258	 0.671838	 -0.973516	 0.373788	 0.665618	 -0.956994	 0.370458	 0.659427	 -0.940432	 0.366829	 0.653268	 -0.923923	 0.362969	 0.647078	 -0.907476	 1.76857	 1.76848	 1.76857	 1.76833	 1.76861	 
1.39	 0.381	 0.678	 -0.99	 0.37746	 0.671713	 -0.973517	 0.373855	 0.665637	 -0.956969	 0.37026	 0.659533	 -0.940429	 0.366712	 0.653265	 -0.923941	 0.363157	 0.647005	 -0.907451	 1.76876	 1.76873	 1.76875	 1.76867	 1.76866	 
1.4	 0.381	 0.678	 -0.99	 0.377627	 0.671726	 -0.973473	 0.373955	 0.6656	 -0.956955	 0.370112	 0.659539	 -0.940451	 0.366605	 0.653314	 -0.923934	 0.363371	 0.646973	 -0.907404	 1.76927	 1.76922	 1.76928	 1.76925	 1.76937	 
1.41	 0.381	 0.678	 -0.99	 0.377673	 0.671801	 -0.973432	 0.373907	 0.665609	 -0.956956	 0.37011	 0.65946	 -0.940471	 0.366678	 0.653284	 -0.923917	 0.363337	 0.647048	 -0.907366	 1.76978	 1.76973	 1.76972	 1.76962	 1.76973	 
1.42	 0.381	 0.678	 -0.99	 0.377442	 0.671869	 -0.97345	 0.373869	 0.665664	 -0.956932	 0.370308	 0.659371	 -0.940445	 0.366751	 0.653194	 -0.923913	 0.363183	 0.647154	 -0.907334	 1.77034	 1.77029	 1.77035	 1.77019	 1.77019	 
1.43	 0.381	 0.678	 -0.99	 0.377206	 0.671936	 -0.97347	 0.373865	 0.665645	 -0.956928	 0.370535	 0.659337	 -0.94039	 0.366832	 0.653218	 -0.92386	 0.363056	 0.647151	 -0.907328	 1.77148	 1.77144	 1.77142	 1.7714	 1.77138	 
1.44	 0.381	 0.678	 -0.99	 0.377243	 0.671853	 -0.973485	 0.373804	 0.665619	 -0.956934	 0.370522	 0.659399	 -0.940346	 0.366893	 0.653243	 -0.923807	 0.362998	 0.647082	 -0.907328	 1.7725	 1.77242	 1.77252	 1.77232	 1.77264	 
1.45	 0.381	 0.678	 -0.99	 0.37742	 0.67171	 -0.973493	 0.373884	 0.66562	 -0.956903	 0.370366	 0.659504	 -0.940317	 0.3668	 0.653248	 -0.923795	 0.3632	 0.647005	 -0.907276	 1.77339	 1.77336	 1.77339	 1.77328	 1.77331	 
1.46	 0.381	 0.678	 -0.99	 0.377613	 0.671713	 -0.973444	 0.373966	 0.665581	 -0.956885	 0.370167	 0.659526	 -0.940332	 0.366668	 0.653294	 -0.923779	 0.363417	 0.646927	 -0.907226	 1.77445	 1.7744	 1.77444	 1.77441	 1.77447	 
1.47	 0.381	 0.678	 -0.99	 0.377716	 0.671776	 -0.973394	 0.373932	 0.665601	 -0.956877	 0.370117	 0.659462	 -0.940354	 0.366722	 0.653251	 -0.923768	 0.363431	 0.646975	 -0.907183	 1.77516	 1.77511	 1.77507	 1.77497	 1.77508	 
1.48	 0.381	 0.678	 -0.99	 0.377511	 0.671845	 -0.97341	 0.373922	 0.665644	 -0.956859	 0.370305	 0.659361	 -0.940345	 0.366783	 0.653166	 -0.923778	 0.363316	 0.647096	 -0.907154	 1.77521	 1.77513	 1.77519	 1.77495	 1.77503	 
1.49	 0.381	 0.678	 -0.99	 0.377256	 0.671934	 -0.973433	 0.373901	 0.665621	 -0.956875	 0.370549	 0.659303	 -0.940318	 0.366882	 0.653192	 -0.923751	 0.363159	 0.647122	 -0.907182	 1.77524	 1.77519	 1.77516	 1.77511	 1.77506	 
1.5	 0.381	 0.678	 -0.99	 0.377241	 0.671874	 -0.973461	 0.373831	 0.665624	 -0.956893	 0.370596	 0.659364	 -0.940293	 0.366973	 0.653205	 -0.923737	 0.363055	 0.647075	 -0.907235	 1.77487	 1.77478	 1.77486	 1.77469	 1.77502	 
1.51	 0.381	 0.678	 -0.99	 0.377373	 0.671734	 -0.97349	 0.373914	 0.665628	 -0.956884	 0.37048	 0.659482	 -0.940287	 0.36689	 0.653227	 -0.923765	 0.36324	 0.647006	 -0.907244	 1.77407	 1.77404	 1.77407	 1.77393	 1.77399	 
1.52	 0.381	 0.678	 -0.99	 0.377592	 0.671706	 -0.973458	 0.373985	 0.665571	 -0.956899	 0.370254	 0.659533	 -0.940331	 0.36676	 0.653317	 -0.923777	 0.363467	 0.64695	 -0.90724	 1.77347	 1.77342	 1.77346	 1.77342	 1.77341	 
1.53	 0.381	 0.678	 -0.99	 0.377756	 0.671738	 -0.973417	 0.373974	 0.665592	 -0.956904	 0.370163	 0.659497	 -0.94038	 0.366799	 0.653291	 -0.923801	 0.363541	 0.647008	 -0.907229	 1.77294	 1.77288	 1.77284	 1.77277	 1.77285	 
1.54	 0.381	 0.678	 -0.99	 0.377579	 0.671836	 -0.973422	 0.373974	 0.66566	 -0.956889	 0.3703	 0.659408	 -0.940398	 0.366814	 0.65321	 -0.923849	 0.363451	 0.647118	 -0.907233	 1.77198	 1.7719	 1.77199	 1.77172	 1.77188	 
1.55	 0.381	 0.678	 -0.99	 0.37732	 0.671964	 -0.973436	 0.373938	 0.665656	 -0.95691	 0.370548	 0.659336	 -0.940389	 0.36692	 0.653224	 -0.923842	 0.363265	 0.647149	 -0.907287	 1.77129	 1.77125	 1.77125	 1.77119	 1.77113	 
1.56	 0.381	 0.678	 -0.99	 0.377249	 0.671903	 -0.973479	 0.373861	 0.665653	 -0.956937	 0.370658	 0.659374	 -0.940369	 0.367051	 0.653227	 -0.923834	 0.363135	 0.647139	 -0.907347	 1.77062	 1.77054	 1.77062	 1.7705	 1.77079	 
1.57	 0.381	 0.678	 -0.99	 0.37732	 0.671754	 -0.973526	 0.373923	 0.665638	 -0.956943	 0.370568	 0.659485	 -0.940365	 0.366969	 0.65326	 -0.923867	 0.363282	 0.647078	 -0.907371	 1.76957	 1.76952	 1.76955	 1.7694	 1.76951	 
1.58	 0.381	 0.678	 -0.99	 0.377566	 0.67172	 -0.973493	 0.374004	 0.665589	 -0.956958	 0.370349	 0.659561	 -0.940404	 0.36686	 0.653355	 -0.923881	 0.363522	 0.64699	 -0.907388	 1.76856	 1.76852	 1.76856	 1.76848	 1.76844	 
1.59	 0.381	 0.678	 -0.99	 0.377774	 0.671735	 -0.973452	 0.373998	 0.665622	 -0.956964	 0.370194	 0.659548	 -0.940468	 0.366847	 0.653324	 -0.923929	 0.36361	 0.647025	 -0.907397	 1.76768	 1.76762	 1.76757	 1.76751	 1.76757	 
1.6	 0.381	 0.678	 -0.99	 0.377639	 0.671826	 -0.973455	 0.374023	 0.665674	 -0.956956	 0.370306	 0.659458	 -0.940503	 0.366849	 0.653263	 -0.923988	 0.36357	 0.647158	 -0.907401	 1.76622	 1.76613	 1.76622	 1.76593	 1.76617	 
1.61	 0.381	 0.678	 -0.99	 0.377384	 0.67196	 -0.973469	 0.373978	 0.665656	 -0.956992	 0.370557	 0.659364	 -0.940515	 0.366973	 0.653285	 -0.923992	 0.363381	 0.647228	 -0.907463	 1.76483	 1.76479	 1.76481	 1.76472	 1.76469	 
1.62	 0.381	 0.678	 -0.99	 0.377264	 0.671925	 -0.973518	 0.373889	 0.665679	 -0.957022	 0.370703	 0.659396	 -0.940502	 0.367114	 0.653275	 -0.924004	 0.363214	 0.647234	 -0.907546	 1.7636	 1.76353	 1.76361	 1.76353	 1.76377	 
1.63	 0.381	 0.678	 -0.99	 0.377295	 0.6718	 -0.973568	 0.373951	 0.665687	 -0.957027	 0.370652	 0.65952	 -0.940497	 0.367038	 0.653309	 -0.924051	 0.363319	 0.647159	 -0.907604	 1.76203	 1.76198	 1.762	 1.76185	 1.762	 
1.64	 0.381	 0.678	 -0.99	 0.377548	 0.671748	 -0.973544	 0.374026	 0.66563	 -0.957054	 0.370431	 0.659611	 -0.940542	 0.366938	 0.653419	 -0.924074	 0.363554	 0.647064	 -0.907644	 1.76043	 1.76038	 1.76043	 1.76032	 1.76028	 
1.65	 0.381	 0.678	 -0.99	 0.377781	 0.671732	 -0.973513	 0.374018	 0.665651	 -0.957072	 0.370231	 0.659615	 -0.94062	 0.366898	 0.653404	 -0.924135	 0.363668	 0.647109	 -0.907662	 1.75906	 1.75901	 1.75897	 1.75891	 1.75895	 
1.66	 0.381	 0.678	 -0.99	 0.37768	 0.671827	 -0.973511	 0.37406	 0.665704	 -0.957068	 0.370322	 0.659526	 -0.940671	 0.366894	 0.653345	 -0.924209	 0.363675	 0.647238	 -0.907676	 1.7571	 1.757	 1.7571	 1.75681	 1.7571	 
1.67	 0.381	 0.678	 -0.99	 0.377423	 0.671985	 -0.973522	 0.373994	 0.665702	 -0.957112	 0.370545	 0.659426	 -0.940704	 0.366994	 0.653359	 -0.92424	 0.363459	 0.647312	 -0.907766	 1.75502	 1.75498	 1.75501	 1.75489	 1.75486	 
1.68	 0.381	 0.678	 -0.99	 0.377279	 0.671957	 -0.973578	 0.373911	 0.665725	 -0.957151	 0.370731	 0.659449	 -0.940702	 0.367157	 0.653351	 -0.924268	 0.363276	 0.647346	 -0.907868	 1.75305	 1.75299	 1.75305	 1.75298	 1.75318	 
1.69	 0.381	 0.678	 -0.99	 0.377282	 0.671825	 -0.973644	 0.373971	 0.665726	 -0.957172	 0.37071	 0.659577	 -0.940709	 0.367095	 0.653405	 -0.92433	 0.363359	 0.647299	 -0.907952	 1.75066	 1.7506	 1.75061	 1.75046	 1.75062	 
1.7	 0.381	 0.678	 -0.99	 0.377536	 0.671773	 -0.973626	 0.37404	 0.665681	 -0.957208	 0.370481	 0.65969	 -0.940766	 0.366986	 0.653528	 -0.924375	 0.363579	 0.647202	 -0.908028	 1.74813	 1.74808	 1.74813	 1.74799	 1.74797	 
1.71	 0.381	 0.678	 -0.99	 0.377795	 0.671765	 -0.973592	 0.374046	 0.66572	 -0.957228	 0.37027	 0.659716	 -0.940855	 0.366941	 0.653523	 -0.924457	 0.363714	 0.647243	 -0.908071	 1.74597	 1.74591	 1.74588	 1.74583	 1.74585	 
1.72	 0.381	 0.678	 -0.99	 0.377702	 0.671855	 -0.973594	 0.374077	 0.66577	 -0.957236	 0.370329	 0.659627	 -0.940926	 0.366915	 0.653472	 -0.92455	 0.36372	 0.647392	 -0.9081	 1.74342	 1.74331	 1.74342	 1.74314	 1.74345	 
1.73	 0.381	 0.678	 -0.99	 0.377443	 0.672012	 -0.973608	 0.374021	 0.665758	 -0.957287	 0.37057	 0.65952	 -0.940966	 0.367032	 0.653497	 -0.924584	 0.363518	 0.647492	 -0.90819	 1.74092	 1.74089	 1.74093	 1.74081	 1.7408	 
1.74	 0.381	 0.678	 -0.99	 0.377289	 0.671993	 -0.973664	 0.373934	 0.665787	 -0.957327	 0.370766	 0.65954	 -0.940967	 0.367198	 0.653481	 -0.92462	 0.36332	 0.647509	 -0.908309	 1.73879	 1.73873	 1.73881	 1.73874	 1.73895	 
1.75	 0.381	 0.678	 -0.99	 0.37729	 0.671863	 -0.97373	 0.373985	 0.665802	 -0.957346	 0.370736	 0.659676	 -0.940974	 0.367129	 0.653516	 -0.924691	 0.363392	 0.647433	 -0.908408	 1.73633	 1.73627	 1.7363	 1.73614	 1.73633	 
1.76	 0.381	 0.678	 -0.99	 0.377544	 0.671796	 -0.973719	 0.374057	 0.665737	 -0.95739	 0.3705	 0.659777	 -0.94104	 0.367011	 0.653634	 -0.924743	 0.363624	 0.647328	 -0.908488	 1.7337	 1.73364	 1.7337	 1.73356	 1.73354	 
1.77	 0.381	 0.678	 -0.99	 0.377804	 0.671778	 -0.97369	 0.374058	 0.665746	 -0.957426	 0.370286	 0.659778	 -0.941145	 0.366974	 0.653629	 -0.924831	 0.363769	 0.647373	 -0.908536	 1.73129	 1.73123	 1.7312	 1.73114	 1.73117	 
1.78	 0.381	 0.678	 -0.99	 0.377705	 0.671877	 -0.973694	 0.374083	 0.66581	 -0.957437	 0.370352	 0.65968	 -0.941228	 0.366951	 0.653553	 -0.924947	 0.36375	 0.647512	 -0.908592	 1.72825	 1.72815	 1.72825	 1.72795	 1.72823	 
1.79	 0.381	 0.678	 -0.99	 0.377434	 0.672052	 -0.973708	 0.374044	 0.66582	 -0.957485	 0.37062	 0.659578	 -0.941273	 0.367068	 0.65356	 -0.925005	 0.36354	 0.647581	 -0.908717	 1.72517	 1.72512	 1.72516	 1.72503	 1.72501	 
1.8	 0.381	 0.678	 -0.99	 0.377281	 0.672026	 -0.973772	 0.373939	 0.665836	 -0.957543	 0.370783	 0.659611	 -0.94129	 0.367207	 0.653565	 -0.925056	 0.36332	 0.647591	 -0.908866	 1.72241	 1.72235	 1.72243	 1.72234	 1.72257	 
1.81	 0.381	 0.678	 -0.99	 0.377324	 0.671856	 -0.973847	 0.374	 0.665834	 -0.957572	 0.370741	 0.659757	 -0.941304	 0.367157	 0.653619	 -0.925129	 0.36343	 0.647546	 -0.90896	 1.71947	 1.71941	 1.71946	 1.71929	 1.71948	 
1.82	 0.381	 0.678	 -0.99	 0.377574	 0.671793	 -0.973834	 0.374071	 0.665774	 -0.957615	 0.370471	 0.659858	 -0.941378	 0.366995	 0.65374	 -0.92519	 0.363665	 0.64746	 -0.909034	 1.71685	 1.7168	 1.71687	 1.71677	 1.71674	 
1.83	 0.381	 0.678	 -0.99	 0.377817	 0.671831	 -0.973785	 0.374066	 0.665803	 -0.957638	 0.370274	 0.659848	 -0.941475	 0.366962	 0.653735	 -0.925265	 0.36378	 0.647505	 -0.909073	 1.71487	 1.71481	 1.7148	 1.71474	 1.71483	 
1.84	 0.381	 0.678	 -0.99	 0.377684	 0.671938	 -0.973786	 0.374068	 0.665884	 -0.957635	 0.370377	 0.659742	 -0.941533	 0.366968	 0.653643	 -0.925354	 0.363705	 0.647663	 -0.9091	 1.71269	 1.71261	 1.71272	 1.71243	 1.71266	 
1.85	 0.381	 0.678	 -0.99	 0.377368	 0.672078	 -0.973815	 0.374024	 0.665875	 -0.957673	 0.370655	 0.659647	 -0.941546	 0.367068	 0.653659	 -0.925376	 0.363483	 0.64774	 -0.90918	 1.71097	 1.71093	 1.71097	 1.71088	 1.71084	 
1.86	 0.381	 0.678	 -0.99	 0.377259	 0.672033	 -0.973866	 0.373934	 0.665865	 -0.957717	 0.37079	 0.659703	 -0.941528	 0.367201	 0.653699	 -0.925375	 0.363303	 0.647714	 -0.909283	 1.70962	 1.70954	 1.70963	 1.70951	 1.70982	 
1.87	 0.381	 0.678	 -0.99	 0.377374	 0.671851	 -0.97392	 0.373983	 0.665883	 -0.957722	 0.370667	 0.659867	 -0.941525	 0.367118	 0.65373	 -0.925424	 0.36343	 0.647636	 -0.909338	 1.70795	 1.70789	 1.70797	 1.70778	 1.70795	 
1.88	 0.381	 0.678	 -0.99	 0.377623	 0.671809	 -0.973892	 0.374074	 0.665842	 -0.957737	 0.370387	 0.65995	 -0.941585	 0.366923	 0.653825	 -0.92547	 0.363676	 0.647563	 -0.909363	 1.70654	 1.7065	 1.70656	 1.70651	 1.70652	 
1.89	 0.381	 0.678	 -0.99	 0.37781	 0.67189	 -0.973832	 0.374062	 0.665846	 -0.95776	 0.370248	 0.659886	 -0.941673	 0.366915	 0.653824	 -0.925517	 0.363743	 0.647636	 -0.909376	 1.70527	 1.70519	 1.7052	 1.7051	 1.70526	 
1.9	 0.381	 0.678	 -0.99	 0.377625	 0.671993	 -0.973844	 0.374023	 0.665927	 -0.95776	 0.370403	 0.659769	 -0.941715	 0.366971	 0.653721	 -0.925589	 0.36359	 0.647815	 -0.909398	 1.70344	 1.70336	 1.70344	 1.70318	 1.7033	 
1.91	 0.381	 0.678	 -0.99	 0.377288	 0.672094	 -0.973891	 0.373991	 0.665931	 -0.95779	 0.370687	 0.659709	 -0.941712	 0.367049	 0.653726	 -0.925615	 0.363367	 0.647858	 -0.909487	 1.70197	 1.70192	 1.70194	 1.70186	 1.70182	 
1.92	 0.381	 0.678	 -0.99	 0.377241	 0.672032	 -0.973936	 0.37392	 0.665896	 -0.95784	 0.370752	 0.659795	 -0.941698	 0.367139	 0.653798	 -0.925614	 0.363253	 0.647769	 -0.909602	 1.70047	 1.70038	 1.70047	 1.70026	 1.7006	 
1.93	 0.381	 0.678	 -0.99	 0.37745	 0.671829	 -0.973978	 0.37396	 0.665899	 -0.957853	 0.370547	 0.659953	 -0.941717	 0.367043	 0.653824	 -0.92567	 0.363421	 0.647687	 -0.909652	 1.69868	 1.69862	 1.69871	 1.6985	 1.69862	 
1.94	 0.381	 0.678	 -0.99	 0.377683	 0.671798	 -0.97395	 0.374074	 0.665867	 -0.957861	 0.3703	 0.659986	 -0.94179	 0.36686	 0.653867	 -0.925734	 0.363693	 0.647649	 -0.909659	 1.69737	 1.69732	 1.69738	 1.69734	 1.69742	 
1.95	 0.381	 0.678	 -0.99	 0.37776	 0.671949	 -0.973887	 0.374038	 0.665865	 -0.957891	 0.370227	 0.659865	 -0.941885	 0.366858	 0.653844	 -0.925788	 0.36368	 0.64771	 -0.909694	 1.69592	 1.69585	 1.69589	 1.69573	 1.69598	 
1.96	 0.381	 0.678	 -0.99	 0.37754	 0.672056	 -0.973906	 0.373979	 0.665949	 -0.957895	 0.370468	 0.659745	 -0.941911	 0.367	 0.65372	 -0.92585	 0.363472	 0.647849	 -0.909746	 1.69408	 1.69402	 1.69408	 1.69389	 1.69389	 
1.97	 0.381	 0.678	 -0.99	 0.377221	 0.672075	 -0.973982	 0.373959	 0.66595	 -0.957927	 0.370727	 0.65973	 -0.941901	 0.367054	 0.653716	 -0.925893	 0.363273	 0.647858	 -0.909852	 1.69248	 1.69242	 1.69241	 1.69235	 1.69237	 
1.98	 0.381	 0.678	 -0.99	 0.377258	 0.671978	 -0.974026	 0.373934	 0.665878	 -0.95799	 0.370705	 0.65985	 -0.941907	 0.367082	 0.653841	 -0.925903	 0.363266	 0.64774	 -0.909977	 1.69023	 1.69013	 1.6902	 1.68991	 1.6902	 
1.99	 0.381	 0.678	 -0.99	 0.377561	 0.671807	 -0.974043	 0.373964	 0.665887	 -0.958016	 0.370425	 0.660004	 -0.941964	 0.366979	 0.653887	 -0.92598	 0.363468	 0.647691	 -0.91004	 1.68758	 1.68752	 1.68758	 1.68739	 1.68741	 
2	 0.381	 0.678	 -0.99	 0.377735	 0.671828	 -0.974016	 0.374056	 0.66592	 -0.958022	 0.370207	 0.660013	 -0.942067	 0.366794	 0.653898	 -0.926093	 0.363676	 0.647752	 -0.910068	 1.68511	 1.68504	 1.68509	 1.68499	 1.6852	 
2.01	 0.381	 0.678	 -0.99	 0.37767	 0.672044	 -0.973968	 0.374024	 0.665941	 -0.958061	 0.370265	 0.659887	 -0.942161	 0.366824	 0.653915	 -0.92616	 0.363579	 0.647887	 -0.910137	 1.68218	 1.6821	 1.68219	 1.68196	 1.68222	 
2.02	 0.381	 0.678	 -0.99	 0.37741	 0.672137	 -0.974009	 0.373912	 0.666012	 -0.958096	 0.370531	 0.659819	 -0.942184	 0.366999	 0.653871	 -0.926212	 0.363287	 0.648049	 -0.910234	 1.67951	 1.67947	 1.67953	 1.67945	 1.67942	 
2.03	 0.381	 0.678	 -0.99	 0.377172	 0.672058	 -0.974108	 0.373893	 0.666035	 -0.958125	 0.370699	 0.659911	 -0.942163	 0.367016	 0.653913	 -0.926259	 0.363145	 0.648073	 -0.910339	 1.67746	 1.67738	 1.67741	 1.67734	 1.67753	 
2.04	 0.381	 0.678	 -0.99	 0.377311	 0.671948	 -0.974132	 0.373926	 0.665966	 -0.958171	 0.370553	 0.660072	 -0.942174	 0.366934	 0.654074	 -0.926271	 0.36326	 0.647946	 -0.91043	 1.67533	 1.67525	 1.67534	 1.67509	 1.67524	 
2.05	 0.381	 0.678	 -0.99	 0.37767	 0.671866	 -0.974094	 0.373951	 0.665975	 -0.958183	 0.370237	 0.660173	 -0.942238	 0.366832	 0.654123	 -0.926317	 0.363467	 0.647917	 -0.910447	 1.67396	 1.67391	 1.67396	 1.67388	 1.67386	 
2.06	 0.381	 0.678	 -0.99	 0.377749	 0.671932	 -0.974059	 0.374007	 0.666043	 -0.95816	 0.370133	 0.660103	 -0.942311	 0.366724	 0.654047	 -0.9264	 0.363559	 0.648041	 -0.910418	 1.67302	 1.67293	 1.67301	 1.67282	 1.67312	 
2.07	 0.381	 0.678	 -0.99	 0.377504	 0.672141	 -0.974041	 0.373968	 0.666048	 -0.958179	 0.37033	 0.65994	 -0.942345	 0.36678	 0.654026	 -0.92642	 0.363375	 0.648159	 -0.910444	 1.67193	 1.67187	 1.67198	 1.67175	 1.6719	 
2.08	 0.381	 0.678	 -0.99	 0.377257	 0.672183	 -0.974085	 0.373842	 0.666052	 -0.958214	 0.370583	 0.659908	 -0.942316	 0.366963	 0.65402	 -0.926398	 0.363082	 0.648192	 -0.91052	 1.67147	 1.67142	 1.67147	 1.67144	 1.67153	 
2.09	 0.381	 0.678	 -0.99	 0.37721	 0.672002	 -0.974168	 0.37385	 0.666066	 -0.958216	 0.370618	 0.660053	 -0.942266	 0.366962	 0.654034	 -0.926412	 0.363066	 0.648116	 -0.910574	 1.67086	 1.67078	 1.67087	 1.67067	 1.67099	 
2.1	 0.381	 0.678	 -0.99	 0.37743	 0.671886	 -0.974167	 0.373928	 0.666007	 -0.95823	 0.370348	 0.660188	 -0.942288	 0.366766	 0.654141	 -0.926433	 0.363289	 0.647975	 -0.9106	 1.67007	 1.67002	 1.67007	 1.66994	 1.66993	 
2.11	 0.381	 0.678	 -0.99	 0.377736	 0.671924	 -0.974089	 0.37395	 0.66599	 -0.95824	 0.370092	 0.660177	 -0.942363	 0.366696	 0.654173	 -0.926453	 0.363469	 0.647982	 -0.910578	 1.66974	 1.66968	 1.66971	 1.66964	 1.66976	 
2.12	 0.381	 0.678	 -0.99	 0.377675	 0.67203	 -0.974066	 0.373923	 0.666068	 -0.958225	 0.370129	 0.660039	 -0.942418	 0.366701	 0.654052	 -0.926515	 0.363391	 0.64816	 -0.910549	 1.66907	 1.66898	 1.66905	 1.66879	 1.669	 
2.13	 0.381	 0.678	 -0.99	 0.37732	 0.672166	 -0.974098	 0.373893	 0.666087	 -0.958231	 0.370429	 0.659922	 -0.942404	 0.366781	 0.65401	 -0.926524	 0.363155	 0.648255	 -0.910581	 1.66854	 1.66848	 1.66856	 1.66841	 1.66842	 
2.14	 0.381	 0.678	 -0.99	 0.377158	 0.67215	 -0.974142	 0.373814	 0.666046	 -0.958267	 0.370599	 0.659974	 -0.942353	 0.366903	 0.654082	 -0.926477	 0.362956	 0.648175	 -0.910665	 1.66851	 1.66843	 1.66848	 1.66836	 1.66861	 
2.15	 0.381	 0.678	 -0.99	 0.377321	 0.671935	 -0.974187	 0.373819	 0.666046	 -0.958268	 0.370444	 0.660152	 -0.942322	 0.366847	 0.654114	 -0.926481	 0.363044	 0.648058	 -0.910693	 1.66814	 1.66807	 1.66821	 1.66794	 1.66821	 
2.16	 0.381	 0.678	 -0.99	 0.377581	 0.671842	 -0.974163	 0.373933	 0.666026	 -0.958248	 0.370153	 0.660229	 -0.942357	 0.366634	 0.65415	 -0.926512	 0.363327	 0.648003	 -0.910647	 1.66832	 1.66828	 1.66833	 1.66829	 1.66829	 
2.17	 0.381	 0.678	 -0.99	 0.37771	 0.671996	 -0.974075	 0.373937	 0.666004	 -0.958253	 0.370024	 0.660111	 -0.942427	 0.366582	 0.654156	 -0.926516	 0.363399	 0.648063	 -0.910602	 1.66864	 1.66855	 1.66864	 1.66848	 1.66881	 
2.18	 0.381	 0.678	 -0.99	 0.377526	 0.672141	 -0.97406	 0.373845	 0.666077	 -0.958243	 0.370208	 0.659961	 -0.942437	 0.366708	 0.654038	 -0.926527	 0.363172	 0.648214	 -0.910588	 1.66863	 1.66857	 1.66863	 1.66844	 1.66847	 
2.19	 0.381	 0.678	 -0.99	 0.377177	 0.672152	 -0.974133	 0.373806	 0.666112	 -0.958236	 0.370492	 0.659932	 -0.94238	 0.366778	 0.653977	 -0.926528	 0.36293	 0.648236	 -0.910628	 1.66901	 1.66895	 1.66901	 1.66892	 1.66898	 
2.2	 0.381	 0.678	 -0.99	 0.377143	 0.672055	 -0.974176	 0.373798	 0.66603	 -0.958267	 0.370516	 0.660051	 -0.942328	 0.366786	 0.654096	 -0.926479	 0.362901	 0.648079	 -0.91069	 1.66915	 1.66905	 1.66909	 1.66887	 1.66911	 
2.21	 0.381	 0.678	 -0.99	 0.377465	 0.671878	 -0.97417	 0.373816	 0.665988	 -0.958278	 0.370236	 0.66019	 -0.942337	 0.366705	 0.654155	 -0.926474	 0.363089	 0.647966	 -0.910689	 1.66896	 1.66889	 1.66901	 1.66877	 1.66885	 
2.22	 0.381	 0.678	 -0.99	 0.377682	 0.67185	 -0.974132	 0.373896	 0.66602	 -0.958248	 0.369988	 0.660178	 -0.942398	 0.36653	 0.654101	 -0.926532	 0.363307	 0.648013	 -0.91062	 1.66927	 1.6692	 1.66922	 1.66915	 1.66929	 
2.23	 0.381	 0.678	 -0.99	 0.377596	 0.672071	 -0.974066	 0.373896	 0.666031	 -0.958242	 0.370039	 0.660007	 -0.942448	 0.366513	 0.654068	 -0.926546	 0.363246	 0.64812	 -0.91059	 1.66917	 1.66908	 1.66923	 1.66894	 1.6693	 
2.24	 0.381	 0.678	 -0.99	 0.377341	 0.672208	 -0.974071	 0.373781	 0.666061	 -0.958253	 0.370316	 0.659893	 -0.942423	 0.366704	 0.654014	 -0.926515	 0.362939	 0.648206	 -0.910618	 1.6694	 1.66936	 1.6694	 1.66933	 1.6693	 
2.25	 0.381	 0.678	 -0.99	 0.377119	 0.672083	 -0.974165	 0.373732	 0.666084	 -0.958248	 0.370484	 0.659972	 -0.942344	 0.366752	 0.653988	 -0.926499	 0.362758	 0.648177	 -0.910651	 1.67011	 1.67004	 1.67013	 1.67002	 1.6703	 
2.26	 0.381	 0.678	 -0.99	 0.377224	 0.671928	 -0.974194	 0.373794	 0.666009	 -0.958252	 0.370354	 0.660131	 -0.942297	 0.366645	 0.654108	 -0.926458	 0.362905	 0.648008	 -0.910654	 1.67069	 1.67063	 1.67068	 1.67047	 1.67058	 
2.27	 0.381	 0.678	 -0.99	 0.377581	 0.671876	 -0.974125	 0.373816	 0.665965	 -0.958248	 0.37002	 0.660194	 -0.942326	 0.366525	 0.654167	 -0.926432	 0.363117	 0.647914	 -0.910605	 1.67176	 1.67171	 1.67179	 1.67168	 1.67173	 
2.28	 0.381	 0.678	 -0.99	 0.377703	 0.671942	 -0.974064	 0.373843	 0.666036	 -0.958199	 0.369903	 0.660092	 -0.942367	 0.366459	 0.654043	 -0.926461	 0.363198	 0.648023	 -0.910503	 1.67312	 1.67304	 1.67307	 1.67291	 1.67314	 
2.29	 0.381	 0.678	 -0.99	 0.377436	 0.672127	 -0.974046	 0.373828	 0.66606	 -0.958174	 0.370114	 0.659911	 -0.942358	 0.366496	 0.653962	 -0.926446	 0.363034	 0.648148	 -0.910448	 1.6741	 1.67402	 1.67416	 1.67387	 1.67408	 
2.3	 0.381	 0.678	 -0.99	 0.377164	 0.672191	 -0.974075	 0.373716	 0.666017	 -0.958198	 0.370377	 0.659855	 -0.942294	 0.36666	 0.65398	 -0.926365	 0.362743	 0.648134	 -0.910473	 1.67559	 1.67554	 1.67555	 1.67552	 1.67556	 
2.31	 0.381	 0.678	 -0.99	 0.377146	 0.671989	 -0.974146	 0.373689	 0.666011	 -0.958188	 0.370406	 0.659999	 -0.942206	 0.366698	 0.653985	 -0.926319	 0.36269	 0.648022	 -0.910484	 1.67677	 1.67667	 1.67681	 1.67656	 1.67697	 
2.32	 0.381	 0.678	 -0.99	 0.377362	 0.671825	 -0.97415	 0.373791	 0.665978	 -0.958162	 0.370158	 0.660144	 -0.942183	 0.366508	 0.65404	 -0.92631	 0.362934	 0.647877	 -0.910442	 1.67774	 1.67771	 1.67774	 1.67761	 1.6776	 
2.33	 0.381	 0.678	 -0.99	 0.377649	 0.671894	 -0.974051	 0.373837	 0.665938	 -0.95815	 0.369897	 0.660113	 -0.942231	 0.3664	 0.654086	 -0.926284	 0.363137	 0.647854	 -0.910365	 1.67907	 1.67899	 1.67907	 1.67898	 1.67917	 
2.34	 0.381	 0.678	 -0.99	 0.377634	 0.672027	 -0.973997	 0.373783	 0.665999	 -0.958125	 0.369907	 0.659952	 -0.942266	 0.366433	 0.653966	 -0.926293	 0.363058	 0.648018	 -0.910283	 1.68008	 1.68	 1.68003	 1.67982	 1.68	 
2.35	 0.381	 0.678	 -0.99	 0.377281	 0.672133	 -0.974028	 0.373748	 0.66605	 -0.958096	 0.3702	 0.659833	 -0.942219	 0.366514	 0.653876	 -0.926274	 0.362829	 0.64814	 -0.910248	 1.68109	 1.68102	 1.68113	 1.68094	 1.68101	 
2.36	 0.381	 0.678	 -0.99	 0.377069	 0.67213	 -0.97407	 0.373693	 0.665996	 -0.958112	 0.370402	 0.659875	 -0.942132	 0.366614	 0.65395	 -0.926188	 0.362633	 0.648034	 -0.910287	 1.68261	 1.68254	 1.68255	 1.68246	 1.68262	 
2.37	 0.381	 0.678	 -0.99	 0.377226	 0.671928	 -0.974099	 0.373678	 0.665967	 -0.958106	 0.370276	 0.660049	 -0.942063	 0.366602	 0.654	 -0.926132	 0.362688	 0.647871	 -0.910286	 1.68374	 1.68365	 1.68382	 1.68351	 1.68385	 
2.38	 0.381	 0.678	 -0.99	 0.3775	 0.671784	 -0.974081	 0.373782	 0.665966	 -0.958061	 0.369985	 0.66014	 -0.942062	 0.366409	 0.653997	 -0.926132	 0.362973	 0.647809	 -0.910188	 1.68535	 1.68532	 1.68536	 1.68531	 1.68528	 
2.39	 0.381	 0.678	 -0.99	 0.377646	 0.671924	 -0.973981	 0.373831	 0.665928	 -0.958037	 0.369837	 0.660014	 -0.942105	 0.366321	 0.653996	 -0.926101	 0.363115	 0.647856	 -0.910074	 1.68726	 1.68717	 1.6873	 1.68713	 1.6875	 
2.4	 0.381	 0.678	 -0.99	 0.377518	 0.672103	 -0.97393	 0.373742	 0.665965	 -0.958017	 0.369979	 0.659826	 -0.942102	 0.366441	 0.65389	 -0.926059	 0.36292	 0.647991	 -0.909999	 1.689	 1.68895	 1.68899	 1.68881	 1.68889	 
2.41	 0.381	 0.678	 -0.99	 0.37718	 0.672117	 -0.973986	 0.373696	 0.666021	 -0.957975	 0.370287	 0.659772	 -0.942007	 0.366557	 0.653784	 -0.926011	 0.362678	 0.648039	 -0.909961	 1.69118	 1.69112	 1.69122	 1.69111	 1.6912	 
2.42	 0.381	 0.678	 -0.99	 0.377049	 0.672024	 -0.974035	 0.373685	 0.665948	 -0.957974	 0.370378	 0.659875	 -0.941901	 0.366566	 0.653871	 -0.925915	 0.3626	 0.647873	 -0.909962	 1.69353	 1.69345	 1.69347	 1.69332	 1.69353	 
2.43	 0.381	 0.678	 -0.99	 0.377321	 0.67185	 -0.974022	 0.373694	 0.665878	 -0.957966	 0.370154	 0.660021	 -0.941846	 0.36652	 0.653952	 -0.925829	 0.362754	 0.647697	 -0.909913	 1.6955	 1.69541	 1.69557	 1.69528	 1.69548	 
2.44	 0.381	 0.678	 -0.99	 0.377601	 0.671764	 -0.973976	 0.373778	 0.665905	 -0.957905	 0.369879	 0.660047	 -0.941853	 0.366366	 0.653894	 -0.925822	 0.363016	 0.647698	 -0.909772	 1.69796	 1.69791	 1.69792	 1.69788	 1.6979	 
2.45	 0.381	 0.678	 -0.99	 0.377607	 0.671953	 -0.973887	 0.373815	 0.665912	 -0.957862	 0.369837	 0.65988	 -0.941877	 0.366295	 0.65384	 -0.925795	 0.363069	 0.647786	 -0.909649	 1.70011	 1.7	 1.70015	 1.69988	 1.7003	 
2.46	 0.381	 0.678	 -0.99	 0.377403	 0.672146	 -0.973846	 0.37372	 0.665927	 -0.957849	 0.370068	 0.659709	 -0.941844	 0.366462	 0.653774	 -0.925723	 0.362821	 0.647879	 -0.909595	 1.70204	 1.70199	 1.70202	 1.70187	 1.70188	 
2.47	 0.381	 0.678	 -0.99	 0.37712	 0.672077	 -0.973921	 0.373655	 0.665963	 -0.957819	 0.370328	 0.659719	 -0.941738	 0.366581	 0.653699	 -0.925664	 0.362587	 0.647887	 -0.909572	 1.70425	 1.70417	 1.70427	 1.70415	 1.70434	 
2.48	 0.381	 0.678	 -0.99	 0.377084	 0.671918	 -0.973975	 0.373699	 0.665893	 -0.957809	 0.370348	 0.659862	 -0.941637	 0.366549	 0.653789	 -0.925582	 0.36263	 0.647719	 -0.909554	 1.70624	 1.70616	 1.70619	 1.70599	 1.70619	 
2.49	 0.381	 0.678	 -0.99	 0.3774	 0.671799	 -0.973933	 0.373722	 0.665812	 -0.957803	 0.370068	 0.659976	 -0.941612	 0.366462	 0.653881	 -0.925507	 0.362832	 0.64755	 -0.909498	 1.7081	 1.70802	 1.70816	 1.70793	 1.70805	 
2.5	 0.381	 0.678	 -0.99	 0.377658	 0.67178	 -0.973867	 0.373779	 0.665861	 -0.957742	 0.36983	 0.659947	 -0.941632	 0.366355	 0.653792	 -0.925503	 0.363046	 0.647593	 -0.909356	 1.71053	 1.71047	 1.71047	 1.71041	 1.71051	 
2.51	 0.381	 0.678	 -0.99	 0.37757	 0.671967	 -0.9738	 0.37381	 0.665887	 -0.957691	 0.369883	 0.659759	 -0.94164	 0.36632	 0.6537	 -0.92548	 0.363039	 0.647716	 -0.90923	 1.71262	 1.71252	 1.71269	 1.71238	 1.71278	 
2.52	 0.381	 0.678	 -0.99	 0.377314	 0.672138	 -0.973777	 0.37371	 0.665868	 -0.95769	 0.370145	 0.659605	 -0.94159	 0.366489	 0.653666	 -0.92539	 0.362769	 0.647771	 -0.909188	 1.71486	 1.71483	 1.71485	 1.71475	 1.71472	 
2.53	 0.381	 0.678	 -0.99	 0.377098	 0.672027	 -0.973851	 0.373641	 0.66589	 -0.957663	 0.370358	 0.659661	 -0.941474	 0.366614	 0.653617	 -0.925315	 0.36257	 0.647727	 -0.909169	 1.71727	 1.71718	 1.71729	 1.71715	 1.71744	 
2.54	 0.381	 0.678	 -0.99	 0.377125	 0.671839	 -0.973902	 0.373702	 0.665842	 -0.957641	 0.370307	 0.659825	 -0.941382	 0.366536	 0.653683	 -0.925254	 0.362672	 0.647544	 -0.909145	 1.71913	 1.71906	 1.71909	 1.71887	 1.71904	 
2.55	 0.381	 0.678	 -0.99	 0.377453	 0.671767	 -0.973843	 0.373748	 0.665763	 -0.957636	 0.370017	 0.659913	 -0.941378	 0.366432	 0.65378	 -0.925193	 0.362905	 0.647398	 -0.909091	 1.72063	 1.72056	 1.72067	 1.72047	 1.72057	 
2.56	 0.381	 0.678	 -0.99	 0.37769	 0.671791	 -0.973774	 0.373792	 0.66581	 -0.957593	 0.36983	 0.659848	 -0.941421	 0.366377	 0.653695	 -0.925204	 0.363086	 0.647491	 -0.908972	 1.72209	 1.72201	 1.722	 1.7219	 1.72203	 
2.57	 0.381	 0.678	 -0.99	 0.377542	 0.67197	 -0.973732	 0.373811	 0.665859	 -0.957556	 0.369938	 0.659667	 -0.941444	 0.36637	 0.653598	 -0.925217	 0.363043	 0.647657	 -0.908889	 1.72273	 1.72262	 1.72277	 1.72244	 1.7228	 
2.58	 0.381	 0.678	 -0.99	 0.377268	 0.672133	 -0.973728	 0.373728	 0.665843	 -0.957571	 0.370226	 0.659551	 -0.941407	 0.366545	 0.653598	 -0.925156	 0.362786	 0.647698	 -0.908903	 1.72351	 1.72347	 1.72348	 1.7234	 1.72336	 
2.59	 0.381	 0.678	 -0.99	 0.377109	 0.672003	 -0.973805	 0.373669	 0.665856	 -0.957564	 0.370416	 0.659645	 -0.941309	 0.366685	 0.653585	 -0.9251	 0.362631	 0.647636	 -0.908926	 1.72462	 1.72453	 1.72466	 1.72449	 1.72482	 
2.6	 0.381	 0.678	 -0.99	 0.377178	 0.671786	 -0.973861	 0.37374	 0.665812	 -0.957547	 0.370325	 0.659818	 -0.941234	 0.366594	 0.653647	 -0.92506	 0.362783	 0.647476	 -0.908902	 1.72586	 1.72581	 1.72586	 1.72566	 1.72581	 
2.61	 0.381	 0.678	 -0.99	 0.377504	 0.671737	 -0.973792	 0.373804	 0.665725	 -0.957535	 0.370045	 0.659874	 -0.941232	 0.366493	 0.653736	 -0.924989	 0.363052	 0.647343	 -0.90882	 1.72784	 1.72778	 1.72792	 1.72777	 1.72788	 
2.62	 0.381	 0.678	 -0.99	 0.377714	 0.671802	 -0.973703	 0.373822	 0.665772	 -0.957477	 0.369873	 0.659771	 -0.941253	 0.36645	 0.653622	 -0.924967	 0.363189	 0.647411	 -0.90867	 1.73069	 1.73063	 1.73065	 1.73057	 1.73075	 
2.63	 0.381	 0.678	 -0.99	 0.377543	 0.671974	 -0.973653	 0.373847	 0.665834	 -0.957403	 0.370028	 0.659577	 -0.941224	 0.366472	 0.653473	 -0.924929	 0.363124	 0.647538	 -0.908526	 1.73354	 1.73345	 1.73363	 1.73332	 1.73364	 
2.64	 0.381	 0.678	 -0.99	 0.377256	 0.672107	 -0.973644	 0.373769	 0.665786	 -0.957392	 0.370317	 0.659454	 -0.941137	 0.366634	 0.653461	 -0.924804	 0.36287	 0.647533	 -0.908466	 1.73689	 1.73686	 1.73687	 1.7368	 1.73678	 
2.65	 0.381	 0.678	 -0.99	 0.377122	 0.671951	 -0.973709	 0.373701	 0.665764	 -0.957368	 0.370475	 0.659543	 -0.941	 0.366768	 0.653457	 -0.924684	 0.362731	 0.647444	 -0.908416	 1.74019	 1.74009	 1.74022	 1.74003	 1.74038	 
2.66	 0.381	 0.678	 -0.99	 0.377213	 0.671726	 -0.973754	 0.373776	 0.665731	 -0.957326	 0.370368	 0.659717	 -0.940899	 0.36667	 0.6535	 -0.924612	 0.362892	 0.647282	 -0.908343	 1.74282	 1.74275	 1.74278	 1.74256	 1.74269	 
2.67	 0.381	 0.678	 -0.99	 0.377532	 0.671704	 -0.973675	 0.373848	 0.665663	 -0.957302	 0.37009	 0.659773	 -0.94089	 0.366554	 0.653586	 -0.92454	 0.36315	 0.647155	 -0.908254	 1.74503	 1.74495	 1.74505	 1.74487	 1.74498	 
2.68	 0.381	 0.678	 -0.99	 0.377741	 0.671784	 -0.973589	 0.373869	 0.665713	 -0.957257	 0.369936	 0.659677	 -0.940927	 0.366528	 0.653502	 -0.924533	 0.363281	 0.64726	 -0.908129	 1.74684	 1.74675	 1.74674	 1.74661	 1.74678	 
2.69	 0.381	 0.678	 -0.99	 0.377565	 0.671942	 -0.97356	 0.373886	 0.665775	 -0.957215	 0.370088	 0.659497	 -0.940938	 0.366557	 0.653382	 -0.924542	 0.363225	 0.647442	 -0.908037	 1.74762	 1.7475	 1.74764	 1.74731	 1.74763	 
2.7	 0.381	 0.678	 -0.99	 0.377274	 0.672084	 -0.973567	 0.373807	 0.665744	 -0.957236	 0.370373	 0.659397	 -0.940901	 0.366716	 0.653399	 -0.924484	 0.362985	 0.647467	 -0.908059	 1.74825	 1.7482	 1.74821	 1.74812	 1.74808	 
2.71	 0.381	 0.678	 -0.99	 0.377147	 0.671952	 -0.973641	 0.373751	 0.665749	 -0.95724	 0.370549	 0.659507	 -0.940814	 0.366866	 0.653406	 -0.924437	 0.362853	 0.647378	 -0.908108	 1.74874	 1.74863	 1.74876	 1.74855	 1.74889	 
2.72	 0.381	 0.678	 -0.99	 0.377232	 0.671728	 -0.973705	 0.373827	 0.665728	 -0.957229	 0.370455	 0.659695	 -0.940757	 0.366777	 0.653456	 -0.92443	 0.36301	 0.647224	 -0.90812	 1.74891	 1.74884	 1.74889	 1.74867	 1.74882	 
2.73	 0.381	 0.678	 -0.99	 0.377545	 0.67169	 -0.973647	 0.373898	 0.665645	 -0.957235	 0.370181	 0.659752	 -0.940784	 0.366666	 0.653554	 -0.924401	 0.363276	 0.647106	 -0.908088	 1.74939	 1.74933	 1.74945	 1.74929	 1.74941	 
2.74	 0.381	 0.678	 -0.99	 0.377766	 0.671765	 -0.973565	 0.37392	 0.665686	 -0.957204	 0.370017	 0.659651	 -0.94084	 0.36664	 0.653465	 -0.924417	 0.363423	 0.647198	 -0.90799	 1.75047	 1.75041	 1.75043	 1.75033	 1.7505	 
2.75	 0.381	 0.678	 -0.99	 0.377604	 0.671928	 -0.973529	 0.373937	 0.665752	 -0.957156	 0.370149	 0.659459	 -0.940854	 0.366652	 0.653319	 -0.924431	 0.363364	 0.647358	 -0.907897	 1.75154	 1.75145	 1.75162	 1.75132	 1.75166	 
2.76	 0.381	 0.678	 -0.99	 0.377323	 0.672072	 -0.973525	 0.373874	 0.665713	 -0.957161	 0.370447	 0.65934	 -0.940798	 0.366821	 0.653323	 -0.924344	 0.363134	 0.647381	 -0.907876	 1.75329	 1.75326	 1.75329	 1.75322	 1.75321	 
2.77	 0.381	 0.678	 -0.99	 0.377175	 0.671933	 -0.973593	 0.373804	 0.665698	 -0.957151	 0.370626	 0.659431	 -0.940681	 0.366967	 0.653329	 -0.924251	 0.362979	 0.647303	 -0.907866	 1.75545	 1.75536	 1.7555	 1.75533	 1.75566	 
2.78	 0.381	 0.678	 -0.99	 0.37724	 0.671708	 -0.973649	 0.373876	 0.66568	 -0.957114	 0.370552	 0.659623	 -0.940581	 0.366889	 0.653377	 -0.924192	 0.36312	 0.647144	 -0.907821	 1.75744	 1.75738	 1.75743	 1.75722	 1.75739	 
2.79	 0.381	 0.678	 -0.99	 0.377552	 0.671672	 -0.97358	 0.37395	 0.665612	 -0.957093	 0.370285	 0.6597	 -0.940566	 0.36678	 0.653475	 -0.92412	 0.363378	 0.647002	 -0.907747	 1.75937	 1.7593	 1.75941	 1.75923	 1.75936	 
2.8	 0.381	 0.678	 -0.99	 0.37779	 0.671736	 -0.973494	 0.373976	 0.665656	 -0.957049	 0.370103	 0.659619	 -0.940602	 0.366746	 0.653401	 -0.924109	 0.363548	 0.647094	 -0.907618	 1.76124	 1.76116	 1.76117	 1.76106	 1.76122	 
2.81	 0.381	 0.678	 -0.99	 0.377659	 0.671895	 -0.973454	 0.374001	 0.665716	 -0.957003	 0.370209	 0.659433	 -0.940622	 0.366753	 0.653278	 -0.92412	 0.36353	 0.64728	 -0.907511	 1.76221	 1.76209	 1.76224	 1.76191	 1.76227	 
2.82	 0.381	 0.678	 -0.99	 0.377387	 0.672065	 -0.973445	 0.373934	 0.665692	 -0.957019	 0.370494	 0.659307	 -0.940595	 0.366919	 0.653283	 -0.924065	 0.363308	 0.647327	 -0.907518	 1.76284	 1.76278	 1.76279	 1.76267	 1.76265	 
2.83	 0.381	 0.678	 -0.99	 0.377212	 0.67196	 -0.97352	 0.373864	 0.665706	 -0.957025	 0.370702	 0.659394	 -0.940514	 0.367072	 0.653277	 -0.924028	 0.363127	 0.647265	 -0.907574	 1.76316	 1.76304	 1.76316	 1.76297	 1.76325	 
2.84	 0.381	 0.678	 -0.99	 0.37724	 0.671733	 -0.973601	 0.373936	 0.665681	 -0.957024	 0.370678	 0.659585	 -0.940454	 0.367023	 0.653336	 -0.924026	 0.363241	 0.647116	 -0.907614	 1.76283	 1.76275	 1.76279	 1.76256	 1.76274	 
2.85	 0.381	 0.678	 -0.99	 0.377538	 0.671656	 -0.973569	 0.373995	 0.665587	 -0.957052	 0.370415	 0.659678	 -0.940484	 0.366924	 0.65346	 -0.924013	 0.36349	 0.646983	 -0.907629	 1.76222	 1.76214	 1.76226	 1.76203	 1.76216	 
2.86	 0.381	 0.678	 -0.99	 0.377807	 0.671691	 -0.973504	 0.374036	 0.665627	 -0.957039	 0.37021	 0.659621	 -0.940565	 0.366879	 0.653394	 -0.924067	 0.363696	 0.647063	 -0.907578	 1.7618	 1.76172	 1.76173	 1.76163	 1.76175	 
2.87	 0.381	 0.678	 -0.99	 0.377725	 0.671871	 -0.973459	 0.374078	 0.665704	 -0.957011	 0.370278	 0.659442	 -0.940632	 0.366863	 0.653269	 -0.924137	 0.363712	 0.647234	 -0.907537	 1.76092	 1.7608	 1.76096	 1.76064	 1.76102	 
2.88	 0.381	 0.678	 -0.99	 0.377473	 0.67207	 -0.973444	 0.374015	 0.665693	 -0.95704	 0.370553	 0.659302	 -0.940643	 0.367028	 0.653269	 -0.924124	 0.363498	 0.647307	 -0.907581	 1.76012	 1.76007	 1.7601	 1.75996	 1.75996	 
2.89	 0.381	 0.678	 -0.99	 0.377264	 0.671975	 -0.973528	 0.373943	 0.665708	 -0.957058	 0.370796	 0.659372	 -0.940579	 0.367203	 0.653269	 -0.924105	 0.363308	 0.647296	 -0.90765	 1.75958	 1.75949	 1.75961	 1.75945	 1.7597	 
2.9	 0.381	 0.678	 -0.99	 0.377239	 0.671754	 -0.973621	 0.373988	 0.665684	 -0.957069	 0.370794	 0.65957	 -0.94052	 0.36716	 0.653345	 -0.924107	 0.36338	 0.647161	 -0.907709	 1.75889	 1.75881	 1.75886	 1.75864	 1.75886	 
2.91	 0.381	 0.678	 -0.99	 0.377528	 0.671672	 -0.973595	 0.374043	 0.665608	 -0.957093	 0.370546	 0.659701	 -0.940536	 0.367071	 0.653485	 -0.92409	 0.363616	 0.647011	 -0.907738	 1.75809	 1.75801	 1.75815	 1.75791	 1.75808	 
2.92	 0.381	 0.678	 -0.99	 0.37782	 0.671688	 -0.973533	 0.374093	 0.665655	 -0.957076	 0.370314	 0.659674	 -0.940611	 0.367004	 0.653434	 -0.924143	 0.363833	 0.647083	 -0.907689	 1.75765	 1.75758	 1.75761	 1.75752	 1.75762	 
2.93	 0.381	 0.678	 -0.99	 0.377774	 0.671862	 -0.973482	 0.374141	 0.665721	 -0.95705	 0.370343	 0.659499	 -0.940685	 0.366968	 0.65333	 -0.924211	 0.363876	 0.647275	 -0.907635	 1.75681	 1.75669	 1.75685	 1.75655	 1.75693	 
2.94	 0.381	 0.678	 -0.99	 0.377537	 0.672076	 -0.973459	 0.374076	 0.665712	 -0.957081	 0.370601	 0.659343	 -0.940709	 0.367127	 0.653329	 -0.924204	 0.363671	 0.647377	 -0.907672	 1.75584	 1.75578	 1.75581	 1.75565	 1.75567	 
2.95	 0.381	 0.678	 -0.99	 0.377303	 0.672006	 -0.973541	 0.373997	 0.665742	 -0.9571	 0.370858	 0.659397	 -0.940656	 0.3673	 0.653313	 -0.9242	 0.363457	 0.647377	 -0.907753	 1.75498	 1.75488	 1.755	 1.75483	 1.75505	 
2.96	 0.381	 0.678	 -0.99	 0.377249	 0.671791	 -0.973641	 0.374039	 0.665718	 -0.957117	 0.370891	 0.659593	 -0.940601	 0.367272	 0.653386	 -0.924213	 0.363496	 0.647237	 -0.907838	 1.75385	 1.75376	 1.75381	 1.75359	 1.75382	 
2.97	 0.381	 0.678	 -0.99	 0.377529	 0.671684	 -0.97363	 0.374096	 0.665628	 -0.957155	 0.370663	 0.659732	 -0.940621	 0.367199	 0.653533	 -0.924206	 0.363726	 0.647078	 -0.907892	 1.75247	 1.75238	 1.75253	 1.75227	 1.75244	 
2.98	 0.381	 0.678	 -0.99	 0.377831	 0.67168	 -0.973578	 0.374141	 0.665668	 -0.957149	 0.370405	 0.659719	 -0.940708	 0.367114	 0.653488	 -0.924276	 0.363952	 0.647136	 -0.907865	 1.75147	 1.7514	 1.75142	 1.75134	 1.75142	 
2.99	 0.381	 0.678	 -0.99	 0.377813	 0.67186	 -0.973522	 0.374197	 0.665741	 -0.957126	 0.370411	 0.659546	 -0.940795	 0.36707	 0.65338	 -0.92436	 0.364023	 0.64732	 -0.907825	 1.75021	 1.75009	 1.75024	 1.74995	 1.75034	 
3	 0.381	 0.678	 -0.99	 0.377583	 0.672088	 -0.973494	 0.374128	 0.665737	 -0.95716	 0.370651	 0.659379	 -0.940834	 0.367215	 0.653375	 -0.924367	 0.363818	 0.647434	 -0.907869	 1.74889	 1.74883	 1.74888	 1.7487	 1.74874	 
3.01	 0.381	 0.678	 -0.99	 0.377335	 0.672025	 -0.973578	 0.374045	 0.665764	 -0.957184	 0.370919	 0.659425	 -0.940787	 0.367393	 0.653364	 -0.924367	 0.363591	 0.647456	 -0.907951	 1.74781	 1.74772	 1.74783	 1.74766	 1.74787	 
3.02	 0.381	 0.678	 -0.99	 0.377261	 0.671808	 -0.973684	 0.374079	 0.665744	 -0.957204	 0.370967	 0.659626	 -0.940731	 0.367371	 0.653443	 -0.924381	 0.363608	 0.647323	 -0.908044	 1.74653	 1.74644	 1.74649	 1.74627	 1.74651	 
3.03	 0.381	 0.678	 -0.99	 0.377531	 0.671704	 -0.973677	 0.374128	 0.665666	 -0.957242	 0.370733	 0.659783	 -0.940749	 0.367284	 0.653594	 -0.924383	 0.363816	 0.647149	 -0.908117	 1.74491	 1.74482	 1.74496	 1.74469	 1.7449	 
3.04	 0.381	 0.678	 -0.99	 0.377846	 0.671702	 -0.973623	 0.374182	 0.665712	 -0.957238	 0.370472	 0.659781	 -0.94084	 0.367197	 0.653557	 -0.92446	 0.364047	 0.647204	 -0.908104	 1.74353	 1.74347	 1.7435	 1.74341	 1.7435	 
3.05	 0.381	 0.678	 -0.99	 0.377838	 0.671873	 -0.973573	 0.374234	 0.665777	 -0.957225	 0.370463	 0.659604	 -0.940944	 0.367144	 0.653453	 -0.924559	 0.364118	 0.647409	 -0.908074	 1.74177	 1.74165	 1.7418	 1.74151	 1.7419	 
3.06	 0.381	 0.678	 -0.99	 0.377602	 0.672102	 -0.97355	 0.374164	 0.665769	 -0.957272	 0.370698	 0.659432	 -0.941	 0.367283	 0.653456	 -0.924583	 0.363914	 0.647545	 -0.908133	 1.73977	 1.73972	 1.73976	 1.73958	 1.73963	 
3.07	 0.381	 0.678	 -0.99	 0.377351	 0.672049	 -0.973636	 0.374076	 0.6658	 -0.957305	 0.370966	 0.65948	 -0.940969	 0.367459	 0.653446	 -0.924606	 0.363673	 0.647558	 -0.90825	 1.73792	 1.73782	 1.73794	 1.73777	 1.73797	 
3.08	 0.381	 0.678	 -0.99	 0.37728	 0.671828	 -0.97375	 0.374107	 0.665791	 -0.957334	 0.371008	 0.659692	 -0.940926	 0.367428	 0.653518	 -0.924647	 0.363676	 0.647416	 -0.908378	 1.73584	 1.73575	 1.7358	 1.73558	 1.73582	 
3.09	 0.381	 0.678	 -0.99	 0.37755	 0.671715	 -0.97375	 0.374163	 0.665705	 -0.957384	 0.370772	 0.659849	 -0.940962	 0.367334	 0.653676	 -0.924668	 0.363892	 0.647252	 -0.908471	 1.73349	 1.73341	 1.73355	 1.73328	 1.73347	 
3.1	 0.381	 0.678	 -0.99	 0.377864	 0.67172	 -0.973699	 0.374205	 0.665736	 -0.957396	 0.370503	 0.659833	 -0.941073	 0.367249	 0.653651	 -0.924758	 0.364121	 0.647322	 -0.908474	 1.73153	 1.73145	 1.7315	 1.73139	 1.7315	 
3.11	 0.381	 0.678	 -0.99	 0.37784	 0.671902	 -0.97365	 0.374244	 0.665821	 -0.957385	 0.370495	 0.659654	 -0.941186	 0.367191	 0.653532	 -0.924875	 0.364168	 0.647533	 -0.908462	 1.72934	 1.72923	 1.72938	 1.7291	 1.72947	 
3.12	 0.381	 0.678	 -0.99	 0.37759	 0.672139	 -0.973629	 0.374186	 0.66583	 -0.957425	 0.370753	 0.659495	 -0.941236	 0.367332	 0.653528	 -0.924907	 0.363953	 0.647648	 -0.908537	 1.72718	 1.72712	 1.72718	 1.72699	 1.72704	 
3.13	 0.381	 0.678	 -0.99	 0.377348	 0.672075	 -0.973717	 0.374092	 0.665846	 -0.957465	 0.371007	 0.659559	 -0.941201	 0.3675	 0.65354	 -0.924922	 0.363702	 0.647639	 -0.908663	 1.72536	 1.72526	 1.72538	 1.72521	 1.72542	 
3.14	 0.381	 0.678	 -0.99	 0.377308	 0.67182	 -0.973836	 0.374127	 0.665829	 -0.957493	 0.371025	 0.659783	 -0.941155	 0.367467	 0.653618	 -0.924956	 0.363735	 0.647509	 -0.908774	 1.72342	 1.72333	 1.7234	 1.72316	 1.72341	 
3.15	 0.381	 0.678	 -0.99	 0.377586	 0.671716	 -0.973829	 0.374189	 0.665746	 -0.957537	 0.370762	 0.659926	 -0.941195	 0.367345	 0.653769	 -0.924978	 0.363969	 0.647362	 -0.908847	 1.72141	 1.72132	 1.72146	 1.72121	 1.72138	 
3.16	 0.381	 0.678	 -0.99	 0.377892	 0.671774	 -0.973757	 0.374223	 0.665783	 -0.957543	 0.370503	 0.659881	 -0.941307	 0.367265	 0.65374	 -0.925058	 0.364171	 0.647444	 -0.908839	 1.71978	 1.71971	 1.71976	 1.71964	 1.7198	 
3.17	 0.381	 0.678	 -0.99	 0.377833	 0.671959	 -0.973712	 0.374252	 0.66588	 -0.957524	 0.370538	 0.659692	 -0.941407	 0.367233	 0.653604	 -0.925165	 0.364171	 0.64768	 -0.908813	 1.71792	 1.71781	 1.71797	 1.71767	 1.71804	 
3.18	 0.381	 0.678	 -0.99	 0.377536	 0.67216	 -0.973711	 0.374185	 0.665876	 -0.957565	 0.37081	 0.659551	 -0.941439	 0.367359	 0.653612	 -0.925184	 0.363928	 0.647791	 -0.908882	 1.7162	 1.71615	 1.71621	 1.71606	 1.71611	 
3.19	 0.381	 0.678	 -0.99	 0.377322	 0.672073	 -0.973799	 0.374084	 0.66587	 -0.957608	 0.371028	 0.65965	 -0.941388	 0.367511	 0.653661	 -0.925175	 0.363684	 0.647734	 -0.909008	 1.71488	 1.71478	 1.7149	 1.71473	 1.71499	 
3.2	 0.381	 0.678	 -0.99	 0.377346	 0.671801	 -0.973906	 0.374121	 0.665869	 -0.957621	 0.370979	 0.65989	 -0.941337	 0.367445	 0.653719	 -0.925207	 0.36374	 0.647576	 -0.909103	 1.71347	 1.71339	 1.71347	 1.71323	 1.71346	 
3.21	 0.381	 0.678	 -0.99	 0.377636	 0.671725	 -0.973881	 0.374198	 0.665801	 -0.957646	 0.370687	 0.660002	 -0.941381	 0.367282	 0.653839	 -0.925229	 0.36399	 0.647449	 -0.909141	 1.71219	 1.7121	 1.71223	 1.71202	 1.71218	 
3.22	 0.381	 0.678	 -0.99	 0.377905	 0.671841	 -0.97379	 0.374215	 0.66582	 -0.957654	 0.370458	 0.659898	 -0.941496	 0.367219	 0.653807	 -0.92529	 0.364149	 0.647559	 -0.909109	 1.71116	 1.71108	 1.71115	 1.711	 1.71121	 
3.23	 0.381	 0.678	 -0.99	 0.377781	 0.672022	 -0.973758	 0.374207	 0.665923	 -0.957637	 0.37054	 0.659698	 -0.941583	 0.367216	 0.653654	 -0.925389	 0.364071	 0.647807	 -0.909084	 1.70959	 1.70948	 1.70962	 1.70932	 1.70964	 
3.24	 0.381	 0.678	 -0.99	 0.377448	 0.672175	 -0.973785	 0.374147	 0.665928	 -0.957675	 0.370838	 0.659605	 -0.941595	 0.367331	 0.653664	 -0.925414	 0.363806	 0.647883	 -0.909178	 1.70776	 1.70769	 1.70775	 1.70758	 1.70764	 
3.25	 0.381	 0.678	 -0.99	 0.377291	 0.67206	 -0.973878	 0.374062	 0.665895	 -0.957738	 0.37101	 0.659753	 -0.941554	 0.367463	 0.653769	 -0.925415	 0.363601	 0.647781	 -0.909346	 1.70549	 1.70538	 1.70547	 1.70525	 1.70554	 
3.26	 0.381	 0.678	 -0.99	 0.3774	 0.671771	 -0.973986	 0.374096	 0.665895	 -0.957776	 0.370875	 0.660009	 -0.941553	 0.367368	 0.653849	 -0.925494	 0.363707	 0.647664	 -0.909477	 1.70232	 1.70222	 1.70228	 1.702	 1.70218	 
3.27	 0.381	 0.678	 -0.99	 0.377695	 0.671735	 -0.973962	 0.374191	 0.665862	 -0.957818	 0.370571	 0.660091	 -0.941662	 0.367184	 0.653957	 -0.925592	 0.363989	 0.647637	 -0.909553	 1.69881	 1.6987	 1.6988	 1.69858	 1.6987	 
3.28	 0.381	 0.678	 -0.99	 0.37789	 0.67195	 -0.973866	 0.374188	 0.665901	 -0.957858	 0.370398	 0.65995	 -0.941834	 0.367138	 0.653944	 -0.925715	 0.364077	 0.647802	 -0.909606	 1.69518	 1.69508	 1.69514	 1.69492	 1.69518	 
3.29	 0.381	 0.678	 -0.99	 0.377698	 0.672138	 -0.973862	 0.37415	 0.66603	 -0.957868	 0.370569	 0.65978	 -0.941936	 0.3672	 0.653806	 -0.925855	 0.36391	 0.648058	 -0.909673	 1.69141	 1.69132	 1.69147	 1.69117	 1.69141	 
3.3	 0.381	 0.678	 -0.99	 0.377337	 0.67219	 -0.973941	 0.374095	 0.666036	 -0.957921	 0.370873	 0.659767	 -0.941941	 0.367298	 0.653833	 -0.925908	 0.363641	 0.648098	 -0.909822	 1.68854	 1.68848	 1.68857	 1.68845	 1.68857	 
3.31	 0.381	 0.678	 -0.99	 0.377265	 0.672023	 -0.974035	 0.374027	 0.665951	 -0.957997	 0.370943	 0.659957	 -0.941899	 0.367369	 0.653987	 -0.925895	 0.363516	 0.647919	 -0.90999	 1.68648	 1.68639	 1.68653	 1.68632	 1.68667	 
3.32	 0.381	 0.678	 -0.99	 0.377502	 0.671759	 -0.974091	 0.37407	 0.665938	 -0.95801	 0.370704	 0.660162	 -0.941898	 0.367249	 0.654026	 -0.92594	 0.36369	 0.647778	 -0.910048	 1.68516	 1.6851	 1.68523	 1.68504	 1.68518	 
3.33	 0.381	 0.678	 -0.99	 0.377769	 0.671784	 -0.974027	 0.37417	 0.665938	 -0.957993	 0.370413	 0.660126	 -0.941983	 0.367047	 0.654001	 -0.926004	 0.363951	 0.647783	 -0.910004	 1.68492	 1.68485	 1.68496	 1.68483	 1.68502	 
3.34	 0.381	 0.678	 -0.99	 0.377823	 0.672064	 -0.97391	 0.374148	 0.665943	 -0.957997	 0.370365	 0.659881	 -0.942086	 0.367042	 0.653931	 -0.926032	 0.363935	 0.647921	 -0.909955	 1.68494	 1.68485	 1.68496	 1.68471	 1.68501	 
3.35	 0.381	 0.678	 -0.99	 0.377552	 0.67219	 -0.97392	 0.374058	 0.666007	 -0.957991	 0.370613	 0.659711	 -0.942095	 0.367171	 0.653783	 -0.926058	 0.363666	 0.648067	 -0.909958	 1.68483	 1.68475	 1.68487	 1.68463	 1.68478	 
3.36	 0.381	 0.678	 -0.99	 0.377231	 0.672087	 -0.974032	 0.374016	 0.665994	 -0.958011	 0.37087	 0.65978	 -0.942023	 0.367238	 0.653784	 -0.926055	 0.363441	 0.647989	 -0.910049	 1.68464	 1.68455	 1.68462	 1.68445	 1.68467	 
3.37	 0.381	 0.678	 -0.99	 0.377289	 0.671895	 -0.974099	 0.374006	 0.665886	 -0.958068	 0.370815	 0.659989	 -0.941976	 0.367227	 0.653945	 -0.926025	 0.363454	 0.647731	 -0.91018	 1.68356	 1.68345	 1.68355	 1.68326	 1.68357	 
3.38	 0.381	 0.678	 -0.99	 0.377624	 0.671737	 -0.974097	 0.374046	 0.665878	 -0.958086	 0.370496	 0.66012	 -0.94203	 0.367093	 0.653975	 -0.926089	 0.363676	 0.647633	 -0.910227	 1.68189	 1.68181	 1.68188	 1.68169	 1.6818	 
3.39	 0.381	 0.678	 -0.99	 0.377809	 0.671841	 -0.974032	 0.374125	 0.665942	 -0.958074	 0.37028	 0.660011	 -0.942164	 0.366926	 0.653892	 -0.926216	 0.363867	 0.647786	 -0.910202	 1.67996	 1.67986	 1.67993	 1.67973	 1.67998	 
3.4	 0.381	 0.678	 -0.99	 0.377688	 0.672149	 -0.973959	 0.374087	 0.665969	 -0.958105	 0.370378	 0.659782	 -0.942278	 0.366964	 0.653864	 -0.926285	 0.363738	 0.647997	 -0.910233	 1.67752	 1.67743	 1.67753	 1.67725	 1.67748	 
3.41	 0.381	 0.678	 -0.99	 0.377384	 0.672226	 -0.974012	 0.373962	 0.666016	 -0.958146	 0.370656	 0.659742	 -0.942279	 0.367121	 0.653853	 -0.926316	 0.363396	 0.648111	 -0.910342	 1.6754	 1.67532	 1.67541	 1.67524	 1.67534	 
3.42	 0.381	 0.678	 -0.99	 0.377186	 0.672007	 -0.974151	 0.373934	 0.666035	 -0.95817	 0.370794	 0.659963	 -0.942203	 0.367132	 0.65393	 -0.926335	 0.363241	 0.648037	 -0.910466	 1.67375	 1.67366	 1.67377	 1.67356	 1.67386	 
3.43	 0.381	 0.678	 -0.99	 0.377359	 0.671826	 -0.974189	 0.373965	 0.665958	 -0.958208	 0.370576	 0.660198	 -0.942186	 0.366988	 0.654126	 -0.926325	 0.363362	 0.647861	 -0.910546	 1.67245	 1.67236	 1.6725	 1.67225	 1.67247	 
3.44	 0.381	 0.678	 -0.99	 0.377716	 0.671831	 -0.974112	 0.373992	 0.665955	 -0.95821	 0.370231	 0.660223	 -0.942264	 0.366845	 0.654173	 -0.926352	 0.363566	 0.647884	 -0.910509	 1.67207	 1.672	 1.67214	 1.67199	 1.67218	 
3.45	 0.381	 0.678	 -0.99	 0.377764	 0.672007	 -0.974034	 0.374011	 0.666059	 -0.958165	 0.370139	 0.660033	 -0.942353	 0.366752	 0.654025	 -0.926425	 0.363599	 0.648126	 -0.910406	 1.67222	 1.67213	 1.67226	 1.67205	 1.67236	 
3.46	 0.381	 0.678	 -0.99	 0.377471	 0.672241	 -0.974007	 0.373955	 0.666087	 -0.958159	 0.37037	 0.659839	 -0.942363	 0.366816	 0.653965	 -0.926418	 0.363359	 0.648271	 -0.910386	 1.67262	 1.67255	 1.67269	 1.67248	 1.67265	 
3.47	 0.381	 0.678	 -0.99	 0.377207	 0.672211	 -0.974071	 0.373839	 0.666048	 -0.958189	 0.37062	 0.659884	 -0.942275	 0.366968	 0.654011	 -0.926345	 0.363054	 0.648183	 -0.91046	 1.67355	 1.67346	 1.67354	 1.67341	 1.67358	 
3.48	 0.381	 0.678	 -0.99	 0.377209	 0.671902	 -0.974182	 0.373835	 0.666024	 -0.958188	 0.370592	 0.660123	 -0.942175	 0.366935	 0.654054	 -0.926315	 0.363038	 0.647992	 -0.910509	 1.67422	 1.67412	 1.67425	 1.67397	 1.67427	 
3.49	 0.381	 0.678	 -0.99	 0.377477	 0.671756	 -0.974173	 0.373926	 0.665965	 -0.958181	 0.370297	 0.660248	 -0.94218	 0.366739	 0.654129	 -0.926314	 0.36329	 0.647851	 -0.910484	 1.67479	 1.6747	 1.67479	 1.67458	 1.67467	 
3.5	 0.381	 0.678	 -0.99	 0.377746	 0.671921	 -0.974048	 0.373943	 0.66595	 -0.958177	 0.370037	 0.66011	 -0.942281	 0.366632	 0.654111	 -0.926331	 0.363443	 0.647918	 -0.910409	 1.67535	 1.67525	 1.67536	 1.67514	 1.67543	 
3.51	 0.381	 0.678	 -0.99	 0.377649	 0.672135	 -0.973987	 0.373901	 0.666055	 -0.958143	 0.370108	 0.659884	 -0.942344	 0.366657	 0.653941	 -0.926382	 0.36332	 0.648157	 -0.910337	 1.67551	 1.67541	 1.67552	 1.67524	 1.67548	 
3.52	 0.381	 0.678	 -0.99	 0.377278	 0.672224	 -0.974035	 0.373844	 0.666093	 -0.958138	 0.37041	 0.659808	 -0.942301	 0.36674	 0.653893	 -0.926375	 0.363035	 0.648239	 -0.910363	 1.6757	 1.67561	 1.67575	 1.67554	 1.67573	 
3.53	 0.381	 0.678	 -0.99	 0.377111	 0.672097	 -0.974119	 0.373763	 0.66601	 -0.958185	 0.370545	 0.65997	 -0.942206	 0.366814	 0.654039	 -0.926298	 0.362832	 0.648063	 -0.910467	 1.67602	 1.67594	 1.676	 1.67583	 1.67609	 
3.54	 0.381	 0.678	 -0.99	 0.377298	 0.671818	 -0.97418	 0.373767	 0.665977	 -0.958193	 0.370346	 0.660209	 -0.942155	 0.366725	 0.654122	 -0.926281	 0.362927	 0.64789	 -0.910503	 1.67609	 1.676	 1.67614	 1.67587	 1.67612	 
3.55	 0.381	 0.678	 -0.99	 0.377581	 0.671764	 -0.974135	 0.373862	 0.665987	 -0.958164	 0.370025	 0.660235	 -0.942212	 0.366502	 0.654105	 -0.926329	 0.363189	 0.647885	 -0.910436	 1.67648	 1.67641	 1.67646	 1.67633	 1.67642	 
3.56	 0.381	 0.678	 -0.99	 0.377685	 0.672038	 -0.974006	 0.373867	 0.66599	 -0.958157	 0.369905	 0.660001	 -0.942321	 0.366432	 0.654047	 -0.926359	 0.363229	 0.648019	 -0.910366	 1.67679	 1.67668	 1.67681	 1.67654	 1.67687	 
3.57	 0.381	 0.678	 -0.99	 0.377471	 0.672232	 -0.973979	 0.373778	 0.666048	 -0.958152	 0.370112	 0.659793	 -0.942346	 0.366555	 0.653913	 -0.926374	 0.362977	 0.648187	 -0.910349	 1.67698	 1.67689	 1.67698	 1.67674	 1.67687	 
3.58	 0.381	 0.678	 -0.99	 0.377124	 0.672143	 -0.974089	 0.373717	 0.666062	 -0.958155	 0.370389	 0.659829	 -0.942262	 0.366634	 0.65387	 -0.926361	 0.36271	 0.648159	 -0.910408	 1.67741	 1.67732	 1.67746	 1.67725	 1.67752	 
3.59	 0.381	 0.678	 -0.99	 0.377095	 0.671937	 -0.97417	 0.373704	 0.665953	 -0.958193	 0.370391	 0.660037	 -0.942173	 0.366619	 0.65402	 -0.926295	 0.362671	 0.647899	 -0.910498	 1.67786	 1.67777	 1.67787	 1.67765	 1.67792	 
3.6	 0.381	 0.678	 -0.99	 0.377414	 0.671768	 -0.974155	 0.373728	 0.665904	 -0.958195	 0.370087	 0.660186	 -0.94217	 0.366498	 0.654084	 -0.926276	 0.362855	 0.647731	 -0.910493	 1.67848	 1.6784	 1.67856	 1.67834	 1.67857	 
3.61	 0.381	 0.678	 -0.99	 0.377648	 0.671823	 -0.974074	 0.373798	 0.665968	 -0.958139	 0.369822	 0.660093	 -0.942242	 0.36632	 0.65397	 -0.926329	 0.363057	 0.647832	 -0.910369	 1.67974	 1.67967	 1.67974	 1.67962	 1.67981	 
3.62	 0.381	 0.678	 -0.99	 0.37756	 0.672116	 -0.973972	 0.373782	 0.665992	 -0.958112	 0.369861	 0.65983	 -0.9423	 0.366297	 0.65388	 -0.926325	 0.36298	 0.648011	 -0.910265	 1.68113	 1.68103	 1.6812	 1.68092	 1.68124	 
3.63	 0.381	 0.678	 -0.99	 0.377271	 0.672249	 -0.973975	 0.373657	 0.665997	 -0.958112	 0.370125	 0.659707	 -0.942246	 0.366452	 0.653838	 -0.926252	 0.362651	 0.648085	 -0.910245	 1.68302	 1.68296	 1.68303	 1.68288	 1.68294	 
3.64	 0.381	 0.678	 -0.99	 0.377042	 0.672037	 -0.974092	 0.373605	 0.666002	 -0.958091	 0.370309	 0.659866	 -0.942098	 0.366509	 0.653843	 -0.926175	 0.362447	 0.647975	 -0.910256	 1.68525	 1.68514	 1.68529	 1.68506	 1.6854	 
3.65	 0.381	 0.678	 -0.99	 0.377141	 0.671804	 -0.974141	 0.373643	 0.665917	 -0.958083	 0.370166	 0.660086	 -0.941998	 0.366388	 0.653969	 -0.926091	 0.362534	 0.647731	 -0.910248	 1.68741	 1.68732	 1.68741	 1.68718	 1.68738	 
3.66	 0.381	 0.678	 -0.99	 0.377494	 0.671768	 -0.974057	 0.373678	 0.665858	 -0.958064	 0.369829	 0.660121	 -0.942014	 0.366248	 0.654022	 -0.926038	 0.362749	 0.647642	 -0.910151	 1.68965	 1.68956	 1.68971	 1.6895	 1.68974	 
3.67	 0.381	 0.678	 -0.99	 0.377639	 0.671904	 -0.973958	 0.373707	 0.66593	 -0.958	 0.369672	 0.65993	 -0.942078	 0.366153	 0.65386	 -0.92606	 0.362851	 0.647823	 -0.909984	 1.69188	 1.69179	 1.69185	 1.69167	 1.69192	 
3.68	 0.381	 0.678	 -0.99	 0.377412	 0.672144	 -0.973905	 0.373681	 0.665972	 -0.957961	 0.369845	 0.65969	 -0.942085	 0.366183	 0.653738	 -0.926043	 0.362689	 0.647987	 -0.909888	 1.69368	 1.69358	 1.69375	 1.69347	 1.69375	 
3.69	 0.381	 0.678	 -0.99	 0.37712	 0.672203	 -0.973937	 0.373574	 0.665939	 -0.957973	 0.370126	 0.659658	 -0.941993	 0.366347	 0.653755	 -0.925946	 0.362383	 0.647933	 -0.909913	 1.69566	 1.69558	 1.69562	 1.6955	 1.69558	 
3.7	 0.381	 0.678	 -0.99	 0.377028	 0.671932	 -0.974047	 0.373534	 0.66592	 -0.957962	 0.370201	 0.659873	 -0.941856	 0.366386	 0.65379	 -0.925872	 0.36228	 0.647746	 -0.909943	 1.69743	 1.69731	 1.69747	 1.69719	 1.69753	 
3.71	 0.381	 0.678	 -0.99	 0.377217	 0.671706	 -0.974077	 0.373607	 0.665862	 -0.957943	 0.369977	 0.660061	 -0.941799	 0.366224	 0.653869	 -0.92583	 0.362477	 0.647556	 -0.909906	 1.69913	 1.69905	 1.69912	 1.6989	 1.69902	 
3.72	 0.381	 0.678	 -0.99	 0.377539	 0.671781	 -0.97396	 0.373652	 0.665813	 -0.957923	 0.369675	 0.660001	 -0.941851	 0.366096	 0.653896	 -0.925794	 0.3627	 0.647538	 -0.909794	 1.70103	 1.70094	 1.70109	 1.70087	 1.70115	 
3.73	 0.381	 0.678	 -0.99	 0.377593	 0.671986	 -0.973857	 0.37364	 0.665897	 -0.957867	 0.369615	 0.659773	 -0.941909	 0.366071	 0.653731	 -0.925807	 0.362699	 0.647748	 -0.909645	 1.703	 1.70292	 1.703	 1.70278	 1.70303	 
3.74	 0.381	 0.678	 -0.99	 0.377292	 0.672154	 -0.973847	 0.373604	 0.665955	 -0.957823	 0.369862	 0.659594	 -0.941873	 0.366133	 0.653611	 -0.925777	 0.36248	 0.647899	 -0.909563	 1.70498	 1.70489	 1.70507	 1.70481	 1.70508	 
3.75	 0.381	 0.678	 -0.99	 0.377023	 0.672128	 -0.973903	 0.373516	 0.665886	 -0.957837	 0.37011	 0.65964	 -0.94175	 0.366262	 0.653691	 -0.925651	 0.362211	 0.647796	 -0.909581	 1.70743	 1.70737	 1.70741	 1.7073	 1.70744	 
3.76	 0.381	 0.678	 -0.99	 0.377044	 0.671841	 -0.973988	 0.373487	 0.665838	 -0.957825	 0.370089	 0.659876	 -0.941611	 0.366273	 0.65377	 -0.925547	 0.362179	 0.647596	 -0.909574	 1.70985	 1.70974	 1.70992	 1.70964	 1.70998	 
3.77	 0.381	 0.678	 -0.99	 0.377285	 0.671651	 -0.973985	 0.373575	 0.665817	 -0.957775	 0.369821	 0.660022	 -0.94156	 0.36609	 0.653798	 -0.925501	 0.362418	 0.64746	 -0.909473	 1.71256	 1.71249	 1.71255	 1.71238	 1.71244	 
3.78	 0.381	 0.678	 -0.99	 0.377548	 0.671805	 -0.973845	 0.373621	 0.665791	 -0.95773	 0.369561	 0.659897	 -0.941604	 0.365962	 0.653784	 -0.92545	 0.36261	 0.647479	 -0.909315	 1.71556	 1.71546	 1.71561	 1.71539	 1.7157	 
3.79	 0.381	 0.678	 -0.99	 0.377537	 0.672037	 -0.973738	 0.373587	 0.665859	 -0.957669	 0.369586	 0.659647	 -0.941626	 0.366001	 0.653624	 -0.925414	 0.362551	 0.647671	 -0.909145	 1.71864	 1.71855	 1.71863	 1.7184	 1.71863	 
3.8	 0.381	 0.678	 -0.99	 0.377208	 0.672132	 -0.973755	 0.373541	 0.665907	 -0.957614	 0.369863	 0.659507	 -0.941544	 0.366089	 0.653494	 -0.925348	 0.362318	 0.647774	 -0.909045	 1.72176	 1.72167	 1.72184	 1.7216	 1.72187	 
3.81	 0.381	 0.678	 -0.99	 0.37697	 0.672054	 -0.973816	 0.373477	 0.665825	 -0.957615	 0.370082	 0.659591	 -0.941394	 0.366199	 0.653578	 -0.9252	 0.362112	 0.647605	 -0.909041	 1.72511	 1.72504	 1.72509	 1.72496	 1.72514	 
3.82	 0.381	 0.678	 -0.99	 0.377061	 0.671782	 -0.973875	 0.373462	 0.665761	 -0.957597	 0.370012	 0.659813	 -0.941259	 0.366202	 0.653655	 -0.925082	 0.362138	 0.647368	 -0.909014	 1.72807	 1.72796	 1.72813	 1.72784	 1.72818	 
3.83	 0.381	 0.678	 -0.99	 0.377324	 0.671611	 -0.973859	 0.373557	 0.665747	 -0.957542	 0.369739	 0.659916	 -0.941224	 0.366028	 0.653647	 -0.925046	 0.3624	 0.647267	 -0.908891	 1.73089	 1.73082	 1.73086	 1.7307	 1.73075	 
3.84	 0.381	 0.678	 -0.99	 0.377549	 0.671785	 -0.973724	 0.373613	 0.665721	 -0.957503	 0.369528	 0.659756	 -0.94128	 0.365921	 0.653619	 -0.92501	 0.362586	 0.647329	 -0.908738	 1.73339	 1.73327	 1.73341	 1.73315	 1.73346	 
3.85	 0.381	 0.678	 -0.99	 0.377509	 0.672027	 -0.973628	 0.373572	 0.665779	 -0.957462	 0.36959	 0.659508	 -0.941315	 0.365988	 0.65348	 -0.92499	 0.362502	 0.647522	 -0.908613	 1.73537	 1.73527	 1.73533	 1.73508	 1.73528	 
3.86	 0.381	 0.678	 -0.99	 0.377182	 0.672099	 -0.973663	 0.373525	 0.665842	 -0.957424	 0.369875	 0.659407	 -0.941251	 0.366087	 0.653364	 -0.924961	 0.362269	 0.647619	 -0.908568	 1.737	 1.7369	 1.73706	 1.7368	 1.73706	 
3.87	 0.381	 0.678	 -0.99	 0.376961	 0.672004	 -0.973739	 0.373478	 0.665767	 -0.957441	 0.370086	 0.659521	 -0.941128	 0.366191	 0.653467	 -0.924855	 0.362097	 0.647455	 -0.908614	 1.73865	 1.73858	 1.73862	 1.73847	 1.73865	 
3.88	 0.381	 0.678	 -0.99	 0.377072	 0.671744	 -0.9738	 0.373464	 0.665701	 -0.957447	 0.37	 0.65975	 -0.941027	 0.366195	 0.65357	 -0.924771	 0.362148	 0.647234	 -0.90863	 1.74006	 1.73995	 1.74013	 1.73984	 1.74017	 
3.89	 0.381	 0.678	 -0.99	 0.37734	 0.671588	 -0.973786	 0.37356	 0.665704	 -0.9574	 0.369734	 0.659852	 -0.941013	 0.366038	 0.653559	 -0.924762	 0.362425	 0.647154	 -0.908535	 1.74181	 1.74175	 1.7418	 1.74166	 1.74172	 
3.9	 0.381	 0.678	 -0.99	 0.377552	 0.671776	 -0.973651	 0.373622	 0.665694	 -0.957359	 0.369539	 0.659693	 -0.941073	 0.365939	 0.653524	 -0.924738	 0.36262	 0.647218	 -0.908393	 1.74391	 1.74381	 1.74396	 1.74373	 1.74405	 
3.91	 0.381	 0.678	 -0.99	 0.377512	 0.672022	 -0.973551	 0.373585	 0.665746	 -0.957315	 0.369615	 0.659444	 -0.941098	 0.366021	 0.65339	 -0.924702	 0.362544	 0.647405	 -0.908254	 1.74627	 1.74618	 1.74627	 1.74604	 1.74625	 
3.92	 0.381	 0.678	 -0.99	 0.377195	 0.672076	 -0.973583	 0.373546	 0.665794	 -0.957266	 0.369911	 0.659337	 -0.941012	 0.36614	 0.653275	 -0.924639	 0.362334	 0.647509	 -0.908166	 1.7489	 1.74881	 1.74898	 1.74874	 1.74903	 
3.93	 0.381	 0.678	 -0.99	 0.376973	 0.671972	 -0.973653	 0.373504	 0.66571	 -0.957267	 0.370125	 0.659441	 -0.940865	 0.366247	 0.65337	 -0.924499	 0.362173	 0.647347	 -0.908162	 1.75185	 1.75178	 1.75184	 1.75171	 1.7519	 
3.94	 0.381	 0.678	 -0.99	 0.377081	 0.671721	 -0.973703	 0.373498	 0.665645	 -0.957253	 0.370059	 0.659665	 -0.940736	 0.366266	 0.653467	 -0.924379	 0.362227	 0.647115	 -0.908139	 1.75449	 1.75438	 1.75456	 1.75427	 1.75461	 
3.95	 0.381	 0.678	 -0.99	 0.377346	 0.671562	 -0.973686	 0.373597	 0.665652	 -0.957194	 0.369806	 0.659775	 -0.9407	 0.366118	 0.653453	 -0.92435	 0.3625	 0.647019	 -0.908027	 1.75693	 1.75687	 1.75689	 1.75674	 1.7568	 
3.96	 0.381	 0.678	 -0.99	 0.377569	 0.671733	 -0.973557	 0.373665	 0.665638	 -0.957155	 0.369609	 0.65963	 -0.940758	 0.366024	 0.653429	 -0.924324	 0.362713	 0.647081	 -0.907887	 1.75891	 1.75878	 1.75892	 1.75866	 1.75897	 
3.97	 0.381	 0.678	 -0.99	 0.377553	 0.671976	 -0.97346	 0.373634	 0.665688	 -0.957126	 0.369667	 0.659385	 -0.940808	 0.366105	 0.653304	 -0.924316	 0.362675	 0.647276	 -0.907775	 1.76022	 1.76011	 1.76017	 1.75992	 1.76012	 
3.98	 0.381	 0.678	 -0.99	 0.377248	 0.672057	 -0.973492	 0.3736	 0.66575	 -0.957097	 0.369953	 0.659267	 -0.940769	 0.366225	 0.653182	 -0.924309	 0.362489	 0.647394	 -0.907743	 1.76095	 1.76084	 1.761	 1.76072	 1.76099	 
3.99	 0.381	 0.678	 -0.99	 0.377014	 0.671986	 -0.973569	 0.373562	 0.665683	 -0.957125	 0.370199	 0.659357	 -0.940672	 0.366358	 0.653269	 -0.924234	 0.362329	 0.647249	 -0.907815	 1.76155	 1.76146	 1.76151	 1.76135	 1.76151	 
4	 0.381	 0.678	 -0.99	 0.37709	 0.67173	 -0.973644	 0.37356	 0.665618	 -0.957144	 0.370185	 0.659583	 -0.940581	 0.366415	 0.653369	 -0.924173	 0.362378	 0.647029	 -0.907874	 1.76182	 1.76171	 1.76188	 1.76159	 1.76192	 
4.01	 0.381	 0.678	 -0.99	 0.37734	 0.671539	 -0.973657	 0.373663	 0.665611	 -0.957118	 0.36996	 0.659719	 -0.94057	 0.366292	 0.653381	 -0.924182	 0.362664	 0.646927	 -0.90783	 1.76232	 1.76226	 1.76231	 1.76214	 1.76221	 
4.02	 0.381	 0.678	 -0.99	 0.377596	 0.671685	 -0.973539	 0.373745	 0.665592	 -0.957093	 0.369755	 0.659606	 -0.94064	 0.36621	 0.65338	 -0.924175	 0.362921	 0.646976	 -0.907724	 1.76321	 1.76311	 1.76327	 1.76303	 1.76333	 
4.03	 0.381	 0.678	 -0.99	 0.377625	 0.671929	 -0.973432	 0.373733	 0.665655	 -0.957055	 0.36978	 0.659373	 -0.940695	 0.366278	 0.653258	 -0.924172	 0.36293	 0.647181	 -0.907601	 1.76445	 1.76436	 1.76444	 1.76424	 1.76447	 
4.04	 0.381	 0.678	 -0.99	 0.377345	 0.672045	 -0.973439	 0.373713	 0.665726	 -0.957009	 0.370058	 0.659234	 -0.94065	 0.366397	 0.65314	 -0.924142	 0.36277	 0.64734	 -0.907519	 1.76596	 1.76587	 1.76605	 1.7658	 1.7661	 
4.05	 0.381	 0.678	 -0.99	 0.37709	 0.672008	 -0.973496	 0.373669	 0.665667	 -0.957016	 0.370328	 0.659297	 -0.940529	 0.366547	 0.653225	 -0.924025	 0.36259	 0.64724	 -0.90753	 1.76792	 1.76785	 1.76791	 1.76779	 1.76794	 
4.06	 0.381	 0.678	 -0.99	 0.377111	 0.671757	 -0.973572	 0.373651	 0.665614	 -0.957012	 0.370355	 0.659525	 -0.940397	 0.366616	 0.65332	 -0.923921	 0.362591	 0.64703	 -0.907543	 1.7697	 1.76959	 1.76976	 1.76948	 1.76982	 
4.07	 0.381	 0.678	 -0.99	 0.377331	 0.671543	 -0.973593	 0.373748	 0.665601	 -0.956973	 0.370156	 0.659692	 -0.940344	 0.366503	 0.653348	 -0.923891	 0.36285	 0.646893	 -0.90748	 1.77132	 1.77125	 1.77129	 1.77109	 1.77118	 
4.08	 0.381	 0.678	 -0.99	 0.377613	 0.671641	 -0.973484	 0.373828	 0.665562	 -0.956951	 0.369922	 0.659611	 -0.940397	 0.36641	 0.653362	 -0.923867	 0.363118	 0.646896	 -0.907373	 1.77266	 1.77254	 1.77269	 1.77243	 1.77271	 
4.09	 0.381	 0.678	 -0.99	 0.377698	 0.671859	 -0.973378	 0.373831	 0.665617	 -0.956917	 0.369891	 0.659381	 -0.94047	 0.366448	 0.653228	 -0.923883	 0.363178	 0.647082	 -0.907257	 1.77362	 1.77352	 1.77358	 1.77336	 1.77358	 
4.1	 0.381	 0.678	 -0.99	 0.377454	 0.672018	 -0.973366	 0.373823	 0.665692	 -0.95688	 0.370134	 0.659198	 -0.940471	 0.366545	 0.653079	 -0.923898	 0.363053	 0.647238	 -0.907202	 1.77416	 1.77404	 1.77421	 1.77393	 1.77422	 
4.11	 0.381	 0.678	 -0.99	 0.377183	 0.672039	 -0.973415	 0.373769	 0.665644	 -0.956904	 0.370424	 0.659206	 -0.940396	 0.366713	 0.653128	 -0.92383	 0.362854	 0.647159	 -0.907258	 1.77474	 1.77466	 1.77471	 1.77457	 1.77467	 
4.12	 0.381	 0.678	 -0.99	 0.377136	 0.671791	 -0.973514	 0.373743	 0.665595	 -0.956921	 0.370522	 0.659415	 -0.940287	 0.366819	 0.653208	 -0.923765	 0.362815	 0.646977	 -0.90732	 1.77511	 1.775	 1.77516	 1.77488	 1.7752	 
4.13	 0.381	 0.678	 -0.99	 0.377307	 0.671544	 -0.973568	 0.373834	 0.665565	 -0.95691	 0.370375	 0.659619	 -0.940236	 0.366736	 0.653276	 -0.92375	 0.363048	 0.646832	 -0.907313	 1.7754	 1.77532	 1.77538	 1.77516	 1.77527	 
4.14	 0.381	 0.678	 -0.99	 0.377617	 0.671596	 -0.97348	 0.373915	 0.665527	 -0.956902	 0.370125	 0.659612	 -0.940288	 0.366645	 0.653341	 -0.923738	 0.36333	 0.646814	 -0.907252	 1.7756	 1.77549	 1.77565	 1.77539	 1.77566	 
4.15	 0.381	 0.678	 -0.99	 0.37777	 0.671793	 -0.973374	 0.373947	 0.665606	 -0.956868	 0.370039	 0.659432	 -0.940376	 0.366652	 0.653237	 -0.923779	 0.363455	 0.647022	 -0.90715	 1.77561	 1.7755	 1.77557	 1.77536	 1.77559	 
4.16	 0.381	 0.678	 -0.99	 0.377579	 0.671994	 -0.973343	 0.373955	 0.665688	 -0.956841	 0.370233	 0.659237	 -0.940416	 0.366726	 0.653121	 -0.923818	 0.363381	 0.647252	 -0.907096	 1.77503	 1.77491	 1.77507	 1.77478	 1.7751	 
4.17	 0.381	 0.678	 -0.99	 0.377305	 0.672075	 -0.973379	 0.373896	 0.66566	 -0.956879	 0.37054	 0.659208	 -0.940383	 0.366917	 0.653177	 -0.923785	 0.36318	 0.647266	 -0.907169	 1.77414	 1.77407	 1.77409	 1.77394	 1.77402	 
4.18	 0.381	 0.678	 -0.99	 0.377186	 0.671862	 -0.973494	 0.373861	 0.665647	 -0.956912	 0.370706	 0.659411	 -0.940303	 0.367053	 0.653247	 -0.923772	 0.363097	 0.647125	 -0.907293	 1.77266	 1.77254	 1.77268	 1.77239	 1.7727	 
4.19	 0.381	 0.678	 -0.99	 0.377301	 0.671609	 -0.973578	 0.373942	 0.665623	 -0.956933	 0.370618	 0.659652	 -0.940275	 0.367	 0.653337	 -0.923808	 0.363292	 0.646942	 -0.907391	 1.77064	 1.77055	 1.7706	 1.77035	 1.77051	 
4.2	 0.381	 0.678	 -0.99	 0.377624	 0.671602	 -0.973528	 0.374025	 0.66557	 -0.956967	 0.37037	 0.659698	 -0.940358	 0.366929	 0.653426	 -0.923854	 0.363593	 0.646872	 -0.907435	 1.76832	 1.76821	 1.76837	 1.7681	 1.76838	 
4.21	 0.381	 0.678	 -0.99	 0.377831	 0.671752	 -0.973446	 0.374075	 0.665633	 -0.956968	 0.370235	 0.659538	 -0.940499	 0.366916	 0.653322	 -0.923964	 0.363789	 0.647052	 -0.907411	 1.76603	 1.76594	 1.76601	 1.76583	 1.76604	 
4.22	 0.381	 0.678	 -0.99	 0.377696	 0.67198	 -0.973405	 0.3741	 0.665709	 -0.956965	 0.370385	 0.659311	 -0.940599	 0.366975	 0.653192	 -0.924063	 0.363774	 0.647283	 -0.907407	 1.76369	 1.76358	 1.76375	 1.76347	 1.7638	 
4.23	 0.381	 0.678	 -0.99	 0.377429	 0.672107	 -0.973428	 0.374043	 0.66569	 -0.957013	 0.370697	 0.659228	 -0.940607	 0.367175	 0.653214	 -0.924069	 0.363575	 0.647331	 -0.9075	 1.76182	 1.76175	 1.7618	 1.76165	 1.76174	 
4.24	 0.381	 0.678	 -0.99	 0.37726	 0.67191	 -0.973548	 0.374002	 0.665677	 -0.957047	 0.370909	 0.659401	 -0.940529	 0.367328	 0.65327	 -0.924058	 0.363452	 0.647229	 -0.907618	 1.76032	 1.76022	 1.76039	 1.76013	 1.76044	 
4.25	 0.381	 0.678	 -0.99	 0.377331	 0.671642	 -0.973641	 0.374074	 0.66564	 -0.957063	 0.370864	 0.659657	 -0.940469	 0.367295	 0.653385	 -0.924057	 0.363604	 0.64705	 -0.907695	 1.75915	 1.75906	 1.75916	 1.75893	 1.75911	 
4.26	 0.381	 0.678	 -0.99	 0.37765	 0.671603	 -0.973595	 0.374148	 0.665591	 -0.957078	 0.37061	 0.659751	 -0.940505	 0.367214	 0.6535	 -0.924055	 0.363884	 0.646961	 -0.907701	 1.75819	 1.75809	 1.75827	 1.75802	 1.75831	 
4.27	 0.381	 0.678	 -0.99	 0.377885	 0.671737	 -0.973503	 0.374198	 0.665667	 -0.957052	 0.370428	 0.659629	 -0.940608	 0.367164	 0.653416	 -0.924122	 0.364089	 0.647132	 -0.907626	 1.75744	 1.75735	 1.75743	 1.75726	 1.75747	 
4.28	 0.381	 0.678	 -0.99	 0.377782	 0.671982	 -0.973439	 0.374224	 0.665751	 -0.957029	 0.370532	 0.659405	 -0.940691	 0.367193	 0.6533	 -0.924188	 0.364088	 0.64738	 -0.90757	 1.75633	 1.75621	 1.75638	 1.75609	 1.75642	 
4.29	 0.381	 0.678	 -0.99	 0.377516	 0.672142	 -0.973446	 0.374156	 0.665748	 -0.957066	 0.370824	 0.659305	 -0.940699	 0.367376	 0.653317	 -0.924185	 0.363874	 0.647461	 -0.907635	 1.75497	 1.75489	 1.75492	 1.75475	 1.75482	 
4.3	 0.381	 0.678	 -0.99	 0.377318	 0.67197	 -0.973563	 0.374106	 0.665751	 -0.9571	 0.371056	 0.659467	 -0.940629	 0.36753	 0.653364	 -0.924187	 0.36372	 0.647373	 -0.907766	 1.75316	 1.75303	 1.75317	 1.75289	 1.75318	 
4.31	 0.381	 0.678	 -0.99	 0.377357	 0.671699	 -0.973674	 0.374164	 0.665711	 -0.957137	 0.37103	 0.659728	 -0.940588	 0.367502	 0.653482	 -0.924217	 0.363836	 0.647185	 -0.907895	 1.75081	 1.75072	 1.75078	 1.75052	 1.75071	 
4.32	 0.381	 0.678	 -0.99	 0.377671	 0.671626	 -0.973655	 0.374235	 0.665644	 -0.957185	 0.370778	 0.659835	 -0.940657	 0.367422	 0.653608	 -0.924262	 0.364112	 0.647087	 -0.907971	 1.74805	 1.74794	 1.7481	 1.74781	 1.7481	 
4.33	 0.381	 0.678	 -0.99	 0.377926	 0.671739	 -0.973582	 0.374295	 0.665705	 -0.957193	 0.370584	 0.659718	 -0.940805	 0.367369	 0.65353	 -0.924387	 0.364339	 0.647254	 -0.907967	 1.74521	 1.74512	 1.74518	 1.745	 1.74519	 
4.34	 0.381	 0.678	 -0.99	 0.377846	 0.671993	 -0.973525	 0.374329	 0.665793	 -0.957196	 0.370675	 0.659487	 -0.940937	 0.367394	 0.653407	 -0.924515	 0.364354	 0.647508	 -0.907979	 1.74207	 1.74195	 1.74211	 1.74182	 1.74215	 
4.35	 0.381	 0.678	 -0.99	 0.377581	 0.672169	 -0.973536	 0.374267	 0.6658	 -0.957252	 0.370973	 0.65938	 -0.940984	 0.367579	 0.65342	 -0.924563	 0.364144	 0.647602	 -0.908099	 1.73895	 1.73888	 1.73893	 1.73874	 1.73883	 
4.36	 0.381	 0.678	 -0.99	 0.377374	 0.672001	 -0.973664	 0.374214	 0.665803	 -0.957307	 0.371214	 0.659546	 -0.94094	 0.367742	 0.653482	 -0.924597	 0.363984	 0.647528	 -0.908274	 1.73578	 1.73567	 1.73582	 1.73554	 1.73583	 
4.37	 0.381	 0.678	 -0.99	 0.377411	 0.671721	 -0.973786	 0.374268	 0.665769	 -0.957357	 0.371186	 0.659826	 -0.940914	 0.367714	 0.653616	 -0.924649	 0.3641	 0.647357	 -0.908434	 1.73243	 1.73233	 1.7324	 1.73214	 1.73234	 
4.38	 0.381	 0.678	 -0.99	 0.37773	 0.671659	 -0.973768	 0.374344	 0.665718	 -0.95741	 0.370928	 0.659946	 -0.940997	 0.367626	 0.653753	 -0.924716	 0.364382	 0.64727	 -0.908535	 1.72884	 1.72872	 1.72889	 1.7286	 1.72888	 
4.39	 0.381	 0.678	 -0.99	 0.377983	 0.671804	 -0.97369	 0.374395	 0.665793	 -0.957426	 0.370728	 0.659828	 -0.941163	 0.367567	 0.653683	 -0.924862	 0.364592	 0.647449	 -0.908558	 1.72519	 1.72509	 1.72516	 1.72497	 1.72517	 
4.4	 0.381	 0.678	 -0.99	 0.377879	 0.672059	 -0.973643	 0.374419	 0.665893	 -0.957439	 0.370835	 0.6596	 -0.941309	 0.367596	 0.653559	 -0.925013	 0.364579	 0.647721	 -0.908599	 1.7212	 1.72108	 1.72125	 1.72095	 1.72127	 
4.41	 0.381	 0.678	 -0.99	 0.377589	 0.672207	 -0.973676	 0.374354	 0.665889	 -0.957512	 0.371144	 0.659512	 -0.941365	 0.367776	 0.653588	 -0.925081	 0.364352	 0.64781	 -0.908754	 1.71725	 1.71717	 1.71722	 1.71704	 1.71714	 
4.42	 0.381	 0.678	 -0.99	 0.377406	 0.672013	 -0.973813	 0.374295	 0.66587	 -0.957586	 0.371354	 0.659703	 -0.941335	 0.367925	 0.653675	 -0.925129	 0.364195	 0.647706	 -0.908966	 1.71334	 1.71322	 1.71338	 1.71311	 1.7134	 
4.43	 0.381	 0.678	 -0.99	 0.377495	 0.671722	 -0.973932	 0.374357	 0.665844	 -0.957639	 0.371275	 0.659983	 -0.941328	 0.367868	 0.653794	 -0.925206	 0.364338	 0.647534	 -0.909137	 1.70951	 1.70942	 1.70951	 1.70926	 1.70943	 
4.44	 0.381	 0.678	 -0.99	 0.377821	 0.671702	 -0.973898	 0.37444	 0.665803	 -0.957688	 0.370989	 0.660055	 -0.941436	 0.367744	 0.6539	 -0.925294	 0.364624	 0.647482	 -0.909227	 1.70587	 1.70576	 1.70593	 1.70566	 1.70594	 
4.45	 0.381	 0.678	 -0.99	 0.378032	 0.671908	 -0.973803	 0.374471	 0.665872	 -0.957705	 0.370826	 0.659883	 -0.941609	 0.367705	 0.653823	 -0.92543	 0.364777	 0.647694	 -0.909239	 1.70252	 1.70242	 1.70252	 1.70231	 1.70255	 
4.46	 0.381	 0.678	 -0.99	 0.377856	 0.67214	 -0.973775	 0.374466	 0.665979	 -0.957712	 0.370991	 0.659667	 -0.941725	 0.367761	 0.65369	 -0.925561	 0.364683	 0.647966	 -0.909274	 1.69911	 1.69901	 1.69919	 1.6989	 1.69923	 
4.47	 0.381	 0.678	 -0.99	 0.377532	 0.672216	 -0.973836	 0.374397	 0.665971	 -0.957777	 0.371305	 0.659655	 -0.941736	 0.367918	 0.653746	 -0.925602	 0.364432	 0.647995	 -0.909431	 1.69593	 1.69586	 1.69593	 1.69576	 1.69589	 
4.48	 0.381	 0.678	 -0.99	 0.377428	 0.671987	 -0.973966	 0.374343	 0.665929	 -0.957849	 0.37143	 0.659903	 -0.941687	 0.368024	 0.653885	 -0.92562	 0.364315	 0.647825	 -0.909635	 1.6927	 1.69258	 1.69273	 1.69246	 1.69277	 
4.49	 0.381	 0.678	 -0.99	 0.377614	 0.671711	 -0.974056	 0.374412	 0.665917	 -0.957888	 0.371247	 0.660161	 -0.941699	 0.367916	 0.653983	 -0.925702	 0.36451	 0.647688	 -0.909765	 1.68935	 1.68926	 1.68933	 1.6891	 1.68924	 
4.5	 0.381	 0.678	 -0.99	 0.377922	 0.671774	 -0.973993	 0.374501	 0.665906	 -0.957921	 0.370955	 0.660143	 -0.941838	 0.367761	 0.654034	 -0.92581	 0.364789	 0.647731	 -0.909813	 1.68599	 1.68588	 1.68602	 1.68575	 1.68601	 
4.51	 0.381	 0.678	 -0.99	 0.378025	 0.672064	 -0.973888	 0.374498	 0.665968	 -0.957949	 0.370884	 0.659903	 -0.942017	 0.367764	 0.653951	 -0.92594	 0.364835	 0.647978	 -0.909834	 1.68259	 1.68249	 1.68257	 1.68231	 1.68255	 
4.52	 0.381	 0.678	 -0.99	 0.377755	 0.672233	 -0.973904	 0.37445	 0.666068	 -0.957969	 0.371135	 0.65974	 -0.942099	 0.367871	 0.65383	 -0.926061	 0.36463	 0.648205	 -0.909914	 1.67905	 1.67894	 1.67911	 1.67881	 1.6791	 
4.53	 0.381	 0.678	 -0.99	 0.377444	 0.672164	 -0.974018	 0.374402	 0.666044	 -0.958038	 0.371426	 0.659846	 -0.942074	 0.367996	 0.653921	 -0.926099	 0.364407	 0.648147	 -0.910103	 1.67573	 1.67564	 1.67574	 1.67555	 1.67575	 
4.54	 0.381	 0.678	 -0.99	 0.377481	 0.671908	 -0.97413	 0.374378	 0.665965	 -0.958119	 0.371409	 0.660132	 -0.94204	 0.368028	 0.654115	 -0.926114	 0.364403	 0.647927	 -0.910305	 1.67236	 1.67225	 1.67242	 1.67214	 1.67247	 
4.55	 0.381	 0.678	 -0.99	 0.377784	 0.67173	 -0.974159	 0.374451	 0.665981	 -0.958146	 0.371122	 0.660307	 -0.942104	 0.367888	 0.654174	 -0.926215	 0.364663	 0.647869	 -0.910389	 1.66912	 1.66903	 1.66911	 1.66892	 1.66905	 
4.56	 0.381	 0.678	 -0.99	 0.378004	 0.671915	 -0.974067	 0.374534	 0.666037	 -0.958152	 0.370898	 0.660173	 -0.942269	 0.367742	 0.654131	 -0.926352	 0.364883	 0.648041	 -0.910395	 1.66595	 1.66583	 1.66597	 1.66572	 1.66599	 
4.57	 0.381	 0.678	 -0.99	 0.377921	 0.672249	 -0.973982	 0.374491	 0.666093	 -0.958189	 0.370989	 0.659914	 -0.942419	 0.367808	 0.654065	 -0.926459	 0.364776	 0.648288	 -0.910442	 1.66263	 1.66253	 1.66261	 1.66235	 1.66253	 
4.58	 0.381	 0.678	 -0.99	 0.377596	 0.672287	 -0.974059	 0.374402	 0.666146	 -0.958236	 0.371299	 0.65988	 -0.942442	 0.367971	 0.654025	 -0.926538	 0.364488	 0.648399	 -0.910584	 1.65915	 1.65903	 1.65917	 1.65889	 1.65913	 
4.59	 0.381	 0.678	 -0.99	 0.377399	 0.672037	 -0.974221	 0.37438	 0.666107	 -0.958309	 0.371456	 0.660123	 -0.942398	 0.368011	 0.654148	 -0.926591	 0.364362	 0.648251	 -0.910798	 1.6555	 1.65539	 1.65548	 1.65523	 1.65548	 
4.6	 0.381	 0.678	 -0.99	 0.377613	 0.671824	 -0.974284	 0.374414	 0.666018	 -0.95839	 0.371253	 0.66037	 -0.94243	 0.367922	 0.654339	 -0.926648	 0.364515	 0.648048	 -0.910983	 1.6515	 1.65138	 1.65154	 1.65124	 1.65153	 
4.61	 0.381	 0.678	 -0.99	 0.37796	 0.671853	 -0.97423	 0.374471	 0.666054	 -0.958423	 0.370929	 0.66036	 -0.942588	 0.367779	 0.654331	 -0.926796	 0.364757	 0.648118	 -0.911048	 1.64757	 1.64747	 1.64757	 1.64737	 1.64758	 
4.62	 0.381	 0.678	 -0.99	 0.377983	 0.672122	 -0.974152	 0.3745	 0.666166	 -0.958429	 0.370877	 0.660118	 -0.942772	 0.367708	 0.65419	 -0.926974	 0.364795	 0.648406	 -0.911071	 1.64367	 1.64356	 1.64372	 1.64345	 1.64377	 
4.63	 0.381	 0.678	 -0.99	 0.377682	 0.672353	 -0.974153	 0.374423	 0.666196	 -0.958485	 0.37114	 0.659954	 -0.942856	 0.367821	 0.654167	 -0.927061	 0.364531	 0.648566	 -0.911193	 1.6401	 1.64002	 1.64013	 1.63992	 1.64008	 
4.64	 0.381	 0.678	 -0.99	 0.377428	 0.672216	 -0.97428	 0.37432	 0.666172	 -0.958559	 0.371374	 0.660114	 -0.942812	 0.367959	 0.654265	 -0.927082	 0.364261	 0.648466	 -0.911396	 1.6371	 1.637	 1.63714	 1.63691	 1.63717	 
4.65	 0.381	 0.678	 -0.99	 0.377493	 0.671884	 -0.974409	 0.37434	 0.666148	 -0.958601	 0.371278	 0.660428	 -0.942768	 0.367882	 0.654387	 -0.927126	 0.364315	 0.648271	 -0.911549	 1.63453	 1.63444	 1.63456	 1.63432	 1.63455	 
4.66	 0.381	 0.678	 -0.99	 0.37781	 0.671835	 -0.974375	 0.374421	 0.666121	 -0.958623	 0.370938	 0.660507	 -0.942854	 0.367675	 0.654468	 -0.927196	 0.364573	 0.648225	 -0.911585	 1.63248	 1.63239	 1.63254	 1.6323	 1.63253	 
4.67	 0.381	 0.678	 -0.99	 0.377993	 0.67211	 -0.974245	 0.374423	 0.666163	 -0.958631	 0.370748	 0.660279	 -0.943016	 0.367589	 0.654403	 -0.927288	 0.364651	 0.648444	 -0.911546	 1.63087	 1.63078	 1.63091	 1.63066	 1.63094	 
4.68	 0.381	 0.678	 -0.99	 0.377765	 0.67233	 -0.97422	 0.374355	 0.66626	 -0.958628	 0.370933	 0.660056	 -0.94309	 0.367656	 0.654257	 -0.927367	 0.364423	 0.648705	 -0.911545	 1.62941	 1.62931	 1.62947	 1.6292	 1.62948	 
4.69	 0.381	 0.678	 -0.99	 0.377403	 0.672271	 -0.974328	 0.374281	 0.666252	 -0.958664	 0.371221	 0.66012	 -0.94303	 0.367744	 0.654292	 -0.927369	 0.36412	 0.648669	 -0.911665	 1.6283	 1.62821	 1.62835	 1.62814	 1.62839	 
4.7	 0.381	 0.678	 -0.99	 0.377392	 0.67201	 -0.974435	 0.374243	 0.666153	 -0.958722	 0.371206	 0.660398	 -0.942947	 0.367738	 0.654475	 -0.927327	 0.364052	 0.648394	 -0.911815	 1.62738	 1.62728	 1.62742	 1.62718	 1.62749	 
4.71	 0.381	 0.678	 -0.99	 0.377714	 0.671829	 -0.974439	 0.374287	 0.666134	 -0.958728	 0.370879	 0.660554	 -0.942972	 0.367575	 0.654522	 -0.927361	 0.364262	 0.648267	 -0.911839	 1.62678	 1.62669	 1.62682	 1.62662	 1.62684	 
4.72	 0.381	 0.678	 -0.99	 0.377925	 0.671989	 -0.974334	 0.374353	 0.66619	 -0.958695	 0.37063	 0.660372	 -0.943097	 0.367398	 0.654397	 -0.92745	 0.364444	 0.64842	 -0.911748	 1.62667	 1.62658	 1.62671	 1.62651	 1.62676	 
4.73	 0.381	 0.678	 -0.99	 0.377782	 0.672313	 -0.974241	 0.374306	 0.666216	 -0.958693	 0.370738	 0.660066	 -0.943185	 0.367434	 0.654277	 -0.927483	 0.364295	 0.648613	 -0.911699	 1.62683	 1.62674	 1.62688	 1.62663	 1.62686	 
4.74	 0.381	 0.678	 -0.99	 0.377456	 0.672332	 -0.974301	 0.374187	 0.66621	 -0.958714	 0.371035	 0.660022	 -0.943128	 0.367594	 0.654235	 -0.927451	 0.363958	 0.648601	 -0.911761	 1.62732	 1.62722	 1.62735	 1.62712	 1.62732	 
4.75	 0.381	 0.678	 -0.99	 0.377321	 0.672015	 -0.974447	 0.374163	 0.666165	 -0.95873	 0.371129	 0.660275	 -0.943003	 0.367605	 0.6543	 -0.927412	 0.363843	 0.648369	 -0.911859	 1.62776	 1.62764	 1.62778	 1.62751	 1.62778	 
4.76	 0.381	 0.678	 -0.99	 0.377562	 0.671812	 -0.974472	 0.374222	 0.666086	 -0.958746	 0.370862	 0.660474	 -0.942983	 0.367438	 0.654424	 -0.927399	 0.364031	 0.648158	 -0.911895	 1.62779	 1.62768	 1.62779	 1.62753	 1.62775	 
4.77	 0.381	 0.678	 -0.99	 0.377882	 0.671948	 -0.974354	 0.374255	 0.6661	 -0.958741	 0.370541	 0.660371	 -0.943103	 0.367287	 0.654408	 -0.927452	 0.36422	 0.648251	 -0.911837	 1.62734	 1.62722	 1.62735	 1.62708	 1.62737	 
4.78	 0.381	 0.678	 -0.99	 0.377823	 0.672225	 -0.97427	 0.374222	 0.666219	 -0.958719	 0.370546	 0.660113	 -0.943224	 0.367254	 0.654252	 -0.927552	 0.364125	 0.648561	 -0.911781	 1.62616	 1.62605	 1.62617	 1.62588	 1.62615	 
4.79	 0.381	 0.678	 -0.99	 0.377449	 0.672347	 -0.974317	 0.374134	 0.666264	 -0.958744	 0.370827	 0.660037	 -0.943227	 0.367328	 0.654235	 -0.927588	 0.363797	 0.64869	 -0.911862	 1.62454	 1.62444	 1.62456	 1.62431	 1.62456	 
4.8	 0.381	 0.678	 -0.99	 0.377255	 0.672162	 -0.974442	 0.374042	 0.666198	 -0.958814	 0.370965	 0.66027	 -0.943145	 0.367387	 0.654412	 -0.927557	 0.363554	 0.648515	 -0.912043	 1.62288	 1.62278	 1.62287	 1.62266	 1.62291	 
4.81	 0.381	 0.678	 -0.99	 0.377448	 0.671868	 -0.974521	 0.374047	 0.666162	 -0.958846	 0.370734	 0.660552	 -0.943118	 0.367254	 0.654538	 -0.927577	 0.363634	 0.648334	 -0.912142	 1.62145	 1.62135	 1.62149	 1.62126	 1.62152	 
4.82	 0.381	 0.678	 -0.99	 0.377745	 0.671883	 -0.974453	 0.374124	 0.666188	 -0.958828	 0.370384	 0.660529	 -0.943217	 0.367014	 0.654514	 -0.927656	 0.36386	 0.648396	 -0.912088	 1.62093	 1.62086	 1.62097	 1.6208	 1.62099	 
4.83	 0.381	 0.678	 -0.99	 0.37778	 0.672215	 -0.974316	 0.374109	 0.666223	 -0.958811	 0.370305	 0.660231	 -0.943336	 0.366941	 0.654412	 -0.927696	 0.363828	 0.648624	 -0.911991	 1.6214	 1.62132	 1.6215	 1.62125	 1.62155	 
4.84	 0.381	 0.678	 -0.99	 0.377488	 0.672386	 -0.974305	 0.373993	 0.66626	 -0.9588	 0.370548	 0.660054	 -0.943314	 0.367058	 0.654311	 -0.927661	 0.363495	 0.648756	 -0.911957	 1.62302	 1.62296	 1.6231	 1.6229	 1.62309	 
4.85	 0.381	 0.678	 -0.99	 0.377199	 0.672174	 -0.974431	 0.37392	 0.666239	 -0.958786	 0.370761	 0.66021	 -0.94315	 0.367112	 0.654328	 -0.927567	 0.363229	 0.648601	 -0.911981	 1.62567	 1.62558	 1.62576	 1.62553	 1.62585	 
4.86	 0.381	 0.678	 -0.99	 0.377289	 0.671895	 -0.974493	 0.373932	 0.666138	 -0.958775	 0.370617	 0.660468	 -0.943015	 0.366997	 0.654465	 -0.927448	 0.363274	 0.648295	 -0.911969	 1.62892	 1.62883	 1.62897	 1.62875	 1.62901	 
4.87	 0.381	 0.678	 -0.99	 0.377644	 0.671864	 -0.974399	 0.373968	 0.666097	 -0.95873	 0.370251	 0.660483	 -0.943014	 0.366816	 0.654475	 -0.927381	 0.363479	 0.6482	 -0.91183	 1.63251	 1.63242	 1.6326	 1.63237	 1.63268	 
4.88	 0.381	 0.678	 -0.99	 0.37776	 0.672084	 -0.974263	 0.373976	 0.666174	 -0.958647	 0.370085	 0.660219	 -0.943073	 0.366694	 0.654281	 -0.927378	 0.363526	 0.648401	 -0.911613	 1.63619	 1.6361	 1.63621	 1.636	 1.63626	 
4.89	 0.381	 0.678	 -0.99	 0.377484	 0.67232	 -0.974211	 0.37391	 0.666211	 -0.958597	 0.370273	 0.659966	 -0.943051	 0.366722	 0.65414	 -0.927325	 0.363273	 0.648559	 -0.911486	 1.63961	 1.63951	 1.63966	 1.6394	 1.63968	 
4.9	 0.381	 0.678	 -0.99	 0.377177	 0.672261	 -0.97428	 0.37379	 0.666147	 -0.958602	 0.370518	 0.660009	 -0.942909	 0.366832	 0.65418	 -0.927191	 0.362932	 0.648432	 -0.911493	 1.64297	 1.64288	 1.64295	 1.64277	 1.64295	 
4.91	 0.381	 0.678	 -0.99	 0.377172	 0.671924	 -0.974386	 0.373751	 0.66608	 -0.958591	 0.370471	 0.660275	 -0.94275	 0.366786	 0.65426	 -0.92708	 0.362852	 0.648164	 -0.9115	 1.64608	 1.64596	 1.64611	 1.64584	 1.64613	 
4.92	 0.381	 0.678	 -0.99	 0.377441	 0.671752	 -0.974367	 0.373818	 0.666037	 -0.958547	 0.370146	 0.660394	 -0.942712	 0.36656	 0.654286	 -0.927032	 0.363055	 0.648015	 -0.911397	 1.64924	 1.64914	 1.64922	 1.64902	 1.64917	 
4.93	 0.381	 0.678	 -0.99	 0.377674	 0.671963	 -0.97421	 0.373841	 0.666032	 -0.958496	 0.369876	 0.660187	 -0.942781	 0.366399	 0.65421	 -0.927002	 0.363176	 0.648102	 -0.911218	 1.65252	 1.65241	 1.65257	 1.65231	 1.65262	 
4.94	 0.381	 0.678	 -0.99	 0.377563	 0.672234	 -0.974108	 0.373772	 0.666097	 -0.958437	 0.369944	 0.659892	 -0.942802	 0.366419	 0.654026	 -0.926967	 0.362994	 0.648303	 -0.911057	 1.65602	 1.65594	 1.65605	 1.65581	 1.65603	 
4.95	 0.381	 0.678	 -0.99	 0.377198	 0.672247	 -0.974159	 0.373687	 0.666118	 -0.958392	 0.370222	 0.659828	 -0.942678	 0.366494	 0.653931	 -0.926873	 0.362667	 0.648309	 -0.91099	 1.65987	 1.65977	 1.65996	 1.65971	 1.66002	 
4.96	 0.381	 0.678	 -0.99	 0.377035	 0.672021	 -0.974252	 0.373627	 0.666012	 -0.958386	 0.370319	 0.660023	 -0.94249	 0.366506	 0.65404	 -0.926707	 0.362481	 0.64803	 -0.910985	 1.66417	 1.66409	 1.6642	 1.66402	 1.66427	 
4.97	 0.381	 0.678	 -0.99	 0.377254	 0.671763	 -0.974265	 0.373627	 0.665923	 -0.958352	 0.370077	 0.660223	 -0.942369	 0.366387	 0.65412	 -0.926569	 0.362574	 0.647772	 -0.910894	 1.66876	 1.66866	 1.66886	 1.66862	 1.66893	 
4.98	 0.381	 0.678	 -0.99	 0.377539	 0.671757	 -0.974165	 0.373689	 0.665938	 -0.95826	 0.369746	 0.660159	 -0.942361	 0.366172	 0.654023	 -0.926511	 0.36278	 0.647779	 -0.910661	 1.67389	 1.67383	 1.67391	 1.67376	 1.67393	 
4.99	 0.381	 0.678	 -0.99	 0.37757	 0.672052	 -0.974007	 0.37369	 0.665966	 -0.95817	 0.369659	 0.659857	 -0.942379	 0.366079	 0.653874	 -0.926433	 0.362772	 0.647942	 -0.910407	 1.67927	 1.67918	 1.67934	 1.67909	 1.6794	 
5	 0.381	 0.678	 -0.99	 0.377321	 0.672255	 -0.973947	 0.373581	 0.665981	 -0.958109	 0.36986	 0.659638	 -0.942293	 0.366175	 0.653754	 -0.926294	 0.362472	 0.648034	 -0.910238	 1.68494	 1.68487	 1.68495	 1.68475	 1.6849	 
5.01	 0.381	 0.678	 -0.99	 0.37702	 0.672098	 -0.974035	 0.373493	 0.665964	 -0.958051	 0.370087	 0.659718	 -0.942084	 0.366247	 0.65372	 -0.926122	 0.362183	 0.647912	 -0.910143	 1.69076	 1.69066	 1.69081	 1.69056	 1.69087	 
5.02	 0.381	 0.678	 -0.99	 0.377002	 0.671812	 -0.974106	 0.373486	 0.665861	 -0.958009	 0.370041	 0.659951	 -0.941882	 0.366174	 0.653826	 -0.925933	 0.362148	 0.647612	 -0.910055	 1.69659	 1.69649	 1.69658	 1.69636	 1.69659	 
5.03	 0.381	 0.678	 -0.99	 0.377301	 0.671679	 -0.974045	 0.373509	 0.665781	 -0.957951	 0.369725	 0.660048	 -0.941795	 0.366017	 0.653877	 -0.925784	 0.362311	 0.647418	 -0.909885	 1.70224	 1.70213	 1.70231	 1.70205	 1.70237	 
5.04	 0.381	 0.678	 -0.99	 0.377533	 0.671787	 -0.973911	 0.373546	 0.665825	 -0.957847	 0.369461	 0.659882	 -0.941801	 0.365854	 0.653726	 -0.925722	 0.362452	 0.64751	 -0.909619	 1.70782	 1.70775	 1.70782	 1.70765	 1.70785	 
5.05	 0.381	 0.678	 -0.99	 0.377438	 0.672062	 -0.97379	 0.37353	 0.665864	 -0.957759	 0.369491	 0.65958	 -0.941793	 0.365808	 0.653556	 -0.925644	 0.362355	 0.647686	 -0.909385	 1.71306	 1.71295	 1.7131	 1.71283	 1.71314	 
5.06	 0.381	 0.678	 -0.99	 0.377152	 0.672189	 -0.973773	 0.37342	 0.665843	 -0.957722	 0.369731	 0.659435	 -0.941684	 0.365921	 0.653494	 -0.925497	 0.362037	 0.647708	 -0.909271	 1.71812	 1.71803	 1.71809	 1.7179	 1.71804	 
5.07	 0.381	 0.678	 -0.99	 0.376928	 0.671972	 -0.973873	 0.373342	 0.665809	 -0.957683	 0.369902	 0.659579	 -0.941485	 0.365985	 0.653499	 -0.925341	 0.361802	 0.647535	 -0.909218	 1.72292	 1.7228	 1.72295	 1.72268	 1.72298	 
5.08	 0.381	 0.678	 -0.99	 0.37698	 0.671692	 -0.973934	 0.37336	 0.665729	 -0.957644	 0.369793	 0.659812	 -0.941324	 0.365879	 0.653589	 -0.925201	 0.361841	 0.647261	 -0.909147	 1.72751	 1.72741	 1.7275	 1.72727	 1.72747	 
5.09	 0.381	 0.678	 -0.99	 0.377285	 0.671627	 -0.973855	 0.373394	 0.665664	 -0.957595	 0.369478	 0.659864	 -0.941282	 0.365724	 0.653635	 -0.925091	 0.36203	 0.647125	 -0.908994	 1.7319	 1.73179	 1.73196	 1.73171	 1.73202	 
5.1	 0.381	 0.678	 -0.99	 0.377483	 0.671773	 -0.973722	 0.373419	 0.665717	 -0.957508	 0.369262	 0.659676	 -0.941311	 0.365604	 0.653492	 -0.925049	 0.362151	 0.647263	 -0.908758	 1.73627	 1.73618	 1.73627	 1.73609	 1.73631	 
5.11	 0.381	 0.678	 -0.99	 0.377353	 0.672031	 -0.973625	 0.373403	 0.665769	 -0.95743	 0.369337	 0.659403	 -0.941304	 0.365588	 0.653335	 -0.92499	 0.362046	 0.647453	 -0.908559	 1.74044	 1.74033	 1.7405	 1.74024	 1.74055	 
5.12	 0.381	 0.678	 -0.99	 0.37707	 0.67214	 -0.97362	 0.373306	 0.665749	 -0.957402	 0.36959	 0.659296	 -0.941196	 0.365714	 0.653302	 -0.924854	 0.361754	 0.647461	 -0.908475	 1.74465	 1.74457	 1.74464	 1.74446	 1.7446	 
5.13	 0.381	 0.678	 -0.99	 0.376876	 0.671919	 -0.973719	 0.373239	 0.665715	 -0.957369	 0.369754	 0.659455	 -0.941007	 0.365789	 0.653324	 -0.924707	 0.361553	 0.647289	 -0.908437	 1.74882	 1.74871	 1.74886	 1.7486	 1.7489	 
5.14	 0.381	 0.678	 -0.99	 0.376939	 0.671641	 -0.973779	 0.373271	 0.665639	 -0.957331	 0.369656	 0.659683	 -0.940854	 0.3657	 0.653412	 -0.924574	 0.361621	 0.647035	 -0.908365	 1.75303	 1.75294	 1.75304	 1.75281	 1.75302	 
5.15	 0.381	 0.678	 -0.99	 0.377239	 0.671579	 -0.9737	 0.373314	 0.665574	 -0.957281	 0.369364	 0.659732	 -0.940809	 0.365565	 0.653458	 -0.924462	 0.361825	 0.646901	 -0.90821	 1.75736	 1.75727	 1.75744	 1.75719	 1.75751	 
5.16	 0.381	 0.678	 -0.99	 0.377444	 0.671718	 -0.973567	 0.373346	 0.665626	 -0.957188	 0.369156	 0.659555	 -0.940825	 0.365459	 0.653316	 -0.924407	 0.361963	 0.647023	 -0.907965	 1.76204	 1.76197	 1.76206	 1.76189	 1.76211	 
5.17	 0.381	 0.678	 -0.99	 0.377338	 0.67197	 -0.973461	 0.37334	 0.665675	 -0.957099	 0.36922	 0.659281	 -0.940806	 0.365446	 0.653158	 -0.924327	 0.361894	 0.647208	 -0.907734	 1.76692	 1.76683	 1.767	 1.76675	 1.76708	 
5.18	 0.381	 0.678	 -0.99	 0.377074	 0.672094	 -0.973439	 0.373251	 0.665651	 -0.957055	 0.369465	 0.659146	 -0.940687	 0.365577	 0.653112	 -0.924165	 0.361631	 0.647238	 -0.907597	 1.77217	 1.7721	 1.77218	 1.77201	 1.77215	 
5.19	 0.381	 0.678	 -0.99	 0.376859	 0.671903	 -0.973522	 0.373188	 0.665621	 -0.957003	 0.369661	 0.659268	 -0.940479	 0.365674	 0.653112	 -0.923986	 0.361431	 0.647089	 -0.907506	 1.77757	 1.77746	 1.77762	 1.77737	 1.77767	 
5.2	 0.381	 0.678	 -0.99	 0.376877	 0.671633	 -0.973581	 0.373216	 0.665543	 -0.95695	 0.369623	 0.659488	 -0.94029	 0.365623	 0.653191	 -0.923815	 0.361471	 0.646817	 -0.907406	 1.78293	 1.78285	 1.78293	 1.78271	 1.78293	 
5.21	 0.381	 0.678	 -0.99	 0.377157	 0.671521	 -0.973521	 0.373259	 0.665467	 -0.956893	 0.369369	 0.659578	 -0.940205	 0.36552	 0.653247	 -0.923671	 0.361667	 0.646633	 -0.907246	 1.78799	 1.78788	 1.78804	 1.78778	 1.78809	 
5.22	 0.381	 0.678	 -0.99	 0.377399	 0.671593	 -0.973404	 0.373315	 0.665503	 -0.956801	 0.369143	 0.659453	 -0.940205	 0.365412	 0.653126	 -0.923609	 0.361865	 0.646702	 -0.907008	 1.79269	 1.7926	 1.79267	 1.79249	 1.79267	 
5.23	 0.381	 0.678	 -0.99	 0.377383	 0.671848	 -0.973282	 0.373336	 0.665544	 -0.956722	 0.369142	 0.659185	 -0.940217	 0.365383	 0.652979	 -0.923553	 0.361886	 0.646868	 -0.906795	 1.79673	 1.79661	 1.79675	 1.79647	 1.79676	 
5.24	 0.381	 0.678	 -0.99	 0.377176	 0.672042	 -0.973233	 0.373264	 0.665553	 -0.956686	 0.369354	 0.658996	 -0.940165	 0.365512	 0.652895	 -0.923455	 0.361681	 0.64695	 -0.906687	 1.80023	 1.80013	 1.80018	 1.79995	 1.80009	 
5.25	 0.381	 0.678	 -0.99	 0.376912	 0.671937	 -0.973312	 0.373206	 0.665554	 -0.956655	 0.369606	 0.659045	 -0.940022	 0.365635	 0.652857	 -0.923353	 0.36147	 0.646884	 -0.906652	 1.80323	 1.80311	 1.80325	 1.80297	 1.80324	 
5.26	 0.381	 0.678	 -0.99	 0.376829	 0.671698	 -0.973402	 0.37321	 0.665469	 -0.956647	 0.36968	 0.659247	 -0.939871	 0.365654	 0.652958	 -0.923233	 0.361436	 0.646651	 -0.906649	 1.80597	 1.80588	 1.80596	 1.80574	 1.80596	 
5.27	 0.381	 0.678	 -0.99	 0.377043	 0.671499	 -0.973407	 0.37324	 0.665385	 -0.956633	 0.369508	 0.659419	 -0.939788	 0.36561	 0.653058	 -0.923128	 0.36159	 0.646446	 -0.906594	 1.80858	 1.80848	 1.80865	 1.80838	 1.80868	 
5.28	 0.381	 0.678	 -0.99	 0.377316	 0.671462	 -0.973338	 0.373323	 0.665404	 -0.956567	 0.369264	 0.65941	 -0.939789	 0.36549	 0.653003	 -0.923098	 0.361844	 0.646454	 -0.906433	 1.8114	 1.81132	 1.81138	 1.81121	 1.81137	 
5.29	 0.381	 0.678	 -0.99	 0.377437	 0.671691	 -0.973203	 0.373378	 0.66543	 -0.956502	 0.369161	 0.659195	 -0.93983	 0.365431	 0.652914	 -0.923061	 0.361983	 0.646598	 -0.906242	 1.81431	 1.81419	 1.81434	 1.81409	 1.81438	 
5.3	 0.381	 0.678	 -0.99	 0.377343	 0.671938	 -0.973111	 0.37334	 0.665472	 -0.956453	 0.369291	 0.658959	 -0.939823	 0.365539	 0.652803	 -0.922991	 0.361894	 0.646766	 -0.906091	 1.81734	 1.81725	 1.81733	 1.81711	 1.81731	 
5.31	 0.381	 0.678	 -0.99	 0.377062	 0.671966	 -0.973143	 0.373302	 0.665512	 -0.956402	 0.369574	 0.658899	 -0.939714	 0.365679	 0.652717	 -0.922902	 0.361716	 0.646814	 -0.906003	 1.82038	 1.82027	 1.82044	 1.82018	 1.82048	 
5.32	 0.381	 0.678	 -0.99	 0.376871	 0.671828	 -0.973217	 0.373279	 0.665444	 -0.95639	 0.36978	 0.659031	 -0.939553	 0.365794	 0.652799	 -0.922759	 0.36161	 0.646632	 -0.905988	 1.82343	 1.82335	 1.82343	 1.82324	 1.82345	 
5.33	 0.381	 0.678	 -0.99	 0.376954	 0.671572	 -0.973272	 0.373287	 0.665372	 -0.956373	 0.369756	 0.659251	 -0.939414	 0.36584	 0.652894	 -0.92263	 0.361687	 0.646394	 -0.905956	 1.82626	 1.82616	 1.82631	 1.82604	 1.82634	 
5.34	 0.381	 0.678	 -0.99	 0.37719	 0.671405	 -0.973262	 0.373382	 0.665352	 -0.956321	 0.369559	 0.659365	 -0.93936	 0.365746	 0.652903	 -0.922572	 0.361955	 0.646276	 -0.905843	 1.82896	 1.82887	 1.82894	 1.82874	 1.82888	 
5.35	 0.381	 0.678	 -0.99	 0.37744	 0.671529	 -0.973141	 0.373462	 0.665335	 -0.956273	 0.369366	 0.659249	 -0.939393	 0.365677	 0.652872	 -0.922527	 0.362206	 0.646306	 -0.905687	 1.83144	 1.83132	 1.83147	 1.83121	 1.8315	 
5.36	 0.381	 0.678	 -0.99	 0.377509	 0.671757	 -0.973025	 0.373476	 0.665391	 -0.956217	 0.369357	 0.659007	 -0.939436	 0.365722	 0.652729	 -0.922506	 0.362275	 0.646488	 -0.905521	 1.83374	 1.83364	 1.83372	 1.8335	 1.83373	 
5.37	 0.381	 0.678	 -0.99	 0.3773	 0.671923	 -0.972995	 0.373471	 0.665444	 -0.956168	 0.369578	 0.658818	 -0.939412	 0.365826	 0.6526	 -0.922471	 0.362183	 0.646639	 -0.905412	 1.83575	 1.83563	 1.83577	 1.83551	 1.83582	 
5.38	 0.381	 0.678	 -0.99	 0.377052	 0.671939	 -0.973032	 0.373421	 0.665405	 -0.95617	 0.369859	 0.658811	 -0.939316	 0.366002	 0.652627	 -0.922372	 0.362011	 0.646586	 -0.905408	 1.83754	 1.83744	 1.8375	 1.83731	 1.83746	 
5.39	 0.381	 0.678	 -0.99	 0.376951	 0.671707	 -0.973131	 0.373401	 0.665369	 -0.956168	 0.370006	 0.659004	 -0.939182	 0.36612	 0.652687	 -0.922286	 0.361956	 0.646414	 -0.905438	 1.83882	 1.8387	 1.83884	 1.83856	 1.83883	 
5.4	 0.381	 0.678	 -0.99	 0.377056	 0.671461	 -0.973195	 0.373473	 0.665315	 -0.956163	 0.369938	 0.659221	 -0.939101	 0.36609	 0.652782	 -0.922238	 0.36213	 0.646225	 -0.905444	 1.83955	 1.83945	 1.83953	 1.83927	 1.83944	 
5.41	 0.381	 0.678	 -0.99	 0.37735	 0.671415	 -0.973146	 0.373547	 0.665263	 -0.956164	 0.369722	 0.659277	 -0.939126	 0.366038	 0.652854	 -0.922218	 0.362403	 0.646153	 -0.905407	 1.83961	 1.83949	 1.83964	 1.83935	 1.83963	 
5.42	 0.381	 0.678	 -0.99	 0.377568	 0.671535	 -0.973057	 0.373617	 0.665324	 -0.956133	 0.369573	 0.65915	 -0.939218	 0.366003	 0.652763	 -0.922276	 0.362633	 0.646304	 -0.905319	 1.83913	 1.83903	 1.83908	 1.83888	 1.83907	 
5.43	 0.381	 0.678	 -0.99	 0.377537	 0.671796	 -0.972974	 0.373662	 0.665391	 -0.956113	 0.369648	 0.658924	 -0.939308	 0.366047	 0.65266	 -0.922334	 0.362697	 0.646513	 -0.905265	 1.83805	 1.83792	 1.83805	 1.83777	 1.83806	 
5.44	 0.381	 0.678	 -0.99	 0.377343	 0.671977	 -0.97296	 0.373621	 0.665418	 -0.956133	 0.369906	 0.658788	 -0.939333	 0.366237	 0.652626	 -0.922347	 0.362567	 0.646631	 -0.9053	 1.83665	 1.83655	 1.83661	 1.83638	 1.83652	 
5.45	 0.381	 0.678	 -0.99	 0.377102	 0.671876	 -0.973061	 0.373595	 0.665438	 -0.956154	 0.370193	 0.658876	 -0.939272	 0.366414	 0.652636	 -0.92235	 0.362444	 0.646609	 -0.905393	 1.83502	 1.83491	 1.83505	 1.83477	 1.83504	 
5.46	 0.381	 0.678	 -0.99	 0.377034	 0.67166	 -0.973168	 0.373626	 0.665378	 -0.956194	 0.370311	 0.659106	 -0.939197	 0.366497	 0.652775	 -0.922329	 0.362485	 0.646419	 -0.905514	 1.83336	 1.83327	 1.83336	 1.83313	 1.83335	 
5.47	 0.381	 0.678	 -0.99	 0.377249	 0.67147	 -0.973204	 0.37368	 0.665324	 -0.956225	 0.370192	 0.659312	 -0.939181	 0.366512	 0.652902	 -0.922325	 0.362695	 0.646254	 -0.905589	 1.83165	 1.83155	 1.83172	 1.83145	 1.83175	 
5.48	 0.381	 0.678	 -0.99	 0.377528	 0.671429	 -0.973171	 0.37379	 0.665355	 -0.956214	 0.369989	 0.659343	 -0.939248	 0.36644	 0.652893	 -0.92239	 0.363012	 0.646292	 -0.905564	 1.83011	 1.83003	 1.8301	 1.82991	 1.83007	 
5.49	 0.381	 0.678	 -0.99	 0.377686	 0.671653	 -0.973065	 0.373869	 0.665387	 -0.956207	 0.369901	 0.659163	 -0.939367	 0.366425	 0.652853	 -0.922452	 0.363222	 0.646471	 -0.905509	 1.82854	 1.82842	 1.82857	 1.8283	 1.82858	 
5.5	 0.381	 0.678	 -0.99	 0.377628	 0.671907	 -0.972995	 0.37386	 0.665454	 -0.956208	 0.370036	 0.658949	 -0.939453	 0.366556	 0.652767	 -0.922504	 0.363203	 0.646703	 -0.905485	 1.82693	 1.82682	 1.82689	 1.82666	 1.82686	 
5.51	 0.381	 0.678	 -0.99	 0.37736	 0.671976	 -0.973039	 0.373845	 0.665514	 -0.956213	 0.370341	 0.658892	 -0.939447	 0.366723	 0.652717	 -0.922537	 0.363074	 0.646825	 -0.905531	 1.82511	 1.82499	 1.82514	 1.82486	 1.82516	 
5.52	 0.381	 0.678	 -0.99	 0.37716	 0.67187	 -0.973135	 0.373828	 0.665468	 -0.956264	 0.370592	 0.659035	 -0.939386	 0.366887	 0.652837	 -0.922517	 0.362982	 0.646718	 -0.905664	 1.82309	 1.823	 1.82308	 1.82287	 1.82305	 
5.53	 0.381	 0.678	 -0.99	 0.377214	 0.67161	 -0.973238	 0.373848	 0.665421	 -0.956312	 0.370624	 0.659293	 -0.939336	 0.366975	 0.652968	 -0.92252	 0.363074	 0.646538	 -0.9058	 1.82059	 1.82048	 1.82062	 1.82033	 1.8206	 
5.54	 0.381	 0.678	 -0.99	 0.377447	 0.671437	 -0.973275	 0.37396	 0.66541	 -0.956336	 0.370465	 0.659459	 -0.939372	 0.366922	 0.653037	 -0.922593	 0.363382	 0.646447	 -0.905877	 1.81761	 1.81751	 1.81757	 1.81732	 1.81747	 
5.55	 0.381	 0.678	 -0.99	 0.377729	 0.671551	 -0.973199	 0.374056	 0.665408	 -0.956368	 0.370278	 0.65939	 -0.939514	 0.366886	 0.653056	 -0.922696	 0.36369	 0.646513	 -0.905917	 1.814	 1.81386	 1.814	 1.8137	 1.81398	 
5.56	 0.381	 0.678	 -0.99	 0.377824	 0.671788	 -0.973122	 0.374097	 0.665491	 -0.95639	 0.370277	 0.659177	 -0.939684	 0.366952	 0.652946	 -0.922844	 0.363826	 0.646752	 -0.905951	 1.80981	 1.80969	 1.80976	 1.80952	 1.80973	 
5.57	 0.381	 0.678	 -0.99	 0.377627	 0.671991	 -0.973121	 0.37411	 0.665571	 -0.956424	 0.370522	 0.659008	 -0.939796	 0.367089	 0.652858	 -0.922982	 0.363775	 0.646957	 -0.906052	 1.80507	 1.80494	 1.80508	 1.80479	 1.80507	 
5.58	 0.381	 0.678	 -0.99	 0.377375	 0.672019	 -0.973198	 0.37407	 0.665563	 -0.956507	 0.370838	 0.659041	 -0.939827	 0.367303	 0.652927	 -0.923056	 0.363626	 0.646956	 -0.906262	 1.80011	 1.8	 1.80007	 1.79985	 1.8	 
5.59	 0.381	 0.678	 -0.99	 0.37728	 0.671779	 -0.973343	 0.374064	 0.665546	 -0.956587	 0.371002	 0.659291	 -0.939809	 0.367444	 0.653046	 -0.923128	 0.363607	 0.646829	 -0.906497	 1.79496	 1.79484	 1.79499	 1.79469	 1.79496	 
5.6	 0.381	 0.678	 -0.99	 0.377421	 0.67154	 -0.97344	 0.37415	 0.665515	 -0.956655	 0.370918	 0.659552	 -0.939839	 0.367421	 0.653197	 -0.923223	 0.363831	 0.646699	 -0.906681	 1.78986	 1.78977	 1.78987	 1.78962	 1.7898	 
5.61	 0.381	 0.678	 -0.99	 0.377741	 0.671544	 -0.973408	 0.37424	 0.665501	 -0.956711	 0.370691	 0.659612	 -0.939968	 0.367369	 0.6533	 -0.923335	 0.364144	 0.64672	 -0.906785	 1.78489	 1.78479	 1.78496	 1.78468	 1.78497	 
5.62	 0.381	 0.678	 -0.99	 0.377935	 0.671736	 -0.973332	 0.374309	 0.665594	 -0.956732	 0.370581	 0.659463	 -0.94015	 0.367363	 0.653234	 -0.9235	 0.364358	 0.646976	 -0.906818	 1.78012	 1.78002	 1.78012	 1.77991	 1.78013	 
5.63	 0.381	 0.678	 -0.99	 0.377819	 0.672003	 -0.97329	 0.374336	 0.665681	 -0.956762	 0.37074	 0.659255	 -0.940298	 0.367451	 0.653161	 -0.923646	 0.36436	 0.647261	 -0.906884	 1.77527	 1.77515	 1.77531	 1.77504	 1.77534	 
5.64	 0.381	 0.678	 -0.99	 0.377562	 0.672114	 -0.973337	 0.374287	 0.665698	 -0.956838	 0.371058	 0.659215	 -0.940356	 0.367667	 0.653203	 -0.92373	 0.364191	 0.64736	 -0.907061	 1.7703	 1.77021	 1.77028	 1.77006	 1.77022	 
5.65	 0.381	 0.678	 -0.99	 0.377383	 0.671915	 -0.973485	 0.374265	 0.665702	 -0.956917	 0.371292	 0.659432	 -0.940343	 0.367832	 0.6533	 -0.923814	 0.364107	 0.647269	 -0.907304	 1.76492	 1.7648	 1.76495	 1.76464	 1.76491	 
5.66	 0.381	 0.678	 -0.99	 0.377461	 0.671659	 -0.973607	 0.374334	 0.665666	 -0.957002	 0.371268	 0.659723	 -0.940367	 0.36784	 0.653464	 -0.923921	 0.364275	 0.647089	 -0.907547	 1.75904	 1.75893	 1.75901	 1.75874	 1.75894	 
5.67	 0.381	 0.678	 -0.99	 0.377784	 0.671604	 -0.973608	 0.37442	 0.665644	 -0.957083	 0.371037	 0.659839	 -0.940506	 0.367789	 0.653581	 -0.924069	 0.364588	 0.647045	 -0.907729	 1.75261	 1.75248	 1.75264	 1.75234	 1.75263	 
5.68	 0.381	 0.678	 -0.99	 0.37802	 0.671766	 -0.97355	 0.374498	 0.665728	 -0.957134	 0.370878	 0.659712	 -0.940731	 0.367754	 0.653521	 -0.924293	 0.364841	 0.647272	 -0.907837	 1.74586	 1.74576	 1.74584	 1.74561	 1.74582	 
5.69	 0.381	 0.678	 -0.99	 0.377938	 0.672054	 -0.973508	 0.37453	 0.665817	 -0.957193	 0.371	 0.659484	 -0.94094	 0.367822	 0.653443	 -0.924507	 0.364863	 0.647572	 -0.90797	 1.73884	 1.73872	 1.73887	 1.73858	 1.73887	 
5.7	 0.381	 0.678	 -0.99	 0.377673	 0.672191	 -0.97356	 0.374477	 0.665843	 -0.957295	 0.371319	 0.659422	 -0.941051	 0.368031	 0.653476	 -0.924654	 0.364673	 0.647703	 -0.908208	 1.73187	 1.73177	 1.73185	 1.73163	 1.73179	 
5.71	 0.381	 0.678	 -0.99	 0.377476	 0.671992	 -0.973722	 0.374447	 0.665846	 -0.957397	 0.371564	 0.659645	 -0.941066	 0.368193	 0.653588	 -0.924775	 0.364554	 0.647633	 -0.908503	 1.72498	 1.72487	 1.72503	 1.72474	 1.72502	 
5.72	 0.381	 0.678	 -0.99	 0.377559	 0.671718	 -0.973857	 0.374512	 0.665808	 -0.957496	 0.371523	 0.659954	 -0.941104	 0.368183	 0.653772	 -0.924902	 0.36471	 0.647473	 -0.908773	 1.71825	 1.71815	 1.71826	 1.718	 1.7182	 
5.73	 0.381	 0.678	 -0.99	 0.377893	 0.671679	 -0.973852	 0.374597	 0.665792	 -0.957579	 0.371263	 0.660065	 -0.941256	 0.368104	 0.653899	 -0.92506	 0.365022	 0.647459	 -0.908954	 1.71157	 1.71145	 1.71162	 1.71133	 1.71163	 
5.74	 0.381	 0.678	 -0.99	 0.378112	 0.671886	 -0.97378	 0.374661	 0.66589	 -0.957626	 0.371109	 0.659913	 -0.941486	 0.36807	 0.653835	 -0.925282	 0.365243	 0.647716	 -0.909053	 1.70492	 1.70482	 1.70492	 1.70469	 1.70491	 
5.75	 0.381	 0.678	 -0.99	 0.377972	 0.672173	 -0.973748	 0.374672	 0.665995	 -0.957681	 0.371274	 0.659694	 -0.941681	 0.368152	 0.653746	 -0.925493	 0.365208	 0.648017	 -0.909191	 1.69808	 1.69795	 1.69812	 1.69782	 1.69812	 
5.76	 0.381	 0.678	 -0.99	 0.377671	 0.672254	 -0.973828	 0.374611	 0.666009	 -0.957789	 0.371608	 0.65969	 -0.941767	 0.368356	 0.653807	 -0.92563	 0.364992	 0.64809	 -0.909456	 1.69112	 1.69102	 1.6911	 1.69087	 1.69103	 
5.77	 0.381	 0.678	 -0.99	 0.37754	 0.672001	 -0.973999	 0.374583	 0.665987	 -0.957904	 0.371785	 0.659967	 -0.941782	 0.36849	 0.653956	 -0.925753	 0.364909	 0.647951	 -0.909781	 1.68393	 1.6838	 1.68395	 1.68365	 1.68393	 
5.78	 0.381	 0.678	 -0.99	 0.377721	 0.671736	 -0.974116	 0.374665	 0.665962	 -0.958003	 0.371641	 0.660254	 -0.941861	 0.368422	 0.65411	 -0.925919	 0.365131	 0.64781	 -0.910052	 1.67658	 1.67648	 1.67656	 1.6763	 1.67648	 
5.79	 0.381	 0.678	 -0.99	 0.378058	 0.671806	 -0.974076	 0.374761	 0.665968	 -0.958088	 0.371363	 0.660253	 -0.942075	 0.368309	 0.654181	 -0.926127	 0.365442	 0.647891	 -0.910227	 1.6691	 1.66897	 1.66913	 1.66882	 1.66911	 
5.8	 0.381	 0.678	 -0.99	 0.378162	 0.672105	 -0.973998	 0.374781	 0.666066	 -0.958156	 0.371307	 0.66002	 -0.942336	 0.36832	 0.6541	 -0.926372	 0.365532	 0.648215	 -0.910358	 1.66157	 1.66146	 1.66156	 1.6613	 1.66153	 
5.81	 0.381	 0.678	 -0.99	 0.377887	 0.672304	 -0.974031	 0.374744	 0.666166	 -0.958233	 0.371581	 0.659875	 -0.942498	 0.36845	 0.654039	 -0.926585	 0.365352	 0.648485	 -0.910563	 1.65393	 1.65382	 1.65399	 1.65369	 1.654	 
5.82	 0.381	 0.678	 -0.99	 0.377591	 0.672215	 -0.974177	 0.37469	 0.666154	 -0.958357	 0.371877	 0.660043	 -0.942539	 0.368604	 0.654186	 -0.926716	 0.365142	 0.648442	 -0.91089	 1.64643	 1.64634	 1.64645	 1.64622	 1.64643	 
5.83	 0.381	 0.678	 -0.99	 0.377655	 0.671928	 -0.974325	 0.374689	 0.666109	 -0.958479	 0.371848	 0.66039	 -0.942573	 0.368631	 0.654406	 -0.926839	 0.365189	 0.64825	 -0.911217	 1.63901	 1.63889	 1.63906	 1.63877	 1.63908	 
5.84	 0.381	 0.678	 -0.99	 0.377982	 0.671809	 -0.974356	 0.374783	 0.66614	 -0.958552	 0.371553	 0.66055	 -0.942724	 0.368489	 0.65449	 -0.92704	 0.365493	 0.648245	 -0.911413	 1.6319	 1.6318	 1.6319	 1.63169	 1.63187	 
5.85	 0.381	 0.678	 -0.99	 0.378179	 0.67207	 -0.974267	 0.374856	 0.666212	 -0.958605	 0.371375	 0.660359	 -0.942975	 0.368392	 0.654439	 -0.92727	 0.365697	 0.648497	 -0.911518	 1.62516	 1.62504	 1.62522	 1.62494	 1.62523	 
5.86	 0.381	 0.678	 -0.99	 0.378017	 0.672384	 -0.974226	 0.374809	 0.666279	 -0.95868	 0.371559	 0.660108	 -0.943169	 0.368513	 0.654363	 -0.927455	 0.365557	 0.64877	 -0.911668	 1.61889	 1.61879	 1.6189	 1.61866	 1.61885	 
5.87	 0.381	 0.678	 -0.99	 0.377683	 0.672328	 -0.974355	 0.374731	 0.666299	 -0.958771	 0.371894	 0.660166	 -0.943205	 0.368698	 0.654379	 -0.927578	 0.365293	 0.648787	 -0.911922	 1.61304	 1.61293	 1.61311	 1.61282	 1.6131	 
5.88	 0.381	 0.678	 -0.99	 0.377616	 0.672007	 -0.974529	 0.374741	 0.666237	 -0.958872	 0.37196	 0.660482	 -0.943192	 0.368719	 0.654541	 -0.927672	 0.365283	 0.64856	 -0.912208	 1.60751	 1.60741	 1.60753	 1.60728	 1.6075	 
5.89	 0.381	 0.678	 -0.99	 0.377937	 0.671861	 -0.974559	 0.374816	 0.666185	 -0.958955	 0.371674	 0.660663	 -0.943298	 0.368594	 0.654685	 -0.9278	 0.365554	 0.648435	 -0.912399	 1.60197	 1.60184	 1.60201	 1.60171	 1.60201	 
5.9	 0.381	 0.678	 -0.99	 0.378215	 0.672068	 -0.974467	 0.374869	 0.666262	 -0.958999	 0.371428	 0.660509	 -0.943531	 0.368494	 0.654629	 -0.928008	 0.365767	 0.648663	 -0.912478	 1.59622	 1.59611	 1.59621	 1.59596	 1.5962	 
5.91	 0.381	 0.678	 -0.99	 0.378053	 0.672377	 -0.974427	 0.374846	 0.66639	 -0.959044	 0.371568	 0.660268	 -0.943728	 0.368541	 0.65452	 -0.928219	 0.365653	 0.649011	 -0.912595	 1.58988	 1.58976	 1.58992	 1.5896	 1.5899	 
5.92	 0.381	 0.678	 -0.99	 0.377685	 0.67241	 -0.974539	 0.374763	 0.666415	 -0.959151	 0.371901	 0.660329	 -0.943788	 0.368692	 0.654615	 -0.928351	 0.365352	 0.649083	 -0.912875	 1.58301	 1.58289	 1.58298	 1.58272	 1.58293	 
5.93	 0.381	 0.678	 -0.99	 0.377628	 0.67212	 -0.974713	 0.374721	 0.666369	 -0.959283	 0.371954	 0.660691	 -0.9438	 0.368736	 0.65486	 -0.928463	 0.365265	 0.648907	 -0.913227	 1.57553	 1.57539	 1.57553	 1.57523	 1.57553	 
5.94	 0.381	 0.678	 -0.99	 0.377944	 0.671928	 -0.974777	 0.37479	 0.666381	 -0.959376	 0.37164	 0.660931	 -0.943939	 0.36857	 0.655003	 -0.928665	 0.36551	 0.64887	 -0.913468	 1.56778	 1.56767	 1.56777	 1.56752	 1.56772	 
5.95	 0.381	 0.678	 -0.99	 0.378179	 0.672165	 -0.974695	 0.374858	 0.666467	 -0.959438	 0.371384	 0.660774	 -0.944213	 0.368404	 0.654971	 -0.928927	 0.365708	 0.649148	 -0.913594	 1.56018	 1.56007	 1.56022	 1.55994	 1.56022	 
5.96	 0.381	 0.678	 -0.99	 0.377998	 0.672517	 -0.974649	 0.374796	 0.666553	 -0.959519	 0.371536	 0.660518	 -0.944429	 0.368472	 0.654911	 -0.929136	 0.36552	 0.649469	 -0.91376	 1.55318	 1.5531	 1.55323	 1.55299	 1.5532	 
5.97	 0.381	 0.678	 -0.99	 0.377645	 0.672465	 -0.974783	 0.374681	 0.666575	 -0.959619	 0.37185	 0.660614	 -0.944455	 0.36863	 0.654975	 -0.929248	 0.365179	 0.649483	 -0.914036	 1.54727	 1.54717	 1.54734	 1.54709	 1.54736	 
5.98	 0.381	 0.678	 -0.99	 0.377623	 0.672109	 -0.974955	 0.374675	 0.66653	 -0.959703	 0.371831	 0.660976	 -0.944421	 0.368588	 0.655151	 -0.929323	 0.365149	 0.649249	 -0.914295	 1.54268	 1.54259	 1.54274	 1.54252	 1.54278	 
5.99	 0.381	 0.678	 -0.99	 0.377968	 0.672014	 -0.974942	 0.374755	 0.666499	 -0.959743	 0.371466	 0.661096	 -0.944518	 0.368373	 0.655245	 -0.929421	 0.365412	 0.64917	 -0.914383	 1.53951	 1.53942	 1.53962	 1.53939	 1.53967	 
6	 0.381	 0.678	 -0.99	 0.378155	 0.672323	 -0.9748	 0.374768	 0.666558	 -0.959744	 0.371266	 0.660821	 -0.944704	 0.368266	 0.655135	 -0.929537	 0.365498	 0.649417	 -0.914337	 1.53771	 1.53763	 1.5378	 1.53758	 1.53786	 
6.01	 0.381	 0.678	 -0.99	 0.377871	 0.672556	 -0.974776	 0.374679	 0.666635	 -0.959745	 0.371497	 0.660583	 -0.944763	 0.368357	 0.654992	 -0.929596	 0.365211	 0.649648	 -0.914339	 1.53688	 1.53679	 1.53697	 1.53672	 1.53701	 
6.02	 0.381	 0.678	 -0.99	 0.377532	 0.672376	 -0.974917	 0.374596	 0.6666	 -0.95978	 0.371762	 0.660744	 -0.944652	 0.368441	 0.655061	 -0.92956	 0.36491	 0.649515	 -0.914462	 1.53665	 1.53655	 1.5367	 1.53647	 1.53675	 
6.03	 0.381	 0.678	 -0.99	 0.377652	 0.672063	 -0.975012	 0.374602	 0.666501	 -0.959819	 0.371605	 0.66106	 -0.94457	 0.368341	 0.655249	 -0.929516	 0.364962	 0.649225	 -0.91457	 1.53641	 1.53629	 1.53644	 1.53617	 1.53646	 
6.04	 0.381	 0.678	 -0.99	 0.378031	 0.672078	 -0.974931	 0.374656	 0.666509	 -0.959814	 0.371217	 0.661059	 -0.944667	 0.368139	 0.655256	 -0.929575	 0.365203	 0.649239	 -0.914537	 1.53577	 1.53565	 1.53579	 1.53552	 1.53579	 
6.05	 0.381	 0.678	 -0.99	 0.37806	 0.672403	 -0.974811	 0.374654	 0.666619	 -0.959791	 0.371143	 0.660753	 -0.944827	 0.368062	 0.655081	 -0.929696	 0.365188	 0.649549	 -0.914472	 1.53443	 1.53432	 1.53444	 1.53415	 1.53441	 
6.06	 0.381	 0.678	 -0.99	 0.377683	 0.672563	 -0.974845	 0.37456	 0.666657	 -0.959826	 0.371445	 0.660616	 -0.944859	 0.368165	 0.655026	 -0.929754	 0.364848	 0.649684	 -0.914566	 1.53238	 1.53226	 1.53238	 1.5321	 1.53236	 
6.07	 0.381	 0.678	 -0.99	 0.377473	 0.672311	 -0.975004	 0.374474	 0.666576	 -0.959912	 0.371602	 0.660874	 -0.944781	 0.36823	 0.655187	 -0.929751	 0.364607	 0.649462	 -0.914791	 1.52989	 1.52977	 1.52988	 1.52963	 1.52989	 
6.08	 0.381	 0.678	 -0.99	 0.377727	 0.67202	 -0.975078	 0.374498	 0.66652	 -0.959964	 0.371318	 0.661146	 -0.944793	 0.368071	 0.655318	 -0.929807	 0.364747	 0.64926	 -0.914928	 1.52735	 1.52723	 1.52738	 1.52712	 1.52739	 
6.09	 0.381	 0.678	 -0.99	 0.378023	 0.672155	 -0.974977	 0.37456	 0.666575	 -0.959958	 0.370968	 0.661019	 -0.94496	 0.367839	 0.655246	 -0.929942	 0.364952	 0.649413	 -0.914896	 1.52538	 1.52528	 1.52542	 1.5252	 1.52544	 
6.1	 0.381	 0.678	 -0.99	 0.377888	 0.672523	 -0.974874	 0.374507	 0.666653	 -0.959954	 0.371027	 0.660699	 -0.94509	 0.367817	 0.655112	 -0.930025	 0.364783	 0.649696	 -0.91486	 1.52435	 1.52427	 1.52445	 1.52421	 1.52449	 
6.11	 0.381	 0.678	 -0.99	 0.377511	 0.672542	 -0.974946	 0.374366	 0.666652	 -0.959981	 0.371324	 0.660699	 -0.945018	 0.367944	 0.655122	 -0.929984	 0.364376	 0.649688	 -0.914939	 1.52471	 1.52463	 1.52478	 1.5246	 1.52483	 
6.12	 0.381	 0.678	 -0.99	 0.37744	 0.672177	 -0.975088	 0.374313	 0.666584	 -0.959993	 0.371319	 0.661022	 -0.944858	 0.367901	 0.655251	 -0.929894	 0.364239	 0.649404	 -0.915015	 1.52643	 1.52634	 1.52653	 1.52632	 1.52663	 
6.13	 0.381	 0.678	 -0.99	 0.377754	 0.672009	 -0.975061	 0.374374	 0.666536	 -0.959955	 0.370937	 0.661151	 -0.944829	 0.367642	 0.655299	 -0.929847	 0.364444	 0.649254	 -0.914918	 1.52947	 1.5294	 1.52955	 1.52936	 1.52959	 
6.14	 0.381	 0.678	 -0.99	 0.377948	 0.672291	 -0.974882	 0.374383	 0.666562	 -0.959884	 0.370677	 0.660863	 -0.944908	 0.367463	 0.655164	 -0.929821	 0.364515	 0.649427	 -0.914691	 1.53351	 1.53342	 1.53361	 1.53337	 1.53368	 
6.15	 0.381	 0.678	 -0.99	 0.377694	 0.672558	 -0.974803	 0.374269	 0.666611	 -0.959824	 0.370845	 0.660572	 -0.94488	 0.367513	 0.654992	 -0.929741	 0.364194	 0.649612	 -0.914524	 1.53822	 1.53814	 1.53827	 1.53806	 1.53828	 
6.16	 0.381	 0.678	 -0.99	 0.377337	 0.672392	 -0.97491	 0.374152	 0.66658	 -0.959789	 0.371089	 0.660678	 -0.944677	 0.367572	 0.654991	 -0.929583	 0.363824	 0.649461	 -0.914484	 1.54325	 1.54314	 1.54331	 1.54306	 1.54337	 
6.17	 0.381	 0.678	 -0.99	 0.37739	 0.672053	 -0.974991	 0.37414	 0.666475	 -0.95976	 0.370945	 0.66097	 -0.944489	 0.367434	 0.655122	 -0.929419	 0.3638	 0.649122	 -0.914437	 1.54833	 1.54822	 1.54833	 1.5481	 1.54835	 
6.18	 0.381	 0.678	 -0.99	 0.377747	 0.672025	 -0.974885	 0.374175	 0.666431	 -0.959697	 0.370534	 0.660972	 -0.944475	 0.367191	 0.655124	 -0.929331	 0.363987	 0.64903	 -0.914252	 1.55324	 1.55313	 1.5533	 1.55303	 1.55334	 
6.19	 0.381	 0.678	 -0.99	 0.377836	 0.672316	 -0.97472	 0.374152	 0.666498	 -0.959608	 0.370374	 0.660646	 -0.944533	 0.367066	 0.654919	 -0.929301	 0.363959	 0.649255	 -0.914002	 1.55801	 1.55792	 1.55803	 1.55779	 1.55804	 
6.2	 0.381	 0.678	 -0.99	 0.377492	 0.672496	 -0.974696	 0.374051	 0.666535	 -0.95955	 0.370606	 0.660423	 -0.944464	 0.367108	 0.654765	 -0.929216	 0.363612	 0.649383	 -0.913866	 1.56261	 1.5625	 1.56266	 1.56239	 1.5627	 
6.21	 0.381	 0.678	 -0.99	 0.377204	 0.672301	 -0.974803	 0.373947	 0.666447	 -0.959542	 0.370795	 0.660575	 -0.944264	 0.367152	 0.654839	 -0.929046	 0.363292	 0.64915	 -0.913862	 1.56724	 1.56715	 1.56726	 1.56705	 1.56729	 
6.22	 0.381	 0.678	 -0.99	 0.377356	 0.671979	 -0.974857	 0.373927	 0.666346	 -0.959516	 0.370583	 0.660839	 -0.94411	 0.367019	 0.654948	 -0.928897	 0.36331	 0.648835	 -0.913806	 1.57197	 1.57185	 1.57202	 1.57178	 1.57209	 
6.23	 0.381	 0.678	 -0.99	 0.377679	 0.671969	 -0.97475	 0.373974	 0.666348	 -0.959432	 0.370191	 0.660793	 -0.944109	 0.366764	 0.654873	 -0.928839	 0.3635	 0.648812	 -0.913588	 1.57706	 1.57697	 1.57709	 1.5769	 1.57712	 
6.24	 0.381	 0.678	 -0.99	 0.377694	 0.672289	 -0.974585	 0.373957	 0.666399	 -0.959337	 0.370083	 0.660452	 -0.944143	 0.366637	 0.654683	 -0.928781	 0.363443	 0.649014	 -0.913326	 1.58254	 1.58245	 1.58263	 1.58239	 1.58269	 
6.25	 0.381	 0.678	 -0.99	 0.37737	 0.672466	 -0.97455	 0.373828	 0.6664	 -0.95928	 0.370312	 0.660248	 -0.944038	 0.36671	 0.654568	 -0.928635	 0.363064	 0.649075	 -0.913174	 1.5886	 1.58853	 1.58864	 1.58845	 1.58864	 
6.26	 0.381	 0.678	 -0.99	 0.377113	 0.672221	 -0.974655	 0.373718	 0.666333	 -0.959236	 0.370471	 0.660409	 -0.943797	 0.366745	 0.654589	 -0.928429	 0.362748	 0.648833	 -0.913102	 1.59517	 1.59506	 1.59524	 1.595	 1.59531	 
6.27	 0.381	 0.678	 -0.99	 0.377233	 0.671893	 -0.974701	 0.373726	 0.666236	 -0.95917	 0.370263	 0.660647	 -0.943603	 0.366569	 0.654656	 -0.928241	 0.362782	 0.648511	 -0.912962	 1.60226	 1.60217	 1.60229	 1.6021	 1.60232	 
6.28	 0.381	 0.678	 -0.99	 0.377553	 0.671911	 -0.974564	 0.373764	 0.666184	 -0.95907	 0.369878	 0.660575	 -0.943556	 0.366325	 0.654607	 -0.928097	 0.362954	 0.648429	 -0.912679	 1.60983	 1.60974	 1.60992	 1.60968	 1.60999	 
6.29	 0.381	 0.678	 -0.99	 0.377618	 0.672196	 -0.974382	 0.373726	 0.666224	 -0.958948	 0.369743	 0.660236	 -0.943542	 0.366221	 0.654395	 -0.92797	 0.362893	 0.6486	 -0.912336	 1.61797	 1.61789	 1.61802	 1.61781	 1.61806	 
6.3	 0.381	 0.678	 -0.99	 0.377302	 0.672354	 -0.974334	 0.373624	 0.666254	 -0.958834	 0.369947	 0.660005	 -0.943393	 0.36625	 0.654209	 -0.927782	 0.362553	 0.648683	 -0.912071	 1.62663	 1.62654	 1.62673	 1.62649	 1.62681	 
6.31	 0.381	 0.678	 -0.99	 0.377002	 0.672191	 -0.9744	 0.373522	 0.66617	 -0.958756	 0.370135	 0.660099	 -0.943111	 0.366277	 0.654223	 -0.927501	 0.362223	 0.648443	 -0.911904	 1.63602	 1.63594	 1.63606	 1.63589	 1.63614	 
6.32	 0.381	 0.678	 -0.99	 0.377076	 0.671876	 -0.974429	 0.373479	 0.666049	 -0.958667	 0.369985	 0.660328	 -0.942842	 0.366167	 0.654298	 -0.927209	 0.362162	 0.648079	 -0.911694	 1.64601	 1.64592	 1.64611	 1.6459	 1.64623	 
6.33	 0.381	 0.678	 -0.99	 0.377371	 0.671758	 -0.974327	 0.373511	 0.666006	 -0.958523	 0.369611	 0.660341	 -0.942696	 0.36592	 0.654228	 -0.926987	 0.362312	 0.647928	 -0.911332	 1.6567	 1.65664	 1.65676	 1.65661	 1.65682	 
6.34	 0.381	 0.678	 -0.99	 0.377505	 0.671979	 -0.97413	 0.373518	 0.666012	 -0.958357	 0.369381	 0.660045	 -0.942621	 0.365726	 0.654036	 -0.926784	 0.362345	 0.648019	 -0.910887	 1.66786	 1.66778	 1.66795	 1.66773	 1.66803	 
6.35	 0.381	 0.678	 -0.99	 0.377321	 0.672238	 -0.973994	 0.373418	 0.666013	 -0.958217	 0.36947	 0.65972	 -0.942477	 0.365725	 0.653843	 -0.92653	 0.362074	 0.648121	 -0.910503	 1.67928	 1.6792	 1.6793	 1.67911	 1.67933	 
6.36	 0.381	 0.678	 -0.99	 0.376991	 0.672184	 -0.974012	 0.373294	 0.665982	 -0.958094	 0.369693	 0.659671	 -0.942197	 0.365783	 0.653738	 -0.926228	 0.3617	 0.648015	 -0.910225	 1.6906	 1.6905	 1.69065	 1.69041	 1.6907	 
6.37	 0.381	 0.678	 -0.99	 0.376853	 0.671894	 -0.974076	 0.37324	 0.66588	 -0.957988	 0.369726	 0.659862	 -0.94188	 0.365727	 0.653775	 -0.925912	 0.361523	 0.647687	 -0.909996	 1.70161	 1.70151	 1.70161	 1.70139	 1.70162	 
6.38	 0.381	 0.678	 -0.99	 0.377057	 0.671672	 -0.974035	 0.373241	 0.665771	 -0.957878	 0.36946	 0.66001	 -0.941661	 0.365561	 0.653823	 -0.925633	 0.361595	 0.647384	 -0.909717	 1.712	 1.71189	 1.71203	 1.71178	 1.71208	 
6.39	 0.381	 0.678	 -0.99	 0.377337	 0.671694	 -0.973889	 0.373267	 0.665762	 -0.957734	 0.369129	 0.659908	 -0.941568	 0.365361	 0.653706	 -0.925442	 0.36174	 0.647344	 -0.909343	 1.72186	 1.72177	 1.72186	 1.72165	 1.72187	 
6.4	 0.381	 0.678	 -0.99	 0.377365	 0.671942	 -0.973721	 0.373264	 0.665796	 -0.957587	 0.369024	 0.659601	 -0.941506	 0.365241	 0.653503	 -0.925277	 0.361715	 0.647482	 -0.90896	 1.73121	 1.7311	 1.73124	 1.73099	 1.73127	 
6.41	 0.381	 0.678	 -0.99	 0.377135	 0.67215	 -0.973632	 0.373172	 0.665792	 -0.957479	 0.369182	 0.659349	 -0.941366	 0.365285	 0.65336	 -0.925058	 0.36144	 0.647548	 -0.908672	 1.74035	 1.74026	 1.74034	 1.74013	 1.74033	 
6.42	 0.381	 0.678	 -0.99	 0.37685	 0.672052	 -0.973672	 0.373065	 0.665753	 -0.957387	 0.369393	 0.659361	 -0.941112	 0.36536	 0.653301	 -0.924797	 0.361123	 0.647416	 -0.908467	 1.74952	 1.74942	 1.74956	 1.74932	 1.7496	 
6.43	 0.381	 0.678	 -0.99	 0.376757	 0.671762	 -0.973735	 0.373033	 0.665659	 -0.957294	 0.369407	 0.659555	 -0.940831	 0.365308	 0.653342	 -0.924521	 0.361009	 0.647114	 -0.908267	 1.75901	 1.75892	 1.75904	 1.75884	 1.75908	 
6.44	 0.381	 0.678	 -0.99	 0.376959	 0.671561	 -0.973691	 0.373043	 0.665552	 -0.957188	 0.369161	 0.659684	 -0.940626	 0.365164	 0.653386	 -0.924252	 0.361106	 0.64684	 -0.907988	 1.76889	 1.7688	 1.76898	 1.76876	 1.76906	 
6.45	 0.381	 0.678	 -0.99	 0.377227	 0.671572	 -0.973548	 0.373071	 0.665537	 -0.957039	 0.368857	 0.659589	 -0.940513	 0.364991	 0.653276	 -0.924038	 0.36126	 0.646795	 -0.907596	 1.77924	 1.77917	 1.77929	 1.77912	 1.77935	 
6.46	 0.381	 0.678	 -0.99	 0.377281	 0.671791	 -0.973375	 0.373081	 0.665561	 -0.956875	 0.368742	 0.659303	 -0.94042	 0.364878	 0.653084	 -0.923833	 0.361278	 0.646911	 -0.907168	 1.78979	 1.7897	 1.78985	 1.78964	 1.78993	 
6.47	 0.381	 0.678	 -0.99	 0.377107	 0.672013	 -0.973259	 0.373009	 0.665558	 -0.956743	 0.368867	 0.659035	 -0.940264	 0.36492	 0.652932	 -0.923578	 0.361067	 0.646987	 -0.906812	 1.80031	 1.80023	 1.80032	 1.80013	 1.80034	 
6.48	 0.381	 0.678	 -0.99	 0.37683	 0.671981	 -0.973264	 0.372918	 0.665541	 -0.956623	 0.369091	 0.658984	 -0.940008	 0.365009	 0.652835	 -0.923299	 0.360782	 0.646908	 -0.906544	 1.81051	 1.81041	 1.81054	 1.8103	 1.81057	 
6.49	 0.381	 0.678	 -0.99	 0.376667	 0.671757	 -0.973317	 0.372882	 0.66546	 -0.956523	 0.369197	 0.659128	 -0.939718	 0.365017	 0.652856	 -0.923009	 0.360632	 0.646639	 -0.90633	 1.82027	 1.82018	 1.82026	 1.82005	 1.82028	 
6.5	 0.381	 0.678	 -0.99	 0.376781	 0.671516	 -0.973313	 0.372878	 0.66535	 -0.956431	 0.369066	 0.659295	 -0.939486	 0.364953	 0.652913	 -0.922736	 0.360676	 0.646334	 -0.9061	 1.82951	 1.82941	 1.82954	 1.82929	 1.82958	 
6.51	 0.381	 0.678	 -0.99	 0.377034	 0.6714	 -0.973232	 0.372924	 0.66531	 -0.956307	 0.368802	 0.659314	 -0.939351	 0.364811	 0.652849	 -0.922537	 0.36086	 0.646188	 -0.905789	 1.83845	 1.83836	 1.83845	 1.83825	 1.83846	 
6.52	 0.381	 0.678	 -0.99	 0.377213	 0.671533	 -0.973076	 0.372975	 0.665298	 -0.956172	 0.368606	 0.659112	 -0.939283	 0.364684	 0.652708	 -0.922367	 0.361009	 0.6462	 -0.905433	 1.84721	 1.84712	 1.84725	 1.84702	 1.84729	 
6.53	 0.381	 0.678	 -0.99	 0.377211	 0.671772	 -0.972924	 0.372953	 0.665304	 -0.95605	 0.368606	 0.658813	 -0.939206	 0.364692	 0.652521	 -0.922183	 0.360962	 0.646287	 -0.905097	 1.85599	 1.8559	 1.85599	 1.85579	 1.85602	 
6.54	 0.381	 0.678	 -0.99	 0.376992	 0.671882	 -0.972872	 0.372906	 0.665315	 -0.95593	 0.368802	 0.658607	 -0.939047	 0.364769	 0.652339	 -0.92198	 0.360773	 0.646324	 -0.904812	 1.86475	 1.86464	 1.86479	 1.86456	 1.86484	 
6.55	 0.381	 0.678	 -0.99	 0.376741	 0.671825	 -0.972891	 0.372857	 0.665247	 -0.955843	 0.369032	 0.658587	 -0.938813	 0.364865	 0.652297	 -0.921724	 0.360568	 0.646175	 -0.904605	 1.87342	 1.87334	 1.87344	 1.87325	 1.87347	 
6.56	 0.381	 0.678	 -0.99	 0.376665	 0.671596	 -0.972935	 0.37282	 0.665159	 -0.955765	 0.369117	 0.658733	 -0.938559	 0.364929	 0.652325	 -0.921459	 0.360477	 0.64591	 -0.904427	 1.8817	 1.88161	 1.88174	 1.88151	 1.88177	 
6.57	 0.381	 0.678	 -0.99	 0.37677	 0.671345	 -0.972949	 0.372861	 0.665094	 -0.95567	 0.369014	 0.6589	 -0.938356	 0.36487	 0.652349	 -0.921246	 0.360594	 0.645673	 -0.904214	 1.88936	 1.88927	 1.88935	 1.88912	 1.88931	 
6.58	 0.381	 0.678	 -0.99	 0.377015	 0.671285	 -0.972864	 0.372922	 0.665035	 -0.955579	 0.368794	 0.658925	 -0.938252	 0.364773	 0.652364	 -0.921066	 0.360812	 0.645552	 -0.903963	 1.89616	 1.89605	 1.89617	 1.8959	 1.89616	 
6.59	 0.381	 0.678	 -0.99	 0.377227	 0.671391	 -0.972732	 0.372966	 0.665055	 -0.955476	 0.36862	 0.658786	 -0.938216	 0.364716	 0.652265	 -0.920945	 0.360989	 0.645624	 -0.903679	 1.90218	 1.90207	 1.90215	 1.90193	 1.90214	 
6.6	 0.381	 0.678	 -0.99	 0.377231	 0.671607	 -0.972612	 0.372998	 0.665102	 -0.955373	 0.368629	 0.658551	 -0.938184	 0.364711	 0.652126	 -0.920842	 0.361043	 0.645785	 -0.903413	 1.90756	 1.90744	 1.90756	 1.90731	 1.90758	 
6.61	 0.381	 0.678	 -0.99	 0.377078	 0.671796	 -0.97254	 0.372964	 0.665112	 -0.955304	 0.368811	 0.658357	 -0.938103	 0.36483	 0.652037	 -0.9207	 0.360929	 0.645881	 -0.903219	 1.91271	 1.91261	 1.91269	 1.91248	 1.91267	 
6.62	 0.381	 0.678	 -0.99	 0.376847	 0.671773	 -0.972564	 0.372922	 0.665115	 -0.955237	 0.369063	 0.658331	 -0.937941	 0.364978	 0.651974	 -0.920539	 0.360773	 0.645851	 -0.903078	 1.91791	 1.91781	 1.91795	 1.91771	 1.91798	 
6.63	 0.381	 0.678	 -0.99	 0.376691	 0.671607	 -0.972623	 0.372916	 0.665051	 -0.955183	 0.369235	 0.658453	 -0.937737	 0.365071	 0.652011	 -0.920344	 0.360708	 0.64565	 -0.902968	 1.92347	 1.9234	 1.9235	 1.92331	 1.92353	 
6.64	 0.381	 0.678	 -0.99	 0.376754	 0.67138	 -0.97265	 0.372926	 0.664967	 -0.955126	 0.369224	 0.658627	 -0.937548	 0.365115	 0.652072	 -0.920141	 0.360782	 0.645388	 -0.902836	 1.92936	 1.92928	 1.92943	 1.92921	 1.92948	 
6.65	 0.381	 0.678	 -0.99	 0.37695	 0.671209	 -0.972625	 0.372999	 0.664929	 -0.955037	 0.369071	 0.658728	 -0.937415	 0.365059	 0.65206	 -0.919984	 0.361007	 0.645214	 -0.902631	 1.93546	 1.93539	 1.93549	 1.9353	 1.93549	 
6.66	 0.381	 0.678	 -0.99	 0.377187	 0.671251	 -0.972513	 0.373079	 0.664897	 -0.954946	 0.36889	 0.658655	 -0.937356	 0.364996	 0.652017	 -0.919845	 0.361256	 0.645162	 -0.902383	 1.94134	 1.94124	 1.94138	 1.94114	 1.94142	 
6.67	 0.381	 0.678	 -0.99	 0.377333	 0.671412	 -0.972383	 0.37312	 0.664921	 -0.954852	 0.368813	 0.658453	 -0.937336	 0.365006	 0.651886	 -0.919742	 0.361404	 0.645265	 -0.902124	 1.9466	 1.9465	 1.94658	 1.94637	 1.94658	 
6.68	 0.381	 0.678	 -0.99	 0.377267	 0.671608	 -0.972295	 0.373151	 0.664959	 -0.954771	 0.368921	 0.658224	 -0.937306	 0.36507	 0.651745	 -0.91966	 0.361431	 0.645413	 -0.901914	 1.95078	 1.95065	 1.95075	 1.95049	 1.95075	 
6.69	 0.381	 0.678	 -0.99	 0.377091	 0.671741	 -0.972264	 0.373129	 0.664958	 -0.954736	 0.369159	 0.658088	 -0.937242	 0.365236	 0.651688	 -0.919562	 0.361331	 0.64547	 -0.901812	 1.95369	 1.95356	 1.95361	 1.95336	 1.95353	 
6.7	 0.381	 0.678	 -0.99	 0.376893	 0.67167	 -0.972323	 0.373113	 0.664958	 -0.954716	 0.369421	 0.658128	 -0.937134	 0.365409	 0.651671	 -0.919484	 0.361233	 0.645425	 -0.901794	 1.95527	 1.95513	 1.95523	 1.95493	 1.95518	 
6.71	 0.381	 0.678	 -0.99	 0.376797	 0.671489	 -0.972408	 0.373142	 0.664903	 -0.954722	 0.369584	 0.658297	 -0.937023	 0.365521	 0.651759	 -0.91941	 0.361251	 0.645258	 -0.901831	 1.95584	 1.95573	 1.9558	 1.95555	 1.95575	 
6.72	 0.381	 0.678	 -0.99	 0.376911	 0.671282	 -0.972459	 0.373186	 0.664844	 -0.954734	 0.369572	 0.658493	 -0.936953	 0.365591	 0.651863	 -0.919356	 0.361405	 0.645077	 -0.901863	 1.9558	 1.9557	 1.95583	 1.95556	 1.95582	 
6.73	 0.381	 0.678	 -0.99	 0.377128	 0.671152	 -0.972461	 0.373286	 0.664832	 -0.954718	 0.369441	 0.658601	 -0.936944	 0.365571	 0.651892	 -0.919352	 0.361695	 0.644999	 -0.901832	 1.95572	 1.95563	 1.95572	 1.9555	 1.95568	 
6.74	 0.381	 0.678	 -0.99	 0.377365	 0.671229	 -0.97238	 0.373379	 0.664824	 -0.954699	 0.3693	 0.658536	 -0.936996	 0.365559	 0.651888	 -0.919353	 0.361988	 0.645036	 -0.90175	 1.95582	 1.95571	 1.95586	 1.95561	 1.95589	 
6.75	 0.381	 0.678	 -0.99	 0.377492	 0.671407	 -0.972284	 0.373431	 0.664873	 -0.954665	 0.369271	 0.658354	 -0.937063	 0.365615	 0.65179	 -0.919367	 0.36217	 0.645203	 -0.901636	 1.9562	 1.9561	 1.9562	 1.95601	 1.95624	 
6.76	 0.381	 0.678	 -0.99	 0.377411	 0.671612	 -0.972222	 0.37347	 0.664926	 -0.954631	 0.369421	 0.658156	 -0.937095	 0.365721	 0.651685	 -0.919371	 0.362222	 0.645379	 -0.901546	 1.95656	 1.95645	 1.95658	 1.95635	 1.95663	 
6.77	 0.381	 0.678	 -0.99	 0.377233	 0.671735	 -0.972216	 0.373456	 0.664939	 -0.95463	 0.369686	 0.658058	 -0.937076	 0.36592	 0.65166	 -0.919341	 0.362148	 0.645453	 -0.901538	 1.95652	 1.95642	 1.95649	 1.95627	 1.95645	 
6.78	 0.381	 0.678	 -0.99	 0.377041	 0.671648	 -0.972295	 0.373453	 0.664947	 -0.954641	 0.369959	 0.658137	 -0.93701	 0.36611	 0.651677	 -0.919322	 0.362086	 0.645421	 -0.901598	 1.95553	 1.95541	 1.95552	 1.95523	 1.95548	 
6.79	 0.381	 0.678	 -0.99	 0.376968	 0.671468	 -0.972394	 0.373489	 0.664902	 -0.954683	 0.370115	 0.658337	 -0.936951	 0.366236	 0.6518	 -0.919314	 0.362144	 0.645274	 -0.90172	 1.95333	 1.95322	 1.95328	 1.95301	 1.9532	 
6.8	 0.381	 0.678	 -0.99	 0.377105	 0.671272	 -0.972462	 0.373546	 0.664868	 -0.954733	 0.370095	 0.658558	 -0.936948	 0.366313	 0.65193	 -0.91935	 0.362339	 0.645134	 -0.901856	 1.9498	 1.94968	 1.94978	 1.94947	 1.94971	 
6.81	 0.381	 0.678	 -0.99	 0.377339	 0.671176	 -0.972482	 0.37366	 0.664885	 -0.954769	 0.369967	 0.658682	 -0.937028	 0.366303	 0.651995	 -0.91946	 0.362661	 0.645118	 -0.90196	 1.94522	 1.94511	 1.94515	 1.94489	 1.94506	 
6.82	 0.381	 0.678	 -0.99	 0.377581	 0.671294	 -0.972425	 0.373763	 0.664911	 -0.954814	 0.369847	 0.658633	 -0.937185	 0.366314	 0.652029	 -0.919597	 0.362968	 0.645232	 -0.902044	 1.93986	 1.93973	 1.93985	 1.93955	 1.93981	 
6.83	 0.381	 0.678	 -0.99	 0.37769	 0.671506	 -0.972366	 0.373828	 0.664996	 -0.954851	 0.369862	 0.658475	 -0.937364	 0.3664	 0.65197	 -0.919765	 0.363152	 0.645478	 -0.902119	 1.93416	 1.93404	 1.93413	 1.93389	 1.9341	 
6.84	 0.381	 0.678	 -0.99	 0.37758	 0.67172	 -0.972351	 0.373872	 0.665071	 -0.954897	 0.370066	 0.658317	 -0.937504	 0.366545	 0.651921	 -0.919918	 0.363197	 0.645713	 -0.90223	 1.92832	 1.9282	 1.92833	 1.92807	 1.92833	 
6.85	 0.381	 0.678	 -0.99	 0.377384	 0.671814	 -0.972398	 0.373862	 0.665096	 -0.954974	 0.370371	 0.658286	 -0.937579	 0.366778	 0.651955	 -0.920025	 0.363129	 0.645815	 -0.902415	 1.9225	 1.9224	 1.92248	 1.92225	 1.92243	 
6.86	 0.381	 0.678	 -0.99	 0.37721	 0.671686	 -0.972523	 0.373871	 0.66511	 -0.955051	 0.370643	 0.658442	 -0.937593	 0.36698	 0.652034	 -0.920125	 0.363103	 0.645787	 -0.902643	 1.91654	 1.91643	 1.91657	 1.91629	 1.91655	 
6.87	 0.381	 0.678	 -0.99	 0.377199	 0.67148	 -0.972646	 0.373928	 0.665074	 -0.955142	 0.370753	 0.658695	 -0.937611	 0.367093	 0.652201	 -0.920218	 0.363227	 0.645652	 -0.902889	 1.91033	 1.91023	 1.91033	 1.91008	 1.91029	 
6.88	 0.381	 0.678	 -0.99	 0.377411	 0.671312	 -0.972713	 0.374006	 0.665052	 -0.95523	 0.370672	 0.658911	 -0.93769	 0.367146	 0.65235	 -0.920343	 0.363496	 0.645566	 -0.903105	 1.90364	 1.90353	 1.90367	 1.90338	 1.90364	 
6.89	 0.381	 0.678	 -0.99	 0.377678	 0.671297	 -0.972717	 0.374127	 0.665094	 -0.955294	 0.370518	 0.658974	 -0.937853	 0.367129	 0.652401	 -0.920535	 0.363851	 0.64565	 -0.903263	 1.89641	 1.8963	 1.89638	 1.89613	 1.89631	 
6.9	 0.381	 0.678	 -0.99	 0.377863	 0.671506	 -0.972659	 0.374221	 0.665149	 -0.955367	 0.370448	 0.658851	 -0.938082	 0.367161	 0.652411	 -0.920751	 0.364122	 0.645871	 -0.90341	 1.88848	 1.88835	 1.88846	 1.88816	 1.88842	 
6.91	 0.381	 0.678	 -0.99	 0.377855	 0.671757	 -0.97263	 0.374253	 0.665244	 -0.95545	 0.370571	 0.658676	 -0.938307	 0.367304	 0.652365	 -0.920986	 0.364208	 0.646171	 -0.903591	 1.87986	 1.87973	 1.8798	 1.87953	 1.87975	 
6.92	 0.381	 0.678	 -0.99	 0.377636	 0.671897	 -0.972688	 0.374267	 0.665319	 -0.955552	 0.370873	 0.658607	 -0.938473	 0.367498	 0.652365	 -0.921214	 0.364163	 0.646381	 -0.903855	 1.87049	 1.87036	 1.87048	 1.87018	 1.87044	 
6.93	 0.381	 0.678	 -0.99	 0.377427	 0.671857	 -0.972815	 0.374258	 0.665324	 -0.955695	 0.371182	 0.658733	 -0.938581	 0.367726	 0.652493	 -0.921409	 0.364091	 0.646389	 -0.904224	 1.86048	 1.86037	 1.86045	 1.86018	 1.86036	 
6.94	 0.381	 0.678	 -0.99	 0.377391	 0.671625	 -0.972984	 0.374288	 0.665322	 -0.955842	 0.371328	 0.659021	 -0.938674	 0.367877	 0.652659	 -0.921622	 0.364163	 0.646289	 -0.904627	 1.8498	 1.84967	 1.8498	 1.84948	 1.84972	 
6.95	 0.381	 0.678	 -0.99	 0.377566	 0.67143	 -0.973102	 0.374393	 0.665313	 -0.955985	 0.371258	 0.659285	 -0.93883	 0.367894	 0.652836	 -0.921874	 0.364445	 0.646208	 -0.905002	 1.83858	 1.83847	 1.83855	 1.83827	 1.83846	 
6.96	 0.381	 0.678	 -0.99	 0.37788	 0.671452	 -0.973116	 0.374501	 0.665337	 -0.956121	 0.371073	 0.659359	 -0.939086	 0.367886	 0.652949	 -0.922164	 0.364798	 0.646291	 -0.905318	 1.82694	 1.82681	 1.82694	 1.82664	 1.82691	 
6.97	 0.381	 0.678	 -0.99	 0.378067	 0.671663	 -0.973087	 0.374588	 0.665449	 -0.956232	 0.370997	 0.659243	 -0.939398	 0.367912	 0.652931	 -0.922504	 0.365055	 0.64659	 -0.90558	 1.81511	 1.81499	 1.81509	 1.81483	 1.81504	 
6.98	 0.381	 0.678	 -0.99	 0.377981	 0.671953	 -0.97308	 0.374626	 0.665559	 -0.956354	 0.371163	 0.659075	 -0.939682	 0.368033	 0.65292	 -0.922824	 0.3651	 0.646929	 -0.905869	 1.80319	 1.80306	 1.8032	 1.80292	 1.80317	 
6.99	 0.381	 0.678	 -0.99	 0.377739	 0.672077	 -0.973165	 0.374594	 0.665623	 -0.956505	 0.371489	 0.659073	 -0.939875	 0.368264	 0.653001	 -0.923088	 0.364969	 0.647127	 -0.906243	 1.79137	 1.79125	 1.79135	 1.7911	 1.79129	 
7	 0.381	 0.678	 -0.99	 0.377544	 0.671914	 -0.973347	 0.374587	 0.665653	 -0.956663	 0.371757	 0.659321	 -0.939983	 0.368448	 0.653167	 -0.923326	 0.364898	 0.647136	 -0.906673	 1.77958	 1.77946	 1.7796	 1.77931	 1.77957	 
7.01	 0.381	 0.678	 -0.99	 0.377603	 0.67167	 -0.97351	 0.37465	 0.665634	 -0.956827	 0.371775	 0.659662	 -0.940106	 0.368498	 0.653412	 -0.923563	 0.365052	 0.647036	 -0.907102	 1.76776	 1.76766	 1.76777	 1.7675	 1.76772	 
7.02	 0.381	 0.678	 -0.99	 0.377917	 0.671582	 -0.973569	 0.374745	 0.665645	 -0.956976	 0.371571	 0.659852	 -0.940331	 0.368469	 0.653587	 -0.923846	 0.365378	 0.647059	 -0.90746	 1.75573	 1.75561	 1.75575	 1.75545	 1.75572	 
7.03	 0.381	 0.678	 -0.99	 0.378177	 0.671745	 -0.973548	 0.374847	 0.665745	 -0.957096	 0.371406	 0.659782	 -0.940654	 0.368436	 0.653597	 -0.924203	 0.365683	 0.647331	 -0.907744	 1.74335	 1.74322	 1.74331	 1.74305	 1.74326	 
7.04	 0.381	 0.678	 -0.99	 0.378147	 0.672068	 -0.973525	 0.374891	 0.665855	 -0.95723	 0.371511	 0.659577	 -0.940985	 0.368522	 0.653568	 -0.924565	 0.365761	 0.647691	 -0.908055	 1.73044	 1.7303	 1.73043	 1.73012	 1.73038	 
7.05	 0.381	 0.678	 -0.99	 0.37789	 0.672231	 -0.973608	 0.374853	 0.665927	 -0.957402	 0.371844	 0.659527	 -0.941226	 0.368754	 0.653615	 -0.924884	 0.365612	 0.647908	 -0.908478	 1.71712	 1.717	 1.71709	 1.7168	 1.71699	 
7.06	 0.381	 0.678	 -0.99	 0.377667	 0.67206	 -0.97381	 0.374835	 0.66595	 -0.957589	 0.372133	 0.659774	 -0.94137	 0.368948	 0.653771	 -0.925176	 0.365514	 0.647886	 -0.908988	 1.70353	 1.70341	 1.70355	 1.70323	 1.70348	 
7.07	 0.381	 0.678	 -0.99	 0.377749	 0.671788	 -0.973993	 0.374901	 0.665923	 -0.957781	 0.372122	 0.660128	 -0.94153	 0.368979	 0.65401	 -0.925468	 0.365684	 0.647748	 -0.909489	 1.68999	 1.68988	 1.68999	 1.68971	 1.68993	 
7.08	 0.381	 0.678	 -0.99	 0.378099	 0.671738	 -0.97404	 0.375003	 0.665936	 -0.957945	 0.371871	 0.660276	 -0.941805	 0.368916	 0.65416	 -0.9258	 0.366033	 0.647783	 -0.909883	 1.67672	 1.6766	 1.67677	 1.67647	 1.67675	 
7.09	 0.381	 0.678	 -0.99	 0.37832	 0.671981	 -0.974	 0.375082	 0.66605	 -0.958071	 0.37173	 0.660127	 -0.942162	 0.368889	 0.654127	 -0.926183	 0.366278	 0.648105	 -0.910173	 1.66393	 1.66382	 1.66395	 1.66369	 1.66392	 
7.1	 0.381	 0.678	 -0.99	 0.378158	 0.67229	 -0.974003	 0.375085	 0.666165	 -0.958203	 0.371928	 0.659922	 -0.942466	 0.369002	 0.654082	 -0.926533	 0.366222	 0.648463	 -0.910492	 1.6515	 1.65138	 1.65155	 1.65126	 1.65154	 
7.11	 0.381	 0.678	 -0.99	 0.377839	 0.67232	 -0.974139	 0.375023	 0.666197	 -0.958379	 0.372283	 0.659997	 -0.942634	 0.369217	 0.654197	 -0.926799	 0.365998	 0.648565	 -0.910933	 1.63927	 1.63917	 1.63929	 1.63903	 1.63923	 
7.12	 0.381	 0.678	 -0.99	 0.37776	 0.67203	 -0.974351	 0.37501	 0.666183	 -0.958563	 0.372403	 0.660366	 -0.942739	 0.369317	 0.654432	 -0.927047	 0.365964	 0.648447	 -0.911428	 1.62682	 1.62669	 1.62684	 1.62653	 1.6268	 
7.13	 0.381	 0.678	 -0.99	 0.378034	 0.67183	 -0.974467	 0.375103	 0.666197	 -0.958727	 0.37217	 0.660663	 -0.942951	 0.36921	 0.654642	 -0.927362	 0.366247	 0.648416	 -0.911852	 1.61382	 1.61368	 1.61377	 1.61348	 1.61368	 
7.14	 0.381	 0.678	 -0.99	 0.378338	 0.67204	 -0.97443	 0.375191	 0.666288	 -0.958873	 0.371909	 0.660604	 -0.943318	 0.369095	 0.654714	 -0.927751	 0.366531	 0.648698	 -0.912187	 1.59996	 1.59981	 1.59994	 1.59959	 1.59985	 
7.15	 0.381	 0.678	 -0.99	 0.378272	 0.672413	 -0.974407	 0.375172	 0.666438	 -0.95903	 0.372005	 0.660392	 -0.943694	 0.369171	 0.654695	 -0.928163	 0.366481	 0.649144	 -0.912552	 1.5853	 1.58517	 1.58526	 1.58494	 1.58514	 
7.16	 0.381	 0.678	 -0.99	 0.377906	 0.672479	 -0.97456	 0.375099	 0.666533	 -0.959224	 0.372366	 0.660455	 -0.943926	 0.369359	 0.65479	 -0.928523	 0.366212	 0.649364	 -0.91306	 1.57013	 1.56999	 1.57014	 1.56979	 1.57007	 
7.17	 0.381	 0.678	 -0.99	 0.377772	 0.672196	 -0.9748	 0.375085	 0.666514	 -0.95945	 0.372506	 0.66085	 -0.944074	 0.369433	 0.655075	 -0.928833	 0.366143	 0.64926	 -0.91365	 1.55506	 1.55494	 1.55506	 1.55478	 1.55501	 
7.18	 0.381	 0.678	 -0.99	 0.378093	 0.672009	 -0.974911	 0.375161	 0.666501	 -0.959644	 0.372231	 0.661143	 -0.944323	 0.369325	 0.655313	 -0.929172	 0.366422	 0.649212	 -0.914126	 1.54071	 1.54059	 1.54077	 1.54048	 1.54079	 
7.19	 0.381	 0.678	 -0.99	 0.378395	 0.672237	 -0.97486	 0.375238	 0.666608	 -0.959775	 0.371974	 0.661015	 -0.944698	 0.369217	 0.655299	 -0.929569	 0.366686	 0.649518	 -0.914422	 1.52774	 1.52765	 1.52781	 1.52758	 1.52784	 
7.2	 0.381	 0.678	 -0.99	 0.378209	 0.672582	 -0.974846	 0.375216	 0.666739	 -0.959891	 0.372162	 0.660763	 -0.944998	 0.369308	 0.655207	 -0.929907	 0.36657	 0.649894	 -0.914705	 1.51643	 1.51634	 1.51657	 1.51631	 1.51662	 
7.21	 0.381	 0.678	 -0.99	 0.377836	 0.672538	 -0.975004	 0.375136	 0.666746	 -0.960041	 0.372528	 0.66088	 -0.94509	 0.369498	 0.655316	 -0.930104	 0.366284	 0.649898	 -0.915101	 1.50686	 1.50678	 1.50696	 1.50675	 1.507	 
7.22	 0.381	 0.678	 -0.99	 0.377882	 0.672187	 -0.975186	 0.375136	 0.666677	 -0.960185	 0.3725	 0.661267	 -0.945126	 0.369507	 0.655551	 -0.93025	 0.366314	 0.649654	 -0.915484	 1.49856	 1.49846	 1.49866	 1.49842	 1.49873	 
7.23	 0.381	 0.678	 -0.99	 0.378276	 0.672121	 -0.975189	 0.37523	 0.666695	 -0.960269	 0.372128	 0.661368	 -0.945324	 0.36932	 0.655622	 -0.930478	 0.366634	 0.64968	 -0.915685	 1.49098	 1.49088	 1.49103	 1.49079	 1.49104	 
7.24	 0.381	 0.678	 -0.99	 0.378366	 0.672484	 -0.975088	 0.375261	 0.666811	 -0.960327	 0.372023	 0.661076	 -0.945617	 0.36924	 0.655508	 -0.930753	 0.366709	 0.650051	 -0.915801	 1.48339	 1.48328	 1.48344	 1.48314	 1.48343	 
7.25	 0.381	 0.678	 -0.99	 0.377996	 0.672696	 -0.975138	 0.375162	 0.666879	 -0.960436	 0.37235	 0.660955	 -0.945772	 0.36939	 0.655505	 -0.930957	 0.366379	 0.650277	 -0.91607	 1.47534	 1.47523	 1.47534	 1.47505	 1.47528	 
7.26	 0.381	 0.678	 -0.99	 0.377785	 0.672414	 -0.975349	 0.375084	 0.666846	 -0.960589	 0.37253	 0.661304	 -0.945792	 0.36948	 0.655731	 -0.931104	 0.366159	 0.650119	 -0.916487	 1.46659	 1.46644	 1.46657	 1.46625	 1.46653	 
7.27	 0.381	 0.678	 -0.99	 0.378088	 0.672156	 -0.975454	 0.375146	 0.666837	 -0.960714	 0.372215	 0.661627	 -0.945933	 0.369303	 0.655931	 -0.931331	 0.366379	 0.650012	 -0.916817	 1.45725	 1.45712	 1.45723	 1.45694	 1.45718	 
7.28	 0.381	 0.678	 -0.99	 0.378366	 0.672421	 -0.975365	 0.375215	 0.666939	 -0.960797	 0.371916	 0.661459	 -0.94626	 0.369116	 0.655899	 -0.931651	 0.36659	 0.650322	 -0.916997	 1.44776	 1.44765	 1.44779	 1.44749	 1.44775	 
7.29	 0.381	 0.678	 -0.99	 0.378107	 0.672778	 -0.975347	 0.375138	 0.667045	 -0.960903	 0.37213	 0.661205	 -0.946508	 0.369203	 0.655834	 -0.931918	 0.366339	 0.650679	 -0.917236	 1.43869	 1.43858	 1.43872	 1.43845	 1.43869	 
7.3	 0.381	 0.678	 -0.99	 0.377761	 0.672608	 -0.97554	 0.375024	 0.667031	 -0.961048	 0.372428	 0.661432	 -0.946536	 0.369347	 0.655992	 -0.932061	 0.366001	 0.650609	 -0.917622	 1.43053	 1.43043	 1.4306	 1.43035	 1.43063	 
7.31	 0.381	 0.678	 -0.99	 0.377951	 0.67225	 -0.975687	 0.375052	 0.666985	 -0.961158	 0.372209	 0.661822	 -0.946581	 0.369214	 0.656211	 -0.932202	 0.366118	 0.650397	 -0.917925	 1.42364	 1.42354	 1.42372	 1.42349	 1.42377	 
7.32	 0.381	 0.678	 -0.99	 0.378308	 0.672403	 -0.975595	 0.375132	 0.667049	 -0.961196	 0.371821	 0.66173	 -0.946814	 0.368973	 0.656195	 -0.932416	 0.366379	 0.650579	 -0.918	 1.41811	 1.41802	 1.41821	 1.41798	 1.41826	 
7.33	 0.381	 0.678	 -0.99	 0.378134	 0.672807	 -0.975508	 0.375067	 0.667154	 -0.961232	 0.371929	 0.661401	 -0.94701	 0.368991	 0.656068	 -0.932585	 0.36618	 0.650932	 -0.91806	 1.41381	 1.41372	 1.41391	 1.41366	 1.41393	 
7.34	 0.381	 0.678	 -0.99	 0.377731	 0.672714	 -0.975652	 0.374928	 0.667139	 -0.961314	 0.372253	 0.661519	 -0.94697	 0.369131	 0.656149	 -0.932621	 0.365771	 0.650879	 -0.918286	 1.41047	 1.41037	 1.41054	 1.41031	 1.41058	 
7.35	 0.381	 0.678	 -0.99	 0.377841	 0.672314	 -0.9758	 0.374919	 0.66706	 -0.961385	 0.372081	 0.661902	 -0.946917	 0.369009	 0.656343	 -0.932649	 0.36579	 0.650593	 -0.918487	 1.4078	 1.40769	 1.40786	 1.40762	 1.4079	 
7.36	 0.381	 0.678	 -0.99	 0.37822	 0.672386	 -0.975708	 0.374991	 0.667089	 -0.961389	 0.371645	 0.661844	 -0.947078	 0.368729	 0.656318	 -0.93278	 0.36604	 0.65068	 -0.918479	 1.40564	 1.40554	 1.40569	 1.40545	 1.40572	 
7.37	 0.381	 0.678	 -0.99	 0.378098	 0.672797	 -0.975589	 0.374933	 0.667186	 -0.961389	 0.37168	 0.661478	 -0.947246	 0.36869	 0.65615	 -0.9329	 0.365864	 0.651011	 -0.918451	 1.40394	 1.40385	 1.40402	 1.40375	 1.40403	 
7.38	 0.381	 0.678	 -0.99	 0.377674	 0.672757	 -0.975703	 0.374784	 0.667171	 -0.961443	 0.372008	 0.661527	 -0.947181	 0.36882	 0.656183	 -0.932892	 0.365419	 0.650964	 -0.918604	 1.40286	 1.40276	 1.4029	 1.40267	 1.40292	 
7.39	 0.381	 0.678	 -0.99	 0.377734	 0.672346	 -0.97585	 0.374757	 0.667075	 -0.961491	 0.371877	 0.661899	 -0.947076	 0.368715	 0.656358	 -0.932859	 0.365378	 0.650633	 -0.918753	 1.40245	 1.40233	 1.40252	 1.40227	 1.40258	 
7.4	 0.381	 0.678	 -0.99	 0.378124	 0.672359	 -0.975757	 0.374827	 0.667079	 -0.961468	 0.371427	 0.661862	 -0.947179	 0.368425	 0.656323	 -0.932924	 0.365624	 0.650649	 -0.918678	 1.40286	 1.40277	 1.40292	 1.40271	 1.40296	 
7.41	 0.381	 0.678	 -0.99	 0.378046	 0.672761	 -0.975612	 0.374782	 0.667162	 -0.961429	 0.371416	 0.66147	 -0.947305	 0.368355	 0.656121	 -0.932982	 0.36548	 0.650952	 -0.918551	 1.40403	 1.40394	 1.40413	 1.40388	 1.40418	 
7.42	 0.381	 0.678	 -0.99	 0.377613	 0.672765	 -0.975693	 0.374631	 0.667146	 -0.961442	 0.371742	 0.661459	 -0.947197	 0.368475	 0.656113	 -0.932905	 0.365021	 0.650914	 -0.918599	 1.40594	 1.40585	 1.40599	 1.40577	 1.40603	 
7.43	 0.381	 0.678	 -0.99	 0.377623	 0.672358	 -0.975828	 0.374581	 0.667045	 -0.961456	 0.371648	 0.661822	 -0.947027	 0.368383	 0.656278	 -0.932792	 0.364921	 0.650562	 -0.918669	 1.40835	 1.40824	 1.40842	 1.40817	 1.4085	 
7.44	 0.381	 0.678	 -0.99	 0.37801	 0.672316	 -0.975737	 0.374639	 0.667036	 -0.961406	 0.371183	 0.661831	 -0.947065	 0.36808	 0.656258	 -0.932784	 0.365144	 0.650524	 -0.91853	 1.41124	 1.41116	 1.4113	 1.41108	 1.41133	 
7.45	 0.381	 0.678	 -0.99	 0.377984	 0.672704	 -0.975571	 0.374598	 0.667115	 -0.961335	 0.371099	 0.661439	 -0.947161	 0.367958	 0.656048	 -0.932795	 0.365028	 0.650817	 -0.918323	 1.41459	 1.41449	 1.41467	 1.41441	 1.41472	 
7.46	 0.381	 0.678	 -0.99	 0.377548	 0.672769	 -0.975616	 0.37444	 0.667105	 -0.961319	 0.371405	 0.661356	 -0.947039	 0.368051	 0.656	 -0.932679	 0.364553	 0.650822	 -0.918286	 1.41856	 1.41847	 1.41861	 1.4184	 1.41865	 
7.47	 0.381	 0.678	 -0.99	 0.377478	 0.672376	 -0.975748	 0.374361	 0.666995	 -0.96131	 0.371367	 0.661691	 -0.946816	 0.367981	 0.656146	 -0.932502	 0.36437	 0.650461	 -0.918295	 1.42328	 1.42317	 1.42336	 1.42313	 1.42345	 
7.48	 0.381	 0.678	 -0.99	 0.377848	 0.672249	 -0.975671	 0.374405	 0.666958	 -0.961233	 0.370907	 0.661761	 -0.946773	 0.367677	 0.65614	 -0.932411	 0.364564	 0.650326	 -0.918098	 1.42896	 1.42888	 1.42903	 1.42884	 1.4291	 
7.49	 0.381	 0.678	 -0.99	 0.377915	 0.672598	 -0.975473	 0.374384	 0.667019	 -0.961117	 0.370726	 0.661376	 -0.946816	 0.367498	 0.655911	 -0.932345	 0.364514	 0.650555	 -0.917779	 1.43567	 1.43559	 1.43579	 1.43556	 1.43587	 
7.5	 0.381	 0.678	 -0.99	 0.377509	 0.672753	 -0.975453	 0.374232	 0.667013	 -0.961043	 0.370994	 0.661169	 -0.946665	 0.367563	 0.655777	 -0.932158	 0.364054	 0.650594	 -0.917591	 1.44347	 1.44339	 1.44355	 1.44336	 1.44362	 
7.51	 0.381	 0.678	 -0.99	 0.377318	 0.672404	 -0.975568	 0.37412	 0.666891	 -0.960989	 0.371061	 0.661418	 -0.946364	 0.367537	 0.655854	 -0.931881	 0.363756	 0.650227	 -0.917485	 1.45222	 1.45212	 1.45231	 1.4521	 1.45242	 
7.52	 0.381	 0.678	 -0.99	 0.377621	 0.672145	 -0.975526	 0.374141	 0.666803	 -0.96088	 0.370653	 0.66157	 -0.946195	 0.367254	 0.655866	 -0.931667	 0.363881	 0.649946	 -0.917218	 1.46181	 1.46172	 1.46187	 1.46169	 1.46195	 
7.53	 0.381	 0.678	 -0.99	 0.377826	 0.672392	 -0.975309	 0.37415	 0.666825	 -0.960721	 0.370332	 0.661252	 -0.94617	 0.366998	 0.655652	 -0.931513	 0.363931	 0.650057	 -0.916794	 1.47205	 1.47197	 1.47215	 1.47193	 1.47223	 
7.54	 0.381	 0.678	 -0.99	 0.377536	 0.672673	 -0.975193	 0.374023	 0.666841	 -0.96059	 0.370485	 0.660905	 -0.946033	 0.366998	 0.655432	 -0.931286	 0.363553	 0.650169	 -0.916451	 1.48287	 1.48279	 1.48293	 1.48273	 1.48299	 
7.55	 0.381	 0.678	 -0.99	 0.377198	 0.672471	 -0.975269	 0.373874	 0.666749	 -0.960497	 0.370687	 0.660995	 -0.945706	 0.367034	 0.655411	 -0.93096	 0.363126	 0.6499	 -0.916249	 1.49415	 1.49405	 1.49421	 1.494	 1.4943	 
7.56	 0.381	 0.678	 -0.99	 0.377312	 0.67209	 -0.975303	 0.37385	 0.666623	 -0.960382	 0.370451	 0.661242	 -0.945415	 0.366833	 0.655457	 -0.930652	 0.363093	 0.649499	 -0.915987	 1.50588	 1.50579	 1.50593	 1.50573	 1.50599	 
7.57	 0.381	 0.678	 -0.99	 0.377635	 0.672112	 -0.975129	 0.373883	 0.666577	 -0.960216	 0.370015	 0.66112	 -0.945302	 0.36652	 0.65534	 -0.93042	 0.363236	 0.649409	 -0.915547	 1.51806	 1.51797	 1.51813	 1.51791	 1.51819	 
7.58	 0.381	 0.678	 -0.99	 0.37761	 0.672449	 -0.974915	 0.373814	 0.666602	 -0.96004	 0.369915	 0.660712	 -0.945209	 0.366394	 0.655088	 -0.930182	 0.363066	 0.649565	 -0.915072	 1.53071	 1.53063	 1.53078	 1.53056	 1.53083	 
7.59	 0.381	 0.678	 -0.99	 0.377232	 0.672529	 -0.974882	 0.373657	 0.666589	 -0.959894	 0.370147	 0.660538	 -0.944935	 0.366436	 0.654926	 -0.929855	 0.362606	 0.649532	 -0.914724	 1.5438	 1.54371	 1.54386	 1.54365	 1.54393	 
7.6	 0.381	 0.678	 -0.99	 0.377022	 0.672209	 -0.974958	 0.373558	 0.66648	 -0.959766	 0.370209	 0.660737	 -0.944552	 0.366378	 0.654948	 -0.929472	 0.362314	 0.649171	 -0.914447	 1.55726	 1.55717	 1.55731	 1.55711	 1.55739	 
7.61	 0.381	 0.678	 -0.99	 0.377241	 0.671941	 -0.974907	 0.373558	 0.666357	 -0.959615	 0.369875	 0.660894	 -0.944277	 0.36613	 0.654976	 -0.929127	 0.362372	 0.648824	 -0.91407	 1.57095	 1.57087	 1.57102	 1.57081	 1.57109	 
7.62	 0.381	 0.678	 -0.99	 0.377523	 0.672056	 -0.974694	 0.37356	 0.66633	 -0.959425	 0.369496	 0.66068	 -0.944152	 0.365877	 0.654809	 -0.928852	 0.362462	 0.6488	 -0.913557	 1.5848	 1.58471	 1.58486	 1.58464	 1.58492	 
7.63	 0.381	 0.678	 -0.99	 0.377423	 0.672339	 -0.974511	 0.373487	 0.666362	 -0.95923	 0.369473	 0.660291	 -0.944005	 0.365788	 0.654528	 -0.92858	 0.362257	 0.648937	 -0.913054	 1.59869	 1.59859	 1.59873	 1.59851	 1.59879	 
7.64	 0.381	 0.678	 -0.99	 0.37705	 0.672381	 -0.974487	 0.373359	 0.666318	 -0.959077	 0.369706	 0.660135	 -0.943705	 0.365819	 0.654376	 -0.928228	 0.361846	 0.648844	 -0.912688	 1.6126	 1.61251	 1.61265	 1.61244	 1.61272	 
7.65	 0.381	 0.678	 -0.99	 0.376876	 0.672094	 -0.974537	 0.37326	 0.666181	 -0.958951	 0.369767	 0.66029	 -0.943327	 0.365794	 0.654387	 -0.927825	 0.361581	 0.648456	 -0.912394	 1.62664	 1.62655	 1.62668	 1.62649	 1.62676	 
7.66	 0.381	 0.678	 -0.99	 0.377071	 0.671798	 -0.974498	 0.373253	 0.666062	 -0.958791	 0.369485	 0.660433	 -0.943032	 0.365598	 0.654364	 -0.927468	 0.361626	 0.648086	 -0.912006	 1.64096	 1.64088	 1.64102	 1.64083	 1.64111	 
7.67	 0.381	 0.678	 -0.99	 0.377338	 0.671831	 -0.974312	 0.373284	 0.666015	 -0.958586	 0.369123	 0.660263	 -0.942864	 0.36534	 0.654188	 -0.927169	 0.361757	 0.647976	 -0.911479	 1.65582	 1.65574	 1.65589	 1.65571	 1.65597	 
7.68	 0.381	 0.678	 -0.99	 0.377342	 0.672107	 -0.974094	 0.373238	 0.666004	 -0.958377	 0.369018	 0.659872	 -0.942701	 0.365221	 0.653924	 -0.926849	 0.361645	 0.648041	 -0.910919	 1.6714	 1.67132	 1.67148	 1.67129	 1.67157	 
7.69	 0.381	 0.678	 -0.99	 0.377056	 0.672238	 -0.973996	 0.373113	 0.665979	 -0.95818	 0.369188	 0.659608	 -0.942404	 0.365245	 0.6537	 -0.926453	 0.361275	 0.648013	 -0.910428	 1.68782	 1.68774	 1.68789	 1.68772	 1.68799	 
7.7	 0.381	 0.678	 -0.99	 0.376767	 0.672053	 -0.974014	 0.373006	 0.665887	 -0.957993	 0.369346	 0.659644	 -0.941978	 0.36524	 0.65362	 -0.925988	 0.360931	 0.647737	 -0.909997	 1.705	 1.70493	 1.70509	 1.70492	 1.70521	 
7.71	 0.381	 0.678	 -0.99	 0.376772	 0.671747	 -0.974001	 0.372959	 0.665745	 -0.957803	 0.36923	 0.659816	 -0.941558	 0.365115	 0.65364	 -0.9255	 0.360823	 0.647332	 -0.909538	 1.72273	 1.72266	 1.72281	 1.72264	 1.7229	 
7.72	 0.381	 0.678	 -0.99	 0.377027	 0.671587	 -0.973869	 0.372959	 0.665655	 -0.957579	 0.368891	 0.659846	 -0.941244	 0.364897	 0.653577	 -0.925062	 0.360911	 0.647074	 -0.90897	 1.74057	 1.74049	 1.74064	 1.74045	 1.74072	 
7.73	 0.381	 0.678	 -0.99	 0.377218	 0.671696	 -0.973654	 0.37297	 0.665639	 -0.95733	 0.368605	 0.659619	 -0.941023	 0.364684	 0.653379	 -0.924686	 0.360986	 0.647057	 -0.908328	 1.75805	 1.75796	 1.75807	 1.75788	 1.75812	 
7.74	 0.381	 0.678	 -0.99	 0.377162	 0.671949	 -0.973453	 0.372921	 0.665633	 -0.957105	 0.368571	 0.659273	 -0.940802	 0.364608	 0.653153	 -0.924312	 0.360852	 0.647129	 -0.907735	 1.77466	 1.77456	 1.77466	 1.77443	 1.77468	 
7.75	 0.381	 0.678	 -0.99	 0.376905	 0.672055	 -0.973365	 0.372816	 0.665612	 -0.956916	 0.368747	 0.65906	 -0.940504	 0.364658	 0.652972	 -0.923921	 0.360543	 0.647101	 -0.907266	 1.79013	 1.79002	 1.7901	 1.78987	 1.79009	 
7.76	 0.381	 0.678	 -0.99	 0.376646	 0.671905	 -0.973383	 0.372738	 0.66554	 -0.956756	 0.368923	 0.659087	 -0.940142	 0.364693	 0.652899	 -0.923528	 0.360276	 0.646872	 -0.906903	 1.80441	 1.8043	 1.80439	 1.80414	 1.80439	 
7.77	 0.381	 0.678	 -0.99	 0.376614	 0.671638	 -0.973394	 0.372705	 0.665415	 -0.956618	 0.3689	 0.659241	 -0.9398	 0.364651	 0.65292	 -0.923145	 0.360196	 0.646512	 -0.906575	 1.81777	 1.81767	 1.81776	 1.81753	 1.81777	 
7.78	 0.381	 0.678	 -0.99	 0.376816	 0.671428	 -0.97333	 0.372721	 0.665323	 -0.956462	 0.368671	 0.659327	 -0.939544	 0.364524	 0.652886	 -0.922815	 0.360304	 0.646229	 -0.906187	 1.8307	 1.83061	 1.83073	 1.83052	 1.83077	 
7.79	 0.381	 0.678	 -0.99	 0.377046	 0.671434	 -0.973177	 0.372769	 0.665281	 -0.956278	 0.368405	 0.659205	 -0.939372	 0.364355	 0.652747	 -0.92253	 0.360471	 0.646127	 -0.905712	 1.8438	 1.84373	 1.84385	 1.84367	 1.8439	 
7.8	 0.381	 0.678	 -0.99	 0.377139	 0.671635	 -0.97298	 0.37277	 0.66526	 -0.956087	 0.36828	 0.658907	 -0.939217	 0.364275	 0.652547	 -0.922229	 0.360504	 0.646154	 -0.905198	 1.85754	 1.85746	 1.8576	 1.85742	 1.85769	 
7.81	 0.381	 0.678	 -0.99	 0.377013	 0.671813	 -0.972839	 0.372717	 0.665257	 -0.955891	 0.368367	 0.658609	 -0.938992	 0.364301	 0.652314	 -0.921889	 0.360357	 0.646195	 -0.904692	 1.87213	 1.87206	 1.8722	 1.87204	 1.8723	 
7.82	 0.381	 0.678	 -0.99	 0.37675	 0.67184	 -0.972782	 0.372655	 0.665208	 -0.955703	 0.368577	 0.658456	 -0.938666	 0.364369	 0.652159	 -0.921487	 0.360126	 0.646095	 -0.904233	 1.88748	 1.88741	 1.88756	 1.8874	 1.88767	 
7.83	 0.381	 0.678	 -0.99	 0.376569	 0.671686	 -0.972771	 0.372593	 0.665104	 -0.955531	 0.368735	 0.658484	 -0.938278	 0.364443	 0.652107	 -0.921037	 0.359936	 0.645823	 -0.903815	 1.9032	 1.90313	 1.90326	 1.90309	 1.90333	 
7.84	 0.381	 0.678	 -0.99	 0.37656	 0.671416	 -0.972762	 0.372587	 0.665004	 -0.955347	 0.368732	 0.658613	 -0.937897	 0.364433	 0.652074	 -0.920608	 0.359912	 0.645493	 -0.903389	 1.91864	 1.91856	 1.91868	 1.91847	 1.91871	 
7.85	 0.381	 0.678	 -0.99	 0.37672	 0.67123	 -0.972689	 0.372631	 0.664904	 -0.955165	 0.368572	 0.658687	 -0.937595	 0.364345	 0.65205	 -0.920221	 0.360055	 0.645209	 -0.90294	 1.93316	 1.93307	 1.93315	 1.93293	 1.93316	 
7.86	 0.381	 0.678	 -0.99	 0.376961	 0.671204	 -0.972546	 0.372675	 0.664853	 -0.954985	 0.368355	 0.65862	 -0.937389	 0.36426	 0.65196	 -0.919899	 0.360246	 0.645081	 -0.902472	 1.94625	 1.94614	 1.94622	 1.94598	 1.94622	 
7.87	 0.381	 0.678	 -0.99	 0.377103	 0.671324	 -0.972385	 0.372726	 0.664856	 -0.954807	 0.36823	 0.658416	 -0.937247	 0.364196	 0.651797	 -0.919645	 0.36039	 0.645113	 -0.902014	 1.95775	 1.95762	 1.95768	 1.95744	 1.95766	 
7.88	 0.381	 0.678	 -0.99	 0.377093	 0.671532	 -0.972239	 0.372736	 0.664855	 -0.954661	 0.368267	 0.658154	 -0.937121	 0.364226	 0.651642	 -0.919408	 0.360398	 0.645191	 -0.901624	 1.96773	 1.9676	 1.96767	 1.96742	 1.96764	 
7.89	 0.381	 0.678	 -0.99	 0.376943	 0.671657	 -0.972164	 0.37271	 0.664865	 -0.954537	 0.368449	 0.657964	 -0.936958	 0.364339	 0.651493	 -0.919182	 0.360288	 0.645231	 -0.901317	 1.97658	 1.97645	 1.97653	 1.97629	 1.97651	 
7.9	 0.381	 0.678	 -0.99	 0.376723	 0.671644	 -0.972162	 0.37269	 0.664835	 -0.954435	 0.368689	 0.657911	 -0.936745	 0.364464	 0.651418	 -0.918945	 0.360162	 0.645142	 -0.901085	 1.98474	 1.98463	 1.98473	 1.9845	 1.98473	 
7.91	 0.381	 0.678	 -0.99	 0.3766	 0.671496	 -0.972189	 0.372671	 0.664762	 -0.954353	 0.368859	 0.657992	 -0.936505	 0.364591	 0.651421	 -0.918688	 0.360097	 0.644927	 -0.900897	 1.99261	 1.99253	 1.99262	 1.99241	 1.99263	 
7.92	 0.381	 0.678	 -0.99	 0.376612	 0.671261	 -0.972217	 0.372699	 0.664694	 -0.954261	 0.368897	 0.65814	 -0.936275	 0.364645	 0.65143	 -0.918449	 0.360178	 0.644678	 -0.900691	 2.00037	 2.00029	 2.0004	 2.00019	 2.00041	 
7.93	 0.381	 0.678	 -0.99	 0.376768	 0.671098	 -0.972187	 0.372765	 0.664615	 -0.954165	 0.368807	 0.658238	 -0.936095	 0.364642	 0.651451	 -0.918224	 0.360392	 0.644461	 -0.900449	 2.00798	 2.0079	 2.00802	 2.0078	 2.00804	 
7.94	 0.381	 0.678	 -0.99	 0.377006	 0.67105	 -0.972098	 0.372839	 0.66458	 -0.954057	 0.368659	 0.658222	 -0.935979	 0.364633	 0.651405	 -0.918034	 0.360653	 0.644369	 -0.900163	 2.01526	 2.01518	 2.01529	 2.01507	 2.0153	 
7.95	 0.381	 0.678	 -0.99	 0.377178	 0.671142	 -0.971977	 0.372928	 0.664584	 -0.953939	 0.368566	 0.658081	 -0.935907	 0.364623	 0.6513	 -0.917883	 0.360895	 0.644403	 -0.899855	 2.02199	 2.02189	 2.02199	 2.02177	 2.022	 
7.96	 0.381	 0.678	 -0.99	 0.377243	 0.671337	 -0.971848	 0.372971	 0.664597	 -0.953839	 0.36859	 0.657864	 -0.935854	 0.364696	 0.651184	 -0.917738	 0.361023	 0.644501	 -0.899576	 2.02799	 2.02787	 2.02795	 2.02773	 2.02795	 
7.97	 0.381	 0.678	 -0.99	 0.377158	 0.67149	 -0.971773	 0.372991	 0.664631	 -0.953748	 0.368756	 0.657674	 -0.935775	 0.364828	 0.651055	 -0.917608	 0.361041	 0.644615	 -0.899345	 2.03316	 2.03304	 2.03312	 2.03289	 2.03313	 
7.98	 0.381	 0.678	 -0.99	 0.376982	 0.671565	 -0.971753	 0.373001	 0.664626	 -0.953685	 0.369011	 0.657578	 -0.93566	 0.364996	 0.651002	 -0.917464	 0.360993	 0.64464	 -0.899189	 2.03755	 2.03743	 2.03751	 2.03729	 2.0375	 
7.99	 0.381	 0.678	 -0.99	 0.376833	 0.671498	 -0.971784	 0.373001	 0.664601	 -0.953642	 0.369262	 0.657618	 -0.935512	 0.36519	 0.651005	 -0.917317	 0.360945	 0.64456	 -0.8991	 2.04117	 2.04105	 2.04115	 2.0409	 2.04112	 
8	 0.381	 0.678	 -0.99	 0.376757	 0.671322	 -0.971846	 0.373043	 0.664564	 -0.953606	 0.369432	 0.657765	 -0.93536	 0.365325	 0.65105	 -0.91719	 0.361004	 0.644402	 -0.899044	 2.044	 2.0439	 2.04399	 2.04374	 2.04395	 
8.01	 0.381	 0.678	 -0.99	 0.376836	 0.671141	 -0.971881	 0.373102	 0.664503	 -0.953587	 0.369471	 0.657934	 -0.935247	 0.365427	 0.651137	 -0.917079	 0.361184	 0.644215	 -0.899002	 2.04597	 2.04588	 2.04598	 2.04572	 2.04595	 
8.02	 0.381	 0.678	 -0.99	 0.377027	 0.670999	 -0.971884	 0.373194	 0.664481	 -0.95356	 0.369405	 0.658053	 -0.935194	 0.365478	 0.651176	 -0.917022	 0.361473	 0.644112	 -0.898939	 2.04708	 2.04699	 2.04707	 2.04682	 2.04702	 
8.03	 0.381	 0.678	 -0.99	 0.377251	 0.671002	 -0.971834	 0.373309	 0.66447	 -0.953535	 0.369309	 0.658053	 -0.935209	 0.365506	 0.65119	 -0.917004	 0.361809	 0.644112	 -0.898859	 2.04734	 2.04723	 2.04732	 2.04706	 2.04728	 
8.04	 0.381	 0.678	 -0.99	 0.377442	 0.671126	 -0.971751	 0.373397	 0.664498	 -0.953514	 0.369264	 0.65794	 -0.93527	 0.365582	 0.651146	 -0.917018	 0.362089	 0.644226	 -0.898774	 2.04688	 2.04677	 2.04685	 2.04661	 2.04683	 
8.05	 0.381	 0.678	 -0.99	 0.377487	 0.671311	 -0.971681	 0.373479	 0.664555	 -0.953489	 0.369345	 0.657769	 -0.935336	 0.365692	 0.651061	 -0.917053	 0.362281	 0.644407	 -0.898703	 2.04591	 2.04579	 2.04588	 2.04564	 2.04589	 
8.06	 0.381	 0.678	 -0.99	 0.377413	 0.671496	 -0.971638	 0.373517	 0.664588	 -0.953489	 0.369552	 0.657614	 -0.935379	 0.36588	 0.651011	 -0.917071	 0.362348	 0.644555	 -0.898682	 2.04458	 2.04446	 2.04454	 2.04432	 2.04452	 
8.07	 0.381	 0.678	 -0.99	 0.377253	 0.671554	 -0.971662	 0.373538	 0.664621	 -0.953497	 0.36984	 0.657564	 -0.935375	 0.366106	 0.650981	 -0.917085	 0.362348	 0.644638	 -0.898714	 2.04283	 2.04271	 2.04282	 2.04257	 2.04281	 
8.08	 0.381	 0.678	 -0.99	 0.377092	 0.671496	 -0.971733	 0.373573	 0.66461	 -0.953528	 0.370123	 0.657642	 -0.93534	 0.366316	 0.651036	 -0.91709	 0.362365	 0.6446	 -0.898809	 2.04047	 2.04037	 2.04045	 2.04021	 2.04041	 
8.09	 0.381	 0.678	 -0.99	 0.377054	 0.671333	 -0.971824	 0.373615	 0.664583	 -0.953577	 0.370308	 0.657825	 -0.935307	 0.366506	 0.651141	 -0.917109	 0.362453	 0.644485	 -0.898953	 2.0371	 2.03699	 2.03709	 2.03681	 2.03702	 
8.1	 0.381	 0.678	 -0.99	 0.377138	 0.671138	 -0.971912	 0.373708	 0.664567	 -0.953632	 0.370364	 0.65804	 -0.935319	 0.366613	 0.651252	 -0.917183	 0.362682	 0.64437	 -0.899119	 2.03239	 2.03228	 2.03234	 2.03206	 2.03224	 
8.11	 0.381	 0.678	 -0.99	 0.377351	 0.671044	 -0.971949	 0.373816	 0.664551	 -0.953705	 0.370305	 0.658185	 -0.935411	 0.366686	 0.651366	 -0.917305	 0.363013	 0.644313	 -0.899297	 2.02612	 2.026	 2.02608	 2.02577	 2.02599	 
8.12	 0.381	 0.678	 -0.99	 0.377601	 0.671061	 -0.971948	 0.373931	 0.664589	 -0.953778	 0.370215	 0.658214	 -0.935582	 0.366747	 0.651403	 -0.917497	 0.363376	 0.644401	 -0.899467	 2.01848	 2.01835	 2.01841	 2.01813	 2.01831	 
8.13	 0.381	 0.678	 -0.99	 0.377766	 0.671227	 -0.971917	 0.374048	 0.664649	 -0.953856	 0.3702	 0.658119	 -0.935804	 0.366823	 0.651406	 -0.917727	 0.363687	 0.644605	 -0.899638	 2.00984	 2.0097	 2.00979	 2.0095	 2.00973	 
8.14	 0.381	 0.678	 -0.99	 0.377806	 0.671458	 -0.971889	 0.374112	 0.664727	 -0.953944	 0.370318	 0.657973	 -0.936027	 0.366987	 0.65139	 -0.917958	 0.363859	 0.644865	 -0.89983	 2.00082	 2.0007	 2.00078	 2.00053	 2.00073	 
8.15	 0.381	 0.678	 -0.99	 0.377678	 0.671623	 -0.971916	 0.374156	 0.664814	 -0.95403	 0.370581	 0.657884	 -0.936199	 0.367198	 0.651378	 -0.918174	 0.363917	 0.645095	 -0.90005	 1.99192	 1.9918	 1.99193	 1.99167	 1.99192	 
8.16	 0.381	 0.678	 -0.99	 0.377489	 0.671673	 -0.971994	 0.374177	 0.664847	 -0.954135	 0.370901	 0.657921	 -0.936306	 0.367443	 0.651457	 -0.91834	 0.363911	 0.645195	 -0.900315	 1.98346	 1.98336	 1.98347	 1.98325	 1.98345	 
8.17	 0.381	 0.678	 -0.99	 0.377367	 0.671549	 -0.972121	 0.374202	 0.664859	 -0.954241	 0.371163	 0.658109	 -0.936361	 0.36767	 0.651585	 -0.918482	 0.363945	 0.645179	 -0.900605	 1.9753	 1.9752	 1.97534	 1.97508	 1.97531	 
8.18	 0.381	 0.678	 -0.99	 0.377381	 0.671348	 -0.972251	 0.37428	 0.66485	 -0.954348	 0.371282	 0.658373	 -0.936419	 0.367805	 0.651757	 -0.91863	 0.36412	 0.645094	 -0.900899	 1.967	 1.96691	 1.96701	 1.96675	 1.96695	 
8.19	 0.381	 0.678	 -0.99	 0.377583	 0.671207	 -0.97233	 0.374379	 0.664842	 -0.954462	 0.371236	 0.658596	 -0.93654	 0.367885	 0.65193	 -0.918811	 0.36442	 0.645045	 -0.901186	 1.9579	 1.95778	 1.9579	 1.95759	 1.95783	 
8.2	 0.381	 0.678	 -0.99	 0.377853	 0.671196	 -0.972358	 0.374505	 0.664894	 -0.954569	 0.371118	 0.658689	 -0.936752	 0.367916	 0.65202	 -0.919071	 0.36479	 0.645149	 -0.901453	 1.94745	 1.94732	 1.94738	 1.94709	 1.94727	 
8.21	 0.381	 0.678	 -0.99	 0.378052	 0.67138	 -0.972341	 0.374622	 0.664974	 -0.95469	 0.371062	 0.658624	 -0.937045	 0.367965	 0.652065	 -0.919391	 0.365108	 0.645397	 -0.901737	 1.93529	 1.93514	 1.93521	 1.93487	 1.93509	 
8.22	 0.381	 0.678	 -0.99	 0.37809	 0.671643	 -0.972335	 0.374678	 0.665084	 -0.954836	 0.371165	 0.658491	 -0.93737	 0.368111	 0.652077	 -0.919753	 0.36526	 0.645734	 -0.902075	 1.92151	 1.92136	 1.9214	 1.92108	 1.92127	 
8.23	 0.381	 0.678	 -0.99	 0.377924	 0.671828	 -0.972404	 0.374706	 0.665194	 -0.955004	 0.371443	 0.65843	 -0.937662	 0.368316	 0.652114	 -0.920129	 0.365269	 0.646035	 -0.902497	 1.90646	 1.9063	 1.90639	 1.90606	 1.9063	 
8.24	 0.381	 0.678	 -0.99	 0.377705	 0.671851	 -0.972547	 0.374711	 0.665243	 -0.955209	 0.371775	 0.658542	 -0.937896	 0.368556	 0.652263	 -0.920478	 0.365216	 0.646171	 -0.903015	 1.89073	 1.89061	 1.89069	 1.8904	 1.89059	 
8.25	 0.381	 0.678	 -0.99	 0.377609	 0.671675	 -0.972742	 0.374734	 0.665264	 -0.955423	 0.371995	 0.658829	 -0.938091	 0.368753	 0.652474	 -0.920817	 0.365252	 0.646166	 -0.903575	 1.87479	 1.87467	 1.8748	 1.8745	 1.87473	 
8.26	 0.381	 0.678	 -0.99	 0.377716	 0.671459	 -0.972916	 0.374823	 0.665272	 -0.955631	 0.372006	 0.65915	 -0.938309	 0.368827	 0.652702	 -0.921172	 0.365488	 0.646118	 -0.904115	 1.85891	 1.85881	 1.85892	 1.85865	 1.85885	 
8.27	 0.381	 0.678	 -0.99	 0.378007	 0.671403	 -0.972997	 0.374938	 0.665296	 -0.955827	 0.371854	 0.659325	 -0.93861	 0.368842	 0.652876	 -0.921556	 0.365856	 0.646175	 -0.904593	 1.84302	 1.8429	 1.84304	 1.84275	 1.843	 
8.28	 0.381	 0.678	 -0.99	 0.378267	 0.671556	 -0.97301	 0.375047	 0.665391	 -0.956003	 0.37173	 0.659285	 -0.938992	 0.368864	 0.652919	 -0.921997	 0.366198	 0.646436	 -0.905012	 1.82686	 1.82673	 1.82683	 1.82656	 1.82676	 
8.29	 0.381	 0.678	 -0.99	 0.378292	 0.671851	 -0.973016	 0.375119	 0.665511	 -0.956185	 0.371818	 0.659119	 -0.939397	 0.368969	 0.652914	 -0.922459	 0.366362	 0.646805	 -0.905446	 1.81	 1.80986	 1.80997	 1.80965	 1.80989	 
8.3	 0.381	 0.678	 -0.99	 0.378097	 0.672065	 -0.973098	 0.375117	 0.665607	 -0.956404	 0.372125	 0.659048	 -0.93975	 0.369202	 0.65297	 -0.922906	 0.366309	 0.647101	 -0.905981	 1.79218	 1.79205	 1.79212	 1.7918	 1.79198	 
8.31	 0.381	 0.678	 -0.99	 0.377852	 0.672006	 -0.973297	 0.375107	 0.665669	 -0.956651	 0.372469	 0.659236	 -0.940023	 0.369443	 0.653134	 -0.92334	 0.366221	 0.647213	 -0.906627	 1.77327	 1.77313	 1.77323	 1.77287	 1.77309	 
8.32	 0.381	 0.678	 -0.99	 0.377811	 0.671771	 -0.973533	 0.375153	 0.665681	 -0.956921	 0.372603	 0.659615	 -0.940282	 0.369566	 0.65342	 -0.923776	 0.366309	 0.647176	 -0.907329	 1.75346	 1.75332	 1.75341	 1.75308	 1.75327	 
8.33	 0.381	 0.678	 -0.99	 0.378073	 0.671616	 -0.973689	 0.375246	 0.665709	 -0.957183	 0.372454	 0.659935	 -0.940623	 0.369563	 0.653698	 -0.924252	 0.366612	 0.647213	 -0.907986	 1.73309	 1.73295	 1.73308	 1.73274	 1.73299	 
8.34	 0.381	 0.678	 -0.99	 0.378392	 0.671731	 -0.973736	 0.375357	 0.665825	 -0.957412	 0.372234	 0.659995	 -0.941075	 0.369507	 0.653831	 -0.924793	 0.366958	 0.647514	 -0.908539	 1.71266	 1.71254	 1.71265	 1.71236	 1.71257	 
8.35	 0.381	 0.678	 -0.99	 0.378447	 0.672076	 -0.973741	 0.375413	 0.665985	 -0.957628	 0.372246	 0.659848	 -0.941557	 0.369543	 0.653876	 -0.925342	 0.36709	 0.647991	 -0.909053	 1.69253	 1.69241	 1.69257	 1.69226	 1.69252	 
8.36	 0.381	 0.678	 -0.99	 0.378197	 0.672322	 -0.973833	 0.375375	 0.666112	 -0.957866	 0.372548	 0.659798	 -0.941941	 0.369739	 0.653972	 -0.925829	 0.366939	 0.648364	 -0.909637	 1.67295	 1.67285	 1.67298	 1.67271	 1.67293	 
8.37	 0.381	 0.678	 -0.99	 0.377928	 0.672208	 -0.974058	 0.375331	 0.66617	 -0.958124	 0.372863	 0.660066	 -0.942193	 0.36994	 0.654196	 -0.926253	 0.366776	 0.648455	 -0.910311	 1.65386	 1.65374	 1.6539	 1.6536	 1.65386	 
8.38	 0.381	 0.678	 -0.99	 0.37798	 0.671919	 -0.97429	 0.375378	 0.666174	 -0.958382	 0.372866	 0.66049	 -0.942436	 0.369971	 0.6545	 -0.926671	 0.3669	 0.648381	 -0.910986	 1.63506	 1.63494	 1.63506	 1.63477	 1.635	 
8.39	 0.381	 0.678	 -0.99	 0.378338	 0.671868	 -0.974381	 0.375489	 0.666212	 -0.958616	 0.372592	 0.660689	 -0.942812	 0.369878	 0.654706	 -0.927146	 0.367259	 0.648476	 -0.911559	 1.61621	 1.61607	 1.61622	 1.6159	 1.61617	 
8.4	 0.381	 0.678	 -0.99	 0.378561	 0.672168	 -0.974365	 0.375563	 0.666347	 -0.958824	 0.37245	 0.660539	 -0.9433	 0.369854	 0.654717	 -0.927689	 0.367494	 0.648875	 -0.912047	 1.59717	 1.59704	 1.59715	 1.59684	 1.59707	 
8.41	 0.381	 0.678	 -0.99	 0.378348	 0.672479	 -0.974423	 0.375548	 0.666491	 -0.959047	 0.372707	 0.660372	 -0.943729	 0.370007	 0.654705	 -0.928215	 0.367386	 0.649285	 -0.912598	 1.57787	 1.57774	 1.57789	 1.57755	 1.5778	 
8.42	 0.381	 0.678	 -0.99	 0.37801	 0.672416	 -0.974644	 0.375495	 0.666528	 -0.959318	 0.373076	 0.660568	 -0.944003	 0.37022	 0.654894	 -0.928657	 0.367169	 0.649363	 -0.913294	 1.55858	 1.55846	 1.55859	 1.55828	 1.55849	 
8.43	 0.381	 0.678	 -0.99	 0.378063	 0.672097	 -0.97489	 0.375515	 0.666505	 -0.959593	 0.373073	 0.661007	 -0.944244	 0.37026	 0.655206	 -0.929072	 0.367249	 0.649237	 -0.914003	 1.53959	 1.53946	 1.53962	 1.53931	 1.53957	 
8.44	 0.381	 0.678	 -0.99	 0.378452	 0.672047	 -0.97497	 0.37562	 0.666565	 -0.959813	 0.372737	 0.66119	 -0.944627	 0.370116	 0.655378	 -0.929556	 0.367605	 0.649357	 -0.914547	 1.52128	 1.52116	 1.52131	 1.52103	 1.52127	 
8.45	 0.381	 0.678	 -0.99	 0.378587	 0.672421	 -0.974929	 0.375672	 0.666723	 -0.959992	 0.372624	 0.660982	 -0.945098	 0.370058	 0.655362	 -0.930069	 0.36775	 0.649817	 -0.914968	 1.50383	 1.50373	 1.50391	 1.50361	 1.50388	 
8.46	 0.381	 0.678	 -0.99	 0.378251	 0.672685	 -0.975008	 0.375596	 0.666844	 -0.960196	 0.372951	 0.660885	 -0.945429	 0.370227	 0.655411	 -0.930491	 0.367481	 0.650168	 -0.915473	 1.48732	 1.48722	 1.48738	 1.48711	 1.48735	 
8.47	 0.381	 0.678	 -0.99	 0.377997	 0.672449	 -0.975256	 0.375524	 0.66685	 -0.960432	 0.373198	 0.66125	 -0.945584	 0.370365	 0.655681	 -0.930814	 0.367261	 0.650117	 -0.916095	 1.47155	 1.47143	 1.4716	 1.47132	 1.4716	 
8.48	 0.381	 0.678	 -0.99	 0.378265	 0.672166	 -0.975423	 0.375588	 0.666849	 -0.960639	 0.372939	 0.661644	 -0.94581	 0.370232	 0.655956	 -0.931171	 0.367478	 0.650043	 -0.916629	 1.45625	 1.45613	 1.45628	 1.45601	 1.45627	 
8.49	 0.381	 0.678	 -0.99	 0.378595	 0.672402	 -0.97538	 0.375674	 0.666963	 -0.960795	 0.372614	 0.66155	 -0.946228	 0.370048	 0.655995	 -0.931621	 0.367748	 0.650381	 -0.91699	 1.44117	 1.44105	 1.44121	 1.44091	 1.44118	 
8.5	 0.381	 0.678	 -0.99	 0.378382	 0.672802	 -0.975376	 0.375616	 0.667109	 -0.960965	 0.3728	 0.661309	 -0.946606	 0.370131	 0.655963	 -0.932046	 0.367554	 0.650832	 -0.917391	 1.42617	 1.42606	 1.4262	 1.42589	 1.42613	 
8.51	 0.381	 0.678	 -0.99	 0.378004	 0.67268	 -0.975599	 0.375506	 0.667136	 -0.961188	 0.373143	 0.66155	 -0.94677	 0.370305	 0.656161	 -0.932365	 0.367213	 0.65086	 -0.917978	 1.41125	 1.41111	 1.41126	 1.41095	 1.41122	 
8.52	 0.381	 0.678	 -0.99	 0.378176	 0.672317	 -0.975809	 0.375539	 0.667109	 -0.961403	 0.372964	 0.662004	 -0.946948	 0.370205	 0.656458	 -0.932692	 0.367334	 0.650702	 -0.918541	 1.39651	 1.39638	 1.39653	 1.39624	 1.39651	 
8.53	 0.381	 0.678	 -0.99	 0.378565	 0.672481	 -0.975776	 0.375635	 0.667198	 -0.961555	 0.372574	 0.66196	 -0.947346	 0.369982	 0.656508	 -0.933125	 0.367639	 0.650965	 -0.918895	 1.38218	 1.38207	 1.38222	 1.38193	 1.38219	 
8.54	 0.381	 0.678	 -0.99	 0.378377	 0.672909	 -0.975747	 0.37558	 0.667343	 -0.961707	 0.372722	 0.661668	 -0.947722	 0.370035	 0.656435	 -0.933534	 0.367457	 0.651422	 -0.919245	 1.36846	 1.36836	 1.36853	 1.36823	 1.3685	 
8.55	 0.381	 0.678	 -0.99	 0.377972	 0.672781	 -0.975967	 0.375456	 0.667354	 -0.961912	 0.37307	 0.661894	 -0.947846	 0.370202	 0.656617	 -0.933803	 0.367084	 0.651417	 -0.919781	 1.35555	 1.35544	 1.3556	 1.35533	 1.3556	 
8.56	 0.381	 0.678	 -0.99	 0.378184	 0.672414	 -0.976151	 0.375483	 0.667313	 -0.962094	 0.372832	 0.662335	 -0.947982	 0.370065	 0.656896	 -0.934066	 0.367215	 0.651222	 -0.920259	 1.34356	 1.34343	 1.34361	 1.34334	 1.34364	 
8.57	 0.381	 0.678	 -0.99	 0.378547	 0.672642	 -0.97607	 0.375559	 0.667415	 -0.962197	 0.372443	 0.662203	 -0.948344	 0.369829	 0.656877	 -0.934433	 0.367469	 0.65151	 -0.920491	 1.3326	 1.33251	 1.33269	 1.33242	 1.33269	 
8.58	 0.381	 0.678	 -0.99	 0.37824	 0.673021	 -0.976057	 0.375467	 0.66754	 -0.962307	 0.372675	 0.661924	 -0.948614	 0.369903	 0.656781	 -0.934734	 0.367165	 0.651895	 -0.920754	 1.32282	 1.32273	 1.32293	 1.32265	 1.32295	 
8.59	 0.381	 0.678	 -0.99	 0.377902	 0.672754	 -0.976288	 0.375352	 0.667496	 -0.962469	 0.372928	 0.662243	 -0.948625	 0.369997	 0.656992	 -0.934879	 0.366819	 0.651734	 -0.92119	 1.31433	 1.31422	 1.31439	 1.31416	 1.31444	 
8.6	 0.381	 0.678	 -0.99	 0.37826	 0.672479	 -0.976372	 0.3754	 0.667449	 -0.96258	 0.372524	 0.662558	 -0.948741	 0.369756	 0.657194	 -0.935057	 0.367027	 0.651567	 -0.921469	 1.30711	 1.307	 1.30721	 1.30696	 1.30728	 
8.61	 0.381	 0.678	 -0.99	 0.378469	 0.672856	 -0.976227	 0.375419	 0.667569	 -0.962616	 0.372256	 0.662247	 -0.949042	 0.369569	 0.657058	 -0.935317	 0.36711	 0.651934	 -0.921523	 1.30122	 1.30114	 1.30133	 1.30107	 1.30135	 
8.62	 0.381	 0.678	 -0.99	 0.378007	 0.673042	 -0.976285	 0.375276	 0.667636	 -0.962685	 0.372608	 0.662101	 -0.949124	 0.369691	 0.656995	 -0.935448	 0.36665	 0.652132	 -0.921709	 1.29658	 1.29649	 1.29669	 1.29642	 1.29675	 
8.63	 0.381	 0.678	 -0.99	 0.377892	 0.672619	 -0.976496	 0.375214	 0.667537	 -0.962787	 0.372629	 0.662519	 -0.949035	 0.369646	 0.657227	 -0.935469	 0.366475	 0.651811	 -0.921994	 1.29311	 1.29301	 1.29318	 1.29295	 1.29323	 
8.64	 0.381	 0.678	 -0.99	 0.378337	 0.672585	 -0.976433	 0.375282	 0.667526	 -0.962811	 0.37212	 0.66257	 -0.949175	 0.369331	 0.657275	 -0.935587	 0.366743	 0.651792	 -0.922032	 1.29067	 1.29056	 1.29076	 1.29049	 1.29081	 
8.65	 0.381	 0.678	 -0.99	 0.37825	 0.673035	 -0.976289	 0.375213	 0.667642	 -0.962803	 0.37211	 0.662162	 -0.949366	 0.36927	 0.657074	 -0.93572	 0.366562	 0.652164	 -0.92198	 1.2892	 1.28912	 1.28929	 1.28904	 1.2893	 
8.66	 0.381	 0.678	 -0.99	 0.377784	 0.672925	 -0.976435	 0.375048	 0.667625	 -0.962852	 0.372448	 0.662268	 -0.949263	 0.369386	 0.657119	 -0.935692	 0.366072	 0.65208	 -0.922136	 1.2887	 1.28859	 1.28878	 1.28853	 1.28884	 
8.67	 0.381	 0.678	 -0.99	 0.377974	 0.672511	 -0.97655	 0.375051	 0.667525	 -0.962883	 0.37216	 0.662646	 -0.94917	 0.36917	 0.657304	 -0.935654	 0.366121	 0.651745	 -0.922237	 1.28919	 1.28908	 1.28925	 1.28903	 1.28931	 
8.68	 0.381	 0.678	 -0.99	 0.378304	 0.672755	 -0.976372	 0.37509	 0.667576	 -0.962833	 0.371732	 0.662404	 -0.949324	 0.368869	 0.657177	 -0.935724	 0.366275	 0.651933	 -0.922075	 1.29069	 1.29061	 1.2908	 1.29055	 1.29086	 
8.69	 0.381	 0.678	 -0.99	 0.377929	 0.673078	 -0.976313	 0.374943	 0.667642	 -0.962802	 0.371962	 0.662088	 -0.949338	 0.368908	 0.65701	 -0.935705	 0.365836	 0.652167	 -0.921988	 1.29333	 1.29325	 1.29343	 1.2932	 1.29348	 
8.7	 0.381	 0.678	 -0.99	 0.377656	 0.672722	 -0.976483	 0.37481	 0.66754	 -0.962817	 0.372095	 0.662397	 -0.949108	 0.368906	 0.657153	 -0.935541	 0.365467	 0.651843	 -0.922059	 1.2971	 1.297	 1.29719	 1.29697	 1.29729	 
8.71	 0.381	 0.678	 -0.99	 0.378047	 0.672501	 -0.976445	 0.374845	 0.66747	 -0.962765	 0.371599	 0.66256	 -0.949051	 0.368574	 0.65721	 -0.935453	 0.365639	 0.651631	 -0.921925	 1.30201	 1.30192	 1.30211	 1.30189	 1.30219	 
8.72	 0.381	 0.678	 -0.99	 0.378125	 0.672891	 -0.976233	 0.37481	 0.667548	 -0.962656	 0.371386	 0.662136	 -0.949132	 0.36837	 0.656956	 -0.935423	 0.365562	 0.651909	 -0.921619	 1.30802	 1.30794	 1.30813	 1.3079	 1.3082	 
8.73	 0.381	 0.678	 -0.99	 0.377634	 0.672965	 -0.976267	 0.374631	 0.66754	 -0.962599	 0.371701	 0.662008	 -0.948956	 0.368436	 0.65685	 -0.935245	 0.365021	 0.651902	 -0.921491	 1.31509	 1.315	 1.31519	 1.31497	 1.31528	 
8.74	 0.381	 0.678	 -0.99	 0.377598	 0.672528	 -0.976385	 0.374555	 0.667396	 -0.962555	 0.37159	 0.662356	 -0.948673	 0.368296	 0.656993	 -0.93499	 0.364844	 0.651457	 -0.921412	 1.32317	 1.32307	 1.32324	 1.32304	 1.32334	 
8.75	 0.381	 0.678	 -0.99	 0.378009	 0.672524	 -0.976226	 0.374586	 0.667357	 -0.962433	 0.371065	 0.662286	 -0.948628	 0.367946	 0.656914	 -0.934842	 0.36502	 0.651366	 -0.921081	 1.33218	 1.3321	 1.33228	 1.33206	 1.33237	 
8.76	 0.381	 0.678	 -0.99	 0.377886	 0.672914	 -0.976033	 0.37449	 0.667422	 -0.962287	 0.371038	 0.66183	 -0.948594	 0.36784	 0.656619	 -0.934693	 0.364759	 0.651602	 -0.920692	 1.34214	 1.34207	 1.34224	 1.34202	 1.34231	 
8.77	 0.381	 0.678	 -0.99	 0.377425	 0.672804	 -0.976105	 0.374315	 0.66736	 -0.962195	 0.371318	 0.661836	 -0.948289	 0.367884	 0.656555	 -0.934392	 0.364231	 0.651422	 -0.920493	 1.35304	 1.35295	 1.35314	 1.35292	 1.35324	 
8.78	 0.381	 0.678	 -0.99	 0.377522	 0.672385	 -0.976158	 0.374274	 0.667209	 -0.962092	 0.37107	 0.662136	 -0.947977	 0.367659	 0.656652	 -0.934067	 0.364157	 0.650969	 -0.920258	 1.36488	 1.36479	 1.36495	 1.36476	 1.36505	 
8.79	 0.381	 0.678	 -0.99	 0.377882	 0.672479	 -0.975943	 0.374291	 0.667178	 -0.961915	 0.370579	 0.661949	 -0.94789	 0.367314	 0.656503	 -0.933838	 0.364281	 0.650928	 -0.919782	 1.37763	 1.37755	 1.37774	 1.37753	 1.37784	 
8.8	 0.381	 0.678	 -0.99	 0.377694	 0.672833	 -0.975754	 0.374171	 0.667217	 -0.961731	 0.370605	 0.661504	 -0.947758	 0.367233	 0.656205	 -0.933577	 0.363948	 0.651103	 -0.9193	 1.39135	 1.39127	 1.39144	 1.39124	 1.39152	 
8.81	 0.381	 0.678	 -0.99	 0.377268	 0.672683	 -0.975809	 0.373997	 0.667135	 -0.961594	 0.370847	 0.661516	 -0.947377	 0.367254	 0.656124	 -0.93318	 0.363432	 0.650865	 -0.91899	 1.40596	 1.40587	 1.40606	 1.40586	 1.40618	 
8.82	 0.381	 0.678	 -0.99	 0.377353	 0.672271	 -0.975835	 0.373953	 0.666974	 -0.961442	 0.370602	 0.661772	 -0.947003	 0.367024	 0.656174	 -0.932768	 0.363341	 0.650392	 -0.918632	 1.42148	 1.4214	 1.42156	 1.42138	 1.42165	 
8.83	 0.381	 0.678	 -0.99	 0.377697	 0.672314	 -0.975615	 0.373963	 0.666914	 -0.961226	 0.370114	 0.661601	 -0.946833	 0.366674	 0.656015	 -0.932442	 0.363449	 0.650275	 -0.918059	 1.43783	 1.43775	 1.43793	 1.43773	 1.43804	 
8.84	 0.381	 0.678	 -0.99	 0.377591	 0.672655	 -0.975386	 0.373857	 0.666936	 -0.960996	 0.370052	 0.661142	 -0.946652	 0.366543	 0.655695	 -0.932101	 0.363175	 0.650405	 -0.917457	 1.455	 1.45493	 1.45509	 1.4549	 1.45517	 
8.85	 0.381	 0.678	 -0.99	 0.377163	 0.672621	 -0.975376	 0.37368	 0.666874	 -0.960804	 0.370288	 0.661026	 -0.94625	 0.366556	 0.655531	 -0.931643	 0.362648	 0.650229	 -0.917008	 1.47288	 1.4728	 1.47298	 1.47278	 1.47309	 
8.86	 0.381	 0.678	 -0.99	 0.377084	 0.672225	 -0.975414	 0.373594	 0.666711	 -0.960621	 0.370195	 0.661249	 -0.945787	 0.366401	 0.655547	 -0.931141	 0.362421	 0.649741	 -0.916584	 1.49137	 1.49129	 1.49144	 1.49126	 1.49154	 
8.87	 0.381	 0.678	 -0.99	 0.377405	 0.672072	 -0.975256	 0.373599	 0.666595	 -0.960391	 0.369736	 0.661242	 -0.945494	 0.366074	 0.655458	 -0.930711	 0.362515	 0.649441	 -0.915992	 1.51025	 1.51017	 1.51033	 1.51013	 1.51044	 
8.88	 0.381	 0.678	 -0.99	 0.377534	 0.67233	 -0.974986	 0.373556	 0.666589	 -0.960128	 0.369466	 0.660842	 -0.945301	 0.365847	 0.655157	 -0.93033	 0.36245	 0.64949	 -0.915298	 1.52938	 1.5293	 1.52944	 1.52925	 1.52951	 
8.89	 0.381	 0.678	 -0.99	 0.377218	 0.672525	 -0.974852	 0.373418	 0.666576	 -0.959889	 0.369613	 0.660497	 -0.944979	 0.36582	 0.654873	 -0.929889	 0.362038	 0.649493	 -0.914706	 1.54858	 1.54849	 1.54864	 1.54843	 1.54873	 
8.9	 0.381	 0.678	 -0.99	 0.376891	 0.672321	 -0.974873	 0.37328	 0.666454	 -0.959692	 0.369773	 0.660537	 -0.944505	 0.365804	 0.654795	 -0.929366	 0.361624	 0.649148	 -0.914247	 1.56784	 1.56775	 1.56788	 1.56769	 1.56796	 
8.91	 0.381	 0.678	 -0.99	 0.376971	 0.671967	 -0.974848	 0.373228	 0.666293	 -0.959486	 0.36956	 0.660719	 -0.944069	 0.365618	 0.654792	 -0.928853	 0.361533	 0.648677	 -0.913748	 1.5872	 1.58711	 1.58726	 1.58707	 1.58737	 
8.92	 0.381	 0.678	 -0.99	 0.377273	 0.671894	 -0.974657	 0.373235	 0.666212	 -0.959231	 0.369136	 0.660625	 -0.943785	 0.365323	 0.654638	 -0.928417	 0.361634	 0.648459	 -0.913092	 1.60691	 1.60684	 1.60698	 1.60681	 1.60708	 
8.93	 0.381	 0.678	 -0.99	 0.377338	 0.672139	 -0.9744	 0.373198	 0.666199	 -0.958951	 0.368931	 0.660229	 -0.943546	 0.365122	 0.654337	 -0.927994	 0.361553	 0.648495	 -0.912364	 1.62722	 1.62715	 1.62731	 1.62713	 1.62743	 
8.94	 0.381	 0.678	 -0.99	 0.377062	 0.672326	 -0.974246	 0.373068	 0.66616	 -0.958693	 0.369055	 0.659889	 -0.943186	 0.365097	 0.654071	 -0.92749	 0.361176	 0.648461	 -0.911707	 1.64837	 1.6483	 1.64844	 1.64829	 1.64856	 
8.95	 0.381	 0.678	 -0.99	 0.376751	 0.672168	 -0.974226	 0.372925	 0.666048	 -0.958453	 0.369215	 0.659858	 -0.942678	 0.365098	 0.653938	 -0.926903	 0.360768	 0.648152	 -0.911132	 1.67039	 1.67032	 1.67048	 1.67032	 1.67061	 
8.96	 0.381	 0.678	 -0.99	 0.376718	 0.671822	 -0.974201	 0.372865	 0.66589	 -0.958199	 0.36911	 0.659999	 -0.942157	 0.364957	 0.653885	 -0.9263	 0.360612	 0.647684	 -0.910526	 1.69317	 1.69311	 1.69325	 1.6931	 1.69336	 
8.97	 0.381	 0.678	 -0.99	 0.376956	 0.671638	 -0.974043	 0.372867	 0.665754	 -0.957915	 0.368762	 0.659995	 -0.941745	 0.364706	 0.653778	 -0.925734	 0.360678	 0.647326	 -0.909807	 1.71635	 1.71627	 1.71643	 1.71625	 1.71653	 
8.98	 0.381	 0.678	 -0.99	 0.37717	 0.671736	 -0.973784	 0.372861	 0.665698	 -0.957603	 0.368453	 0.659721	 -0.941426	 0.364488	 0.653528	 -0.925216	 0.360722	 0.647219	 -0.909001	 1.73948	 1.7394	 1.73952	 1.73934	 1.7396	 
8.99	 0.381	 0.678	 -0.99	 0.377107	 0.67196	 -0.973552	 0.372809	 0.665681	 -0.957296	 0.368408	 0.659333	 -0.941094	 0.36439	 0.653217	 -0.924706	 0.360569	 0.647228	 -0.908222	 1.76207	 1.76197	 1.76209	 1.76189	 1.76215	 
9	 0.381	 0.678	 -0.99	 0.376832	 0.672062	 -0.973426	 0.372704	 0.665624	 -0.95703	 0.368575	 0.659078	 -0.940678	 0.364411	 0.652993	 -0.924158	 0.360247	 0.647121	 -0.907559	 1.7838	 1.7837	 1.78378	 1.78358	 1.78382	 
9.01	 0.381	 0.678	 -0.99	 0.376587	 0.671903	 -0.973398	 0.3726	 0.66552	 -0.956797	 0.368726	 0.65907	 -0.940194	 0.364444	 0.652882	 -0.923592	 0.359951	 0.646825	 -0.906997	 1.80452	 1.80441	 1.80451	 1.80428	 1.80453	 
9.02	 0.381	 0.678	 -0.99	 0.376547	 0.671606	 -0.973377	 0.372562	 0.665388	 -0.95657	 0.368684	 0.659194	 -0.939728	 0.364371	 0.65284	 -0.923054	 0.359854	 0.646431	 -0.906454	 1.82433	 1.82424	 1.82432	 1.82411	 1.82434	 
9.03	 0.381	 0.678	 -0.99	 0.376731	 0.671404	 -0.973268	 0.372574	 0.665263	 -0.956337	 0.368444	 0.659242	 -0.939355	 0.364215	 0.652784	 -0.922561	 0.359939	 0.646102	 -0.905865	 1.84348	 1.84339	 1.8435	 1.84328	 1.84354	 
9.04	 0.381	 0.678	 -0.99	 0.376967	 0.671399	 -0.973076	 0.372598	 0.6652	 -0.956083	 0.368169	 0.659098	 -0.939071	 0.364052	 0.652618	 -0.922121	 0.360067	 0.645957	 -0.905208	 1.86229	 1.86221	 1.86231	 1.86213	 1.86237	 
9.05	 0.381	 0.678	 -0.99	 0.377051	 0.671566	 -0.972857	 0.372607	 0.665176	 -0.95582	 0.368039	 0.658792	 -0.938813	 0.363946	 0.652376	 -0.921698	 0.360095	 0.64595	 -0.904529	 1.881	 1.88091	 1.88103	 1.88085	 1.88111	 
9.06	 0.381	 0.678	 -0.99	 0.376943	 0.671754	 -0.972679	 0.372563	 0.665146	 -0.955572	 0.368107	 0.658473	 -0.93851	 0.363956	 0.652136	 -0.921245	 0.359953	 0.645939	 -0.903893	 1.89973	 1.89965	 1.89975	 1.89959	 1.89982	 
9.07	 0.381	 0.678	 -0.99	 0.37671	 0.671788	 -0.972589	 0.372493	 0.665099	 -0.955338	 0.368298	 0.65829	 -0.938127	 0.364031	 0.651939	 -0.920762	 0.359725	 0.645819	 -0.903321	 1.91841	 1.91832	 1.91845	 1.91826	 1.91851	 
9.08	 0.381	 0.678	 -0.99	 0.376502	 0.671653	 -0.972557	 0.37244	 0.665001	 -0.955122	 0.368468	 0.658276	 -0.937693	 0.364095	 0.651837	 -0.920253	 0.359549	 0.645542	 -0.902804	 1.93686	 1.93678	 1.93688	 1.9367	 1.93692	 
9.09	 0.381	 0.678	 -0.99	 0.376465	 0.671411	 -0.972527	 0.372419	 0.664876	 -0.954915	 0.368502	 0.658363	 -0.937265	 0.36412	 0.65179	 -0.919749	 0.359503	 0.645184	 -0.902303	 1.95477	 1.95469	 1.9548	 1.95459	 1.95483	 
9.1	 0.381	 0.678	 -0.99	 0.376592	 0.671183	 -0.972458	 0.37246	 0.664769	 -0.954699	 0.368394	 0.658434	 -0.936895	 0.364068	 0.651728	 -0.919292	 0.359619	 0.644864	 -0.901779	 1.97191	 1.97183	 1.97191	 1.9717	 1.97192	 
9.11	 0.381	 0.678	 -0.99	 0.376811	 0.671105	 -0.972318	 0.372526	 0.664686	 -0.954481	 0.368213	 0.658388	 -0.936607	 0.363993	 0.651632	 -0.918881	 0.359821	 0.644647	 -0.90123	 1.98805	 1.98796	 1.98804	 1.98782	 1.98807	 
9.12	 0.381	 0.678	 -0.99	 0.377002	 0.67117	 -0.97214	 0.372578	 0.664655	 -0.954264	 0.368068	 0.658211	 -0.936383	 0.363954	 0.651464	 -0.91852	 0.360009	 0.644575	 -0.900671	 2.00313	 2.00303	 2.0031	 2.0029	 2.00312	 
9.13	 0.381	 0.678	 -0.99	 0.377054	 0.671328	 -0.971968	 0.372615	 0.664644	 -0.954057	 0.368051	 0.65795	 -0.936181	 0.363964	 0.651267	 -0.918187	 0.360117	 0.644596	 -0.900134	 2.01716	 2.01705	 2.01713	 2.01692	 2.01716	 
9.14	 0.381	 0.678	 -0.99	 0.37698	 0.671488	 -0.971833	 0.372614	 0.664626	 -0.953877	 0.368176	 0.657699	 -0.935963	 0.364065	 0.651093	 -0.917853	 0.360103	 0.644621	 -0.899659	 2.03023	 2.03012	 2.03018	 2.02998	 2.0302	 
9.15	 0.381	 0.678	 -0.99	 0.376809	 0.671539	 -0.971767	 0.372605	 0.664604	 -0.953712	 0.3684	 0.657549	 -0.935704	 0.364207	 0.650952	 -0.917521	 0.360024	 0.644587	 -0.899253	 2.0424	 2.04229	 2.04238	 2.04216	 2.04241	 
9.16	 0.381	 0.678	 -0.99	 0.376638	 0.67148	 -0.971746	 0.372604	 0.664546	 -0.953571	 0.368633	 0.657526	 -0.935414	 0.364359	 0.650894	 -0.917182	 0.359957	 0.644437	 -0.898915	 2.05378	 2.05368	 2.05376	 2.05355	 2.05376	 
9.17	 0.381	 0.678	 -0.99	 0.376562	 0.671309	 -0.97175	 0.372613	 0.664477	 -0.953442	 0.368789	 0.657611	 -0.935119	 0.364495	 0.650877	 -0.916852	 0.359968	 0.644211	 -0.898616	 2.06438	 2.06428	 2.06438	 2.06415	 2.06437	 
9.18	 0.381	 0.678	 -0.99	 0.376597	 0.671104	 -0.971747	 0.372667	 0.664401	 -0.953317	 0.368835	 0.657731	 -0.934853	 0.364569	 0.650882	 -0.916552	 0.360109	 0.643965	 -0.898321	 2.07423	 2.07415	 2.07423	 2.07401	 2.0742	 
9.19	 0.381	 0.678	 -0.99	 0.376763	 0.670956	 -0.971699	 0.372741	 0.664327	 -0.953197	 0.368781	 0.657807	 -0.934641	 0.364617	 0.650884	 -0.91628	 0.360344	 0.643759	 -0.898018	 2.08332	 2.08323	 2.08333	 2.08309	 2.08332	 
9.2	 0.381	 0.678	 -0.99	 0.376978	 0.670896	 -0.971614	 0.372844	 0.664295	 -0.953066	 0.368691	 0.657795	 -0.934487	 0.364642	 0.650827	 -0.916056	 0.360637	 0.643657	 -0.897692	 2.09167	 2.09159	 2.09166	 2.09144	 2.09164	 
9.21	 0.381	 0.678	 -0.99	 0.377168	 0.67097	 -0.97149	 0.372949	 0.664279	 -0.95294	 0.368634	 0.657675	 -0.934381	 0.364687	 0.650743	 -0.91586	 0.360919	 0.643644	 -0.897364	 2.09926	 2.09915	 2.09924	 2.09901	 2.09924	 
9.22	 0.381	 0.678	 -0.99	 0.377275	 0.671114	 -0.971366	 0.373022	 0.664295	 -0.952821	 0.368662	 0.657489	 -0.934297	 0.364791	 0.650616	 -0.915689	 0.361135	 0.643712	 -0.897049	 2.10609	 2.10597	 2.10604	 2.10583	 2.10604	 
9.23	 0.381	 0.678	 -0.99	 0.377251	 0.671273	 -0.97127	 0.373082	 0.664311	 -0.952716	 0.368806	 0.657291	 -0.934209	 0.364937	 0.650493	 -0.915531	 0.361275	 0.643803	 -0.896771	 2.1121	 2.11197	 2.11205	 2.11183	 2.11207	 
9.24	 0.381	 0.678	 -0.99	 0.377154	 0.671384	 -0.971214	 0.373115	 0.664309	 -0.952637	 0.369042	 0.657145	 -0.934102	 0.365146	 0.65041	 -0.91537	 0.361327	 0.643858	 -0.896556	 2.11726	 2.11714	 2.1172	 2.11698	 2.11719	 
9.25	 0.381	 0.678	 -0.99	 0.37701	 0.671389	 -0.971212	 0.373155	 0.664306	 -0.95257	 0.369325	 0.657103	 -0.933967	 0.365367	 0.65036	 -0.915222	 0.361359	 0.643847	 -0.896404	 2.12143	 2.12131	 2.12139	 2.12115	 2.12137	 
9.26	 0.381	 0.678	 -0.99	 0.376896	 0.671314	 -0.971241	 0.373198	 0.664275	 -0.952528	 0.369585	 0.657166	 -0.933825	 0.36559	 0.650384	 -0.915079	 0.361427	 0.643745	 -0.896318	 2.12451	 2.1244	 2.12446	 2.12422	 2.1244	 
9.27	 0.381	 0.678	 -0.99	 0.376873	 0.671152	 -0.971292	 0.373256	 0.664242	 -0.952502	 0.369767	 0.657308	 -0.933696	 0.36579	 0.650436	 -0.914966	 0.361575	 0.643606	 -0.896272	 2.12636	 2.12625	 2.12633	 2.12605	 2.12625	 
9.28	 0.381	 0.678	 -0.99	 0.37695	 0.670984	 -0.971333	 0.373357	 0.664201	 -0.952488	 0.369856	 0.657469	 -0.933607	 0.365933	 0.650515	 -0.914892	 0.361826	 0.643466	 -0.896252	 2.12692	 2.12682	 2.12688	 2.12661	 2.12679	 
9.29	 0.381	 0.678	 -0.99	 0.377141	 0.670869	 -0.971342	 0.373471	 0.664177	 -0.952485	 0.369857	 0.657592	 -0.933578	 0.366056	 0.650585	 -0.914863	 0.36215	 0.643375	 -0.896246	 2.12617	 2.12607	 2.12615	 2.12587	 2.12608	 
9.3	 0.381	 0.678	 -0.99	 0.37736	 0.670842	 -0.971322	 0.373608	 0.664189	 -0.952481	 0.369824	 0.657636	 -0.933611	 0.366149	 0.650609	 -0.914893	 0.362527	 0.643378	 -0.89624	 2.12421	 2.12411	 2.12416	 2.1239	 2.12409	 
9.31	 0.381	 0.678	 -0.99	 0.377563	 0.670936	 -0.97127	 0.373732	 0.664213	 -0.952493	 0.369812	 0.65758	 -0.9337	 0.366265	 0.650612	 -0.914958	 0.362888	 0.64347	 -0.896247	 2.12109	 2.12096	 2.12104	 2.12077	 2.12099	 
9.32	 0.381	 0.678	 -0.99	 0.377682	 0.67109	 -0.971221	 0.373836	 0.664268	 -0.952512	 0.36988	 0.657458	 -0.933821	 0.36642	 0.650569	 -0.915063	 0.363183	 0.643651	 -0.896274	 2.11689	 2.11676	 2.11682	 2.11657	 2.11678	 
9.33	 0.381	 0.678	 -0.99	 0.377682	 0.671276	 -0.971191	 0.373925	 0.66432	 -0.952551	 0.370058	 0.657319	 -0.933949	 0.366614	 0.650537	 -0.915186	 0.363384	 0.643849	 -0.89635	 2.11166	 2.11151	 2.11159	 2.11133	 2.11155	 
9.34	 0.381	 0.678	 -0.99	 0.377598	 0.671412	 -0.971202	 0.373982	 0.66437	 -0.95261	 0.370328	 0.657234	 -0.934062	 0.366867	 0.650528	 -0.915319	 0.363487	 0.644014	 -0.896492	 2.10543	 2.1053	 2.10536	 2.1051	 2.10529	 
9.35	 0.381	 0.678	 -0.99	 0.377449	 0.671448	 -0.971268	 0.374038	 0.664411	 -0.952687	 0.370647	 0.657254	 -0.934148	 0.367126	 0.650562	 -0.915461	 0.363562	 0.644102	 -0.8967	 2.09826	 2.09813	 2.09821	 2.09793	 2.09814	 
9.36	 0.381	 0.678	 -0.99	 0.377338	 0.671383	 -0.971369	 0.374089	 0.664418	 -0.952789	 0.370935	 0.657384	 -0.934218	 0.367389	 0.65067	 -0.915602	 0.363658	 0.644096	 -0.89697	 2.09022	 2.09011	 2.09018	 2.08991	 2.09009	 
9.37	 0.381	 0.678	 -0.99	 0.37732	 0.671221	 -0.971494	 0.374166	 0.66442	 -0.952899	 0.371136	 0.6576	 -0.934291	 0.367606	 0.650807	 -0.915763	 0.363837	 0.644046	 -0.897269	 2.08139	 2.08129	 2.08138	 2.08108	 2.08128	 
9.38	 0.381	 0.678	 -0.99	 0.377428	 0.671065	 -0.971599	 0.37428	 0.664413	 -0.953017	 0.371219	 0.65783	 -0.934396	 0.36776	 0.650974	 -0.915946	 0.364125	 0.643988	 -0.897577	 2.07181	 2.07171	 2.0718	 2.07151	 2.0717	 
9.39	 0.381	 0.678	 -0.99	 0.377653	 0.670975	 -0.971665	 0.374407	 0.664433	 -0.953135	 0.371197	 0.658003	 -0.934558	 0.36788	 0.651111	 -0.91617	 0.364493	 0.644002	 -0.897875	 2.06143	 2.06132	 2.06142	 2.06113	 2.06134	 
9.4	 0.381	 0.678	 -0.99	 0.377892	 0.671009	 -0.97169	 0.374551	 0.664489	 -0.953249	 0.371147	 0.658066	 -0.934784	 0.367968	 0.651198	 -0.916442	 0.364902	 0.644133	 -0.898154	 2.05018	 2.05006	 2.05014	 2.04986	 2.05005	 
9.41	 0.381	 0.678	 -0.99	 0.378081	 0.671178	 -0.971682	 0.374669	 0.664563	 -0.953375	 0.371148	 0.658012	 -0.935065	 0.368093	 0.651252	 -0.916749	 0.365251	 0.644376	 -0.89844	 2.03791	 2.03777	 2.03785	 2.03756	 2.03778	 
9.42	 0.381	 0.678	 -0.99	 0.378136	 0.671395	 -0.971688	 0.374763	 0.664668	 -0.95351	 0.371277	 0.657905	 -0.935365	 0.368269	 0.651267	 -0.917091	 0.365483	 0.644694	 -0.898757	 2.0246	 2.02445	 2.02452	 2.02423	 2.02444	 
9.43	 0.381	 0.678	 -0.99	 0.378039	 0.671595	 -0.971734	 0.374827	 0.66476	 -0.953669	 0.371541	 0.657833	 -0.935651	 0.368499	 0.651314	 -0.917441	 0.36559	 0.644979	 -0.899144	 2.01026	 2.01011	 2.01018	 2.00989	 2.0101	 
9.44	 0.381	 0.678	 -0.99	 0.377873	 0.67167	 -0.971843	 0.374857	 0.664833	 -0.953853	 0.371875	 0.657886	 -0.935899	 0.368776	 0.651415	 -0.917789	 0.365614	 0.645164	 -0.899612	 1.99503	 1.99489	 1.99497	 1.99467	 1.99486	 
9.45	 0.381	 0.678	 -0.99	 0.377723	 0.671582	 -0.972013	 0.374902	 0.664877	 -0.954056	 0.372176	 0.65809	 -0.936113	 0.36902	 0.651583	 -0.918139	 0.365672	 0.645228	 -0.900145	 1.97904	 1.97892	 1.97901	 1.9787	 1.9789	 
9.46	 0.381	 0.678	 -0.99	 0.377723	 0.67141	 -0.972195	 0.37497	 0.664886	 -0.954277	 0.372337	 0.658389	 -0.936331	 0.369207	 0.651818	 -0.918494	 0.365842	 0.645205	 -0.900714	 1.96239	 1.96228	 1.96237	 1.96207	 1.96226	 
9.47	 0.381	 0.678	 -0.99	 0.377901	 0.671246	 -0.972348	 0.375076	 0.664915	 -0.954495	 0.372327	 0.658675	 -0.936598	 0.369313	 0.652037	 -0.918889	 0.366155	 0.645221	 -0.901272	 1.94502	 1.9449	 1.945	 1.94469	 1.94489	 
9.48	 0.381	 0.678	 -0.99	 0.378174	 0.671235	 -0.972437	 0.375217	 0.664975	 -0.954709	 0.37222	 0.658829	 -0.936947	 0.369353	 0.652209	 -0.919338	 0.366557	 0.645367	 -0.901801	 1.92675	 1.92662	 1.92671	 1.92639	 1.92659	 
9.49	 0.381	 0.678	 -0.99	 0.378412	 0.671419	 -0.972468	 0.375335	 0.665081	 -0.954926	 0.372151	 0.658815	 -0.937377	 0.369423	 0.652313	 -0.91984	 0.366902	 0.645679	 -0.902319	 1.90733	 1.90718	 1.90725	 1.90692	 1.90713	 
9.5	 0.381	 0.678	 -0.99	 0.378457	 0.671697	 -0.972506	 0.375415	 0.665231	 -0.955153	 0.372255	 0.658717	 -0.937839	 0.369563	 0.652364	 -0.920389	 0.367094	 0.646099	 -0.902872	 1.88652	 1.88636	 1.88642	 1.88608	 1.88628	 
9.51	 0.381	 0.678	 -0.99	 0.378291	 0.671925	 -0.972608	 0.375444	 0.66536	 -0.955418	 0.37255	 0.658684	 -0.938278	 0.369791	 0.652467	 -0.920947	 0.367115	 0.646465	 -0.903526	 1.8642	 1.86404	 1.8641	 1.86375	 1.86394	 
9.52	 0.381	 0.678	 -0.99	 0.378066	 0.671942	 -0.972806	 0.375445	 0.665446	 -0.955723	 0.372906	 0.658854	 -0.938664	 0.370063	 0.652666	 -0.921504	 0.367067	 0.646669	 -0.904301	 1.84043	 1.84027	 1.84034	 1.83998	 1.84017	 
9.53	 0.381	 0.678	 -0.99	 0.377972	 0.671751	 -0.973069	 0.375487	 0.665493	 -0.956053	 0.373127	 0.659216	 -0.939026	 0.370256	 0.652954	 -0.922075	 0.36714	 0.646719	 -0.905156	 1.81544	 1.8153	 1.81538	 1.81502	 1.81521	 
9.54	 0.381	 0.678	 -0.99	 0.378142	 0.671558	 -0.973295	 0.375587	 0.665524	 -0.956391	 0.373097	 0.659592	 -0.939441	 0.370325	 0.653269	 -0.922679	 0.367424	 0.646751	 -0.906012	 1.78965	 1.78951	 1.7896	 1.78926	 1.78946	 
9.55	 0.381	 0.678	 -0.99	 0.378477	 0.67157	 -0.973423	 0.375714	 0.665612	 -0.956709	 0.372909	 0.659774	 -0.939959	 0.370321	 0.653483	 -0.923341	 0.367821	 0.646966	 -0.906795	 1.76352	 1.76338	 1.76349	 1.76317	 1.76339	 
9.56	 0.381	 0.678	 -0.99	 0.378679	 0.67184	 -0.973475	 0.37582	 0.665769	 -0.957002	 0.37283	 0.659709	 -0.940548	 0.370346	 0.653572	 -0.924041	 0.368114	 0.647407	 -0.907506	 1.73755	 1.73741	 1.73754	 1.73722	 1.73744	 
9.57	 0.381	 0.678	 -0.99	 0.378571	 0.672175	 -0.973549	 0.375845	 0.66593	 -0.957299	 0.373035	 0.659595	 -0.941099	 0.370507	 0.653649	 -0.924708	 0.368132	 0.647884	 -0.908228	 1.7121	 1.71198	 1.71212	 1.71181	 1.71204	 
9.58	 0.381	 0.678	 -0.99	 0.378277	 0.672255	 -0.97374	 0.375809	 0.66604	 -0.957614	 0.373409	 0.659719	 -0.941519	 0.370758	 0.653834	 -0.925299	 0.367975	 0.64816	 -0.909025	 1.68742	 1.68731	 1.68746	 1.68716	 1.68739	 
9.59	 0.381	 0.678	 -0.99	 0.378137	 0.672029	 -0.974016	 0.375814	 0.666084	 -0.957936	 0.37362	 0.660128	 -0.941841	 0.370913	 0.654154	 -0.925833	 0.367954	 0.648192	 -0.909863	 1.66356	 1.66345	 1.6636	 1.66331	 1.66355	 
9.6	 0.381	 0.678	 -0.99	 0.378361	 0.671819	 -0.974223	 0.375902	 0.666116	 -0.958239	 0.373477	 0.660529	 -0.942208	 0.370889	 0.654487	 -0.926371	 0.368228	 0.648222	 -0.910631	 1.64037	 1.64025	 1.6404	 1.64011	 1.64035	 
9.61	 0.381	 0.678	 -0.99	 0.37872	 0.671946	 -0.97428	 0.376011	 0.66623	 -0.958503	 0.373209	 0.660607	 -0.942708	 0.370806	 0.654658	 -0.926968	 0.368589	 0.648531	 -0.911268	 1.61756	 1.61744	 1.61759	 1.61728	 1.61753	 
9.62	 0.381	 0.678	 -0.99	 0.378761	 0.672325	 -0.974294	 0.37605	 0.666413	 -0.958752	 0.373232	 0.660436	 -0.943252	 0.370854	 0.654685	 -0.927597	 0.368688	 0.649055	 -0.911865	 1.59481	 1.59468	 1.59482	 1.5945	 1.59473	 
9.63	 0.381	 0.678	 -0.99	 0.378431	 0.672523	 -0.974437	 0.376004	 0.666543	 -0.959037	 0.373599	 0.660433	 -0.943685	 0.371064	 0.654798	 -0.928175	 0.368485	 0.649409	 -0.912583	 1.57181	 1.57167	 1.57181	 1.57147	 1.57171	 
9.64	 0.381	 0.678	 -0.99	 0.378212	 0.672309	 -0.974718	 0.375971	 0.666563	 -0.959368	 0.37386	 0.660814	 -0.944	 0.371236	 0.655106	 -0.928698	 0.368357	 0.64941	 -0.913435	 1.54838	 1.54824	 1.54835	 1.54802	 1.54825	 
9.65	 0.381	 0.678	 -0.99	 0.378458	 0.672044	 -0.974947	 0.376045	 0.666578	 -0.95969	 0.373679	 0.661234	 -0.944381	 0.371184	 0.655426	 -0.929265	 0.368606	 0.649387	 -0.914253	 1.52449	 1.52434	 1.52446	 1.52412	 1.52436	 
9.66	 0.381	 0.678	 -0.99	 0.378821	 0.672217	 -0.974995	 0.376155	 0.666703	 -0.95997	 0.37337	 0.661244	 -0.944944	 0.371046	 0.655543	 -0.929932	 0.368953	 0.649732	 -0.914927	 1.50027	 1.50013	 1.50024	 1.49991	 1.50014	 
9.67	 0.381	 0.678	 -0.99	 0.378727	 0.672644	 -0.975023	 0.376149	 0.666886	 -0.960247	 0.373484	 0.661032	 -0.945523	 0.371114	 0.65556	 -0.930606	 0.368911	 0.650277	 -0.915593	 1.47595	 1.47583	 1.47598	 1.47563	 1.47587	 
9.68	 0.381	 0.678	 -0.99	 0.378326	 0.672681	 -0.975247	 0.376053	 0.666979	 -0.96057	 0.373882	 0.661196	 -0.945909	 0.371334	 0.655765	 -0.931177	 0.368597	 0.650502	 -0.916415	 1.45189	 1.45176	 1.45191	 1.45159	 1.45182	 
9.69	 0.381	 0.678	 -0.99	 0.378332	 0.672329	 -0.975546	 0.376055	 0.666986	 -0.960903	 0.373891	 0.661722	 -0.946213	 0.371355	 0.656149	 -0.931699	 0.368614	 0.650423	 -0.917281	 1.42831	 1.42817	 1.42833	 1.42802	 1.42829	 
9.7	 0.381	 0.678	 -0.99	 0.378759	 0.672322	 -0.97564	 0.376169	 0.667072	 -0.961178	 0.373496	 0.661917	 -0.946695	 0.371155	 0.656368	 -0.932302	 0.368979	 0.650631	 -0.917956	 1.4054	 1.40528	 1.40544	 1.40514	 1.40539	 
9.71	 0.381	 0.678	 -0.99	 0.378798	 0.672783	 -0.975617	 0.376187	 0.667262	 -0.961417	 0.373462	 0.661669	 -0.947266	 0.371129	 0.656363	 -0.932938	 0.369014	 0.651204	 -0.918521	 1.38326	 1.38316	 1.38334	 1.38302	 1.38329	 
9.72	 0.381	 0.678	 -0.99	 0.378356	 0.672893	 -0.975803	 0.376073	 0.667365	 -0.961701	 0.373877	 0.661746	 -0.947621	 0.371341	 0.656515	 -0.933451	 0.368641	 0.651474	 -0.919241	 1.36199	 1.36188	 1.36204	 1.36174	 1.362	 
9.73	 0.381	 0.678	 -0.99	 0.378342	 0.672505	 -0.976098	 0.376059	 0.667346	 -0.962002	 0.373884	 0.662278	 -0.947855	 0.371348	 0.656889	 -0.93389	 0.368612	 0.651333	 -0.920027	 1.34157	 1.34143	 1.34161	 1.34132	 1.34161	 
9.74	 0.381	 0.678	 -0.99	 0.378799	 0.672533	 -0.976146	 0.376169	 0.667428	 -0.96223	 0.373441	 0.662405	 -0.948301	 0.37111	 0.657049	 -0.934427	 0.368971	 0.651529	 -0.920585	 1.32207	 1.32195	 1.32212	 1.32183	 1.32209	 
9.75	 0.381	 0.678	 -0.99	 0.378714	 0.673012	 -0.976111	 0.376147	 0.667611	 -0.962427	 0.373499	 0.662099	 -0.948802	 0.371116	 0.65698	 -0.934979	 0.36888	 0.652075	 -0.921052	 1.30358	 1.30347	 1.30367	 1.30336	 1.30364	 
9.76	 0.381	 0.678	 -0.99	 0.378252	 0.672937	 -0.976346	 0.376018	 0.667649	 -0.962684	 0.373899	 0.662304	 -0.949024	 0.371301	 0.65717	 -0.935369	 0.368474	 0.652149	 -0.921715	 1.28625	 1.28614	 1.28632	 1.28604	 1.28632	 
9.77	 0.381	 0.678	 -0.99	 0.378472	 0.672558	 -0.976565	 0.376047	 0.667605	 -0.962925	 0.373649	 0.662788	 -0.94923	 0.371157	 0.657503	 -0.935728	 0.368613	 0.651966	 -0.922334	 1.27014	 1.27001	 1.2702	 1.26993	 1.27024	 
9.78	 0.381	 0.678	 -0.99	 0.378832	 0.672865	 -0.976489	 0.376111	 0.667735	 -0.963076	 0.373264	 0.662617	 -0.949684	 0.370931	 0.657489	 -0.936199	 0.368851	 0.652343	 -0.922677	 1.25527	 1.25517	 1.25537	 1.25508	 1.25535	 
9.79	 0.381	 0.678	 -0.99	 0.378418	 0.673183	 -0.976541	 0.375986	 0.667868	 -0.963243	 0.3736	 0.662423	 -0.949988	 0.371067	 0.657447	 -0.936579	 0.368453	 0.652723	 -0.923092	 1.24166	 1.24156	 1.24176	 1.24146	 1.24176	 
9.8	 0.381	 0.678	 -0.99	 0.378229	 0.672774	 -0.976822	 0.375915	 0.667812	 -0.963455	 0.373714	 0.662902	 -0.950049	 0.371086	 0.657753	 -0.936813	 0.368237	 0.652498	 -0.923662	 1.22928	 1.22915	 1.22934	 1.22908	 1.22937	 
9.81	 0.381	 0.678	 -0.99	 0.378709	 0.67274	 -0.976824	 0.376008	 0.66784	 -0.963587	 0.373195	 0.663027	 -0.95034	 0.37077	 0.657881	 -0.937144	 0.368556	 0.652567	 -0.923976	 1.21807	 1.21796	 1.21815	 1.21788	 1.21817	 
9.82	 0.381	 0.678	 -0.99	 0.378563	 0.673237	 -0.976733	 0.375941	 0.667999	 -0.963682	 0.373258	 0.662651	 -0.950687	 0.370752	 0.657742	 -0.937487	 0.368353	 0.653052	 -0.924186	 1.20807	 1.20799	 1.20819	 1.2079	 1.20819	 
9.83	 0.381	 0.678	 -0.99	 0.378126	 0.673018	 -0.976964	 0.37579	 0.667977	 -0.963844	 0.373589	 0.66293	 -0.950702	 0.37088	 0.657929	 -0.937639	 0.367906	 0.652943	 -0.924626	 1.19938	 1.19927	 1.19946	 1.19921	 1.19952	 
9.84	 0.381	 0.678	 -0.99	 0.378516	 0.672719	 -0.977055	 0.375843	 0.667926	 -0.963959	 0.373134	 0.663264	 -0.950821	 0.370596	 0.658138	 -0.937825	 0.36813	 0.652763	 -0.924914	 1.19205	 1.19194	 1.19214	 1.19189	 1.1922	 
9.85	 0.381	 0.678	 -0.99	 0.378622	 0.673185	 -0.976897	 0.375826	 0.668066	 -0.963993	 0.372936	 0.662868	 -0.95114	 0.37043	 0.657956	 -0.938097	 0.368116	 0.653195	 -0.924961	 1.18615	 1.18607	 1.18627	 1.18601	 1.1863	 
9.86	 0.381	 0.678	 -0.99	 0.378085	 0.67317	 -0.977042	 0.375648	 0.668082	 -0.964085	 0.373333	 0.662916	 -0.951135	 0.37057	 0.657994	 -0.93818	 0.367578	 0.653219	 -0.925218	 1.18177	 1.18166	 1.18187	 1.18162	 1.18194	 
9.87	 0.381	 0.678	 -0.99	 0.378303	 0.672734	 -0.977187	 0.375659	 0.667981	 -0.964164	 0.373023	 0.663348	 -0.951095	 0.370342	 0.658236	 -0.938217	 0.367644	 0.65289	 -0.925436	 1.17887	 1.17877	 1.17896	 1.17874	 1.17904	 
9.88	 0.381	 0.678	 -0.99	 0.378593	 0.673097	 -0.976997	 0.375685	 0.668073	 -0.964144	 0.372639	 0.663023	 -0.951331	 0.370066	 0.658085	 -0.938374	 0.367754	 0.653201	 -0.925345	 1.17739	 1.17731	 1.17752	 1.17726	 1.17757	 
9.89	 0.381	 0.678	 -0.99	 0.378073	 0.673271	 -0.97704	 0.375497	 0.66812	 -0.964166	 0.373002	 0.662873	 -0.951315	 0.37018	 0.658013	 -0.938381	 0.367196	 0.653347	 -0.925409	 1.17731	 1.17723	 1.17742	 1.17719	 1.17749	 
9.9	 0.381	 0.678	 -0.99	 0.378101	 0.672787	 -0.977211	 0.375438	 0.668	 -0.964207	 0.372843	 0.663328	 -0.951146	 0.370024	 0.65825	 -0.938286	 0.367078	 0.652952	 -0.925542	 1.17857	 1.17845	 1.17866	 1.17843	 1.17877	 
9.91	 0.381	 0.678	 -0.99	 0.378509	 0.672983	 -0.977029	 0.375478	 0.668043	 -0.964145	 0.372323	 0.663126	 -0.95128	 0.369668	 0.658135	 -0.938333	 0.36726	 0.6531	 -0.925352	 1.18113	 1.18106	 1.18125	 1.18102	 1.18132	 
9.92	 0.381	 0.678	 -0.99	 0.378077	 0.673298	 -0.976973	 0.375308	 0.66811	 -0.964099	 0.372582	 0.662791	 -0.951268	 0.369709	 0.657932	 -0.938288	 0.366758	 0.653325	 -0.925233	 1.18509	 1.18501	 1.18522	 1.18498	 1.1853	 
9.93	 0.381	 0.678	 -0.99	 0.37789	 0.672838	 -0.977153	 0.375196	 0.667972	 -0.964099	 0.372606	 0.663167	 -0.951	 0.369629	 0.658092	 -0.938089	 0.366453	 0.652894	 -0.925271	 1.19052	 1.19041	 1.1906	 1.1904	 1.19071	 
9.94	 0.381	 0.678	 -0.99	 0.378346	 0.672819	 -0.977009	 0.375248	 0.667933	 -0.964004	 0.372029	 0.663118	 -0.950999	 0.369232	 0.65803	 -0.938002	 0.366664	 0.652802	 -0.925012	 1.19738	 1.1973	 1.19751	 1.19729	 1.19761	 
9.95	 0.381	 0.678	 -0.99	 0.378108	 0.673246	 -0.976838	 0.375122	 0.668	 -0.963885	 0.372102	 0.662639	 -0.950987	 0.36917	 0.657735	 -0.93789	 0.366298	 0.653058	 -0.924694	 1.20573	 1.20566	 1.20586	 1.20565	 1.20595	 
9.96	 0.381	 0.678	 -0.99	 0.377715	 0.672933	 -0.976978	 0.374947	 0.667882	 -0.96383	 0.37231	 0.662846	 -0.950649	 0.369184	 0.657786	 -0.937586	 0.365803	 0.652707	 -0.924591	 1.21547	 1.21538	 1.21558	 1.21539	 1.21571	 
9.97	 0.381	 0.678	 -0.99	 0.378098	 0.672655	 -0.976918	 0.374962	 0.667774	 -0.96371	 0.371782	 0.663016	 -0.950467	 0.368812	 0.657818	 -0.937342	 0.365936	 0.652388	 -0.924288	 1.22646	 1.22637	 1.22657	 1.22637	 1.22669	 
9.98	 0.381	 0.678	 -0.99	 0.37815	 0.673066	 -0.97666	 0.3749	 0.66784	 -0.963525	 0.371558	 0.662535	 -0.950443	 0.368584	 0.657507	 -0.937166	 0.365797	 0.652627	 -0.923791	 1.23854	 1.23847	 1.23866	 1.23844	 1.23875	 
9.99	 0.381	 0.678	 -0.99	 0.377631	 0.673048	 -0.976694	 0.374697	 0.667792	 -0.963402	 0.371867	 0.662447	 -0.950122	 0.368631	 0.657391	 -0.936822	 0.365194	 0.652501	 -0.923509	 1.25163	 1.25154	 1.25172	 1.25151	 1.25183	 
10	 0.381	 0.678	 -0.99	 0.377723	 0.672585	 -0.97675	 0.374642	 0.66762	 -0.963279	 0.371602	 0.662765	 -0.949758	 0.368385	 0.657487	 -0.936439	 0.365085	 0.651998	 -0.923223	 1.26564	 1.26555	 1.26572	 1.26553	 1.26583	 
10.01	 0.381	 0.678	 -0.99	 0.378079	 0.672742	 -0.976497	 0.37465	 0.667597	 -0.96307	 0.371092	 0.662493	 -0.949659	 0.368012	 0.657276	 -0.936176	 0.365182	 0.651989	 -0.922663	 1.28059	 1.28052	 1.28071	 1.2805	 1.28081	 
10.02	 0.381	 0.678	 -0.99	 0.377744	 0.673061	 -0.976338	 0.374485	 0.667618	 -0.962869	 0.37123	 0.66206	 -0.949446	 0.367973	 0.656967	 -0.935841	 0.36471	 0.652104	 -0.922152	 1.29663	 1.29656	 1.29674	 1.29654	 1.29684	 
10.03	 0.381	 0.678	 -0.99	 0.37741	 0.672721	 -0.976425	 0.37432	 0.667476	 -0.962715	 0.371363	 0.662234	 -0.948973	 0.36793	 0.656959	 -0.935357	 0.364242	 0.651678	 -0.921807	 1.31385	 1.31377	 1.31396	 1.31378	 1.3141	 
10.04	 0.381	 0.678	 -0.99	 0.377723	 0.672419	 -0.976332	 0.374318	 0.667334	 -0.962503	 0.37088	 0.662362	 -0.94864	 0.367563	 0.656929	 -0.934922	 0.364307	 0.651274	 -0.921278	 1.33234	 1.33227	 1.33246	 1.33229	 1.33259	 
10.05	 0.381	 0.678	 -0.99	 0.377874	 0.672725	 -0.976034	 0.374273	 0.667333	 -0.962228	 0.370544	 0.661914	 -0.948466	 0.367266	 0.656605	 -0.934548	 0.364232	 0.651351	 -0.920552	 1.35209	 1.35203	 1.35223	 1.35204	 1.35236	 
10.06	 0.381	 0.678	 -0.99	 0.377447	 0.672889	 -0.975925	 0.374078	 0.667296	 -0.961989	 0.370751	 0.661594	 -0.948085	 0.367253	 0.656337	 -0.934051	 0.363673	 0.651297	 -0.919955	 1.373	 1.37294	 1.37311	 1.37295	 1.37323	 
10.07	 0.381	 0.678	 -0.99	 0.377232	 0.672497	 -0.975971	 0.373932	 0.667124	 -0.961775	 0.37076	 0.661785	 -0.947537	 0.367143	 0.656318	 -0.933454	 0.363289	 0.650787	 -0.919458	 1.39479	 1.39471	 1.39489	 1.39471	 1.39503	 
10.08	 0.381	 0.678	 -0.99	 0.377546	 0.672251	 -0.975826	 0.373927	 0.666985	 -0.961507	 0.370274	 0.66183	 -0.947155	 0.366776	 0.656223	 -0.932935	 0.36335	 0.650399	 -0.918784	 1.41716	 1.41709	 1.41724	 1.41707	 1.41736	 
10.09	 0.381	 0.678	 -0.99	 0.377683	 0.672521	 -0.975524	 0.373885	 0.666966	 -0.961196	 0.369959	 0.66139	 -0.94691	 0.366492	 0.655888	 -0.932478	 0.36327	 0.650425	 -0.917973	 1.43983	 1.43975	 1.43991	 1.43971	 1.44001	 
10.1	 0.381	 0.678	 -0.99	 0.37732	 0.672711	 -0.975377	 0.373715	 0.666926	 -0.960924	 0.370123	 0.661029	 -0.946513	 0.366462	 0.655593	 -0.93194	 0.362776	 0.650379	 -0.917291	 1.46263	 1.46254	 1.46268	 1.46249	 1.46277	 
10.11	 0.381	 0.678	 -0.99	 0.377033	 0.672412	 -0.975398	 0.373562	 0.666774	 -0.96069	 0.370222	 0.661125	 -0.945955	 0.366409	 0.655519	 -0.93132	 0.362347	 0.649936	 -0.916741	 1.48548	 1.48539	 1.48554	 1.48534	 1.48564	 
10.12	 0.381	 0.678	 -0.99	 0.377221	 0.672068	 -0.975316	 0.373534	 0.666611	 -0.960426	 0.369875	 0.661259	 -0.945491	 0.366126	 0.655464	 -0.930746	 0.362325	 0.649459	 -0.916096	 1.50852	 1.50844	 1.50858	 1.5084	 1.50868	 
10.13	 0.381	 0.678	 -0.99	 0.377494	 0.672154	 -0.975044	 0.373533	 0.666542	 -0.960113	 0.369452	 0.660987	 -0.945192	 0.365802	 0.655211	 -0.930244	 0.362378	 0.649325	 -0.915284	 1.53199	 1.53191	 1.53207	 1.53189	 1.53218	 
10.14	 0.381	 0.678	 -0.99	 0.377372	 0.672441	 -0.97479	 0.373429	 0.666519	 -0.959798	 0.369407	 0.660521	 -0.944856	 0.365676	 0.654859	 -0.92971	 0.362095	 0.64935	 -0.914469	 1.5562	 1.55614	 1.55629	 1.55613	 1.55641	 
10.15	 0.381	 0.678	 -0.99	 0.376992	 0.672423	 -0.97471	 0.373262	 0.666429	 -0.959509	 0.369604	 0.660332	 -0.94433	 0.365674	 0.65463	 -0.929067	 0.361603	 0.649129	 -0.913765	 1.58142	 1.58135	 1.58152	 1.58137	 1.58167	 
10.16	 0.381	 0.678	 -0.99	 0.376836	 0.672077	 -0.974692	 0.373156	 0.666256	 -0.959221	 0.369586	 0.66045	 -0.943718	 0.365558	 0.654553	 -0.928363	 0.361309	 0.648627	 -0.913077	 1.60776	 1.60771	 1.60788	 1.60775	 1.60803	 
10.17	 0.381	 0.678	 -0.99	 0.377044	 0.67181	 -0.974542	 0.373133	 0.66609	 -0.958894	 0.369229	 0.660491	 -0.943198	 0.365281	 0.654444	 -0.927682	 0.361316	 0.64817	 -0.912259	 1.63516	 1.63511	 1.63529	 1.63515	 1.63544	 
10.18	 0.381	 0.678	 -0.99	 0.377284	 0.671873	 -0.974254	 0.373117	 0.666007	 -0.958523	 0.368851	 0.66021	 -0.942791	 0.365003	 0.654164	 -0.927046	 0.361348	 0.647989	 -0.911303	 1.66329	 1.66323	 1.66338	 1.66324	 1.66352	 
10.19	 0.381	 0.678	 -0.99	 0.377222	 0.672105	 -0.973977	 0.373041	 0.665967	 -0.958147	 0.368762	 0.659763	 -0.942369	 0.364861	 0.653794	 -0.926403	 0.361151	 0.647949	 -0.910345	 1.69162	 1.69155	 1.69169	 1.69153	 1.69181	 
10.2	 0.381	 0.678	 -0.99	 0.376912	 0.672184	 -0.973823	 0.37291	 0.665881	 -0.957809	 0.368917	 0.659468	 -0.941835	 0.364849	 0.65351	 -0.925706	 0.360759	 0.647771	 -0.909501	 1.7196	 1.71952	 1.71962	 1.71945	 1.71971	 
10.21	 0.381	 0.678	 -0.99	 0.376664	 0.671975	 -0.973769	 0.372789	 0.665737	 -0.957502	 0.369032	 0.659451	 -0.941225	 0.364837	 0.653364	 -0.924981	 0.360419	 0.647371	 -0.908759	 1.74673	 1.74663	 1.74673	 1.74653	 1.74679	 
10.22	 0.381	 0.678	 -0.99	 0.376674	 0.671653	 -0.9737	 0.372744	 0.665576	 -0.957198	 0.368911	 0.659552	 -0.940653	 0.364705	 0.653276	 -0.924295	 0.360315	 0.646894	 -0.908026	 1.77276	 1.77267	 1.77276	 1.77256	 1.77279	 
10.23	 0.381	 0.678	 -0.99	 0.376895	 0.671483	 -0.973528	 0.372757	 0.665444	 -0.956883	 0.368605	 0.659522	 -0.9402	 0.364488	 0.653144	 -0.923678	 0.360393	 0.646541	 -0.907237	 1.79775	 1.79766	 1.79775	 1.79754	 1.79779	 
10.24	 0.381	 0.678	 -0.99	 0.377102	 0.671549	 -0.973277	 0.372763	 0.665374	 -0.956559	 0.368328	 0.659269	 -0.939839	 0.364303	 0.652901	 -0.923116	 0.360463	 0.646399	 -0.906399	 1.82197	 1.82188	 1.82197	 1.82178	 1.82203	 
10.25	 0.381	 0.678	 -0.99	 0.377095	 0.671738	 -0.973036	 0.37273	 0.665337	 -0.956237	 0.368255	 0.658897	 -0.939482	 0.364214	 0.652597	 -0.922565	 0.360388	 0.64637	 -0.905569	 1.84578	 1.84569	 1.84579	 1.84562	 1.84588	 
10.26	 0.381	 0.678	 -0.99	 0.376888	 0.671869	 -0.972867	 0.372651	 0.665278	 -0.955937	 0.36838	 0.658592	 -0.939053	 0.364235	 0.652336	 -0.921974	 0.360161	 0.646277	 -0.904806	 1.86947	 1.86939	 1.86949	 1.86934	 1.86959	 
10.27	 0.381	 0.678	 -0.99	 0.37664	 0.671802	 -0.972783	 0.372561	 0.665187	 -0.955653	 0.368562	 0.658473	 -0.938541	 0.364298	 0.652155	 -0.921345	 0.359899	 0.646029	 -0.904111	 1.89312	 1.89304	 1.89315	 1.89299	 1.89324	 
10.28	 0.381	 0.678	 -0.99	 0.376504	 0.671574	 -0.972732	 0.372518	 0.665058	 -0.955374	 0.368647	 0.658512	 -0.938	 0.364308	 0.652051	 -0.920706	 0.359753	 0.645647	 -0.903446	 1.91654	 1.91646	 1.91657	 1.9164	 1.91663	 
10.29	 0.381	 0.678	 -0.99	 0.376568	 0.671319	 -0.972647	 0.372519	 0.664913	 -0.955099	 0.368565	 0.658578	 -0.937502	 0.364256	 0.651975	 -0.92009	 0.359772	 0.645239	 -0.902771	 1.93937	 1.9393	 1.9394	 1.93921	 1.93945	 
10.3	 0.381	 0.678	 -0.99	 0.376767	 0.671158	 -0.972502	 0.37256	 0.664802	 -0.954816	 0.368371	 0.658552	 -0.937087	 0.364157	 0.651846	 -0.919533	 0.359919	 0.644933	 -0.902064	 1.96125	 1.96117	 1.96124	 1.96104	 1.96127	 
10.31	 0.381	 0.678	 -0.99	 0.376968	 0.67117	 -0.972301	 0.372616	 0.664729	 -0.954533	 0.368184	 0.65838	 -0.936751	 0.364062	 0.651661	 -0.919032	 0.360095	 0.644765	 -0.901344	 1.98186	 1.98176	 1.98183	 1.98162	 1.98186	 
10.32	 0.381	 0.678	 -0.99	 0.377075	 0.671305	 -0.972087	 0.372643	 0.664691	 -0.954264	 0.368104	 0.658104	 -0.936457	 0.364041	 0.651433	 -0.918568	 0.360193	 0.644715	 -0.900648	 2.00113	 2.00102	 2.00108	 2.00087	 2.0011	 
10.33	 0.381	 0.678	 -0.99	 0.377026	 0.671458	 -0.971913	 0.37265	 0.664668	 -0.954012	 0.368178	 0.657816	 -0.936158	 0.36409	 0.651202	 -0.918125	 0.360188	 0.644708	 -0.900005	 2.01913	 2.01901	 2.01908	 2.01887	 2.01911	 
10.34	 0.381	 0.678	 -0.99	 0.376873	 0.671548	 -0.971794	 0.372637	 0.664625	 -0.953788	 0.36837	 0.657603	 -0.935827	 0.364205	 0.651023	 -0.917677	 0.360096	 0.64464	 -0.899444	 2.03608	 2.03596	 2.03603	 2.03584	 2.03606	 
10.35	 0.381	 0.678	 -0.99	 0.3767	 0.671505	 -0.971734	 0.372622	 0.664565	 -0.953582	 0.368597	 0.657519	 -0.935459	 0.364348	 0.650893	 -0.91723	 0.359995	 0.644474	 -0.89895	 2.05219	 2.05208	 2.05217	 2.05196	 2.05219	 
10.36	 0.381	 0.678	 -0.99	 0.376578	 0.67135	 -0.971708	 0.372627	 0.664475	 -0.953393	 0.36877	 0.657545	 -0.935078	 0.364469	 0.650828	 -0.916783	 0.359976	 0.644217	 -0.898495	 2.06762	 2.06754	 2.06761	 2.06741	 2.06762	 
10.37	 0.381	 0.678	 -0.99	 0.376581	 0.671144	 -0.971677	 0.372648	 0.664374	 -0.953213	 0.368835	 0.657628	 -0.934714	 0.364564	 0.650798	 -0.916349	 0.360068	 0.643925	 -0.898051	 2.08242	 2.08234	 2.08244	 2.08222	 2.08244	 
10.38	 0.381	 0.678	 -0.99	 0.376698	 0.670961	 -0.971617	 0.372712	 0.664293	 -0.953026	 0.368803	 0.657698	 -0.934392	 0.364607	 0.650755	 -0.91595	 0.360272	 0.643663	 -0.897595	 2.09655	 2.09648	 2.09656	 2.09635	 2.09655	 
10.39	 0.381	 0.678	 -0.99	 0.376897	 0.670874	 -0.971509	 0.372804	 0.664225	 -0.95284	 0.368717	 0.65769	 -0.934128	 0.364628	 0.650693	 -0.915586	 0.360535	 0.643475	 -0.897128	 2.1099	 2.10982	 2.1099	 2.10969	 2.10992	 
10.4	 0.381	 0.678	 -0.99	 0.3771	 0.670882	 -0.971373	 0.372899	 0.664187	 -0.952655	 0.368641	 0.657584	 -0.933916	 0.364665	 0.650581	 -0.915263	 0.36081	 0.643396	 -0.896652	 2.12237	 2.12228	 2.12235	 2.12214	 2.12235	 
10.41	 0.381	 0.678	 -0.99	 0.37723	 0.670987	 -0.971224	 0.372989	 0.664169	 -0.952477	 0.368634	 0.657398	 -0.933739	 0.364735	 0.650441	 -0.91497	 0.361054	 0.643393	 -0.89619	 2.13387	 2.13376	 2.13383	 2.13361	 2.13384	 
10.42	 0.381	 0.678	 -0.99	 0.377276	 0.671135	 -0.971086	 0.373054	 0.664169	 -0.952314	 0.368727	 0.657185	 -0.933573	 0.364869	 0.650292	 -0.914697	 0.361219	 0.643434	 -0.895767	 2.14435	 2.14422	 2.14428	 2.14407	 2.14428	 
10.43	 0.381	 0.678	 -0.99	 0.37722	 0.671258	 -0.970986	 0.373113	 0.664171	 -0.952167	 0.368922	 0.657001	 -0.933397	 0.365042	 0.65016	 -0.914441	 0.361318	 0.643478	 -0.895395	 2.15373	 2.1536	 2.15367	 2.15345	 2.15367	 
10.44	 0.381	 0.678	 -0.99	 0.377108	 0.671322	 -0.970927	 0.373153	 0.664154	 -0.952047	 0.36918	 0.656886	 -0.933209	 0.365261	 0.650078	 -0.91419	 0.361373	 0.643471	 -0.895092	 2.16198	 2.16186	 2.1619	 2.16169	 2.16189	 
10.45	 0.381	 0.678	 -0.99	 0.376982	 0.67129	 -0.970915	 0.37319	 0.664132	 -0.951948	 0.369451	 0.656866	 -0.933011	 0.365493	 0.650027	 -0.913961	 0.361438	 0.643399	 -0.894856	 2.16896	 2.16884	 2.16891	 2.16866	 2.16887	 
10.46	 0.381	 0.678	 -0.99	 0.376895	 0.671185	 -0.970931	 0.373243	 0.664087	 -0.951873	 0.369689	 0.656927	 -0.93282	 0.365715	 0.650031	 -0.913754	 0.361557	 0.643257	 -0.894683	 2.17459	 2.17448	 2.17453	 2.17428	 2.17446	 
10.47	 0.381	 0.678	 -0.99	 0.376902	 0.671026	 -0.970957	 0.373315	 0.664039	 -0.951817	 0.369858	 0.657045	 -0.932655	 0.365917	 0.650062	 -0.913584	 0.361742	 0.643091	 -0.894557	 2.17876	 2.17865	 2.17872	 2.17844	 2.17863	 
10.48	 0.381	 0.678	 -0.99	 0.376999	 0.67087	 -0.970975	 0.37343	 0.663996	 -0.951771	 0.369951	 0.657174	 -0.932532	 0.366071	 0.650106	 -0.913461	 0.362013	 0.642935	 -0.894464	 2.18146	 2.18137	 2.18142	 2.18115	 2.18133	 
10.49	 0.381	 0.678	 -0.99	 0.377181	 0.670764	 -0.970968	 0.373553	 0.663965	 -0.95174	 0.369975	 0.657267	 -0.932466	 0.36621	 0.650148	 -0.913381	 0.362348	 0.642832	 -0.894389	 2.18276	 2.18266	 2.18273	 2.18246	 2.18266	 
10.5	 0.381	 0.678	 -0.99	 0.377386	 0.670729	 -0.970941	 0.373687	 0.66396	 -0.951715	 0.369968	 0.657295	 -0.932456	 0.366332	 0.650158	 -0.913353	 0.362733	 0.642814	 -0.89432	 2.18281	 2.1827	 2.18276	 2.1825	 2.18269	 
10.51	 0.381	 0.678	 -0.99	 0.377583	 0.670796	 -0.970887	 0.373819	 0.663972	 -0.951701	 0.369978	 0.657244	 -0.932496	 0.366469	 0.650149	 -0.913362	 0.363109	 0.642872	 -0.894267	 2.1817	 2.18158	 2.18165	 2.18139	 2.1816	 
10.52	 0.381	 0.678	 -0.99	 0.377725	 0.670925	 -0.97083	 0.373942	 0.664015	 -0.951694	 0.37005	 0.657138	 -0.932568	 0.366636	 0.650107	 -0.913409	 0.363435	 0.643008	 -0.894236	 2.17951	 2.17938	 2.17943	 2.17919	 2.17939	 
10.53	 0.381	 0.678	 -0.99	 0.377768	 0.671092	 -0.970785	 0.374048	 0.664062	 -0.951705	 0.370208	 0.65701	 -0.932656	 0.366839	 0.650074	 -0.913477	 0.363698	 0.643182	 -0.894243	 2.17617	 2.17603	 2.17609	 2.17584	 2.17605	 
10.54	 0.381	 0.678	 -0.99	 0.377729	 0.67124	 -0.970772	 0.374122	 0.664114	 -0.951738	 0.37045	 0.65691	 -0.932745	 0.367098	 0.650053	 -0.913568	 0.363886	 0.64335	 -0.894311	 2.17159	 2.17145	 2.17149	 2.17124	 2.17143	 
10.55	 0.381	 0.678	 -0.99	 0.377622	 0.671325	 -0.970803	 0.374198	 0.664161	 -0.951792	 0.370758	 0.65688	 -0.932828	 0.367372	 0.650064	 -0.913684	 0.364024	 0.64347	 -0.894455	 2.16563	 2.16548	 2.16554	 2.16526	 2.16546	 
10.56	 0.381	 0.678	 -0.99	 0.377516	 0.671324	 -0.970874	 0.37427	 0.664181	 -0.951877	 0.37108	 0.656939	 -0.932907	 0.367661	 0.650133	 -0.913818	 0.364139	 0.643521	 -0.894678	 2.15825	 2.15812	 2.15816	 2.15788	 2.15806	 
10.57	 0.381	 0.678	 -0.99	 0.377447	 0.671225	 -0.970983	 0.374353	 0.664193	 -0.951981	 0.371359	 0.657092	 -0.932987	 0.367926	 0.65024	 -0.913979	 0.364294	 0.643517	 -0.89496	 2.14955	 2.14943	 2.14949	 2.1492	 2.14938	 
10.58	 0.381	 0.678	 -0.99	 0.377462	 0.671088	 -0.971099	 0.37445	 0.664193	 -0.952103	 0.371549	 0.657304	 -0.933086	 0.368151	 0.650394	 -0.914161	 0.364527	 0.643472	 -0.895282	 2.13977	 2.13967	 2.13974	 2.13945	 2.13962	 
10.59	 0.381	 0.678	 -0.99	 0.377586	 0.670946	 -0.971204	 0.374561	 0.664203	 -0.95223	 0.371633	 0.657525	 -0.933216	 0.36833	 0.650551	 -0.914373	 0.364842	 0.643449	 -0.89561	 2.1292	 2.1291	 2.12919	 2.1289	 2.12909	 
10.6	 0.381	 0.678	 -0.99	 0.377787	 0.67087	 -0.971277	 0.3747	 0.664226	 -0.952356	 0.371637	 0.657689	 -0.933393	 0.36846	 0.650692	 -0.914616	 0.365234	 0.643486	 -0.895926	 2.11805	 2.11795	 2.11804	 2.11776	 2.11795	 
10.61	 0.381	 0.678	 -0.99	 0.378028	 0.670903	 -0.971308	 0.374839	 0.664273	 -0.952482	 0.37161	 0.657757	 -0.933622	 0.368584	 0.650792	 -0.914891	 0.36564	 0.643611	 -0.896228	 2.10635	 2.10623	 2.10633	 2.10606	 2.10626	 
10.62	 0.381	 0.678	 -0.99	 0.378216	 0.671037	 -0.971317	 0.374974	 0.664354	 -0.952606	 0.371627	 0.657727	 -0.933894	 0.368718	 0.65084	 -0.915204	 0.366014	 0.643837	 -0.896525	 2.09393	 2.0938	 2.09388	 2.09361	 2.09382	 
10.63	 0.381	 0.678	 -0.99	 0.3783	 0.671249	 -0.971322	 0.37508	 0.664444	 -0.952747	 0.371741	 0.657636	 -0.934194	 0.368901	 0.650875	 -0.915543	 0.366296	 0.644122	 -0.896854	 2.08046	 2.08032	 2.08038	 2.0801	 2.08031	 
10.64	 0.381	 0.678	 -0.99	 0.378261	 0.671448	 -0.971362	 0.375157	 0.664546	 -0.952909	 0.371977	 0.657562	 -0.9345	 0.369141	 0.650911	 -0.915914	 0.366462	 0.644416	 -0.897249	 2.06556	 2.06541	 2.06546	 2.06516	 2.06535	 
10.65	 0.381	 0.678	 -0.99	 0.378122	 0.671568	 -0.971458	 0.375222	 0.664631	 -0.953103	 0.372304	 0.657576	 -0.934796	 0.36941	 0.650998	 -0.916311	 0.366543	 0.644645	 -0.897741	 2.04895	 2.04879	 2.04884	 2.04851	 2.04869	 
10.66	 0.381	 0.678	 -0.99	 0.377978	 0.671557	 -0.971614	 0.375271	 0.664688	 -0.953335	 0.372638	 0.657725	 -0.935081	 0.369694	 0.651158	 -0.916729	 0.366604	 0.644775	 -0.898336	 2.03053	 2.03039	 2.03043	 2.03009	 2.03026	 
10.67	 0.381	 0.678	 -0.99	 0.377907	 0.67142	 -0.971817	 0.375339	 0.664728	 -0.953594	 0.372884	 0.657999	 -0.935368	 0.369928	 0.65138	 -0.91718	 0.36674	 0.644829	 -0.899004	 2.01047	 2.01033	 2.01039	 2.01004	 2.01022	 
10.68	 0.381	 0.678	 -0.99	 0.377991	 0.671257	 -0.972014	 0.375435	 0.664759	 -0.95387	 0.372977	 0.658322	 -0.93569	 0.370089	 0.651648	 -0.917662	 0.366998	 0.644859	 -0.899709	 1.98909	 1.98896	 1.98904	 1.9887	 1.98888	 
10.69	 0.381	 0.678	 -0.99	 0.378224	 0.671165	 -0.97217	 0.375558	 0.664821	 -0.954144	 0.372926	 0.658588	 -0.936074	 0.370179	 0.651889	 -0.918191	 0.367364	 0.644974	 -0.900399	 1.96679	 1.96666	 1.96675	 1.96643	 1.96662	 
10.7	 0.381	 0.678	 -0.99	 0.378493	 0.671237	 -0.972266	 0.375698	 0.664921	 -0.954411	 0.372829	 0.658706	 -0.936532	 0.37023	 0.65207	 -0.918765	 0.367766	 0.645238	 -0.901052	 1.94389	 1.94375	 1.94385	 1.94354	 1.94373	 
10.71	 0.381	 0.678	 -0.99	 0.37867	 0.671475	 -0.972318	 0.375805	 0.665055	 -0.954676	 0.372817	 0.658673	 -0.937041	 0.370327	 0.652189	 -0.919368	 0.368072	 0.64564	 -0.901686	 1.92052	 1.92037	 1.92047	 1.92016	 1.92037	 
10.72	 0.381	 0.678	 -0.99	 0.378645	 0.671754	 -0.972389	 0.375866	 0.665213	 -0.954948	 0.372989	 0.6586	 -0.93755	 0.370505	 0.652273	 -0.919988	 0.368209	 0.646087	 -0.902349	 1.89659	 1.89645	 1.89653	 1.89622	 1.89643	 
10.73	 0.381	 0.678	 -0.99	 0.378441	 0.671927	 -0.97253	 0.375886	 0.665341	 -0.955248	 0.373319	 0.658638	 -0.938012	 0.370752	 0.652419	 -0.920597	 0.368201	 0.646433	 -0.903097	 1.87188	 1.87173	 1.87182	 1.87149	 1.87169	 
10.74	 0.381	 0.678	 -0.99	 0.378237	 0.671882	 -0.972759	 0.375892	 0.665421	 -0.955582	 0.373651	 0.658884	 -0.93842	 0.371012	 0.652668	 -0.921197	 0.368175	 0.646605	 -0.90395	 1.8461	 1.84596	 1.84605	 1.8457	 1.84588	 
10.75	 0.381	 0.678	 -0.99	 0.378211	 0.671674	 -0.97303	 0.375944	 0.665471	 -0.955938	 0.373804	 0.659286	 -0.938822	 0.371173	 0.65299	 -0.921818	 0.368303	 0.646657	 -0.904866	 1.81913	 1.81899	 1.81907	 1.8187	 1.81889	 
10.76	 0.381	 0.678	 -0.99	 0.378437	 0.671526	 -0.97325	 0.376055	 0.665527	 -0.956298	 0.373714	 0.659643	 -0.9393	 0.371211	 0.653307	 -0.922491	 0.368633	 0.64675	 -0.905777	 1.79106	 1.79091	 1.79099	 1.79063	 1.79083	 
10.77	 0.381	 0.678	 -0.99	 0.378766	 0.671619	 -0.973372	 0.376182	 0.665646	 -0.956644	 0.373527	 0.659775	 -0.93989	 0.371202	 0.653513	 -0.923231	 0.369024	 0.647054	 -0.906627	 1.76224	 1.76209	 1.76219	 1.76184	 1.76205	 
10.78	 0.381	 0.678	 -0.99	 0.378902	 0.671938	 -0.97344	 0.37627	 0.665824	 -0.956976	 0.373511	 0.659691	 -0.940539	 0.371258	 0.653609	 -0.924008	 0.369255	 0.647559	 -0.907433	 1.73322	 1.73308	 1.7332	 1.73286	 1.73307	 
10.79	 0.381	 0.678	 -0.99	 0.378723	 0.672237	 -0.973558	 0.376278	 0.66599	 -0.957319	 0.373784	 0.659632	 -0.94113	 0.371451	 0.653726	 -0.924749	 0.369211	 0.648037	 -0.908276	 1.70456	 1.70443	 1.70456	 1.70424	 1.70446	 
10.8	 0.381	 0.678	 -0.99	 0.378432	 0.672237	 -0.973798	 0.376246	 0.666089	 -0.957683	 0.374154	 0.659852	 -0.941588	 0.371698	 0.653974	 -0.925412	 0.369057	 0.648269	 -0.909201	 1.67661	 1.67649	 1.67664	 1.67633	 1.67656	 
10.81	 0.381	 0.678	 -0.99	 0.378383	 0.671977	 -0.974094	 0.37627	 0.666129	 -0.958049	 0.37428	 0.660312	 -0.941975	 0.371813	 0.654333	 -0.92603	 0.369106	 0.648291	 -0.910146	 1.64947	 1.64935	 1.64951	 1.64921	 1.64944	 
10.82	 0.381	 0.678	 -0.99	 0.378684	 0.671835	 -0.974291	 0.376375	 0.666186	 -0.958388	 0.374063	 0.660662	 -0.942441	 0.371749	 0.654649	 -0.926674	 0.36944	 0.648398	 -0.910998	 1.62293	 1.62281	 1.62295	 1.62265	 1.62289	 
10.83	 0.381	 0.678	 -0.99	 0.378995	 0.672073	 -0.974343	 0.376473	 0.666335	 -0.958692	 0.373833	 0.660653	 -0.943039	 0.371679	 0.654788	 -0.927381	 0.369761	 0.64882	 -0.911729	 1.59656	 1.59643	 1.59656	 1.59624	 1.59648	 
10.84	 0.381	 0.678	 -0.99	 0.378903	 0.672463	 -0.974401	 0.376474	 0.666531	 -0.958997	 0.373973	 0.660501	 -0.943641	 0.371783	 0.654844	 -0.9281	 0.369744	 0.649376	 -0.91247	 1.5699	 1.56977	 1.5699	 1.56955	 1.56977	 
10.85	 0.381	 0.678	 -0.99	 0.378533	 0.672534	 -0.974622	 0.376412	 0.66665	 -0.959348	 0.374368	 0.660656	 -0.944105	 0.372008	 0.655057	 -0.92876	 0.3695	 0.649667	 -0.913363	 1.54267	 1.54252	 1.54264	 1.54228	 1.5425	 
10.86	 0.381	 0.678	 -0.99	 0.378456	 0.672242	 -0.97494	 0.376412	 0.666675	 -0.959733	 0.374489	 0.661159	 -0.944492	 0.372102	 0.655455	 -0.929388	 0.369487	 0.649657	 -0.914357	 1.51481	 1.51465	 1.51476	 1.5144	 1.51464	 
10.87	 0.381	 0.678	 -0.99	 0.378834	 0.672121	 -0.975129	 0.37652	 0.666743	 -0.960092	 0.374182	 0.661495	 -0.945013	 0.371982	 0.65577	 -0.930089	 0.369837	 0.6498	 -0.915252	 1.48655	 1.4864	 1.48653	 1.48618	 1.48642	 
10.88	 0.381	 0.678	 -0.99	 0.379071	 0.672482	 -0.975158	 0.376597	 0.666932	 -0.96041	 0.373995	 0.661371	 -0.945687	 0.371905	 0.655846	 -0.930871	 0.370069	 0.650344	 -0.916012	 1.45838	 1.45825	 1.45839	 1.45804	 1.45828	 
10.89	 0.381	 0.678	 -0.99	 0.378753	 0.672811	 -0.975278	 0.376536	 0.667109	 -0.960743	 0.374317	 0.661278	 -0.946259	 0.372079	 0.655934	 -0.931593	 0.369843	 0.650844	 -0.916836	 1.4308	 1.43069	 1.43086	 1.43053	 1.43078	 
10.9	 0.381	 0.678	 -0.99	 0.378457	 0.672593	 -0.975594	 0.376468	 0.667148	 -0.961116	 0.374613	 0.661699	 -0.94662	 0.372245	 0.656282	 -0.93219	 0.369622	 0.650879	 -0.917796	 1.40432	 1.40419	 1.40436	 1.40406	 1.40431	 
10.91	 0.381	 0.678	 -0.99	 0.378772	 0.672331	 -0.975823	 0.376547	 0.667174	 -0.961452	 0.374333	 0.66215	 -0.94703	 0.372116	 0.656641	 -0.93279	 0.369886	 0.650878	 -0.91865	 1.37912	 1.37899	 1.37917	 1.37888	 1.37917	 
10.92	 0.381	 0.678	 -0.99	 0.379093	 0.672663	 -0.975817	 0.376633	 0.667345	 -0.961713	 0.374042	 0.662031	 -0.94763	 0.371965	 0.656701	 -0.93347	 0.370145	 0.651364	 -0.919275	 1.35523	 1.35512	 1.35531	 1.35501	 1.35527	 
10.93	 0.381	 0.678	 -0.99	 0.378746	 0.673015	 -0.975901	 0.376551	 0.667518	 -0.961984	 0.374363	 0.661887	 -0.948119	 0.372117	 0.656741	 -0.934078	 0.369851	 0.651853	 -0.919946	 1.33247	 1.33236	 1.33255	 1.33224	 1.33252	 
10.94	 0.381	 0.678	 -0.99	 0.378466	 0.672719	 -0.976213	 0.376473	 0.667525	 -0.962306	 0.374605	 0.66235	 -0.948373	 0.372232	 0.657093	 -0.934551	 0.36961	 0.651798	 -0.920786	 1.31053	 1.3104	 1.31057	 1.31027	 1.31055	 
10.95	 0.381	 0.678	 -0.99	 0.378882	 0.672536	 -0.976368	 0.376559	 0.667555	 -0.962586	 0.374188	 0.662704	 -0.948765	 0.372009	 0.657392	 -0.935084	 0.369926	 0.651833	 -0.921485	 1.28908	 1.28894	 1.28911	 1.28879	 1.28908	 
10.96	 0.381	 0.678	 -0.99	 0.379022	 0.673008	 -0.976316	 0.376581	 0.66775	 -0.962809	 0.374031	 0.662433	 -0.949344	 0.371911	 0.65736	 -0.935714	 0.370008	 0.652404	 -0.922007	 1.26796	 1.26784	 1.268	 1.26767	 1.26792	 
10.97	 0.381	 0.678	 -0.99	 0.378525	 0.673112	 -0.976507	 0.376445	 0.667852	 -0.963088	 0.374469	 0.662495	 -0.94969	 0.372117	 0.657487	 -0.936221	 0.369569	 0.652668	 -0.922717	 1.24725	 1.24711	 1.24729	 1.24695	 1.24724	 
10.98	 0.381	 0.678	 -0.99	 0.378599	 0.672679	 -0.976802	 0.376447	 0.667813	 -0.963388	 0.374358	 0.663054	 -0.949925	 0.372039	 0.657872	 -0.936659	 0.369597	 0.652485	 -0.923495	 1.22722	 1.22708	 1.22724	 1.22694	 1.22722	 
10.99	 0.381	 0.678	 -0.99	 0.379036	 0.672911	 -0.976774	 0.376539	 0.667935	 -0.963596	 0.373903	 0.662987	 -0.950433	 0.371771	 0.657935	 -0.937221	 0.369909	 0.652831	 -0.923985	 1.20823	 1.20812	 1.20831	 1.208	 1.20829	 
11	 0.381	 0.678	 -0.99	 0.378655	 0.673307	 -0.976814	 0.376426	 0.668096	 -0.963804	 0.374216	 0.662758	 -0.95084	 0.3719	 0.657902	 -0.93771	 0.369542	 0.653292	 -0.924495	 1.19075	 1.19066	 1.19086	 1.19057	 1.19085	 
11.01	 0.381	 0.678	 -0.99	 0.37845	 0.672897	 -0.977118	 0.37635	 0.668047	 -0.964059	 0.374362	 0.663267	 -0.950955	 0.371948	 0.658242	 -0.938018	 0.36931	 0.653087	 -0.925173	 1.17509	 1.17498	 1.17519	 1.17494	 1.17525	 
11.02	 0.381	 0.678	 -0.99	 0.378957	 0.672899	 -0.977125	 0.376445	 0.668095	 -0.96422	 0.373821	 0.663374	 -0.951305	 0.371629	 0.658371	 -0.938417	 0.369652	 0.653212	 -0.925554	 1.16137	 1.16127	 1.16149	 1.16123	 1.16153	 
11.03	 0.381	 0.678	 -0.99	 0.378708	 0.673388	 -0.977067	 0.376345	 0.668268	 -0.964341	 0.373971	 0.663018	 -0.951667	 0.371657	 0.658244	 -0.938798	 0.369372	 0.65372	 -0.925832	 1.14954	 1.14946	 1.14969	 1.14942	 1.14972	 
11.04	 0.381	 0.678	 -0.99	 0.378356	 0.673034	 -0.977339	 0.376219	 0.668221	 -0.964525	 0.374216	 0.663438	 -0.951677	 0.371736	 0.658513	 -0.938968	 0.369005	 0.653529	 -0.926332	 1.1395	 1.13939	 1.1396	 1.13935	 1.13968	 
11.05	 0.381	 0.678	 -0.99	 0.378856	 0.672924	 -0.97735	 0.37631	 0.668223	 -0.964629	 0.373661	 0.663612	 -0.951896	 0.37139	 0.658655	 -0.939221	 0.369317	 0.653524	 -0.92658	 1.13099	 1.13089	 1.1311	 1.13084	 1.13115	 
11.06	 0.381	 0.678	 -0.99	 0.378667	 0.673435	 -0.97724	 0.376222	 0.668379	 -0.964688	 0.373739	 0.663197	 -0.952193	 0.371365	 0.658477	 -0.939498	 0.36906	 0.654002	 -0.9267	 1.12385	 1.12376	 1.12398	 1.1237	 1.12401	 
11.07	 0.381	 0.678	 -0.99	 0.378276	 0.673103	 -0.977484	 0.376075	 0.668319	 -0.964823	 0.374001	 0.663564	 -0.952128	 0.371441	 0.658698	 -0.939567	 0.368635	 0.653777	 -0.927077	 1.11802	 1.1179	 1.11809	 1.11785	 1.11816	 
11.08	 0.381	 0.678	 -0.99	 0.378774	 0.672966	 -0.977473	 0.376153	 0.668297	 -0.964882	 0.373431	 0.663728	 -0.952274	 0.37108	 0.658811	 -0.939725	 0.368924	 0.653703	 -0.927214	 1.11341	 1.11331	 1.11351	 1.11325	 1.11357	 
11.09	 0.381	 0.678	 -0.99	 0.378582	 0.673466	 -0.977342	 0.376055	 0.668431	 -0.964897	 0.3735	 0.663278	 -0.952505	 0.371046	 0.658588	 -0.939912	 0.368647	 0.654133	 -0.927221	 1.11011	 1.11002	 1.11022	 1.10996	 1.11025	 
11.1	 0.381	 0.678	 -0.99	 0.378201	 0.673107	 -0.97757	 0.375901	 0.668348	 -0.964987	 0.373737	 0.663625	 -0.952365	 0.371103	 0.658773	 -0.939884	 0.368215	 0.653854	 -0.927483	 1.10819	 1.10808	 1.10828	 1.10804	 1.10837	 
11.11	 0.381	 0.678	 -0.99	 0.378699	 0.672984	 -0.97752	 0.375975	 0.668318	 -0.964991	 0.373153	 0.66374	 -0.952449	 0.370724	 0.658836	 -0.93995	 0.36849	 0.65376	 -0.927481	 1.10769	 1.1076	 1.10781	 1.10757	 1.10788	 
11.12	 0.381	 0.678	 -0.99	 0.378472	 0.673465	 -0.977374	 0.37587	 0.668436	 -0.964952	 0.373249	 0.663277	 -0.952587	 0.370692	 0.658582	 -0.940026	 0.36817	 0.654139	 -0.927365	 1.10868	 1.1086	 1.10881	 1.10855	 1.10887	 
11.13	 0.381	 0.678	 -0.99	 0.378116	 0.673077	 -0.97758	 0.375721	 0.668329	 -0.964989	 0.373447	 0.663616	 -0.952361	 0.370715	 0.658742	 -0.939888	 0.367744	 0.653798	 -0.927495	 1.11118	 1.11108	 1.11128	 1.11106	 1.11138	 
11.14	 0.381	 0.678	 -0.99	 0.378602	 0.672978	 -0.977487	 0.375779	 0.668286	 -0.964935	 0.372845	 0.663675	 -0.952378	 0.370312	 0.658756	 -0.939851	 0.367995	 0.653679	 -0.927343	 1.1152	 1.11511	 1.11532	 1.11509	 1.11541	 
11.15	 0.381	 0.678	 -0.99	 0.378349	 0.673439	 -0.977322	 0.375652	 0.668379	 -0.964846	 0.372935	 0.663195	 -0.952423	 0.370265	 0.658476	 -0.939808	 0.367633	 0.654	 -0.927094	 1.12081	 1.12074	 1.12095	 1.12072	 1.12104	 
11.16	 0.381	 0.678	 -0.99	 0.378003	 0.673045	 -0.977496	 0.375494	 0.66825	 -0.964825	 0.373107	 0.663499	 -0.952111	 0.370265	 0.658596	 -0.939551	 0.367188	 0.653612	 -0.927077	 1.12811	 1.12801	 1.12822	 1.12803	 1.12835	 
11.17	 0.381	 0.678	 -0.99	 0.378477	 0.672924	 -0.977375	 0.375539	 0.668184	 -0.96471	 0.372503	 0.66354	 -0.952032	 0.369853	 0.658576	 -0.939389	 0.367399	 0.653436	 -0.926775	 1.1371	 1.13702	 1.13723	 1.13703	 1.13736	 
11.18	 0.381	 0.678	 -0.99	 0.378263	 0.673375	 -0.977171	 0.375413	 0.668264	 -0.964554	 0.37254	 0.663034	 -0.951988	 0.369767	 0.658255	 -0.939224	 0.367045	 0.653708	 -0.926362	 1.14779	 1.14773	 1.14794	 1.14773	 1.14804	 
11.19	 0.381	 0.678	 -0.99	 0.377869	 0.673026	 -0.977305	 0.375239	 0.668134	 -0.964465	 0.372743	 0.663257	 -0.951591	 0.369771	 0.658302	 -0.938851	 0.366545	 0.653316	 -0.926182	 1.16009	 1.16	 1.16021	 1.16002	 1.16035	 
11.2	 0.381	 0.678	 -0.99	 0.378294	 0.672799	 -0.977199	 0.375271	 0.668023	 -0.964303	 0.37217	 0.663348	 -0.951388	 0.369366	 0.658278	 -0.938556	 0.366712	 0.65301	 -0.925769	 1.17379	 1.17372	 1.17391	 1.17373	 1.17404	 
11.21	 0.381	 0.678	 -0.99	 0.378216	 0.673239	 -0.976938	 0.375174	 0.668076	 -0.96409	 0.372061	 0.662807	 -0.951299	 0.369193	 0.657918	 -0.938304	 0.366464	 0.653232	 -0.925202	 1.18869	 1.18863	 1.18883	 1.18861	 1.18893	 
11.22	 0.381	 0.678	 -0.99	 0.377728	 0.673048	 -0.977009	 0.374972	 0.667967	 -0.963949	 0.372339	 0.662852	 -0.950875	 0.369227	 0.657856	 -0.937861	 0.365877	 0.652926	 -0.92488	 1.20464	 1.20455	 1.20472	 1.20453	 1.20484	 
11.23	 0.381	 0.678	 -0.99	 0.378016	 0.672657	 -0.976972	 0.374962	 0.667802	 -0.963772	 0.371891	 0.663076	 -0.950526	 0.368887	 0.657889	 -0.937441	 0.365915	 0.652455	 -0.924447	 1.22146	 1.22137	 1.22156	 1.22136	 1.22168	 
11.24	 0.381	 0.678	 -0.99	 0.378201	 0.672995	 -0.976671	 0.374927	 0.66782	 -0.963517	 0.371537	 0.662611	 -0.950404	 0.368587	 0.657558	 -0.937126	 0.365861	 0.652577	 -0.923771	 1.23921	 1.23914	 1.23931	 1.23911	 1.23941	 
11.25	 0.381	 0.678	 -0.99	 0.377703	 0.673096	 -0.976612	 0.374717	 0.667783	 -0.963308	 0.371814	 0.662366	 -0.950027	 0.368612	 0.65733	 -0.936666	 0.365253	 0.652499	 -0.923265	 1.258	 1.25792	 1.25811	 1.25791	 1.25823	 
11.26	 0.381	 0.678	 -0.99	 0.377647	 0.67262	 -0.976665	 0.374619	 0.667597	 -0.963115	 0.371674	 0.662653	 -0.949516	 0.368423	 0.657375	 -0.936116	 0.365012	 0.651939	 -0.922816	 1.27797	 1.2779	 1.27808	 1.27792	 1.27822	 
11.27	 0.381	 0.678	 -0.99	 0.378036	 0.672618	 -0.97642	 0.374635	 0.667515	 -0.962836	 0.371121	 0.662482	 -0.949253	 0.368019	 0.657185	 -0.935671	 0.365135	 0.651754	 -0.922092	 1.2992	 1.29914	 1.29933	 1.29916	 1.29947	 
11.28	 0.381	 0.678	 -0.99	 0.377848	 0.67298	 -0.976164	 0.374506	 0.667519	 -0.962541	 0.37111	 0.661957	 -0.948971	 0.367895	 0.656804	 -0.935199	 0.36478	 0.651854	 -0.921327	 1.32166	 1.3216	 1.32178	 1.32161	 1.32192	 
11.29	 0.381	 0.678	 -0.99	 0.377414	 0.672788	 -0.976171	 0.374309	 0.667388	 -0.962299	 0.371329	 0.661945	 -0.948415	 0.367894	 0.656676	 -0.93457	 0.364225	 0.651494	 -0.92075	 1.34514	 1.34507	 1.34525	 1.34508	 1.34539	 
11.3	 0.381	 0.678	 -0.99	 0.377568	 0.672369	 -0.976121	 0.37426	 0.6672	 -0.962034	 0.370994	 0.662143	 -0.947895	 0.36761	 0.656653	 -0.933949	 0.364155	 0.650948	 -0.920104	 1.36933	 1.36925	 1.36942	 1.36925	 1.36955	 
11.31	 0.381	 0.678	 -0.99	 0.377871	 0.672488	 -0.975825	 0.374256	 0.667142	 -0.961702	 0.370523	 0.661835	 -0.947595	 0.367249	 0.656375	 -0.933433	 0.36421	 0.65084	 -0.919245	 1.39389	 1.39382	 1.39397	 1.39379	 1.39409	 
11.32	 0.381	 0.678	 -0.99	 0.377629	 0.672789	 -0.975589	 0.37412	 0.667126	 -0.961385	 0.370569	 0.661355	 -0.947233	 0.367153	 0.656008	 -0.932884	 0.363816	 0.650874	 -0.918437	 1.41857	 1.41849	 1.41864	 1.41845	 1.41874	 
11.33	 0.381	 0.678	 -0.99	 0.377238	 0.672605	 -0.975577	 0.373943	 0.66699	 -0.961124	 0.370763	 0.661327	 -0.946663	 0.367142	 0.655866	 -0.932229	 0.363297	 0.650504	 -0.917814	 1.44323	 1.44314	 1.44328	 1.44309	 1.44337	 
11.34	 0.381	 0.678	 -0.99	 0.377328	 0.672197	 -0.975533	 0.373886	 0.666801	 -0.960854	 0.370507	 0.661503	 -0.946124	 0.366906	 0.655822	 -0.931592	 0.363184	 0.649954	 -0.917163	 1.46784	 1.46776	 1.46789	 1.46771	 1.46799	 
11.35	 0.381	 0.678	 -0.99	 0.377646	 0.672189	 -0.975281	 0.373892	 0.666708	 -0.960532	 0.370039	 0.661302	 -0.94578	 0.36656	 0.65559	 -0.931052	 0.36327	 0.649729	 -0.916337	 1.49252	 1.49244	 1.49257	 1.49239	 1.49266	 
11.36	 0.381	 0.678	 -0.99	 0.377591	 0.672488	 -0.975	 0.373811	 0.666684	 -0.960202	 0.369931	 0.660814	 -0.945454	 0.366399	 0.655216	 -0.930516	 0.363054	 0.649747	 -0.915484	 1.51739	 1.51731	 1.51745	 1.51727	 1.51755	 
11.37	 0.381	 0.678	 -0.99	 0.377209	 0.672524	 -0.974898	 0.373647	 0.6666	 -0.95991	 0.37014	 0.660571	 -0.94495	 0.36641	 0.654958	 -0.929883	 0.362571	 0.649551	 -0.914767	 1.54259	 1.54251	 1.54265	 1.54248	 1.54276	 
11.38	 0.381	 0.678	 -0.99	 0.377027	 0.672179	 -0.974888	 0.373536	 0.666426	 -0.959633	 0.370165	 0.660682	 -0.944346	 0.366333	 0.654875	 -0.929194	 0.362267	 0.649048	 -0.914108	 1.5682	 1.56813	 1.56828	 1.56812	 1.5684	 
11.39	 0.381	 0.678	 -0.99	 0.377239	 0.671893	 -0.974758	 0.373527	 0.666262	 -0.959321	 0.369823	 0.660742	 -0.943842	 0.366072	 0.654775	 -0.928543	 0.3623	 0.648591	 -0.913332	 1.59427	 1.59421	 1.59436	 1.59421	 1.59447	 
11.4	 0.381	 0.678	 -0.99	 0.377489	 0.671976	 -0.974474	 0.373527	 0.666186	 -0.958968	 0.369454	 0.660461	 -0.943465	 0.365803	 0.654511	 -0.927943	 0.362362	 0.64844	 -0.912419	 1.62077	 1.6207	 1.62085	 1.62069	 1.62097	 
11.41	 0.381	 0.678	 -0.99	 0.377412	 0.672228	 -0.974204	 0.373449	 0.66616	 -0.95861	 0.369399	 0.660023	 -0.943064	 0.365693	 0.654164	 -0.927328	 0.362154	 0.64844	 -0.911502	 1.64759	 1.64752	 1.64765	 1.64749	 1.64776	 
11.42	 0.381	 0.678	 -0.99	 0.377079	 0.672275	 -0.974072	 0.373317	 0.666088	 -0.95828	 0.369584	 0.659783	 -0.942526	 0.365699	 0.653916	 -0.926642	 0.36175	 0.648272	 -0.910691	 1.67458	 1.6745	 1.67463	 1.67447	 1.67474	 
11.43	 0.381	 0.678	 -0.99	 0.376856	 0.672023	 -0.974026	 0.373207	 0.665937	 -0.957974	 0.369672	 0.659827	 -0.941905	 0.365669	 0.653814	 -0.92591	 0.361443	 0.647848	 -0.909952	 1.70157	 1.7015	 1.70162	 1.70145	 1.70171	 
11.44	 0.381	 0.678	 -0.99	 0.376943	 0.671705	 -0.973932	 0.373171	 0.665772	 -0.957658	 0.369478	 0.659924	 -0.941335	 0.365511	 0.653731	 -0.925206	 0.3614	 0.647372	 -0.909176	 1.7284	 1.72832	 1.72845	 1.72827	 1.72854	 
11.45	 0.381	 0.678	 -0.99	 0.377193	 0.671598	 -0.973721	 0.373189	 0.665654	 -0.957316	 0.369139	 0.659813	 -0.940885	 0.36528	 0.653541	 -0.924568	 0.361512	 0.647066	 -0.908308	 1.75493	 1.75486	 1.75497	 1.7548	 1.75505	 
11.46	 0.381	 0.678	 -0.99	 0.377339	 0.671742	 -0.973444	 0.373189	 0.665586	 -0.956965	 0.368921	 0.659462	 -0.940504	 0.365116	 0.653239	 -0.923969	 0.36154	 0.646956	 -0.907402	 1.78108	 1.78099	 1.7811	 1.78092	 1.78118	 
11.47	 0.381	 0.678	 -0.99	 0.377239	 0.671934	 -0.973211	 0.373135	 0.665538	 -0.956627	 0.368954	 0.659067	 -0.94009	 0.365086	 0.652906	 -0.923361	 0.361369	 0.646891	 -0.906543	 1.80677	 1.80667	 1.80677	 1.8066	 1.80684	 
11.48	 0.381	 0.678	 -0.99	 0.376973	 0.671963	 -0.973082	 0.373052	 0.665456	 -0.956315	 0.369147	 0.658831	 -0.939589	 0.365138	 0.652653	 -0.922719	 0.361091	 0.646699	 -0.905776	 1.83194	 1.83185	 1.83194	 1.83177	 1.83202	 
11.49	 0.381	 0.678	 -0.99	 0.376762	 0.671782	 -0.973022	 0.372977	 0.665321	 -0.956029	 0.369295	 0.658806	 -0.939033	 0.365187	 0.652517	 -0.922051	 0.360878	 0.646335	 -0.905077	 1.85654	 1.85646	 1.85655	 1.85637	 1.8566	 
11.5	 0.381	 0.678	 -0.99	 0.376752	 0.671497	 -0.972959	 0.372951	 0.665171	 -0.955747	 0.369265	 0.658883	 -0.938495	 0.365161	 0.65243	 -0.921401	 0.360845	 0.645905	 -0.904385	 1.88047	 1.88039	 1.8805	 1.88029	 1.88053	 
11.51	 0.381	 0.678	 -0.99	 0.376926	 0.671292	 -0.972828	 0.372986	 0.665042	 -0.955455	 0.369078	 0.658895	 -0.938036	 0.365055	 0.65232	 -0.920802	 0.360975	 0.645546	 -0.903658	 1.9036	 1.90352	 1.90361	 1.90342	 1.90365	 
11.52	 0.381	 0.678	 -0.99	 0.377156	 0.67127	 -0.972624	 0.373036	 0.664955	 -0.955157	 0.368859	 0.658747	 -0.937665	 0.364945	 0.652144	 -0.920257	 0.361152	 0.645344	 -0.902897	 1.92576	 1.92567	 1.92576	 1.92556	 1.92581	 
11.53	 0.381	 0.678	 -0.99	 0.377279	 0.671395	 -0.972399	 0.373066	 0.664915	 -0.954863	 0.368746	 0.658465	 -0.937342	 0.364894	 0.651902	 -0.919755	 0.361261	 0.645288	 -0.902139	 1.94682	 1.94671	 1.94678	 1.94659	 1.94683	 
11.54	 0.381	 0.678	 -0.99	 0.377232	 0.671568	 -0.972203	 0.373066	 0.664886	 -0.954589	 0.368804	 0.658154	 -0.937017	 0.364928	 0.651658	 -0.919268	 0.361242	 0.645268	 -0.901439	 1.96667	 1.96656	 1.96663	 1.96643	 1.96667	 
11.55	 0.381	 0.678	 -0.99	 0.377068	 0.671658	 -0.972073	 0.373041	 0.664846	 -0.954342	 0.368996	 0.65793	 -0.936654	 0.365036	 0.651455	 -0.918783	 0.361117	 0.645185	 -0.900828	 1.98538	 1.98526	 1.98534	 1.98513	 1.98535	 
11.56	 0.381	 0.678	 -0.99	 0.376872	 0.671597	 -0.972013	 0.373017	 0.664774	 -0.95412	 0.36922	 0.657848	 -0.936254	 0.365164	 0.65132	 -0.918297	 0.360995	 0.64499	 -0.900293	 2.00307	 2.00296	 2.00304	 2.00283	 2.00306	 
11.57	 0.381	 0.678	 -0.99	 0.376762	 0.671417	 -0.971982	 0.373012	 0.664669	 -0.953918	 0.369373	 0.657886	 -0.935843	 0.365275	 0.651256	 -0.917812	 0.360962	 0.644695	 -0.899803	 2.01996	 2.01988	 2.01996	 2.01975	 2.01997	 
11.58	 0.381	 0.678	 -0.99	 0.376803	 0.671192	 -0.971939	 0.373051	 0.664565	 -0.953714	 0.369406	 0.657975	 -0.935454	 0.365332	 0.651211	 -0.917349	 0.361051	 0.644377	 -0.899317	 2.03625	 2.03618	 2.03627	 2.03607	 2.03629	 
11.59	 0.381	 0.678	 -0.99	 0.376963	 0.671026	 -0.971853	 0.373129	 0.664476	 -0.953504	 0.369333	 0.65802	 -0.935114	 0.365339	 0.651158	 -0.916916	 0.36126	 0.64411	 -0.898806	 2.05203	 2.05196	 2.05206	 2.05186	 2.05208	 
11.6	 0.381	 0.678	 -0.99	 0.377172	 0.670971	 -0.971719	 0.373204	 0.664413	 -0.953294	 0.369212	 0.657964	 -0.934835	 0.365348	 0.651064	 -0.916514	 0.361534	 0.643949	 -0.898262	 2.06725	 2.06716	 2.06727	 2.06707	 2.0673	 
11.61	 0.381	 0.678	 -0.99	 0.37734	 0.67103	 -0.971559	 0.37328	 0.66438	 -0.953084	 0.369134	 0.657798	 -0.934602	 0.365377	 0.650918	 -0.916148	 0.361798	 0.6439	 -0.897709	 2.08171	 2.08161	 2.08169	 2.0815	 2.08173	 
11.62	 0.381	 0.678	 -0.99	 0.377425	 0.671172	 -0.971393	 0.373349	 0.664362	 -0.952884	 0.369162	 0.657566	 -0.934394	 0.365457	 0.650749	 -0.91581	 0.361977	 0.643912	 -0.897189	 2.09515	 2.09504	 2.09511	 2.09491	 2.09513	 
11.63	 0.381	 0.678	 -0.99	 0.3774	 0.671313	 -0.97126	 0.373398	 0.664357	 -0.952702	 0.36931	 0.657339	 -0.934185	 0.365602	 0.650578	 -0.915495	 0.362069	 0.643937	 -0.896727	 2.10734	 2.10722	 2.10727	 2.10706	 2.10727	 
11.64	 0.381	 0.678	 -0.99	 0.37728	 0.671401	 -0.971176	 0.373431	 0.664341	 -0.952547	 0.369547	 0.657178	 -0.933964	 0.365793	 0.650449	 -0.915195	 0.362109	 0.64392	 -0.89634	 2.11814	 2.11801	 2.11806	 2.11784	 2.11805	 
11.65	 0.381	 0.678	 -0.99	 0.377144	 0.67139	 -0.971141	 0.373458	 0.664308	 -0.95242	 0.369816	 0.657119	 -0.93373	 0.366012	 0.650374	 -0.914911	 0.362129	 0.643833	 -0.896033	 2.12754	 2.12742	 2.12747	 2.12724	 2.12744	 
11.66	 0.381	 0.678	 -0.99	 0.377043	 0.67128	 -0.971143	 0.373507	 0.664258	 -0.952312	 0.370059	 0.65716	 -0.933494	 0.366213	 0.650346	 -0.914649	 0.362191	 0.643676	 -0.895788	 2.13567	 2.13556	 2.13562	 2.13538	 2.13558	 
11.67	 0.381	 0.678	 -0.99	 0.377032	 0.671115	 -0.971154	 0.373571	 0.664192	 -0.952224	 0.370224	 0.657262	 -0.933275	 0.366391	 0.650361	 -0.914409	 0.362335	 0.643474	 -0.895583	 2.14268	 2.14259	 2.14266	 2.14242	 2.14261	 
11.68	 0.381	 0.678	 -0.99	 0.377121	 0.670941	 -0.971157	 0.37366	 0.664135	 -0.952141	 0.370296	 0.657378	 -0.93309	 0.366532	 0.65038	 -0.914203	 0.362579	 0.643282	 -0.895391	 2.1487	 2.14862	 2.14869	 2.14845	 2.14864	 
11.69	 0.381	 0.678	 -0.99	 0.37729	 0.670825	 -0.971131	 0.373772	 0.66409	 -0.952065	 0.370295	 0.657454	 -0.932956	 0.36664	 0.650395	 -0.914034	 0.362904	 0.643142	 -0.8952	 2.15374	 2.15365	 2.15373	 2.15349	 2.15368	 
11.7	 0.381	 0.678	 -0.99	 0.3775	 0.670792	 -0.971075	 0.373887	 0.66407	 -0.951994	 0.370262	 0.657457	 -0.932877	 0.366746	 0.650382	 -0.913906	 0.363267	 0.643094	 -0.895009	 2.1577	 2.1576	 2.15768	 2.15744	 2.15764	 
11.71	 0.381	 0.678	 -0.99	 0.377686	 0.670854	 -0.970999	 0.374011	 0.664075	 -0.95193	 0.370258	 0.657379	 -0.932847	 0.366859	 0.650337	 -0.913824	 0.363622	 0.643135	 -0.894831	 2.16044	 2.16033	 2.16039	 2.16014	 2.16035	 
11.72	 0.381	 0.678	 -0.99	 0.377818	 0.670995	 -0.970914	 0.374127	 0.664102	 -0.95188	 0.370326	 0.657242	 -0.932855	 0.367009	 0.650271	 -0.913782	 0.36391	 0.643238	 -0.894694	 2.16182	 2.16168	 2.16173	 2.16148	 2.16168	 
11.73	 0.381	 0.678	 -0.99	 0.377849	 0.671155	 -0.970851	 0.374224	 0.664145	 -0.951848	 0.370489	 0.657094	 -0.932881	 0.367202	 0.650197	 -0.913776	 0.364128	 0.643376	 -0.894607	 2.16177	 2.16162	 2.16167	 2.16142	 2.16162	 
11.74	 0.381	 0.678	 -0.99	 0.377786	 0.67129	 -0.970824	 0.374293	 0.664177	 -0.951844	 0.370734	 0.656979	 -0.932908	 0.367442	 0.650157	 -0.913787	 0.36428	 0.643501	 -0.894585	 2.16036	 2.16022	 2.16026	 2.16001	 2.16021	 
11.75	 0.381	 0.678	 -0.99	 0.377676	 0.671348	 -0.970841	 0.374353	 0.664204	 -0.951861	 0.371033	 0.656945	 -0.932923	 0.367707	 0.650154	 -0.913816	 0.364379	 0.643581	 -0.894631	 2.15774	 2.1576	 2.15766	 2.1574	 2.1576	 
11.76	 0.381	 0.678	 -0.99	 0.377562	 0.671319	 -0.970897	 0.374421	 0.664212	 -0.951898	 0.371335	 0.657007	 -0.932927	 0.367965	 0.650203	 -0.913857	 0.36448	 0.643587	 -0.894741	 2.15406	 2.15394	 2.154	 2.15374	 2.15393	 
11.77	 0.381	 0.678	 -0.99	 0.377502	 0.671206	 -0.970981	 0.374484	 0.664203	 -0.951956	 0.371579	 0.657152	 -0.932932	 0.368215	 0.650295	 -0.913913	 0.364636	 0.643531	 -0.894899	 2.1494	 2.14929	 2.14937	 2.14909	 2.14928	 
11.78	 0.381	 0.678	 -0.99	 0.37753	 0.67105	 -0.971073	 0.374575	 0.66419	 -0.952026	 0.371736	 0.657342	 -0.932957	 0.368418	 0.65041	 -0.913998	 0.364879	 0.64345	 -0.895088	 2.14374	 2.14363	 2.14371	 2.14342	 2.1436	 
11.79	 0.381	 0.678	 -0.99	 0.377672	 0.670917	 -0.971145	 0.374694	 0.664179	 -0.952107	 0.371801	 0.657523	 -0.933026	 0.368579	 0.650534	 -0.91412	 0.365201	 0.643389	 -0.895298	 2.13691	 2.13681	 2.13688	 2.13659	 2.13678	 
11.8	 0.381	 0.678	 -0.99	 0.377886	 0.67085	 -0.971192	 0.374832	 0.664196	 -0.952193	 0.371798	 0.657648	 -0.933154	 0.368709	 0.650632	 -0.914294	 0.365585	 0.643405	 -0.895517	 2.12879	 2.12868	 2.12874	 2.12846	 2.12864	 
11.81	 0.381	 0.678	 -0.99	 0.378113	 0.670896	 -0.971206	 0.374976	 0.664237	 -0.952289	 0.371782	 0.657682	 -0.933346	 0.368827	 0.6507	 -0.914519	 0.365985	 0.643515	 -0.89575	 2.11929	 2.11916	 2.11922	 2.11893	 2.11912	 
11.82	 0.381	 0.678	 -0.99	 0.378294	 0.671039	 -0.971202	 0.375105	 0.664308	 -0.952397	 0.371811	 0.65763	 -0.93359	 0.36897	 0.650729	 -0.914792	 0.366332	 0.643721	 -0.896003	 2.10847	 2.10833	 2.10838	 2.10809	 2.10828	 
11.83	 0.381	 0.678	 -0.99	 0.378361	 0.671237	 -0.971204	 0.375211	 0.664394	 -0.952518	 0.371938	 0.657531	 -0.933859	 0.36915	 0.650743	 -0.915097	 0.366595	 0.643989	 -0.896287	 2.09653	 2.09638	 2.09644	 2.09616	 2.09636	 
11.84	 0.381	 0.678	 -0.99	 0.378311	 0.671425	 -0.971235	 0.375281	 0.664477	 -0.952657	 0.372173	 0.657452	 -0.934122	 0.369385	 0.650776	 -0.915409	 0.366748	 0.644254	 -0.896619	 2.08375	 2.08361	 2.08367	 2.0834	 2.08359	 
11.85	 0.381	 0.678	 -0.99	 0.378175	 0.671525	 -0.971314	 0.375334	 0.664553	 -0.952811	 0.372486	 0.657464	 -0.934354	 0.369649	 0.650848	 -0.915722	 0.366823	 0.644459	 -0.897008	 2.07032	 2.07018	 2.07026	 2.06998	 2.07019	 
11.86	 0.381	 0.678	 -0.99	 0.378028	 0.671509	 -0.971442	 0.375382	 0.664601	 -0.952986	 0.372802	 0.657599	 -0.934555	 0.369912	 0.650989	 -0.916029	 0.366887	 0.644562	 -0.897457	 2.05626	 2.05613	 2.05621	 2.05593	 2.05612	 
11.87	 0.381	 0.678	 -0.99	 0.377963	 0.671379	 -0.971604	 0.375438	 0.664628	 -0.953178	 0.373035	 0.657843	 -0.934748	 0.370143	 0.651181	 -0.916345	 0.367016	 0.644583	 -0.897957	 2.04136	 2.04124	 2.04133	 2.04102	 2.04121	 
11.88	 0.381	 0.678	 -0.99	 0.378029	 0.67121	 -0.971768	 0.375529	 0.664646	 -0.953385	 0.373135	 0.65813	 -0.93497	 0.370301	 0.651401	 -0.916696	 0.367262	 0.644581	 -0.898488	 2.0253	 2.02518	 2.02526	 2.02494	 2.02511	 
11.89	 0.381	 0.678	 -0.99	 0.37824	 0.671108	 -0.971898	 0.375651	 0.664682	 -0.953602	 0.373106	 0.658368	 -0.93526	 0.370398	 0.65161	 -0.917103	 0.367605	 0.644638	 -0.899038	 2.00775	 2.00762	 2.00769	 2.00736	 2.00754	 
11.9	 0.381	 0.678	 -0.99	 0.378506	 0.671143	 -0.971982	 0.375788	 0.664762	 -0.953824	 0.37302	 0.658486	 -0.935636	 0.370459	 0.651762	 -0.917581	 0.367988	 0.644831	 -0.89959	 1.98858	 1.98844	 1.98849	 1.98816	 1.98834	 
11.91	 0.381	 0.678	 -0.99	 0.3787	 0.671336	 -0.972031	 0.375905	 0.664876	 -0.954057	 0.37299	 0.658468	 -0.936085	 0.37054	 0.651864	 -0.918116	 0.368316	 0.645161	 -0.900153	 1.96791	 1.96775	 1.96781	 1.96747	 1.96767	 
11.92	 0.381	 0.678	 -0.99	 0.378734	 0.671602	 -0.972083	 0.375976	 0.665013	 -0.954306	 0.373106	 0.658386	 -0.93656	 0.370694	 0.651936	 -0.918684	 0.368496	 0.645565	 -0.90075	 1.94609	 1.94594	 1.946	 1.94568	 1.94587	 
11.93	 0.381	 0.678	 -0.99	 0.37859	 0.671806	 -0.972188	 0.376011	 0.665142	 -0.954571	 0.373385	 0.658364	 -0.937005	 0.370913	 0.652034	 -0.919252	 0.368524	 0.645922	 -0.90141	 1.9236	 1.92345	 1.92354	 1.92322	 1.92343	 
11.94	 0.381	 0.678	 -0.99	 0.378377	 0.671842	 -0.972366	 0.376023	 0.665226	 -0.954861	 0.373723	 0.658508	 -0.937387	 0.371162	 0.652218	 -0.919793	 0.368486	 0.646131	 -0.902143	 1.9008	 1.90067	 1.90078	 1.90047	 1.90067	 
11.95	 0.381	 0.678	 -0.99	 0.378264	 0.67169	 -0.972599	 0.37605	 0.665273	 -0.955165	 0.373959	 0.658827	 -0.937724	 0.371368	 0.652483	 -0.920316	 0.368531	 0.646196	 -0.902924	 1.87781	 1.8777	 1.87782	 1.8775	 1.87771	 
11.96	 0.381	 0.678	 -0.99	 0.378363	 0.671491	 -0.972823	 0.376129	 0.665309	 -0.95547	 0.373985	 0.659198	 -0.93808	 0.371461	 0.65278	 -0.920854	 0.368758	 0.646223	 -0.903707	 1.85449	 1.85437	 1.85448	 1.85416	 1.85435	 
11.97	 0.381	 0.678	 -0.99	 0.378649	 0.671436	 -0.972973	 0.376247	 0.665377	 -0.955769	 0.373836	 0.659442	 -0.938521	 0.371471	 0.653025	 -0.921443	 0.369123	 0.64637	 -0.904453	 1.83044	 1.8303	 1.8304	 1.83007	 1.83027	 
11.98	 0.381	 0.678	 -0.99	 0.378916	 0.671616	 -0.973049	 0.37636	 0.665509	 -0.956061	 0.373698	 0.659466	 -0.939066	 0.371478	 0.653162	 -0.922104	 0.369467	 0.646732	 -0.905163	 1.80526	 1.80511	 1.80519	 1.80484	 1.80504	 
11.99	 0.381	 0.678	 -0.99	 0.378947	 0.671942	 -0.973112	 0.376419	 0.665676	 -0.956366	 0.373773	 0.659361	 -0.939657	 0.371581	 0.653244	 -0.922811	 0.369617	 0.647221	 -0.905902	 1.7787	 1.77854	 1.77862	 1.77825	 1.77845	 
12	 0.381	 0.678	 -0.99	 0.378726	 0.672168	 -0.973257	 0.376411	 0.665823	 -0.956708	 0.374087	 0.659362	 -0.940204	 0.371802	 0.653383	 -0.923518	 0.369539	 0.647633	 -0.906747	 1.75081	 1.75066	 1.75072	 1.75036	 1.75054	 
12.01	 0.381	 0.678	 -0.99	 0.378474	 0.672106	 -0.973518	 0.376395	 0.665912	 -0.957086	 0.374425	 0.659642	 -0.940668	 0.372031	 0.653657	 -0.924202	 0.369427	 0.647819	 -0.907714	 1.72191	 1.72175	 1.72185	 1.72148	 1.72168	 
12.02	 0.381	 0.678	 -0.99	 0.378483	 0.671861	 -0.973815	 0.376441	 0.665955	 -0.957478	 0.374507	 0.6601	 -0.941109	 0.372125	 0.654027	 -0.924882	 0.369528	 0.647855	 -0.908724	 1.69256	 1.69242	 1.69252	 1.69218	 1.69239	 
12.03	 0.381	 0.678	 -0.99	 0.378798	 0.671759	 -0.974016	 0.37655	 0.666027	 -0.957849	 0.374293	 0.660424	 -0.941638	 0.372073	 0.654337	 -0.925598	 0.369868	 0.648008	 -0.90965	 1.6634	 1.66327	 1.6634	 1.66308	 1.66331	 
12.04	 0.381	 0.678	 -0.99	 0.379085	 0.671999	 -0.974088	 0.376648	 0.666185	 -0.958179	 0.37409	 0.660416	 -0.942271	 0.372017	 0.654475	 -0.926359	 0.370177	 0.648447	 -0.910449	 1.63499	 1.63487	 1.63501	 1.63471	 1.63494	 
12.05	 0.381	 0.678	 -0.99	 0.378996	 0.672378	 -0.974153	 0.376655	 0.666374	 -0.958495	 0.374227	 0.660276	 -0.942885	 0.372116	 0.654541	 -0.927094	 0.370171	 0.648989	 -0.911215	 1.60763	 1.60752	 1.60769	 1.60739	 1.60763	 
12.06	 0.381	 0.678	 -0.99	 0.378645	 0.672469	 -0.974354	 0.37659	 0.66649	 -0.958833	 0.374603	 0.660404	 -0.943343	 0.372335	 0.654739	 -0.927734	 0.369936	 0.64928	 -0.91207	 1.58135	 1.58124	 1.58141	 1.58112	 1.58135	 
12.07	 0.381	 0.678	 -0.99	 0.37853	 0.672198	 -0.974652	 0.376576	 0.666519	 -0.959185	 0.374754	 0.66087	 -0.94369	 0.372445	 0.6551	 -0.928306	 0.369886	 0.649275	 -0.912982	 1.55585	 1.55573	 1.55589	 1.55559	 1.55584	 
12.08	 0.381	 0.678	 -0.99	 0.37885	 0.672026	 -0.974849	 0.376671	 0.666572	 -0.959509	 0.374491	 0.661239	 -0.944126	 0.372339	 0.655416	 -0.928919	 0.370193	 0.649357	 -0.913802	 1.53064	 1.53051	 1.53065	 1.53034	 1.53058	 
12.09	 0.381	 0.678	 -0.99	 0.379149	 0.672313	 -0.97488	 0.376765	 0.666732	 -0.959796	 0.374246	 0.661178	 -0.944724	 0.372231	 0.655523	 -0.929615	 0.370474	 0.649817	 -0.914492	 1.50519	 1.50506	 1.50519	 1.50485	 1.50508	 
12.1	 0.381	 0.678	 -0.99	 0.378952	 0.672703	 -0.974947	 0.37673	 0.66692	 -0.9601	 0.374463	 0.661024	 -0.945304	 0.372355	 0.655581	 -0.930314	 0.370334	 0.65036	 -0.915232	 1.47918	 1.47904	 1.47916	 1.4788	 1.47902	 
12.11	 0.381	 0.678	 -0.99	 0.378578	 0.672624	 -0.975219	 0.376643	 0.667	 -0.96046	 0.374831	 0.661313	 -0.945709	 0.372558	 0.655857	 -0.930937	 0.370048	 0.650523	 -0.916156	 1.45253	 1.45238	 1.4525	 1.45214	 1.45238	 
12.12	 0.381	 0.678	 -0.99	 0.378699	 0.672291	 -0.975518	 0.376675	 0.667018	 -0.960832	 0.374723	 0.661845	 -0.9461	 0.372514	 0.656262	 -0.931557	 0.370172	 0.650483	 -0.91711	 1.42555	 1.42539	 1.4255	 1.42517	 1.42542	 
12.13	 0.381	 0.678	 -0.99	 0.379118	 0.672422	 -0.975597	 0.376782	 0.667144	 -0.961149	 0.374334	 0.66194	 -0.946691	 0.372319	 0.656453	 -0.932273	 0.370528	 0.650821	 -0.91788	 1.39873	 1.3986	 1.39875	 1.39841	 1.39867	 
12.14	 0.381	 0.678	 -0.99	 0.379025	 0.67289	 -0.975619	 0.376763	 0.667351	 -0.961442	 0.374428	 0.661713	 -0.947315	 0.372365	 0.656473	 -0.932995	 0.370447	 0.651428	 -0.918584	 1.37276	 1.37266	 1.37283	 1.37251	 1.37276	 
12.15	 0.381	 0.678	 -0.99	 0.37859	 0.672856	 -0.975872	 0.376652	 0.667434	 -0.961776	 0.374835	 0.661944	 -0.94769	 0.372571	 0.656713	 -0.933571	 0.370076	 0.651616	 -0.919441	 1.34819	 1.34808	 1.34827	 1.34797	 1.34825	 
12.16	 0.381	 0.678	 -0.99	 0.37873	 0.672481	 -0.976155	 0.376677	 0.667426	 -0.962101	 0.374685	 0.662483	 -0.947997	 0.372486	 0.657106	 -0.934086	 0.370173	 0.651514	 -0.920277	 1.3253	 1.32517	 1.32537	 1.32511	 1.32539	 
12.17	 0.381	 0.678	 -0.99	 0.379145	 0.672689	 -0.976163	 0.37677	 0.667555	 -0.96234	 0.374264	 0.662464	 -0.948522	 0.37225	 0.657209	 -0.934688	 0.370489	 0.651873	 -0.920847	 1.30403	 1.30393	 1.30413	 1.30385	 1.30413	 
12.18	 0.381	 0.678	 -0.99	 0.378876	 0.673124	 -0.976183	 0.376693	 0.667736	 -0.962566	 0.374488	 0.662223	 -0.949002	 0.372341	 0.657188	 -0.935247	 0.370235	 0.652397	 -0.921396	 1.28413	 1.28404	 1.28424	 1.28394	 1.28422	 
12.19	 0.381	 0.678	 -0.99	 0.378524	 0.672864	 -0.976471	 0.376591	 0.667739	 -0.96285	 0.374792	 0.662621	 -0.949208	 0.372481	 0.657486	 -0.935651	 0.369909	 0.652343	 -0.922143	 1.26521	 1.26509	 1.26526	 1.26497	 1.26526	 
12.2	 0.381	 0.678	 -0.99	 0.378927	 0.672624	 -0.976628	 0.376672	 0.667742	 -0.963098	 0.374378	 0.662988	 -0.949527	 0.37225	 0.657767	 -0.936104	 0.370198	 0.652303	 -0.922765	 1.24686	 1.24672	 1.24689	 1.24659	 1.24687	 
12.21	 0.381	 0.678	 -0.99	 0.379069	 0.673096	 -0.976554	 0.376687	 0.667923	 -0.963282	 0.374197	 0.662683	 -0.950056	 0.372127	 0.657695	 -0.936663	 0.370271	 0.652838	 -0.923189	 1.22888	 1.22877	 1.22893	 1.2286	 1.22886	 
12.22	 0.381	 0.678	 -0.99	 0.378552	 0.673168	 -0.976736	 0.376539	 0.668004	 -0.963526	 0.374633	 0.66275	 -0.950333	 0.372323	 0.657808	 -0.937088	 0.369806	 0.653037	 -0.923814	 1.21136	 1.21123	 1.2114	 1.21107	 1.21135	 
12.23	 0.381	 0.678	 -0.99	 0.378696	 0.672732	 -0.976998	 0.376557	 0.667949	 -0.963784	 0.374457	 0.663284	 -0.950519	 0.372203	 0.658165	 -0.937451	 0.369871	 0.652817	 -0.924487	 1.19452	 1.19438	 1.19454	 1.19426	 1.19454	 
12.24	 0.381	 0.678	 -0.99	 0.379086	 0.673043	 -0.976926	 0.376635	 0.668075	 -0.963948	 0.37404	 0.66311	 -0.950994	 0.371949	 0.658154	 -0.937949	 0.370126	 0.653199	 -0.924861	 1.17869	 1.17858	 1.17878	 1.17847	 1.17875	 
12.25	 0.381	 0.678	 -0.99	 0.378614	 0.673337	 -0.976998	 0.376484	 0.6682	 -0.964131	 0.374414	 0.66295	 -0.9513	 0.372102	 0.658138	 -0.93834	 0.369671	 0.653554	 -0.925317	 1.16427	 1.16417	 1.16437	 1.16409	 1.16437	 
12.26	 0.381	 0.678	 -0.99	 0.378556	 0.672871	 -0.977277	 0.376432	 0.668131	 -0.964349	 0.374394	 0.663493	 -0.951369	 0.372053	 0.658485	 -0.93858	 0.369549	 0.653285	 -0.925897	 1.1515	 1.15138	 1.15159	 1.15134	 1.15166	 
12.27	 0.381	 0.678	 -0.99	 0.379028	 0.673048	 -0.977205	 0.376517	 0.668216	 -0.964459	 0.373876	 0.663418	 -0.951725	 0.371735	 0.658507	 -0.938943	 0.369848	 0.653532	 -0.926142	 1.14047	 1.14038	 1.14059	 1.14033	 1.14062	 
12.28	 0.381	 0.678	 -0.99	 0.378604	 0.673422	 -0.977204	 0.376372	 0.668349	 -0.964567	 0.374184	 0.663147	 -0.951972	 0.371839	 0.658411	 -0.939225	 0.369414	 0.653924	 -0.926401	 1.13119	 1.1311	 1.13133	 1.13106	 1.13137	 
12.29	 0.381	 0.678	 -0.99	 0.37846	 0.672953	 -0.977464	 0.37629	 0.668262	 -0.964723	 0.374217	 0.663656	 -0.951934	 0.371801	 0.658718	 -0.939332	 0.369204	 0.653616	 -0.926829	 1.12363	 1.12351	 1.12371	 1.12347	 1.12379	 
12.3	 0.381	 0.678	 -0.99	 0.378947	 0.673082	 -0.977368	 0.376373	 0.668317	 -0.964773	 0.373666	 0.66359	 -0.95219	 0.37145	 0.658721	 -0.939567	 0.369493	 0.65378	 -0.926927	 1.1176	 1.11751	 1.11773	 1.11747	 1.11778	 
12.31	 0.381	 0.678	 -0.99	 0.378532	 0.673464	 -0.977331	 0.376228	 0.66843	 -0.96482	 0.373958	 0.663271	 -0.952353	 0.371535	 0.658576	 -0.939734	 0.369042	 0.654128	 -0.927038	 1.11314	 1.11306	 1.11326	 1.11301	 1.11332	 
12.32	 0.381	 0.678	 -0.99	 0.378389	 0.672983	 -0.977564	 0.376138	 0.668319	 -0.964922	 0.373977	 0.663747	 -0.95223	 0.37148	 0.65884	 -0.939727	 0.36881	 0.653759	 -0.927328	 1.11023	 1.11012	 1.11032	 1.11009	 1.11041	 
12.33	 0.381	 0.678	 -0.99	 0.378864	 0.673118	 -0.97743	 0.376203	 0.668357	 -0.964915	 0.37341	 0.663634	 -0.952412	 0.371111	 0.658791	 -0.939856	 0.36907	 0.653878	 -0.927281	 1.10884	 1.10875	 1.10897	 1.10872	 1.10904	 
12.34	 0.381	 0.678	 -0.99	 0.378428	 0.673468	 -0.977379	 0.376041	 0.668445	 -0.964909	 0.373703	 0.6633	 -0.952479	 0.371187	 0.65861	 -0.939905	 0.36858	 0.654156	 -0.927262	 1.10907	 1.10898	 1.10919	 1.10895	 1.10926	 
12.35	 0.381	 0.678	 -0.99	 0.378316	 0.672967	 -0.977581	 0.375956	 0.668309	 -0.964952	 0.373683	 0.663745	 -0.952272	 0.371102	 0.658829	 -0.939785	 0.368352	 0.653731	 -0.927406	 1.11087	 1.11077	 1.11098	 1.11077	 1.1111	 
12.36	 0.381	 0.678	 -0.99	 0.378771	 0.673114	 -0.97741	 0.376011	 0.668331	 -0.964885	 0.37312	 0.663575	 -0.952379	 0.370723	 0.658722	 -0.939808	 0.368579	 0.653821	 -0.927207	 1.11418	 1.1141	 1.1143	 1.11407	 1.11438	 
12.37	 0.381	 0.678	 -0.99	 0.378316	 0.673436	 -0.977344	 0.375837	 0.668396	 -0.964828	 0.373407	 0.663232	 -0.952352	 0.370784	 0.658512	 -0.939741	 0.368066	 0.654035	 -0.927061	 1.11886	 1.11878	 1.11899	 1.11875	 1.11907	 
12.38	 0.381	 0.678	 -0.99	 0.378212	 0.672933	 -0.977517	 0.375749	 0.668245	 -0.96482	 0.373367	 0.663647	 -0.952074	 0.370681	 0.658696	 -0.939523	 0.367837	 0.653569	 -0.927076	 1.12477	 1.12467	 1.12486	 1.12465	 1.12496	 
12.39	 0.381	 0.678	 -0.99	 0.378656	 0.673066	 -0.977323	 0.375797	 0.668248	 -0.964709	 0.372804	 0.663461	 -0.952112	 0.370296	 0.658567	 -0.939452	 0.368048	 0.653613	 -0.926764	 1.13173	 1.13164	 1.13184	 1.1316	 1.13192	 
12.4	 0.381	 0.678	 -0.99	 0.378224	 0.673396	 -0.977229	 0.375621	 0.668303	 -0.96461	 0.373057	 0.66309	 -0.95203	 0.370335	 0.658332	 -0.939305	 0.36754	 0.65381	 -0.926508	 1.13972	 1.13964	 1.13982	 1.13959	 1.13989	 
12.41	 0.381	 0.678	 -0.99	 0.378073	 0.672914	 -0.977383	 0.375514	 0.668151	 -0.964561	 0.373051	 0.663474	 -0.951688	 0.370244	 0.65849	 -0.939004	 0.367254	 0.653344	 -0.926425	 1.14874	 1.14863	 1.14882	 1.14861	 1.14893	 
12.42	 0.381	 0.678	 -0.99	 0.37853	 0.672966	 -0.977192	 0.375562	 0.66813	 -0.964414	 0.372473	 0.663349	 -0.951643	 0.369846	 0.658381	 -0.938841	 0.367454	 0.65331	 -0.926031	 1.15883	 1.15875	 1.15894	 1.15872	 1.15903	 
12.43	 0.381	 0.678	 -0.99	 0.378181	 0.673344	 -0.977041	 0.375402	 0.668191	 -0.964263	 0.372635	 0.662912	 -0.951532	 0.369826	 0.658098	 -0.93863	 0.366995	 0.653529	 -0.92564	 1.17011	 1.17003	 1.17022	 1.17	 1.17031	 
12.44	 0.381	 0.678	 -0.99	 0.377898	 0.672924	 -0.977174	 0.375255	 0.668046	 -0.964171	 0.372729	 0.663211	 -0.951127	 0.369774	 0.65819	 -0.938246	 0.366592	 0.653082	 -0.925451	 1.18262	 1.18252	 1.18271	 1.18252	 1.18284	 
12.45	 0.381	 0.678	 -0.99	 0.37834	 0.672803	 -0.977025	 0.375294	 0.667963	 -0.963996	 0.372149	 0.663211	 -0.950958	 0.369367	 0.658122	 -0.937966	 0.366775	 0.652862	 -0.925	 1.19635	 1.19627	 1.19647	 1.19627	 1.19658	 
12.46	 0.381	 0.678	 -0.99	 0.378187	 0.673226	 -0.976788	 0.375184	 0.668009	 -0.963788	 0.372126	 0.662681	 -0.950844	 0.369246	 0.657767	 -0.937698	 0.366469	 0.653067	 -0.924451	 1.21132	 1.21125	 1.21144	 1.21123	 1.21154	 
12.47	 0.381	 0.678	 -0.99	 0.37774	 0.672983	 -0.976865	 0.374993	 0.667884	 -0.963646	 0.372372	 0.662766	 -0.950406	 0.36927	 0.65772	 -0.937245	 0.365921	 0.652713	 -0.924127	 1.22749	 1.22741	 1.2276	 1.22742	 1.22772	 
12.48	 0.381	 0.678	 -0.99	 0.378045	 0.67262	 -0.976811	 0.374988	 0.667725	 -0.963458	 0.371911	 0.662955	 -0.950063	 0.368927	 0.657725	 -0.93682	 0.365985	 0.652257	 -0.923662	 1.24487	 1.24479	 1.24499	 1.24481	 1.24513	 
12.49	 0.381	 0.678	 -0.99	 0.378212	 0.672953	 -0.976511	 0.374954	 0.667738	 -0.963192	 0.371582	 0.662482	 -0.949916	 0.368645	 0.657383	 -0.936479	 0.365931	 0.652364	 -0.922962	 1.26349	 1.26343	 1.26361	 1.26343	 1.26373	 
12.5	 0.381	 0.678	 -0.99	 0.377729	 0.673053	 -0.976439	 0.374758	 0.667692	 -0.962968	 0.371859	 0.662222	 -0.949523	 0.368675	 0.657142	 -0.935992	 0.365349	 0.65227	 -0.922415	 1.28336	 1.28329	 1.28348	 1.2833	 1.28362	 
12.51	 0.381	 0.678	 -0.99	 0.377648	 0.67259	 -0.976484	 0.374658	 0.667499	 -0.962762	 0.371754	 0.662484	 -0.948991	 0.368512	 0.657169	 -0.935412	 0.3651	 0.651706	 -0.92193	 1.30442	 1.30435	 1.30453	 1.30437	 1.30468	 
12.52	 0.381	 0.678	 -0.99	 0.378035	 0.672539	 -0.976255	 0.374672	 0.667403	 -0.962477	 0.37121	 0.662353	 -0.94869	 0.368125	 0.656995	 -0.934932	 0.365233	 0.651472	 -0.921194	 1.32649	 1.32642	 1.3266	 1.32643	 1.32674	 
12.53	 0.381	 0.678	 -0.99	 0.377923	 0.672899	 -0.975979	 0.374566	 0.66741	 -0.96217	 0.371143	 0.66183	 -0.948414	 0.367982	 0.65661	 -0.934456	 0.364954	 0.651569	 -0.920401	 1.34928	 1.34921	 1.34937	 1.34919	 1.34948	 
12.54	 0.381	 0.678	 -0.99	 0.377474	 0.672791	 -0.975958	 0.374379	 0.667302	 -0.961922	 0.371394	 0.661739	 -0.94789	 0.368003	 0.656439	 -0.93385	 0.364403	 0.651281	 -0.919806	 1.37241	 1.37232	 1.37247	 1.37228	 1.37258	 
12.55	 0.381	 0.678	 -0.99	 0.377527	 0.672356	 -0.975946	 0.374316	 0.667109	 -0.961678	 0.371171	 0.661956	 -0.94736	 0.367782	 0.65643	 -0.933239	 0.364268	 0.650724	 -0.919219	 1.3955	 1.39541	 1.39555	 1.39536	 1.39563	 
12.56	 0.381	 0.678	 -0.99	 0.37787	 0.672364	 -0.975697	 0.374325	 0.667024	 -0.961379	 0.370675	 0.66176	 -0.947057	 0.367421	 0.656218	 -0.932747	 0.364369	 0.650531	 -0.918447	 1.41833	 1.41824	 1.41837	 1.41817	 1.41845	 
12.57	 0.381	 0.678	 -0.99	 0.377765	 0.672691	 -0.975435	 0.374224	 0.66702	 -0.961079	 0.370608	 0.661268	 -0.946773	 0.36728	 0.655852	 -0.93227	 0.3641	 0.650599	 -0.917671	 1.44089	 1.4408	 1.44093	 1.44072	 1.44099	 
12.58	 0.381	 0.678	 -0.99	 0.377348	 0.672646	 -0.975388	 0.374052	 0.666929	 -0.96083	 0.370845	 0.661121	 -0.946287	 0.3673	 0.655654	 -0.931692	 0.363585	 0.650362	 -0.917072	 1.46336	 1.46327	 1.46341	 1.46321	 1.46349	 
12.59	 0.381	 0.678	 -0.99	 0.377289	 0.672241	 -0.975392	 0.373975	 0.666746	 -0.96059	 0.370757	 0.661308	 -0.945743	 0.367163	 0.655624	 -0.931078	 0.36338	 0.649826	 -0.916503	 1.48614	 1.48606	 1.4862	 1.48603	 1.48631	 
12.6	 0.381	 0.678	 -0.99	 0.377609	 0.672086	 -0.975206	 0.373995	 0.666616	 -0.960295	 0.370321	 0.661257	 -0.945357	 0.366855	 0.655478	 -0.930527	 0.363496	 0.649486	 -0.915756	 1.50967	 1.5096	 1.50976	 1.5096	 1.50989	 
12.61	 0.381	 0.678	 -0.99	 0.377726	 0.672332	 -0.974907	 0.373963	 0.666583	 -0.959959	 0.37008	 0.660821	 -0.945047	 0.36665	 0.655132	 -0.929996	 0.363447	 0.649473	 -0.914883	 1.53434	 1.53427	 1.53444	 1.5343	 1.53458	 
12.62	 0.381	 0.678	 -0.99	 0.377422	 0.672505	 -0.974726	 0.373831	 0.666535	 -0.959635	 0.370234	 0.660446	 -0.944591	 0.366642	 0.654806	 -0.929374	 0.363056	 0.649394	 -0.91407	 1.56029	 1.56023	 1.56041	 1.56027	 1.56057	 
12.63	 0.381	 0.678	 -0.99	 0.377111	 0.672285	 -0.974687	 0.373698	 0.666386	 -0.959332	 0.370392	 0.660437	 -0.943971	 0.366636	 0.654661	 -0.928648	 0.362665	 0.64898	 -0.913343	 1.5874	 1.58735	 1.58752	 1.58739	 1.58767	 
12.64	 0.381	 0.678	 -0.99	 0.377175	 0.671924	 -0.974609	 0.373653	 0.666197	 -0.959013	 0.370202	 0.660558	 -0.943368	 0.366464	 0.654584	 -0.927916	 0.362582	 0.648444	 -0.912563	 1.61525	 1.61519	 1.61535	 1.61521	 1.61549	 
12.65	 0.381	 0.678	 -0.99	 0.377462	 0.671823	 -0.974378	 0.373664	 0.666075	 -0.958654	 0.369808	 0.660432	 -0.942905	 0.366191	 0.654384	 -0.927251	 0.362685	 0.648133	 -0.91165	 1.64321	 1.64315	 1.64329	 1.64312	 1.64339	 
12.66	 0.381	 0.678	 -0.99	 0.377566	 0.672023	 -0.97408	 0.373639	 0.66603	 -0.958282	 0.369589	 0.660034	 -0.942515	 0.366001	 0.654054	 -0.926631	 0.362645	 0.648082	 -0.910692	 1.67066	 1.67058	 1.67069	 1.6705	 1.67076	 
12.67	 0.381	 0.678	 -0.99	 0.377348	 0.672214	 -0.973869	 0.373536	 0.665987	 -0.957942	 0.369678	 0.659659	 -0.942064	 0.365971	 0.653745	 -0.925994	 0.362345	 0.64803	 -0.909832	 1.69712	 1.69701	 1.6971	 1.6969	 1.69715	 
12.68	 0.381	 0.678	 -0.99	 0.377037	 0.67213	 -0.973792	 0.37341	 0.665885	 -0.957646	 0.369866	 0.659552	 -0.941516	 0.366001	 0.653571	 -0.925326	 0.361978	 0.647765	 -0.909109	 1.72236	 1.72225	 1.72233	 1.72212	 1.72237	 
12.69	 0.381	 0.678	 -0.99	 0.376929	 0.671828	 -0.973757	 0.373344	 0.665735	 -0.957371	 0.369874	 0.659655	 -0.940954	 0.36595	 0.653504	 -0.924669	 0.361802	 0.647328	 -0.908447	 1.74649	 1.74639	 1.74648	 1.74627	 1.7465	 
12.7	 0.381	 0.678	 -0.99	 0.3771	 0.671576	 -0.973644	 0.373354	 0.665593	 -0.957086	 0.369645	 0.659716	 -0.940481	 0.365793	 0.653424	 -0.924065	 0.361868	 0.646927	 -0.907743	 1.76981	 1.76972	 1.76982	 1.76961	 1.76985	 
12.71	 0.381	 0.678	 -0.99	 0.377357	 0.671559	 -0.973427	 0.373393	 0.66551	 -0.95678	 0.369358	 0.659556	 -0.940115	 0.365618	 0.65323	 -0.92352	 0.362017	 0.646722	 -0.906963	 1.79266	 1.79258	 1.79268	 1.79249	 1.79274	 
12.72	 0.381	 0.678	 -0.99	 0.377449	 0.671737	 -0.973177	 0.373401	 0.665474	 -0.956466	 0.369231	 0.659211	 -0.939785	 0.365527	 0.652946	 -0.922997	 0.362053	 0.646683	 -0.906156	 1.8153	 1.81521	 1.81532	 1.81515	 1.8154	 
12.73	 0.381	 0.678	 -0.99	 0.377304	 0.671912	 -0.972983	 0.37335	 0.665433	 -0.95617	 0.369332	 0.658868	 -0.939406	 0.365558	 0.652669	 -0.922447	 0.361911	 0.646641	 -0.905398	 1.83778	 1.8377	 1.83779	 1.83763	 1.83788	 
12.74	 0.381	 0.678	 -0.99	 0.377047	 0.671906	 -0.972885	 0.373272	 0.665354	 -0.955899	 0.369546	 0.658696	 -0.938944	 0.365657	 0.652471	 -0.921862	 0.361687	 0.646456	 -0.904722	 1.85996	 1.85987	 1.85996	 1.85979	 1.86004	 
12.75	 0.381	 0.678	 -0.99	 0.376874	 0.671706	 -0.972843	 0.373229	 0.665232	 -0.955645	 0.369698	 0.658712	 -0.93844	 0.365724	 0.652364	 -0.921268	 0.36154	 0.646107	 -0.904111	 1.88153	 1.88144	 1.88153	 1.88134	 1.88157	 
12.76	 0.381	 0.678	 -0.99	 0.376906	 0.671441	 -0.972786	 0.37324	 0.665095	 -0.955397	 0.369678	 0.6588	 -0.937967	 0.365718	 0.6523	 -0.920701	 0.361564	 0.645703	 -0.903516	 1.90219	 1.9021	 1.90219	 1.90198	 1.90221	 
12.77	 0.381	 0.678	 -0.99	 0.377102	 0.67126	 -0.972669	 0.373293	 0.664986	 -0.955146	 0.369513	 0.658816	 -0.937578	 0.365651	 0.652205	 -0.920191	 0.361742	 0.64539	 -0.902893	 1.92173	 1.92164	 1.92172	 1.92151	 1.92174	 
12.78	 0.381	 0.678	 -0.99	 0.377326	 0.671257	 -0.97249	 0.37336	 0.66492	 -0.954893	 0.369327	 0.658677	 -0.937276	 0.365576	 0.65205	 -0.91974	 0.361959	 0.645239	 -0.902244	 1.94009	 1.93999	 1.94007	 1.93986	 1.94009	 
12.79	 0.381	 0.678	 -0.99	 0.377452	 0.671399	 -0.972286	 0.373406	 0.664892	 -0.954646	 0.369248	 0.658413	 -0.93702	 0.36556	 0.651842	 -0.919326	 0.362091	 0.64522	 -0.901604	 1.95737	 1.95726	 1.95733	 1.95712	 1.95735	 
12.8	 0.381	 0.678	 -0.99	 0.377409	 0.671569	 -0.972116	 0.37342	 0.664879	 -0.954413	 0.369336	 0.658127	 -0.936755	 0.365628	 0.651623	 -0.918923	 0.362102	 0.645238	 -0.90101	 1.97374	 1.97363	 1.9737	 1.9735	 1.97373	 
12.81	 0.381	 0.678	 -0.99	 0.377238	 0.671658	 -0.972008	 0.373405	 0.664843	 -0.954205	 0.369553	 0.657925	 -0.936447	 0.365771	 0.651451	 -0.918508	 0.362029	 0.645184	 -0.900485	 1.98941	 1.9893	 1.98938	 1.98919	 1.98942	 
12.82	 0.381	 0.678	 -0.99	 0.377059	 0.671598	 -0.97196	 0.373397	 0.66478	 -0.954015	 0.369801	 0.657865	 -0.936093	 0.365936	 0.651344	 -0.91808	 0.361944	 0.645012	 -0.900026	 2.0045	 2.00441	 2.0045	 2.00431	 2.00454	 
12.83	 0.381	 0.678	 -0.99	 0.376969	 0.671418	 -0.971941	 0.373423	 0.664691	 -0.953834	 0.369978	 0.657926	 -0.935721	 0.366064	 0.651299	 -0.917654	 0.361939	 0.644745	 -0.899606	 2.01905	 2.01898	 2.01907	 2.01887	 2.0191	 
12.84	 0.381	 0.678	 -0.99	 0.377015	 0.671202	 -0.971911	 0.37347	 0.664593	 -0.953661	 0.370021	 0.658029	 -0.935377	 0.366145	 0.651282	 -0.917246	 0.36207	 0.64445	 -0.89919	 2.03296	 2.03289	 2.03299	 2.03278	 2.033	 
12.85	 0.381	 0.678	 -0.99	 0.377174	 0.671037	 -0.971845	 0.373538	 0.664513	 -0.95349	 0.369949	 0.658084	 -0.935091	 0.366183	 0.651243	 -0.916879	 0.362326	 0.644216	 -0.898756	 2.04608	 2.046	 2.04609	 2.04587	 2.04607	 
12.86	 0.381	 0.678	 -0.99	 0.377388	 0.670994	 -0.971731	 0.37363	 0.664457	 -0.953319	 0.369843	 0.658033	 -0.934872	 0.366204	 0.651165	 -0.916558	 0.362629	 0.644085	 -0.898311	 2.05821	 2.05811	 2.05819	 2.05797	 2.05818	 
12.87	 0.381	 0.678	 -0.99	 0.377576	 0.671074	 -0.971586	 0.373727	 0.66444	 -0.953149	 0.369787	 0.657877	 -0.934705	 0.366252	 0.651037	 -0.916282	 0.362897	 0.644063	 -0.897873	 2.06923	 2.06913	 2.06919	 2.06897	 2.06918	 
12.88	 0.381	 0.678	 -0.99	 0.377653	 0.671228	 -0.971444	 0.373805	 0.664446	 -0.952991	 0.36984	 0.657661	 -0.934562	 0.366352	 0.650886	 -0.916036	 0.363093	 0.644115	 -0.897465	 2.0791	 2.07898	 2.07904	 2.07882	 2.07904	 
12.89	 0.381	 0.678	 -0.99	 0.37761	 0.671381	 -0.971335	 0.37385	 0.66445	 -0.952856	 0.370009	 0.657455	 -0.934418	 0.36652	 0.650753	 -0.915803	 0.363198	 0.64418	 -0.89711	 2.08784	 2.08771	 2.08777	 2.08756	 2.08777	 
12.9	 0.381	 0.678	 -0.99	 0.377483	 0.671458	 -0.971277	 0.373884	 0.664447	 -0.952742	 0.370268	 0.657327	 -0.934251	 0.366732	 0.650655	 -0.91558	 0.363238	 0.644195	 -0.896825	 2.09548	 2.09536	 2.09542	 2.0952	 2.09541	 
12.91	 0.381	 0.678	 -0.99	 0.377343	 0.671435	 -0.971266	 0.373924	 0.664421	 -0.95265	 0.370554	 0.657306	 -0.934064	 0.36696	 0.650614	 -0.915364	 0.363271	 0.644119	 -0.896612	 2.10206	 2.10195	 2.10202	 2.10179	 2.10198	 
12.92	 0.381	 0.678	 -0.99	 0.377261	 0.671308	 -0.971288	 0.373977	 0.664377	 -0.952578	 0.370796	 0.657387	 -0.933872	 0.36718	 0.650623	 -0.915163	 0.36336	 0.64397	 -0.896454	 2.10755	 2.10745	 2.10753	 2.10728	 2.10748	 
12.93	 0.381	 0.678	 -0.99	 0.377278	 0.67113	 -0.971318	 0.374058	 0.664322	 -0.952521	 0.370946	 0.657523	 -0.933702	 0.367355	 0.650666	 -0.914992	 0.363547	 0.643789	 -0.89633	 2.11191	 2.11182	 2.11189	 2.11164	 2.11182	 
12.94	 0.381	 0.678	 -0.99	 0.377405	 0.67097	 -0.97133	 0.374156	 0.664274	 -0.952476	 0.370989	 0.657655	 -0.93358	 0.367491	 0.650716	 -0.91486	 0.363834	 0.64363	 -0.896225	 2.11503	 2.11494	 2.11501	 2.11475	 2.11494	 
12.95	 0.381	 0.678	 -0.99	 0.377602	 0.670882	 -0.971314	 0.37427	 0.66425	 -0.952439	 0.37096	 0.657724	 -0.933522	 0.367594	 0.65074	 -0.914782	 0.364195	 0.643548	 -0.896125	 2.11687	 2.11676	 2.11683	 2.11657	 2.11676	 
12.96	 0.381	 0.678	 -0.99	 0.37782	 0.670905	 -0.971263	 0.374396	 0.66425	 -0.952409	 0.370923	 0.657699	 -0.933526	 0.367691	 0.65073	 -0.914754	 0.364564	 0.643559	 -0.896037	 2.11738	 2.11727	 2.11733	 2.11707	 2.11727	 
12.97	 0.381	 0.678	 -0.99	 0.377995	 0.671024	 -0.971195	 0.37452	 0.664281	 -0.952387	 0.370944	 0.657591	 -0.933578	 0.367812	 0.650678	 -0.914773	 0.364883	 0.643662	 -0.895972	 2.11663	 2.11651	 2.11656	 2.11631	 2.1165	 
12.98	 0.381	 0.678	 -0.99	 0.378061	 0.671198	 -0.971135	 0.37462	 0.664326	 -0.952381	 0.371061	 0.65744	 -0.933654	 0.367981	 0.650617	 -0.914821	 0.36513	 0.643821	 -0.89594	 2.11469	 2.11455	 2.11461	 2.11436	 2.11457	 
12.99	 0.381	 0.678	 -0.99	 0.378016	 0.67136	 -0.971106	 0.374685	 0.664372	 -0.952396	 0.37128	 0.65731	 -0.933728	 0.368208	 0.650575	 -0.914883	 0.365288	 0.643986	 -0.895962	 2.11165	 2.11151	 2.11157	 2.11133	 2.11153	 
13	 0.381	 0.678	 -0.99	 0.377898	 0.671448	 -0.971123	 0.374745	 0.664411	 -0.95243	 0.371579	 0.657261	 -0.933782	 0.368462	 0.650572	 -0.914957	 0.365375	 0.644101	 -0.89605	 2.10756	 2.10742	 2.10749	 2.10724	 2.10744	 
13.01	 0.381	 0.678	 -0.99	 0.377771	 0.671435	 -0.971184	 0.374806	 0.664427	 -0.952487	 0.371894	 0.65732	 -0.933817	 0.368726	 0.650627	 -0.915039	 0.365448	 0.644128	 -0.89621	 2.10244	 2.10232	 2.10239	 2.10212	 2.10231	 
13.02	 0.381	 0.678	 -0.99	 0.377696	 0.671317	 -0.971283	 0.37487	 0.664424	 -0.952564	 0.372152	 0.657479	 -0.933849	 0.368975	 0.650729	 -0.915135	 0.365585	 0.644081	 -0.896422	 2.09628	 2.09617	 2.09624	 2.09596	 2.09615	 
13.03	 0.381	 0.678	 -0.99	 0.377726	 0.671151	 -0.971389	 0.374958	 0.664409	 -0.952657	 0.372304	 0.657689	 -0.933901	 0.369173	 0.650867	 -0.915257	 0.365823	 0.644002	 -0.896667	 2.08908	 2.08898	 2.08905	 2.08877	 2.08894	 
13.04	 0.381	 0.678	 -0.99	 0.377882	 0.671012	 -0.971472	 0.375072	 0.664406	 -0.952757	 0.372341	 0.657887	 -0.933998	 0.369318	 0.651004	 -0.915417	 0.366151	 0.643953	 -0.896923	 2.08086	 2.08075	 2.08084	 2.08054	 2.08073	 
13.05	 0.381	 0.678	 -0.99	 0.378111	 0.670966	 -0.971518	 0.375208	 0.664432	 -0.952856	 0.372304	 0.658008	 -0.934156	 0.369419	 0.651109	 -0.915625	 0.366539	 0.643994	 -0.897173	 2.07164	 2.07153	 2.0716	 2.07132	 2.07151	 
13.06	 0.381	 0.678	 -0.99	 0.378342	 0.671049	 -0.971525	 0.375341	 0.664486	 -0.952961	 0.372266	 0.658016	 -0.934376	 0.369517	 0.651174	 -0.915876	 0.366917	 0.644151	 -0.89742	 2.0614	 2.06128	 2.06136	 2.06108	 2.06128	 
13.07	 0.381	 0.678	 -0.99	 0.378488	 0.671232	 -0.971516	 0.375456	 0.664571	 -0.953072	 0.372306	 0.657935	 -0.934639	 0.369647	 0.651197	 -0.916167	 0.367216	 0.644409	 -0.897681	 2.05011	 2.04997	 2.05003	 2.04975	 2.04995	 
13.08	 0.381	 0.678	 -0.99	 0.378492	 0.671453	 -0.971524	 0.375537	 0.664667	 -0.953202	 0.372473	 0.65783	 -0.934916	 0.369833	 0.651216	 -0.916485	 0.3674	 0.644704	 -0.897988	 2.03762	 2.03747	 2.03753	 2.03725	 2.03745	 
13.09	 0.381	 0.678	 -0.99	 0.378372	 0.671614	 -0.971581	 0.375582	 0.664756	 -0.953358	 0.372755	 0.657792	 -0.93518	 0.370078	 0.651274	 -0.916817	 0.367473	 0.644961	 -0.898371	 2.02385	 2.0237	 2.02375	 2.02346	 2.02366	 
13.1	 0.381	 0.678	 -0.99	 0.378201	 0.671642	 -0.971703	 0.375619	 0.664821	 -0.953542	 0.373083	 0.657889	 -0.935416	 0.370336	 0.651398	 -0.917161	 0.367497	 0.645121	 -0.898843	 2.00874	 2.00859	 2.00866	 2.00835	 2.00855	 
13.11	 0.381	 0.678	 -0.99	 0.378093	 0.671538	 -0.971872	 0.37567	 0.664856	 -0.953753	 0.373352	 0.658124	 -0.935639	 0.370567	 0.651596	 -0.917518	 0.367567	 0.645165	 -0.899395	 1.99234	 1.99222	 1.99229	 1.99197	 1.99216	 
13.12	 0.381	 0.678	 -0.99	 0.378132	 0.671358	 -0.972055	 0.375748	 0.664877	 -0.953981	 0.373475	 0.658429	 -0.935881	 0.370733	 0.651826	 -0.917905	 0.367765	 0.645158	 -0.899987	 1.97483	 1.97472	 1.9748	 1.97448	 1.97467	 
13.13	 0.381	 0.678	 -0.99	 0.378324	 0.671226	 -0.972205	 0.37586	 0.664906	 -0.954215	 0.373441	 0.658689	 -0.936182	 0.370822	 0.652042	 -0.918334	 0.368107	 0.645196	 -0.900574	 1.95641	 1.95629	 1.95638	 1.95607	 1.95625	 
13.14	 0.381	 0.678	 -0.99	 0.378598	 0.67125	 -0.972293	 0.375986	 0.664971	 -0.954445	 0.373331	 0.658807	 -0.936562	 0.370874	 0.652196	 -0.918813	 0.368502	 0.645367	 -0.901133	 1.93723	 1.93709	 1.93719	 1.93688	 1.93707	 
13.15	 0.381	 0.678	 -0.99	 0.378802	 0.671446	 -0.972334	 0.376101	 0.665086	 -0.954668	 0.373285	 0.658769	 -0.937003	 0.370943	 0.652274	 -0.919337	 0.368824	 0.645692	 -0.901673	 1.91733	 1.91719	 1.91727	 1.91696	 1.91716	 
13.16	 0.381	 0.678	 -0.99	 0.378815	 0.671726	 -0.972376	 0.37617	 0.665221	 -0.954901	 0.373411	 0.658666	 -0.937462	 0.371086	 0.652328	 -0.919881	 0.368977	 0.64609	 -0.902237	 1.89665	 1.8965	 1.89659	 1.89627	 1.89647	 
13.17	 0.381	 0.678	 -0.99	 0.37864	 0.671919	 -0.972483	 0.376183	 0.665342	 -0.95516	 0.373705	 0.658652	 -0.937883	 0.371313	 0.652429	 -0.920423	 0.368964	 0.646429	 -0.902877	 1.87506	 1.87492	 1.875	 1.87468	 1.87487	 
13.18	 0.381	 0.678	 -0.99	 0.378413	 0.671906	 -0.972678	 0.376183	 0.665423	 -0.95545	 0.374035	 0.658843	 -0.938247	 0.37155	 0.652634	 -0.920954	 0.368907	 0.646612	 -0.903618	 1.85243	 1.85229	 1.85238	 1.85204	 1.85223	 
13.19	 0.381	 0.678	 -0.99	 0.37834	 0.671722	 -0.972923	 0.376216	 0.665464	 -0.955766	 0.374215	 0.659211	 -0.938591	 0.371712	 0.652938	 -0.921491	 0.368969	 0.646658	 -0.904431	 1.82869	 1.82855	 1.82863	 1.82829	 1.82848	 
13.2	 0.381	 0.678	 -0.99	 0.37852	 0.671542	 -0.97314	 0.376302	 0.665513	 -0.956087	 0.374154	 0.659585	 -0.938989	 0.371757	 0.653252	 -0.922072	 0.369231	 0.646725	 -0.905247	 1.80386	 1.80371	 1.8038	 1.80346	 1.80366	 
13.21	 0.381	 0.678	 -0.99	 0.378832	 0.671574	 -0.973268	 0.376423	 0.665615	 -0.956398	 0.37396	 0.659765	 -0.939496	 0.371728	 0.653476	 -0.922723	 0.369606	 0.646977	 -0.906015	 1.77805	 1.7779	 1.77799	 1.77765	 1.77786	 
13.22	 0.381	 0.678	 -0.99	 0.379024	 0.671858	 -0.973326	 0.376516	 0.665774	 -0.956702	 0.373881	 0.659711	 -0.940091	 0.371753	 0.65359	 -0.92343	 0.369872	 0.647434	 -0.906751	 1.75143	 1.75129	 1.75138	 1.75104	 1.75125	 
13.23	 0.381	 0.678	 -0.99	 0.37892	 0.672179	 -0.973414	 0.376538	 0.665946	 -0.957021	 0.374086	 0.659617	 -0.940674	 0.371914	 0.653676	 -0.924145	 0.36988	 0.647922	 -0.907532	 1.72422	 1.72407	 1.72417	 1.72384	 1.72404	 
13.24	 0.381	 0.678	 -0.99	 0.378628	 0.672258	 -0.97362	 0.376517	 0.66606	 -0.957372	 0.374461	 0.65975	 -0.941159	 0.372155	 0.653869	 -0.924821	 0.369734	 0.648206	 -0.908422	 1.69661	 1.69648	 1.69659	 1.69625	 1.69646	 
13.25	 0.381	 0.678	 -0.99	 0.378493	 0.672047	 -0.973912	 0.376523	 0.666101	 -0.957748	 0.374676	 0.660157	 -0.941568	 0.372319	 0.654202	 -0.92546	 0.369714	 0.648245	 -0.90939	 1.66887	 1.66875	 1.66887	 1.66854	 1.66875	 
13.26	 0.381	 0.678	 -0.99	 0.378716	 0.671835	 -0.974155	 0.376605	 0.666143	 -0.958111	 0.37454	 0.660565	 -0.942021	 0.372305	 0.654539	 -0.926118	 0.369979	 0.648293	 -0.910311	 1.64128	 1.64115	 1.64129	 1.64097	 1.64119	 
13.27	 0.381	 0.678	 -0.99	 0.379063	 0.671957	 -0.974255	 0.376714	 0.666266	 -0.958435	 0.374268	 0.660659	 -0.9426	 0.372208	 0.654723	 -0.926831	 0.370338	 0.648624	 -0.9111	 1.61411	 1.61398	 1.61411	 1.61381	 1.61403	 
13.28	 0.381	 0.678	 -0.99	 0.379102	 0.672348	 -0.974292	 0.376746	 0.666453	 -0.958737	 0.374274	 0.660504	 -0.94322	 0.372239	 0.654783	 -0.927555	 0.370428	 0.649172	 -0.911823	 1.58756	 1.58744	 1.58759	 1.58728	 1.58752	 
13.29	 0.381	 0.678	 -0.99	 0.378774	 0.672551	 -0.974445	 0.376682	 0.666596	 -0.959058	 0.374623	 0.660523	 -0.943712	 0.37244	 0.654924	 -0.928206	 0.370199	 0.649559	 -0.912624	 1.56174	 1.56163	 1.56179	 1.56148	 1.56171	 
13.3	 0.381	 0.678	 -0.99	 0.378551	 0.672332	 -0.974735	 0.376641	 0.666639	 -0.959404	 0.374869	 0.660935	 -0.94406	 0.372589	 0.655255	 -0.928775	 0.370053	 0.649595	 -0.913522	 1.53656	 1.53643	 1.53658	 1.53628	 1.53652	 
13.31	 0.381	 0.678	 -0.99	 0.378797	 0.672086	 -0.974968	 0.376717	 0.666668	 -0.959734	 0.374668	 0.661369	 -0.944454	 0.372509	 0.655601	 -0.929361	 0.370293	 0.649604	 -0.914365	 1.51173	 1.5116	 1.51173	 1.51143	 1.51167	 
13.32	 0.381	 0.678	 -0.99	 0.379156	 0.672292	 -0.975017	 0.376817	 0.666803	 -0.960022	 0.374357	 0.661373	 -0.945023	 0.372368	 0.655734	 -0.930035	 0.370615	 0.649984	 -0.915057	 1.4869	 1.48677	 1.48691	 1.48658	 1.48683	 
13.33	 0.381	 0.678	 -0.99	 0.379037	 0.672712	 -0.975055	 0.376795	 0.666994	 -0.960309	 0.374488	 0.661175	 -0.945612	 0.372445	 0.655759	 -0.930725	 0.370535	 0.650542	 -0.915749	 1.46184	 1.46171	 1.46184	 1.4615	 1.46172	 
13.34	 0.381	 0.678	 -0.99	 0.378632	 0.672704	 -0.975296	 0.3767	 0.667084	 -0.960649	 0.374879	 0.661381	 -0.946019	 0.372651	 0.655983	 -0.931332	 0.370218	 0.650748	 -0.916617	 1.43645	 1.43631	 1.43644	 1.43609	 1.43632	 
13.35	 0.381	 0.678	 -0.99	 0.378682	 0.672354	 -0.975601	 0.376715	 0.667088	 -0.961007	 0.374838	 0.661913	 -0.946369	 0.372638	 0.65638	 -0.93191	 0.370274	 0.650674	 -0.917543	 1.41089	 1.41073	 1.41085	 1.41052	 1.41076	 
13.36	 0.381	 0.678	 -0.99	 0.379117	 0.67242	 -0.975693	 0.376827	 0.667192	 -0.961313	 0.374437	 0.662055	 -0.946915	 0.372437	 0.656586	 -0.932584	 0.370633	 0.650942	 -0.918291	 1.38542	 1.38528	 1.38543	 1.3851	 1.38535	 
13.37	 0.381	 0.678	 -0.99	 0.379082	 0.672893	 -0.975697	 0.376821	 0.667398	 -0.96159	 0.374477	 0.661814	 -0.947531	 0.372452	 0.65659	 -0.933287	 0.370592	 0.651544	 -0.918955	 1.36049	 1.36038	 1.36053	 1.3602	 1.36044	 
13.38	 0.381	 0.678	 -0.99	 0.378632	 0.672904	 -0.975931	 0.376706	 0.667492	 -0.961914	 0.374891	 0.662	 -0.947911	 0.372657	 0.656804	 -0.933859	 0.370208	 0.651765	 -0.919783	 1.33642	 1.3363	 1.33647	 1.33616	 1.33643	 
13.39	 0.381	 0.678	 -0.99	 0.378731	 0.67252	 -0.976224	 0.376719	 0.667483	 -0.962242	 0.374773	 0.662552	 -0.948211	 0.372586	 0.657207	 -0.934371	 0.37027	 0.651657	 -0.920631	 1.3134	 1.31327	 1.31344	 1.31316	 1.31343	 
13.4	 0.381	 0.678	 -0.99	 0.379162	 0.672706	 -0.976244	 0.376815	 0.667609	 -0.962491	 0.374339	 0.662565	 -0.948741	 0.372342	 0.657334	 -0.934984	 0.370594	 0.652006	 -0.921229	 1.29146	 1.29135	 1.29153	 1.29123	 1.29151	 
13.41	 0.381	 0.678	 -0.99	 0.378907	 0.673154	 -0.976263	 0.376738	 0.667799	 -0.962729	 0.374545	 0.662322	 -0.949246	 0.372423	 0.657318	 -0.935572	 0.370346	 0.652554	 -0.921803	 1.27055	 1.27045	 1.27064	 1.27033	 1.2706	 
13.42	 0.381	 0.678	 -0.99	 0.378543	 0.672897	 -0.976559	 0.376625	 0.667808	 -0.963027	 0.374845	 0.662723	 -0.949473	 0.372558	 0.657622	 -0.936003	 0.370007	 0.652515	 -0.922581	 1.25059	 1.25046	 1.25064	 1.25035	 1.25063	 
13.43	 0.381	 0.678	 -0.99	 0.378947	 0.672661	 -0.97672	 0.376702	 0.667813	 -0.963285	 0.374415	 0.663091	 -0.949811	 0.372311	 0.657908	 -0.936479	 0.370292	 0.652487	 -0.923227	 1.23147	 1.23134	 1.23151	 1.23122	 1.2315	 
13.44	 0.381	 0.678	 -0.99	 0.37907	 0.673145	 -0.976647	 0.376713	 0.667998	 -0.963473	 0.374251	 0.662778	 -0.950346	 0.37219	 0.657833	 -0.937047	 0.370337	 0.653032	 -0.923662	 1.21319	 1.21309	 1.21328	 1.21296	 1.21323	 
13.45	 0.381	 0.678	 -0.99	 0.378552	 0.673183	 -0.97684	 0.376565	 0.668069	 -0.963716	 0.37469	 0.662877	 -0.950605	 0.372382	 0.657962	 -0.937458	 0.369856	 0.653199	 -0.924293	 1.19594	 1.19582	 1.196	 1.1957	 1.19599	 
13.46	 0.381	 0.678	 -0.99	 0.378745	 0.672758	 -0.977085	 0.376589	 0.668015	 -0.963962	 0.374455	 0.663397	 -0.95079	 0.372226	 0.658309	 -0.93781	 0.369948	 0.652981	 -0.924934	 1.17983	 1.17971	 1.17989	 1.17962	 1.17991	 
13.47	 0.381	 0.678	 -0.99	 0.379086	 0.67312	 -0.976994	 0.376646	 0.668152	 -0.964111	 0.374068	 0.663167	 -0.951259	 0.37198	 0.658263	 -0.93829	 0.370152	 0.653395	 -0.925267	 1.16506	 1.16496	 1.16516	 1.16487	 1.16515	 
13.48	 0.381	 0.678	 -0.99	 0.378573	 0.67334	 -0.977093	 0.37648	 0.668255	 -0.964289	 0.374469	 0.663065	 -0.951513	 0.372143	 0.65827	 -0.938638	 0.369657	 0.653681	 -0.925716	 1.15179	 1.15169	 1.1519	 1.15163	 1.15192	 
13.49	 0.381	 0.678	 -0.99	 0.378612	 0.672865	 -0.977351	 0.376449	 0.668178	 -0.964491	 0.374349	 0.663606	 -0.951577	 0.372037	 0.65861	 -0.93886	 0.369607	 0.653396	 -0.926251	 1.14012	 1.14	 1.1402	 1.13995	 1.14026	 
13.5	 0.381	 0.678	 -0.99	 0.379028	 0.673139	 -0.977245	 0.376516	 0.668283	 -0.964583	 0.373871	 0.663431	 -0.951945	 0.371731	 0.658574	 -0.939216	 0.369851	 0.653713	 -0.926446	 1.13001	 1.12993	 1.13014	 1.12987	 1.13017	 
13.51	 0.381	 0.678	 -0.99	 0.378531	 0.673418	 -0.977288	 0.376348	 0.668389	 -0.964694	 0.374238	 0.663245	 -0.952132	 0.37186	 0.658519	 -0.939456	 0.369344	 0.654021	 -0.926722	 1.12153	 1.12144	 1.12165	 1.12139	 1.1217	 
13.52	 0.381	 0.678	 -0.99	 0.378526	 0.672929	 -0.977526	 0.376301	 0.668297	 -0.964836	 0.37414	 0.663772	 -0.952096	 0.371748	 0.658836	 -0.939553	 0.369232	 0.653693	 -0.927115	 1.11465	 1.11453	 1.11473	 1.1145	 1.11481	 
13.53	 0.381	 0.678	 -0.99	 0.378947	 0.673191	 -0.977385	 0.376362	 0.668385	 -0.964868	 0.373639	 0.663582	 -0.952377	 0.371414	 0.658774	 -0.939791	 0.369454	 0.653963	 -0.927161	 1.10928	 1.1092	 1.10941	 1.10915	 1.10946	 
13.54	 0.381	 0.678	 -0.99	 0.378434	 0.673453	 -0.977409	 0.376179	 0.668468	 -0.964925	 0.373997	 0.663373	 -0.952471	 0.371527	 0.658685	 -0.939913	 0.368914	 0.654214	 -0.927302	 1.1055	 1.10541	 1.10562	 1.10538	 1.10568	 
13.55	 0.381	 0.678	 -0.99	 0.378456	 0.672949	 -0.977613	 0.376124	 0.668349	 -0.965013	 0.373849	 0.663865	 -0.952358	 0.371378	 0.658956	 -0.939901	 0.368804	 0.653826	 -0.927552	 1.1033	 1.10318	 1.10338	 1.10316	 1.10348	 
13.56	 0.381	 0.678	 -0.99	 0.378848	 0.673235	 -0.977432	 0.37617	 0.668422	 -0.964985	 0.37336	 0.663603	 -0.952568	 0.371042	 0.658824	 -0.940036	 0.368983	 0.65406	 -0.927451	 1.10259	 1.10252	 1.10274	 1.10249	 1.10279	 
13.57	 0.381	 0.678	 -0.99	 0.378319	 0.673438	 -0.977452	 0.375982	 0.668469	 -0.964992	 0.373732	 0.663396	 -0.952555	 0.371156	 0.658701	 -0.940036	 0.368409	 0.654207	 -0.927477	 1.10348	 1.1034	 1.1036	 1.10336	 1.10368	 
13.58	 0.381	 0.678	 -0.99	 0.378392	 0.672927	 -0.977617	 0.375937	 0.668324	 -0.965022	 0.373526	 0.66384	 -0.952375	 0.370967	 0.658913	 -0.939924	 0.368324	 0.653759	 -0.92758	 1.10587	 1.10576	 1.10596	 1.10575	 1.10608	 
13.59	 0.381	 0.678	 -0.99	 0.378738	 0.673233	 -0.977402	 0.375962	 0.668381	 -0.96494	 0.373056	 0.663508	 -0.952515	 0.37063	 0.658714	 -0.939959	 0.368454	 0.653963	 -0.927338	 1.10967	 1.1096	 1.1098	 1.10957	 1.10987	 
13.6	 0.381	 0.678	 -0.99	 0.378194	 0.673389	 -0.977416	 0.375759	 0.668399	 -0.9649	 0.373417	 0.663308	 -0.952406	 0.370726	 0.658573	 -0.939844	 0.367858	 0.654031	 -0.927248	 1.11488	 1.11479	 1.11499	 1.11477	 1.11508	 
13.61	 0.381	 0.678	 -0.99	 0.378285	 0.672884	 -0.977545	 0.375712	 0.668242	 -0.964877	 0.373175	 0.663719	 -0.952158	 0.370509	 0.658751	 -0.939633	 0.367774	 0.653556	 -0.927214	 1.12141	 1.12131	 1.1215	 1.1213	 1.12161	 
13.62	 0.381	 0.678	 -0.99	 0.378616	 0.673185	 -0.977303	 0.375727	 0.668287	 -0.964744	 0.372708	 0.663372	 -0.952221	 0.370164	 0.658534	 -0.939565	 0.367875	 0.653734	 -0.926843	 1.1292	 1.12913	 1.12934	 1.12911	 1.12942	 
13.63	 0.381	 0.678	 -0.99	 0.378087	 0.67335	 -0.977286	 0.375524	 0.668301	 -0.964651	 0.373046	 0.663153	 -0.952037	 0.37024	 0.658376	 -0.939347	 0.36727	 0.653793	 -0.926621	 1.13835	 1.13827	 1.13846	 1.13825	 1.13856	 
13.64	 0.381	 0.678	 -0.99	 0.378136	 0.672848	 -0.977394	 0.375461	 0.668141	 -0.964575	 0.372838	 0.663548	 -0.951703	 0.370034	 0.658535	 -0.939028	 0.367132	 0.653303	 -0.926463	 1.14883	 1.14874	 1.14893	 1.14874	 1.14906	 
13.65	 0.381	 0.678	 -0.99	 0.378499	 0.673076	 -0.977142	 0.375476	 0.668157	 -0.964396	 0.372325	 0.663243	 -0.951677	 0.369659	 0.658324	 -0.938851	 0.367243	 0.653397	 -0.925976	 1.16067	 1.1606	 1.16079	 1.16059	 1.16089	 
13.66	 0.381	 0.678	 -0.99	 0.37802	 0.673314	 -0.977061	 0.375276	 0.668173	 -0.964243	 0.372593	 0.662916	 -0.951458	 0.369687	 0.658084	 -0.938557	 0.366667	 0.653479	 -0.925596	 1.17387	 1.1738	 1.174	 1.17379	 1.17411	 
13.67	 0.381	 0.678	 -0.99	 0.377918	 0.672823	 -0.977168	 0.37517	 0.667997	 -0.964126	 0.37251	 0.663255	 -0.951033	 0.369536	 0.658183	 -0.938135	 0.366396	 0.652947	 -0.925339	 1.18838	 1.18829	 1.18847	 1.1883	 1.18861	 
13.68	 0.381	 0.678	 -0.99	 0.37834	 0.672869	 -0.976943	 0.375199	 0.667944	 -0.963913	 0.371935	 0.663073	 -0.950893	 0.369123	 0.658006	 -0.937843	 0.366546	 0.652837	 -0.924783	 1.20406	 1.20399	 1.20418	 1.20399	 1.2043	 
13.69	 0.381	 0.678	 -0.99	 0.378028	 0.673229	 -0.976753	 0.375041	 0.667967	 -0.963698	 0.372044	 0.662584	 -0.950693	 0.369061	 0.657658	 -0.937507	 0.366093	 0.652968	 -0.924229	 1.22087	 1.2208	 1.22099	 1.22079	 1.22109	 
13.7	 0.381	 0.678	 -0.99	 0.377688	 0.672863	 -0.976843	 0.37487	 0.667807	 -0.963541	 0.372176	 0.662771	 -0.950205	 0.369016	 0.657655	 -0.937003	 0.365615	 0.652501	 -0.923874	 1.23874	 1.23866	 1.23884	 1.23866	 1.23897	 
13.71	 0.381	 0.678	 -0.99	 0.378063	 0.672614	 -0.976716	 0.374878	 0.667673	 -0.963318	 0.371635	 0.662845	 -0.949891	 0.368621	 0.657596	 -0.936571	 0.365719	 0.652128	 -0.923311	 1.25767	 1.25759	 1.25778	 1.2576	 1.25791	 
13.72	 0.381	 0.678	 -0.99	 0.378096	 0.67299	 -0.976419	 0.374803	 0.667694	 -0.963038	 0.371414	 0.662326	 -0.949709	 0.368385	 0.657225	 -0.93619	 0.365542	 0.652262	 -0.922578	 1.27772	 1.27765	 1.27783	 1.27765	 1.27795	 
13.73	 0.381	 0.678	 -0.99	 0.377601	 0.672976	 -0.976387	 0.374594	 0.667614	 -0.962811	 0.371682	 0.662164	 -0.949249	 0.368401	 0.657031	 -0.935648	 0.364936	 0.652067	 -0.922028	 1.29893	 1.29886	 1.29904	 1.29887	 1.29918	 
13.74	 0.381	 0.678	 -0.99	 0.377619	 0.672514	 -0.976399	 0.37451	 0.667417	 -0.962584	 0.371468	 0.662416	 -0.948718	 0.368174	 0.657048	 -0.935049	 0.364753	 0.651496	 -0.921483	 1.32131	 1.32124	 1.32142	 1.32127	 1.32157	 
13.75	 0.381	 0.678	 -0.99	 0.377981	 0.672543	 -0.976133	 0.374513	 0.667338	 -0.962276	 0.370937	 0.6622	 -0.948419	 0.367784	 0.656823	 -0.934551	 0.364847	 0.651318	 -0.920684	 1.34473	 1.34467	 1.34485	 1.34469	 1.345	 
13.76	 0.381	 0.678	 -0.99	 0.377797	 0.67288	 -0.975873	 0.374385	 0.667335	 -0.961957	 0.370923	 0.661688	 -0.948094	 0.367657	 0.656437	 -0.93403	 0.364491	 0.651386	 -0.919868	 1.36899	 1.36893	 1.36909	 1.36892	 1.36921	 
13.77	 0.381	 0.678	 -0.99	 0.377369	 0.67272	 -0.975857	 0.374196	 0.667208	 -0.961693	 0.371137	 0.661636	 -0.947527	 0.367648	 0.65628	 -0.933378	 0.36394	 0.651042	 -0.919238	 1.39373	 1.39365	 1.39381	 1.39363	 1.39393	 
13.78	 0.381	 0.678	 -0.99	 0.377455	 0.672299	 -0.975818	 0.374134	 0.667013	 -0.961424	 0.370869	 0.661826	 -0.946979	 0.367396	 0.65625	 -0.932732	 0.363815	 0.650481	 -0.918585	 1.41863	 1.41855	 1.41869	 1.41851	 1.41879	 
13.79	 0.381	 0.678	 -0.99	 0.377781	 0.672323	 -0.975552	 0.374134	 0.666925	 -0.961099	 0.370382	 0.661599	 -0.946646	 0.367033	 0.65601	 -0.932194	 0.363888	 0.650282	 -0.917748	 1.44345	 1.44337	 1.44351	 1.44331	 1.44359	 
13.8	 0.381	 0.678	 -0.99	 0.377669	 0.672633	 -0.975282	 0.37403	 0.666909	 -0.960773	 0.370315	 0.661102	 -0.946316	 0.366887	 0.655628	 -0.931662	 0.363604	 0.650318	 -0.916911	 1.46817	 1.46808	 1.46821	 1.46802	 1.46829	 
13.81	 0.381	 0.678	 -0.99	 0.37726	 0.672593	 -0.975217	 0.373858	 0.666811	 -0.960495	 0.370536	 0.660932	 -0.945792	 0.36689	 0.655406	 -0.931031	 0.363085	 0.650063	 -0.91624	 1.49293	 1.49284	 1.49298	 1.4928	 1.49308	 
13.82	 0.381	 0.678	 -0.99	 0.377173	 0.672202	 -0.975206	 0.373767	 0.666622	 -0.960226	 0.37046	 0.661091	 -0.945205	 0.366751	 0.655352	 -0.930359	 0.362843	 0.649516	 -0.915599	 1.51805	 1.51799	 1.51813	 1.51797	 1.51825	 
13.83	 0.381	 0.678	 -0.99	 0.377463	 0.672008	 -0.975023	 0.373767	 0.666478	 -0.959908	 0.37003	 0.661062	 -0.94476	 0.366438	 0.655207	 -0.929742	 0.362916	 0.64913	 -0.914794	 1.54393	 1.54387	 1.54403	 1.54388	 1.54417	 
13.84	 0.381	 0.678	 -0.99	 0.377618	 0.672205	 -0.974717	 0.373734	 0.666428	 -0.959547	 0.36973	 0.660657	 -0.944405	 0.366191	 0.654869	 -0.929155	 0.362881	 0.649067	 -0.913857	 1.57079	 1.57073	 1.57089	 1.57075	 1.57104	 
13.85	 0.381	 0.678	 -0.99	 0.377371	 0.672413	 -0.974497	 0.373609	 0.666379	 -0.959194	 0.369809	 0.660237	 -0.943943	 0.366132	 0.654515	 -0.928501	 0.362523	 0.649005	 -0.912963	 1.59863	 1.59856	 1.59872	 1.59859	 1.59888	 
13.86	 0.381	 0.678	 -0.99	 0.37703	 0.672278	 -0.974424	 0.373463	 0.666244	 -0.95887	 0.369987	 0.660134	 -0.943323	 0.36613	 0.654317	 -0.927754	 0.362091	 0.648648	 -0.912175	 1.62712	 1.62706	 1.62721	 1.62707	 1.62735	 
13.87	 0.381	 0.678	 -0.99	 0.376986	 0.671921	 -0.974364	 0.37339	 0.666055	 -0.958546	 0.369897	 0.660239	 -0.942686	 0.366004	 0.654222	 -0.926996	 0.361912	 0.648107	 -0.911393	 1.65574	 1.65567	 1.65581	 1.65565	 1.65592	 
13.88	 0.381	 0.678	 -0.99	 0.377226	 0.671713	 -0.974182	 0.373393	 0.665905	 -0.958197	 0.369547	 0.66021	 -0.942173	 0.365754	 0.654064	 -0.926305	 0.361982	 0.6477	 -0.910517	 1.68387	 1.68379	 1.68391	 1.68373	 1.68398	 
13.89	 0.381	 0.678	 -0.99	 0.377427	 0.671817	 -0.973899	 0.373391	 0.665834	 -0.957833	 0.369243	 0.659903	 -0.941775	 0.36553	 0.653782	 -0.925684	 0.362033	 0.647563	 -0.90958	 1.71101	 1.71091	 1.71101	 1.71081	 1.71106	 
13.9	 0.381	 0.678	 -0.99	 0.37735	 0.672042	 -0.973646	 0.373324	 0.6658	 -0.957488	 0.36921	 0.659496	 -0.941376	 0.365448	 0.653457	 -0.925079	 0.36186	 0.647543	 -0.908696	 1.73694	 1.73684	 1.73691	 1.73672	 1.73696	 
13.91	 0.381	 0.678	 -0.99	 0.377064	 0.672104	 -0.973512	 0.373214	 0.665735	 -0.957181	 0.369385	 0.659252	 -0.94089	 0.365474	 0.653216	 -0.924448	 0.361526	 0.647402	 -0.907934	 1.76179	 1.76168	 1.76176	 1.76156	 1.76181	 
13.92	 0.381	 0.678	 -0.99	 0.376833	 0.671914	 -0.973464	 0.373127	 0.66561	 -0.956902	 0.369525	 0.659254	 -0.940335	 0.365488	 0.653101	 -0.923793	 0.361247	 0.647052	 -0.907263	 1.7859	 1.78581	 1.7859	 1.78571	 1.78595	 
13.93	 0.381	 0.678	 -0.99	 0.376846	 0.671617	 -0.973401	 0.373101	 0.665461	 -0.956621	 0.369451	 0.659358	 -0.939799	 0.36541	 0.653037	 -0.923149	 0.361177	 0.646614	 -0.906585	 1.80973	 1.80966	 1.80977	 1.8096	 1.80984	 
13.94	 0.381	 0.678	 -0.99	 0.377054	 0.671431	 -0.97325	 0.373125	 0.665338	 -0.956317	 0.369199	 0.659353	 -0.939345	 0.365252	 0.652919	 -0.922543	 0.361293	 0.646274	 -0.905825	 1.83363	 1.83356	 1.83369	 1.83352	 1.83377	 
13.95	 0.381	 0.678	 -0.99	 0.377263	 0.671464	 -0.973016	 0.373148	 0.665261	 -0.955995	 0.368945	 0.65914	 -0.938965	 0.365103	 0.652705	 -0.921967	 0.361434	 0.646114	 -0.904988	 1.85766	 1.85759	 1.85772	 1.85756	 1.85782	 
13.96	 0.381	 0.678	 -0.99	 0.37731	 0.671635	 -0.972769	 0.373136	 0.665217	 -0.95567	 0.368858	 0.658792	 -0.938598	 0.365044	 0.65242	 -0.921398	 0.361449	 0.646066	 -0.904142	 1.88165	 1.88157	 1.88168	 1.88153	 1.88179	 
13.97	 0.381	 0.678	 -0.99	 0.377167	 0.671782	 -0.972579	 0.373096	 0.66517	 -0.955358	 0.368972	 0.658467	 -0.938185	 0.365082	 0.652138	 -0.920817	 0.361307	 0.645989	 -0.903358	 1.90521	 1.90512	 1.90522	 1.90506	 1.90531	 
13.98	 0.381	 0.678	 -0.99	 0.376943	 0.671778	 -0.972469	 0.373046	 0.665087	 -0.955075	 0.369184	 0.658289	 -0.937714	 0.365176	 0.651929	 -0.920222	 0.361105	 0.645777	 -0.902669	 1.92794	 1.92784	 1.92793	 1.92774	 1.92797	 
13.99	 0.381	 0.678	 -0.99	 0.37678	 0.671602	 -0.972416	 0.37301	 0.664969	 -0.954817	 0.369348	 0.658275	 -0.937218	 0.365264	 0.651801	 -0.919631	 0.360977	 0.64544	 -0.90205	 1.94949	 1.9494	 1.94947	 1.94926	 1.94949	 
14	 0.381	 0.678	 -0.99	 0.376773	 0.671352	 -0.972364	 0.373018	 0.664835	 -0.954575	 0.369375	 0.658344	 -0.936752	 0.365291	 0.651727	 -0.919073	 0.360998	 0.645057	 -0.901462	 1.96973	 1.96965	 1.96971	 1.9695	 1.96971	 
14.01	 0.381	 0.678	 -0.99	 0.376927	 0.671154	 -0.972267	 0.37307	 0.664721	 -0.954334	 0.369267	 0.658383	 -0.936354	 0.36526	 0.651651	 -0.918564	 0.361152	 0.644734	 -0.900867	 1.98871	 1.98862	 1.98869	 1.98848	 1.9887	 
14.02	 0.381	 0.678	 -0.99	 0.377144	 0.671088	 -0.972116	 0.37314	 0.664646	 -0.95409	 0.369106	 0.65831	 -0.936032	 0.365213	 0.651528	 -0.918108	 0.36138	 0.644539	 -0.900248	 2.00659	 2.0065	 2.00657	 2.00637	 2.00659	 
14.03	 0.381	 0.678	 -0.99	 0.377314	 0.671165	 -0.971929	 0.373205	 0.664606	 -0.953847	 0.369	 0.658113	 -0.935763	 0.3652	 0.651357	 -0.917688	 0.361589	 0.644472	 -0.89962	 2.02356	 2.02346	 2.02354	 2.02334	 2.02357	 
14.04	 0.381	 0.678	 -0.99	 0.377376	 0.671319	 -0.971743	 0.373255	 0.66459	 -0.953611	 0.369021	 0.657852	 -0.935508	 0.365252	 0.651158	 -0.917287	 0.361701	 0.644481	 -0.899014	 2.03976	 2.03964	 2.03972	 2.03952	 2.03974	 
14.05	 0.381	 0.678	 -0.99	 0.377306	 0.671458	 -0.971598	 0.373284	 0.664573	 -0.953391	 0.369177	 0.65761	 -0.935232	 0.365371	 0.650974	 -0.916888	 0.361718	 0.644489	 -0.898458	 2.05517	 2.05505	 2.05512	 2.05493	 2.05515	 
14.06	 0.381	 0.678	 -0.99	 0.377147	 0.671509	 -0.971509	 0.373282	 0.664537	 -0.953197	 0.36941	 0.657459	 -0.934927	 0.365546	 0.650838	 -0.916485	 0.361692	 0.644427	 -0.897967	 2.06971	 2.0696	 2.06966	 2.06947	 2.06968	 
14.07	 0.381	 0.678	 -0.99	 0.376988	 0.67144	 -0.971471	 0.373283	 0.664479	 -0.953025	 0.369651	 0.657425	 -0.934599	 0.365734	 0.650755	 -0.916091	 0.361684	 0.644269	 -0.897545	 2.08321	 2.08311	 2.08317	 2.08296	 2.08317	 
14.08	 0.381	 0.678	 -0.99	 0.376916	 0.671282	 -0.971455	 0.373321	 0.664402	 -0.95287	 0.369838	 0.657485	 -0.934277	 0.365895	 0.650718	 -0.915721	 0.361741	 0.644027	 -0.897183	 2.0955	 2.0954	 2.09547	 2.09524	 2.09544	 
14.09	 0.381	 0.678	 -0.99	 0.376963	 0.671088	 -0.971438	 0.373391	 0.664321	 -0.952729	 0.369928	 0.657581	 -0.933989	 0.366021	 0.650701	 -0.915389	 0.361904	 0.643763	 -0.896855	 2.10645	 2.10636	 2.10643	 2.10619	 2.10639	 
14.1	 0.381	 0.678	 -0.99	 0.377106	 0.670927	 -0.9714	 0.373483	 0.664246	 -0.952601	 0.369925	 0.657651	 -0.933759	 0.366111	 0.650684	 -0.915104	 0.362177	 0.643548	 -0.896536	 2.11606	 2.11597	 2.11603	 2.11579	 2.11598	 
14.11	 0.381	 0.678	 -0.99	 0.377311	 0.670856	 -0.971325	 0.373592	 0.664196	 -0.952479	 0.369873	 0.657651	 -0.933592	 0.366186	 0.650645	 -0.914866	 0.362505	 0.643423	 -0.896221	 2.12438	 2.12428	 2.12435	 2.1241	 2.1243	 
14.12	 0.381	 0.678	 -0.99	 0.377516	 0.670892	 -0.971221	 0.373712	 0.664183	 -0.952358	 0.369836	 0.657564	 -0.933477	 0.366264	 0.650568	 -0.914675	 0.362828	 0.643397	 -0.895911	 2.13157	 2.13146	 2.13152	 2.13129	 2.13149	 
14.13	 0.381	 0.678	 -0.99	 0.377654	 0.671014	 -0.971106	 0.373819	 0.664189	 -0.952247	 0.369869	 0.657405	 -0.933396	 0.36638	 0.650467	 -0.914512	 0.363108	 0.64345	 -0.895617	 2.13778	 2.13766	 2.13772	 2.1375	 2.13771	 
14.14	 0.381	 0.678	 -0.99	 0.377694	 0.671165	 -0.971006	 0.373901	 0.664205	 -0.95215	 0.369999	 0.65722	 -0.933325	 0.366552	 0.650356	 -0.914368	 0.363317	 0.643545	 -0.895354	 2.14311	 2.14299	 2.14305	 2.14283	 2.14304	 
14.15	 0.381	 0.678	 -0.99	 0.377635	 0.671295	 -0.970938	 0.373966	 0.66422	 -0.952069	 0.370223	 0.657065	 -0.933243	 0.366768	 0.650265	 -0.914233	 0.363456	 0.643625	 -0.89514	 2.14758	 2.14745	 2.14751	 2.1473	 2.14751	 
14.16	 0.381	 0.678	 -0.99	 0.377518	 0.671357	 -0.970913	 0.374014	 0.664227	 -0.952008	 0.370506	 0.656989	 -0.933144	 0.367022	 0.650214	 -0.914106	 0.363551	 0.643651	 -0.89499	 2.15106	 2.15094	 2.15099	 2.15077	 2.15097	 
14.17	 0.381	 0.678	 -0.99	 0.377397	 0.671325	 -0.97093	 0.374067	 0.664218	 -0.951969	 0.370799	 0.65701	 -0.933034	 0.367279	 0.650212	 -0.913994	 0.363646	 0.643609	 -0.894906	 2.15336	 2.15324	 2.1533	 2.15305	 2.15324	 
14.18	 0.381	 0.678	 -0.99	 0.377338	 0.671212	 -0.970975	 0.374143	 0.66419	 -0.951952	 0.371051	 0.657115	 -0.932932	 0.367516	 0.650257	 -0.91391	 0.36378	 0.643504	 -0.894889	 2.15424	 2.15413	 2.15419	 2.15392	 2.1541	 
14.19	 0.381	 0.678	 -0.99	 0.377367	 0.671051	 -0.971033	 0.374237	 0.664156	 -0.951958	 0.37122	 0.657268	 -0.932861	 0.367722	 0.650329	 -0.913868	 0.364001	 0.643376	 -0.894921	 2.15354	 2.15344	 2.15349	 2.15321	 2.15339	 
14.2	 0.381	 0.678	 -0.99	 0.377486	 0.670904	 -0.971082	 0.374348	 0.664127	 -0.951982	 0.371297	 0.657422	 -0.932842	 0.367892	 0.650415	 -0.913873	 0.36432	 0.643271	 -0.894985	 2.15121	 2.15111	 2.15116	 2.15087	 2.15104	 
14.21	 0.381	 0.678	 -0.99	 0.377688	 0.670824	 -0.971103	 0.374483	 0.664123	 -0.952015	 0.371306	 0.657531	 -0.932884	 0.368028	 0.650487	 -0.913934	 0.364694	 0.643235	 -0.895071	 2.14734	 2.14724	 2.14729	 2.147	 2.14718	 
14.22	 0.381	 0.678	 -0.99	 0.377915	 0.67084	 -0.971095	 0.37463	 0.664148	 -0.952055	 0.371296	 0.657561	 -0.932985	 0.368148	 0.650531	 -0.914045	 0.365086	 0.643296	 -0.895167	 2.14214	 2.14202	 2.14208	 2.1418	 2.14199	 
14.23	 0.381	 0.678	 -0.99	 0.378097	 0.670953	 -0.971069	 0.374756	 0.664194	 -0.952106	 0.371317	 0.657506	 -0.933135	 0.368293	 0.650544	 -0.914194	 0.365457	 0.643449	 -0.895272	 2.13585	 2.13572	 2.13579	 2.13553	 2.13573	 
14.24	 0.381	 0.678	 -0.99	 0.378189	 0.671125	 -0.971042	 0.374862	 0.664259	 -0.952166	 0.371422	 0.657397	 -0.933308	 0.368477	 0.650531	 -0.91437	 0.365758	 0.64366	 -0.895398	 2.12872	 2.12859	 2.12865	 2.12841	 2.12861	 
14.25	 0.381	 0.678	 -0.99	 0.378179	 0.671309	 -0.971033	 0.374953	 0.66433	 -0.952237	 0.371634	 0.657289	 -0.933479	 0.368704	 0.650521	 -0.914559	 0.365958	 0.643874	 -0.895566	 2.12088	 2.12074	 2.12081	 2.12057	 2.12077	 
14.26	 0.381	 0.678	 -0.99	 0.378081	 0.671433	 -0.971065	 0.375021	 0.664393	 -0.952325	 0.37193	 0.657244	 -0.93363	 0.368971	 0.650541	 -0.914751	 0.366077	 0.644047	 -0.895788	 2.11231	 2.11218	 2.11225	 2.11199	 2.11218	 
14.27	 0.381	 0.678	 -0.99	 0.377945	 0.671453	 -0.971146	 0.375081	 0.664432	 -0.952435	 0.372255	 0.657301	 -0.933759	 0.369249	 0.650617	 -0.914947	 0.366167	 0.644147	 -0.896073	 2.10284	 2.10271	 2.10278	 2.1025	 2.1027	 
14.28	 0.381	 0.678	 -0.99	 0.377851	 0.671367	 -0.971268	 0.375145	 0.664448	 -0.95257	 0.37254	 0.657466	 -0.933881	 0.369509	 0.650752	 -0.91516	 0.366284	 0.644166	 -0.896425	 2.09216	 2.09204	 2.0921	 2.09181	 2.09199	 
14.29	 0.381	 0.678	 -0.99	 0.377856	 0.671213	 -0.971409	 0.375232	 0.664458	 -0.952726	 0.372725	 0.657706	 -0.934026	 0.369722	 0.650924	 -0.915412	 0.366488	 0.644138	 -0.896837	 2.07992	 2.0798	 2.07986	 2.07954	 2.07971	 
14.3	 0.381	 0.678	 -0.99	 0.377987	 0.67107	 -0.97154	 0.375345	 0.664473	 -0.952903	 0.372788	 0.657953	 -0.934227	 0.369878	 0.651114	 -0.915719	 0.366801	 0.644128	 -0.897293	 2.06579	 2.06567	 2.06572	 2.06538	 2.06555	 
14.31	 0.381	 0.678	 -0.99	 0.378218	 0.67101	 -0.971641	 0.375481	 0.664516	 -0.953095	 0.372757	 0.658136	 -0.934508	 0.369987	 0.651283	 -0.916099	 0.367188	 0.644212	 -0.897775	 2.04963	 2.04949	 2.04954	 2.0492	 2.04937	 
14.32	 0.381	 0.678	 -0.99	 0.378464	 0.671086	 -0.971705	 0.375622	 0.664597	 -0.953301	 0.372707	 0.658205	 -0.934874	 0.370079	 0.651412	 -0.91655	 0.367586	 0.644428	 -0.898277	 2.03154	 2.03139	 2.03144	 2.0311	 2.03128	 
14.33	 0.381	 0.678	 -0.99	 0.378627	 0.671288	 -0.971747	 0.375736	 0.664711	 -0.95352	 0.372727	 0.658169	 -0.9353	 0.370205	 0.651499	 -0.917054	 0.367911	 0.644761	 -0.898802	 2.01191	 2.01175	 2.0118	 2.01148	 2.01167	 
14.34	 0.381	 0.678	 -0.99	 0.378634	 0.671535	 -0.971802	 0.375813	 0.664841	 -0.953753	 0.372887	 0.658095	 -0.93574	 0.370394	 0.651566	 -0.917584	 0.368107	 0.64514	 -0.899363	 1.9913	 1.99115	 1.99121	 1.99091	 1.99111	 
14.35	 0.381	 0.678	 -0.99	 0.378499	 0.671719	 -0.971903	 0.375859	 0.664957	 -0.954001	 0.373183	 0.658086	 -0.936145	 0.370639	 0.651667	 -0.918105	 0.368165	 0.645461	 -0.899979	 1.97029	 1.97016	 1.97025	 1.96995	 1.97015	 
14.36	 0.381	 0.678	 -0.99	 0.378314	 0.671746	 -0.972068	 0.37589	 0.66504	 -0.954263	 0.373524	 0.658227	 -0.936491	 0.370904	 0.651837	 -0.918599	 0.368166	 0.645652	 -0.900651	 1.94926	 1.94914	 1.94925	 1.94896	 1.94916	 
14.37	 0.381	 0.678	 -0.99	 0.378208	 0.671611	 -0.97228	 0.375934	 0.665084	 -0.954538	 0.373774	 0.65852	 -0.936794	 0.371121	 0.652083	 -0.919072	 0.368236	 0.645715	 -0.90136	 1.92823	 1.92812	 1.92824	 1.92795	 1.92814	 
14.38	 0.381	 0.678	 -0.99	 0.378288	 0.671421	 -0.972489	 0.376011	 0.665112	 -0.954818	 0.373836	 0.658866	 -0.937111	 0.371248	 0.652362	 -0.919556	 0.368459	 0.645736	 -0.902075	 1.9069	 1.90679	 1.9069	 1.90659	 1.90678	 
14.39	 0.381	 0.678	 -0.99	 0.378542	 0.671332	 -0.972643	 0.376128	 0.665169	 -0.955094	 0.37373	 0.659122	 -0.937503	 0.371287	 0.652599	 -0.920091	 0.368815	 0.645851	 -0.902768	 1.88473	 1.8846	 1.88468	 1.88436	 1.88455	 
14.4	 0.381	 0.678	 -0.99	 0.378819	 0.671454	 -0.972726	 0.376254	 0.665278	 -0.95537	 0.373597	 0.65919	 -0.937997	 0.371303	 0.652754	 -0.9207	 0.369183	 0.646148	 -0.903443	 1.86113	 1.86097	 1.86104	 1.86069	 1.86089	 
14.41	 0.381	 0.678	 -0.99	 0.378934	 0.671746	 -0.972783	 0.376336	 0.665433	 -0.955661	 0.373613	 0.659113	 -0.938561	 0.371389	 0.652847	 -0.921372	 0.369406	 0.6466	 -0.904145	 1.83574	 1.83556	 1.83561	 1.83525	 1.83544	 
14.42	 0.381	 0.678	 -0.99	 0.378798	 0.67202	 -0.972894	 0.376357	 0.665596	 -0.955984	 0.373858	 0.659068	 -0.939121	 0.371582	 0.652961	 -0.922073	 0.369418	 0.647058	 -0.904938	 1.80848	 1.80831	 1.80837	 1.80799	 1.80818	 
14.43	 0.381	 0.678	 -0.99	 0.378537	 0.672084	 -0.97311	 0.376347	 0.665715	 -0.956349	 0.374215	 0.659239	 -0.939621	 0.371825	 0.65319	 -0.92277	 0.369318	 0.647352	 -0.905862	 1.77965	 1.77949	 1.77956	 1.77919	 1.77937	 
14.44	 0.381	 0.678	 -0.99	 0.378415	 0.671908	 -0.973403	 0.376364	 0.66578	 -0.956744	 0.37444	 0.659645	 -0.940074	 0.372006	 0.65354	 -0.923461	 0.369324	 0.647455	 -0.906877	 1.74977	 1.74962	 1.74971	 1.74935	 1.74955	 
14.45	 0.381	 0.678	 -0.99	 0.378592	 0.671704	 -0.973667	 0.376451	 0.665841	 -0.957138	 0.374374	 0.660076	 -0.940566	 0.372041	 0.653905	 -0.924177	 0.369578	 0.647541	 -0.90788	 1.71948	 1.71933	 1.71944	 1.71911	 1.71932	 
14.46	 0.381	 0.678	 -0.99	 0.378934	 0.671757	 -0.973814	 0.376575	 0.665957	 -0.957505	 0.374144	 0.660263	 -0.941168	 0.371987	 0.654153	 -0.924945	 0.369964	 0.647836	 -0.908783	 1.68934	 1.6892	 1.68933	 1.68901	 1.68923	 
14.47	 0.381	 0.678	 -0.99	 0.379093	 0.672096	 -0.973876	 0.376651	 0.666139	 -0.957845	 0.374079	 0.660174	 -0.941836	 0.372008	 0.654258	 -0.925739	 0.370185	 0.648359	 -0.909604	 1.65977	 1.65964	 1.65978	 1.65947	 1.65969	 
14.48	 0.381	 0.678	 -0.99	 0.378884	 0.672402	 -0.973996	 0.376634	 0.666313	 -0.95819	 0.374351	 0.660107	 -0.942434	 0.372189	 0.654363	 -0.92649	 0.370088	 0.648849	 -0.910454	 1.63098	 1.63086	 1.63101	 1.63071	 1.63093	 
14.49	 0.381	 0.678	 -0.99	 0.378569	 0.672352	 -0.974255	 0.376588	 0.666398	 -0.958561	 0.37471	 0.660368	 -0.942883	 0.372407	 0.654626	 -0.927155	 0.369899	 0.649034	 -0.911402	 1.60295	 1.60284	 1.603	 1.60269	 1.60292	 
14.5	 0.381	 0.678	 -0.99	 0.378595	 0.672063	 -0.974554	 0.376615	 0.666421	 -0.958938	 0.374739	 0.660851	 -0.943282	 0.372462	 0.655002	 -0.927785	 0.369983	 0.649015	 -0.912369	 1.5755	 1.57538	 1.57553	 1.57522	 1.57545	 
14.51	 0.381	 0.678	 -0.99	 0.378967	 0.672008	 -0.974714	 0.376724	 0.6665	 -0.959278	 0.374436	 0.661111	 -0.943805	 0.372344	 0.655267	 -0.928473	 0.370344	 0.649195	 -0.913216	 1.54831	 1.54817	 1.5483	 1.54798	 1.54822	 
14.52	 0.381	 0.678	 -0.99	 0.379164	 0.67237	 -0.974745	 0.376794	 0.666685	 -0.959586	 0.374293	 0.660986	 -0.944452	 0.372295	 0.655341	 -0.929225	 0.370551	 0.649723	 -0.913956	 1.52101	 1.52088	 1.52101	 1.52066	 1.52089	 
14.53	 0.381	 0.678	 -0.99	 0.378877	 0.672689	 -0.974862	 0.376742	 0.666864	 -0.959917	 0.374598	 0.660914	 -0.945022	 0.372467	 0.655446	 -0.929945	 0.37035	 0.65022	 -0.914777	 1.49341	 1.49328	 1.49341	 1.49305	 1.49327	 
14.54	 0.381	 0.678	 -0.99	 0.378571	 0.672524	 -0.975166	 0.376676	 0.666929	 -0.960298	 0.374912	 0.661306	 -0.945425	 0.372645	 0.655788	 -0.930583	 0.370126	 0.650327	 -0.915759	 1.46547	 1.46532	 1.46544	 1.4651	 1.46533	 
14.55	 0.381	 0.678	 -0.99	 0.378793	 0.672239	 -0.97544	 0.376733	 0.666965	 -0.960675	 0.374715	 0.66181	 -0.945863	 0.372562	 0.656193	 -0.931241	 0.370332	 0.650347	 -0.916719	 1.43735	 1.4372	 1.43732	 1.43699	 1.43723	 
14.56	 0.381	 0.678	 -0.99	 0.37917	 0.672465	 -0.975499	 0.376828	 0.667124	 -0.960999	 0.374365	 0.66183	 -0.946501	 0.372388	 0.656355	 -0.931998	 0.370656	 0.650787	 -0.917498	 1.40935	 1.40923	 1.40937	 1.40903	 1.40928	 
14.57	 0.381	 0.678	 -0.99	 0.378981	 0.672906	 -0.975556	 0.376786	 0.667333	 -0.961316	 0.374545	 0.661645	 -0.947128	 0.372477	 0.656404	 -0.932746	 0.370505	 0.651389	 -0.918268	 1.38188	 1.38177	 1.38194	 1.3816	 1.38184	 
14.58	 0.381	 0.678	 -0.99	 0.378584	 0.672794	 -0.975846	 0.376689	 0.667404	 -0.961682	 0.374924	 0.661969	 -0.947518	 0.372672	 0.656701	 -0.933361	 0.370176	 0.651523	 -0.919211	 1.35525	 1.35512	 1.35528	 1.35497	 1.35523	 
14.59	 0.381	 0.678	 -0.99	 0.378814	 0.672458	 -0.97612	 0.376745	 0.667412	 -0.962035	 0.37471	 0.662488	 -0.947901	 0.372564	 0.657096	 -0.933958	 0.370354	 0.651467	 -0.920117	 1.32957	 1.32943	 1.3296	 1.32931	 1.32959	 
14.6	 0.381	 0.678	 -0.99	 0.37919	 0.672745	 -0.97613	 0.376836	 0.667568	 -0.962313	 0.374348	 0.66241	 -0.948511	 0.372367	 0.657181	 -0.934657	 0.370644	 0.651913	 -0.92078	 1.30488	 1.30476	 1.30494	 1.30463	 1.30488	 
14.61	 0.381	 0.678	 -0.99	 0.378851	 0.673131	 -0.976205	 0.376745	 0.667747	 -0.962596	 0.374644	 0.662234	 -0.949038	 0.372501	 0.657204	 -0.935301	 0.370343	 0.652427	 -0.921476	 1.28114	 1.28104	 1.28122	 1.2809	 1.28116	 
14.62	 0.381	 0.678	 -0.99	 0.378569	 0.672814	 -0.976531	 0.37666	 0.667749	 -0.962933	 0.374879	 0.662714	 -0.949306	 0.372607	 0.657562	 -0.935798	 0.370085	 0.652356	 -0.922354	 1.25834	 1.25821	 1.25838	 1.25809	 1.25836	 
14.63	 0.381	 0.678	 -0.99	 0.379021	 0.672669	 -0.97667	 0.376756	 0.667788	 -0.963214	 0.37442	 0.663024	 -0.949728	 0.372351	 0.657834	 -0.936358	 0.370418	 0.65242	 -0.923054	 1.23648	 1.23635	 1.23652	 1.23622	 1.2365	 
14.64	 0.381	 0.678	 -0.99	 0.379051	 0.673181	 -0.976619	 0.376743	 0.667989	 -0.963437	 0.374347	 0.662707	 -0.950305	 0.372283	 0.657771	 -0.936985	 0.370396	 0.653011	 -0.923574	 1.21564	 1.21554	 1.21573	 1.21541	 1.21567	 
14.65	 0.381	 0.678	 -0.99	 0.378543	 0.673131	 -0.976861	 0.376591	 0.668046	 -0.963719	 0.374768	 0.662905	 -0.95058	 0.372472	 0.657964	 -0.93744	 0.369932	 0.653133	 -0.924301	 1.19603	 1.19591	 1.1961	 1.1958	 1.19609	 
14.66	 0.381	 0.678	 -0.99	 0.37882	 0.672748	 -0.977091	 0.376636	 0.668014	 -0.963984	 0.374454	 0.663407	 -0.950831	 0.372278	 0.658317	 -0.937858	 0.370099	 0.652979	 -0.924983	 1.17776	 1.17763	 1.17782	 1.17755	 1.17785	 
14.67	 0.381	 0.678	 -0.99	 0.379089	 0.673183	 -0.976999	 0.376684	 0.668183	 -0.964152	 0.37415	 0.663139	 -0.951344	 0.372076	 0.658266	 -0.938391	 0.370247	 0.653482	 -0.925366	 1.1609	 1.16081	 1.16102	 1.16072	 1.161	 
14.68	 0.381	 0.678	 -0.99	 0.378551	 0.673314	 -0.977151	 0.376519	 0.668275	 -0.964364	 0.374586	 0.663146	 -0.951596	 0.372259	 0.658347	 -0.938767	 0.369733	 0.653726	 -0.925909	 1.14555	 1.14544	 1.14565	 1.14537	 1.14568	 
14.69	 0.381	 0.678	 -0.99	 0.378701	 0.672859	 -0.977398	 0.376516	 0.668212	 -0.964587	 0.37436	 0.663692	 -0.951723	 0.372097	 0.658709	 -0.939053	 0.369776	 0.653484	 -0.926489	 1.13168	 1.13155	 1.13174	 1.13149	 1.1318	 
14.7	 0.381	 0.678	 -0.99	 0.379038	 0.67324	 -0.977281	 0.376561	 0.668357	 -0.964701	 0.373953	 0.663448	 -0.952155	 0.37183	 0.658652	 -0.939477	 0.369961	 0.65391	 -0.926737	 1.11923	 1.11914	 1.11935	 1.11907	 1.11936	 
14.71	 0.381	 0.678	 -0.99	 0.37849	 0.673408	 -0.977394	 0.376381	 0.668445	 -0.964855	 0.374375	 0.663388	 -0.952336	 0.371995	 0.658674	 -0.939751	 0.36942	 0.654142	 -0.927135	 1.10832	 1.10821	 1.10842	 1.10815	 1.10846	 
14.72	 0.381	 0.678	 -0.99	 0.378641	 0.672929	 -0.977616	 0.376375	 0.668357	 -0.965024	 0.374137	 0.66391	 -0.95238	 0.371815	 0.658995	 -0.939928	 0.369441	 0.653837	 -0.927582	 1.09897	 1.09885	 1.09905	 1.0988	 1.09912	 
14.73	 0.381	 0.678	 -0.99	 0.378954	 0.673326	 -0.977461	 0.376412	 0.668482	 -0.965079	 0.373746	 0.663596	 -0.952739	 0.371543	 0.65887	 -0.940247	 0.369583	 0.654226	 -0.927683	 1.09122	 1.09114	 1.09136	 1.09109	 1.09139	 
14.74	 0.381	 0.678	 -0.99	 0.378386	 0.673416	 -0.977577	 0.376224	 0.668528	 -0.965183	 0.374174	 0.663559	 -0.952801	 0.3717	 0.658873	 -0.940388	 0.369006	 0.654343	 -0.927961	 1.08521	 1.08512	 1.08533	 1.08508	 1.08541	 
14.75	 0.381	 0.678	 -0.99	 0.378625	 0.672956	 -0.977739	 0.376231	 0.668424	 -0.965284	 0.373834	 0.664019	 -0.952782	 0.371454	 0.659134	 -0.940458	 0.369081	 0.654002	 -0.928231	 1.08093	 1.08083	 1.08103	 1.0808	 1.08112	 
14.76	 0.381	 0.678	 -0.99	 0.378825	 0.673412	 -0.977543	 0.376226	 0.668544	 -0.965276	 0.373518	 0.663607	 -0.953058	 0.371209	 0.65893	 -0.940659	 0.369114	 0.65439	 -0.928169	 1.07829	 1.07822	 1.07844	 1.07818	 1.07849	 
14.77	 0.381	 0.678	 -0.99	 0.378258	 0.67336	 -0.977682	 0.376027	 0.668534	 -0.965334	 0.373924	 0.663659	 -0.95298	 0.371344	 0.658957	 -0.940652	 0.368519	 0.65435	 -0.928339	 1.07728	 1.07718	 1.07738	 1.07715	 1.07747	 
14.78	 0.381	 0.678	 -0.99	 0.378612	 0.672969	 -0.977759	 0.37606	 0.668429	 -0.965361	 0.373467	 0.664017	 -0.952924	 0.371026	 0.659144	 -0.940631	 0.368663	 0.654026	 -0.928419	 1.07772	 1.07762	 1.07783	 1.0776	 1.07792	 
14.79	 0.381	 0.678	 -0.99	 0.378666	 0.673465	 -0.977544	 0.376014	 0.668544	 -0.965299	 0.373278	 0.663532	 -0.95311	 0.370837	 0.658878	 -0.940718	 0.368556	 0.654409	 -0.928227	 1.07955	 1.07947	 1.07968	 1.07943	 1.07974	 
14.8	 0.381	 0.678	 -0.99	 0.378142	 0.67327	 -0.977703	 0.375812	 0.668485	 -0.965318	 0.373618	 0.663686	 -0.952911	 0.370929	 0.658936	 -0.940585	 0.367979	 0.654217	 -0.928304	 1.08278	 1.08268	 1.08288	 1.08265	 1.08297	 
14.81	 0.381	 0.678	 -0.99	 0.378568	 0.672975	 -0.977695	 0.37585	 0.668393	 -0.965278	 0.373067	 0.663925	 -0.952833	 0.370549	 0.65904	 -0.94049	 0.368166	 0.653935	 -0.928207	 1.08743	 1.08734	 1.08754	 1.08732	 1.08764	 
14.82	 0.381	 0.678	 -0.99	 0.378489	 0.673469	 -0.977476	 0.375763	 0.668495	 -0.965168	 0.372983	 0.663409	 -0.952915	 0.370403	 0.658736	 -0.940459	 0.367931	 0.65428	 -0.927899	 1.09365	 1.09358	 1.09379	 1.09356	 1.09387	 
14.83	 0.381	 0.678	 -0.99	 0.378027	 0.673177	 -0.97763	 0.375572	 0.668393	 -0.965133	 0.373249	 0.663614	 -0.952607	 0.370441	 0.658798	 -0.940196	 0.367378	 0.653972	 -0.927848	 1.10165	 1.10156	 1.10177	 1.10158	 1.1019	 
14.84	 0.381	 0.678	 -0.99	 0.378473	 0.672943	 -0.977553	 0.37561	 0.668295	 -0.96502	 0.372661	 0.663749	 -0.952468	 0.370026	 0.658822	 -0.939992	 0.367554	 0.653696	 -0.92756	 1.11154	 1.11146	 1.11168	 1.11149	 1.11182	 
14.85	 0.381	 0.678	 -0.99	 0.378338	 0.673412	 -0.977316	 0.375499	 0.668369	 -0.964845	 0.37261	 0.663213	 -0.952431	 0.369883	 0.65848	 -0.939814	 0.36725	 0.65397	 -0.927094	 1.12339	 1.12333	 1.12356	 1.12336	 1.12368	 
14.86	 0.381	 0.678	 -0.99	 0.377893	 0.673104	 -0.977434	 0.3753	 0.66824	 -0.964741	 0.372836	 0.663384	 -0.952017	 0.369889	 0.658495	 -0.939411	 0.366693	 0.653593	 -0.926867	 1.13715	 1.13707	 1.13729	 1.13712	 1.13744	 
14.87	 0.381	 0.678	 -0.99	 0.378306	 0.672844	 -0.977331	 0.375316	 0.668114	 -0.964564	 0.372254	 0.663495	 -0.951771	 0.36947	 0.658475	 -0.939068	 0.366829	 0.653243	 -0.926417	 1.15257	 1.1525	 1.15271	 1.15253	 1.15286	 
14.88	 0.381	 0.678	 -0.99	 0.378241	 0.673284	 -0.977055	 0.375217	 0.668162	 -0.964326	 0.372126	 0.662941	 -0.951652	 0.369281	 0.658099	 -0.938773	 0.366567	 0.65345	 -0.925792	 1.16933	 1.16927	 1.16947	 1.16927	 1.16958	 
14.89	 0.381	 0.678	 -0.99	 0.377751	 0.673078	 -0.977118	 0.375008	 0.668046	 -0.964162	 0.372393	 0.662984	 -0.95119	 0.3693	 0.658024	 -0.938285	 0.365959	 0.653123	 -0.925418	 1.18709	 1.187	 1.18718	 1.18699	 1.18731	 
14.9	 0.381	 0.678	 -0.99	 0.378051	 0.672695	 -0.977065	 0.374995	 0.66788	 -0.963964	 0.371914	 0.663187	 -0.950824	 0.368931	 0.658036	 -0.937835	 0.365994	 0.652651	 -0.924929	 1.2055	 1.20541	 1.20558	 1.20539	 1.20569	 
14.91	 0.381	 0.678	 -0.99	 0.378193	 0.673053	 -0.976757	 0.374943	 0.667899	 -0.963696	 0.371579	 0.662695	 -0.950683	 0.368629	 0.657687	 -0.937495	 0.365897	 0.652778	 -0.924221	 1.22437	 1.22429	 1.22446	 1.22424	 1.22454	 
14.92	 0.381	 0.678	 -0.99	 0.37768	 0.673107	 -0.976717	 0.374726	 0.667845	 -0.963489	 0.37186	 0.662489	 -0.950278	 0.36865	 0.657479	 -0.937012	 0.365269	 0.652651	 -0.92372	 1.24371	 1.24362	 1.24378	 1.24358	 1.24388	 
14.93	 0.381	 0.678	 -0.99	 0.377689	 0.672629	 -0.976755	 0.374637	 0.667653	 -0.963296	 0.371652	 0.662776	 -0.949784	 0.368424	 0.657525	 -0.936472	 0.365068	 0.652083	 -0.923265	 1.26365	 1.26356	 1.26373	 1.26354	 1.26385	 
14.94	 0.381	 0.678	 -0.99	 0.37806	 0.672697	 -0.97649	 0.37464	 0.667591	 -0.963018	 0.371105	 0.662538	 -0.949555	 0.368019	 0.657297	 -0.936054	 0.365162	 0.651957	 -0.922539	 1.28447	 1.2844	 1.28458	 1.28439	 1.2847	 
14.95	 0.381	 0.678	 -0.99	 0.377788	 0.673031	 -0.976268	 0.374486	 0.667593	 -0.962736	 0.371161	 0.662038	 -0.949256	 0.367922	 0.656923	 -0.935584	 0.36473	 0.652035	 -0.921817	 1.3065	 1.30644	 1.30662	 1.30645	 1.30675	 
14.96	 0.381	 0.678	 -0.99	 0.377398	 0.672755	 -0.976298	 0.3743	 0.667439	 -0.962501	 0.371328	 0.662101	 -0.948683	 0.367884	 0.656829	 -0.934951	 0.3642	 0.651599	 -0.921263	 1.32997	 1.3299	 1.33009	 1.32994	 1.33025	 
14.97	 0.381	 0.678	 -0.99	 0.377635	 0.672386	 -0.976202	 0.374269	 0.667253	 -0.962219	 0.370904	 0.66224	 -0.948191	 0.367542	 0.656773	 -0.934333	 0.36418	 0.651076	 -0.920567	 1.35495	 1.35489	 1.35509	 1.35495	 1.35526	 
14.98	 0.381	 0.678	 -0.99	 0.377868	 0.672591	 -0.975876	 0.374236	 0.667205	 -0.961864	 0.370481	 0.661829	 -0.947878	 0.367196	 0.656431	 -0.933785	 0.364151	 0.651014	 -0.919643	 1.38135	 1.3813	 1.38149	 1.38135	 1.38166	 
14.99	 0.381	 0.678	 -0.99	 0.377527	 0.672822	 -0.975671	 0.374061	 0.667163	 -0.961524	 0.370595	 0.661387	 -0.947423	 0.367124	 0.656063	 -0.933148	 0.363652	 0.650968	 -0.918788	 1.4089	 1.40885	 1.40902	 1.40888	 1.40918	 
15	 0.381	 0.678	 -0.99	 0.377194	 0.672528	 -0.975661	 0.373887	 0.666992	 -0.961224	 0.370704	 0.661436	 -0.946765	 0.367052	 0.655941	 -0.932395	 0.363163	 0.650486	 -0.91807	 1.4372	 1.43713	 1.43729	 1.43714	 1.43743	 
15.01	 0.381	 0.678	 -0.99	 0.377379	 0.672168	 -0.975546	 0.373844	 0.6668	 -0.960893	 0.370331	 0.661546	 -0.946193	 0.366739	 0.655854	 -0.931677	 0.363105	 0.649944	 -0.917257	 1.46585	 1.46578	 1.46593	 1.46577	 1.46605	 
15.02	 0.381	 0.678	 -0.99	 0.377648	 0.672265	 -0.975235	 0.373825	 0.66672	 -0.960513	 0.369887	 0.661226	 -0.945801	 0.366391	 0.65555	 -0.931048	 0.363117	 0.649779	 -0.916279	 1.49461	 1.49453	 1.49467	 1.4945	 1.49478	 
15.03	 0.381	 0.678	 -0.99	 0.377478	 0.672537	 -0.974965	 0.373702	 0.666684	 -0.960142	 0.369862	 0.660736	 -0.945371	 0.366256	 0.655156	 -0.930401	 0.36277	 0.649758	 -0.915333	 1.52338	 1.5233	 1.52344	 1.52326	 1.52354	 
15.04	 0.381	 0.678	 -0.99	 0.377088	 0.672462	 -0.974882	 0.373527	 0.666561	 -0.959815	 0.370047	 0.660571	 -0.944763	 0.366231	 0.65492	 -0.929663	 0.362253	 0.649446	 -0.914537	 1.55223	 1.55215	 1.55229	 1.55213	 1.55241	 
15.05	 0.381	 0.678	 -0.99	 0.376996	 0.672085	 -0.974838	 0.373426	 0.666362	 -0.959495	 0.369957	 0.660686	 -0.944111	 0.366077	 0.654827	 -0.928896	 0.361995	 0.648881	 -0.913765	 1.58131	 1.58125	 1.58139	 1.58123	 1.58151	 
15.06	 0.381	 0.678	 -0.99	 0.377249	 0.671863	 -0.974648	 0.37341	 0.6662	 -0.959136	 0.369554	 0.660654	 -0.943585	 0.365775	 0.65466	 -0.928183	 0.362031	 0.648443	 -0.91286	 1.61074	 1.61068	 1.61082	 1.61067	 1.61095	 
15.07	 0.381	 0.678	 -0.99	 0.377436	 0.671993	 -0.974337	 0.373386	 0.666124	 -0.958741	 0.369221	 0.660289	 -0.943162	 0.365511	 0.654327	 -0.927516	 0.362025	 0.648299	 -0.911843	 1.64047	 1.6404	 1.64054	 1.64039	 1.64067	 
15.08	 0.381	 0.678	 -0.99	 0.377286	 0.672218	 -0.974074	 0.373287	 0.666073	 -0.958355	 0.369216	 0.659842	 -0.942687	 0.365413	 0.653955	 -0.926822	 0.361748	 0.648234	 -0.910862	 1.67024	 1.67016	 1.67029	 1.67014	 1.67041	 
15.09	 0.381	 0.678	 -0.99	 0.376956	 0.672203	 -0.973948	 0.373147	 0.665969	 -0.958004	 0.369391	 0.659631	 -0.942088	 0.365411	 0.653703	 -0.926069	 0.361325	 0.647978	 -0.910002	 1.69967	 1.69958	 1.69969	 1.69953	 1.6998	 
15.1	 0.381	 0.678	 -0.99	 0.376777	 0.671922	 -0.973891	 0.373046	 0.665808	 -0.957676	 0.369431	 0.65968	 -0.941439	 0.36535	 0.653585	 -0.925302	 0.361041	 0.647513	 -0.909213	 1.72834	 1.72826	 1.72836	 1.72818	 1.72844	 
15.11	 0.381	 0.678	 -0.99	 0.376885	 0.671627	 -0.973777	 0.373017	 0.665645	 -0.957346	 0.369209	 0.659752	 -0.940868	 0.36517	 0.653488	 -0.924585	 0.361015	 0.647047	 -0.908398	 1.756	 1.75592	 1.75601	 1.75582	 1.75606	 
15.12	 0.381	 0.678	 -0.99	 0.377128	 0.67155	 -0.973555	 0.373026	 0.665535	 -0.957002	 0.368875	 0.659625	 -0.940422	 0.364945	 0.653301	 -0.923943	 0.361116	 0.646774	 -0.907517	 1.78261	 1.78252	 1.78261	 1.78241	 1.78266	 
15.13	 0.381	 0.678	 -0.99	 0.377254	 0.671694	 -0.973285	 0.373018	 0.66548	 -0.956653	 0.368671	 0.659288	 -0.940041	 0.364789	 0.653013	 -0.923347	 0.361129	 0.646694	 -0.906618	 1.80833	 1.80824	 1.80833	 1.80814	 1.80838	 
15.14	 0.381	 0.678	 -0.99	 0.377148	 0.671881	 -0.973059	 0.372968	 0.665435	 -0.95632	 0.368705	 0.658916	 -0.939629	 0.364751	 0.652707	 -0.922746	 0.360954	 0.646644	 -0.905772	 1.83351	 1.83341	 1.83351	 1.83334	 1.83358	 
15.15	 0.381	 0.678	 -0.99	 0.376898	 0.671916	 -0.972927	 0.372883	 0.665357	 -0.95601	 0.368884	 0.658688	 -0.939132	 0.364794	 0.652467	 -0.922106	 0.36067	 0.646461	 -0.90501	 1.85846	 1.85837	 1.85848	 1.85832	 1.85855	 
15.16	 0.381	 0.678	 -0.99	 0.376685	 0.671744	 -0.972862	 0.372805	 0.66523	 -0.955717	 0.369025	 0.658652	 -0.938574	 0.364834	 0.652317	 -0.921435	 0.36045	 0.646107	 -0.904297	 1.8834	 1.88333	 1.88344	 1.88328	 1.88352	 
15.17	 0.381	 0.678	 -0.99	 0.376651	 0.671472	 -0.972792	 0.372771	 0.665076	 -0.955424	 0.369006	 0.65871	 -0.938018	 0.364808	 0.652217	 -0.920761	 0.3604	 0.645667	 -0.903575	 1.90836	 1.90829	 1.90841	 1.90824	 1.90848	 
15.18	 0.381	 0.678	 -0.99	 0.376804	 0.671255	 -0.972658	 0.372794	 0.664937	 -0.955113	 0.368837	 0.658717	 -0.937521	 0.364713	 0.652091	 -0.920117	 0.360501	 0.645273	 -0.902807	 1.93315	 1.93309	 1.9332	 1.93303	 1.93327	 
15.19	 0.381	 0.678	 -0.99	 0.377026	 0.671193	 -0.972455	 0.372847	 0.664835	 -0.95479	 0.368623	 0.65858	 -0.937098	 0.364598	 0.651898	 -0.919518	 0.360662	 0.645017	 -0.901992	 1.95747	 1.95739	 1.95749	 1.95732	 1.95756	 
15.2	 0.381	 0.678	 -0.99	 0.377172	 0.671282	 -0.97222	 0.372882	 0.664767	 -0.95447	 0.368486	 0.658305	 -0.936727	 0.36453	 0.651651	 -0.918952	 0.360782	 0.644899	 -0.901167	 1.98093	 1.98083	 1.98092	 1.98074	 1.98098	 
15.21	 0.381	 0.678	 -0.99	 0.377172	 0.671435	 -0.972004	 0.372885	 0.664725	 -0.954166	 0.368495	 0.657985	 -0.936364	 0.364542	 0.651384	 -0.918409	 0.360794	 0.644845	 -0.900386	 2.00321	 2.0031	 2.00316	 2.00298	 2.00321	 
15.22	 0.381	 0.678	 -0.99	 0.377042	 0.671549	 -0.971842	 0.37287	 0.664682	 -0.953886	 0.368645	 0.65772	 -0.935978	 0.364625	 0.65115	 -0.917878	 0.360708	 0.644763	 -0.899688	 2.02409	 2.02397	 2.02403	 2.02383	 2.02406	 
15.23	 0.381	 0.678	 -0.99	 0.376859	 0.671544	 -0.971745	 0.372846	 0.664614	 -0.953638	 0.368861	 0.657576	 -0.935565	 0.364754	 0.650984	 -0.917353	 0.360594	 0.644602	 -0.899077	 2.04353	 2.04342	 2.04347	 2.04327	 2.04348	 
15.24	 0.381	 0.678	 -0.99	 0.376714	 0.671412	 -0.971696	 0.372836	 0.664521	 -0.953415	 0.369052	 0.657557	 -0.93514	 0.364883	 0.650883	 -0.916843	 0.360535	 0.644351	 -0.898534	 2.06163	 2.06153	 2.06159	 2.06137	 2.06159	 
15.25	 0.381	 0.678	 -0.99	 0.376683	 0.671212	 -0.971655	 0.372865	 0.664415	 -0.953204	 0.369157	 0.657617	 -0.934731	 0.364974	 0.650827	 -0.916357	 0.360572	 0.644045	 -0.898031	 2.07859	 2.07851	 2.07858	 2.07837	 2.07858	 
15.26	 0.381	 0.678	 -0.99	 0.376775	 0.671015	 -0.971592	 0.372922	 0.664318	 -0.952997	 0.369153	 0.657685	 -0.934362	 0.365024	 0.650778	 -0.915904	 0.360725	 0.64375	 -0.89753	 2.09467	 2.0946	 2.09468	 2.09447	 2.09468	 
15.27	 0.381	 0.678	 -0.99	 0.376941	 0.670889	 -0.971492	 0.372992	 0.66424	 -0.952791	 0.369072	 0.657694	 -0.934046	 0.365052	 0.650708	 -0.915484	 0.360981	 0.643522	 -0.897008	 2.11005	 2.10997	 2.11007	 2.10987	 2.11008	 
15.28	 0.381	 0.678	 -0.99	 0.377136	 0.670866	 -0.971354	 0.373076	 0.664185	 -0.952582	 0.368982	 0.657609	 -0.93378	 0.365083	 0.650601	 -0.915095	 0.361264	 0.64339	 -0.896468	 2.12482	 2.12474	 2.12482	 2.12463	 2.12484	 
15.29	 0.381	 0.678	 -0.99	 0.3773	 0.670936	 -0.971193	 0.373172	 0.664155	 -0.952372	 0.368949	 0.657439	 -0.933548	 0.365135	 0.650456	 -0.914735	 0.361508	 0.643349	 -0.89593	 2.13892	 2.13882	 2.13889	 2.1387	 2.13891	 
15.3	 0.381	 0.678	 -0.99	 0.377377	 0.671066	 -0.971035	 0.37325	 0.66414	 -0.952172	 0.369005	 0.65722	 -0.933332	 0.365236	 0.650294	 -0.914395	 0.361691	 0.643356	 -0.895417	 2.15216	 2.15205	 2.15211	 2.15191	 2.15213	 
15.31	 0.381	 0.678	 -0.99	 0.377351	 0.671196	 -0.970907	 0.373297	 0.664131	 -0.951993	 0.369153	 0.657009	 -0.933119	 0.365395	 0.650135	 -0.914075	 0.361814	 0.643373	 -0.894954	 2.1643	 2.16417	 2.16422	 2.16403	 2.16424	 
15.32	 0.381	 0.678	 -0.99	 0.377256	 0.671279	 -0.97082	 0.373339	 0.664114	 -0.951837	 0.369382	 0.656851	 -0.9329	 0.365591	 0.650007	 -0.913775	 0.361883	 0.643356	 -0.894564	 2.17505	 2.17492	 2.17497	 2.17476	 2.17497	 
15.33	 0.381	 0.678	 -0.99	 0.377141	 0.671282	 -0.970777	 0.373386	 0.664082	 -0.951709	 0.369651	 0.656774	 -0.932678	 0.365812	 0.649924	 -0.9135	 0.361932	 0.643285	 -0.894255	 2.18421	 2.18409	 2.18413	 2.1839	 2.18409	 
15.34	 0.381	 0.678	 -0.99	 0.377042	 0.671202	 -0.970772	 0.373437	 0.664036	 -0.95161	 0.369907	 0.656786	 -0.932464	 0.366039	 0.649888	 -0.913256	 0.362021	 0.643156	 -0.894019	 2.19165	 2.19154	 2.19158	 2.19133	 2.19152	 
15.35	 0.381	 0.678	 -0.99	 0.377003	 0.671067	 -0.970788	 0.3735	 0.663985	 -0.951534	 0.37011	 0.656868	 -0.932273	 0.366251	 0.649892	 -0.91305	 0.362177	 0.642985	 -0.893846	 2.19739	 2.19728	 2.19733	 2.19707	 2.19724	 
15.36	 0.381	 0.678	 -0.99	 0.37705	 0.67091	 -0.970806	 0.373588	 0.663938	 -0.951475	 0.370239	 0.656986	 -0.932117	 0.366431	 0.64992	 -0.912888	 0.362409	 0.642813	 -0.893716	 2.20153	 2.20143	 2.20149	 2.20122	 2.20139	 
15.37	 0.381	 0.678	 -0.99	 0.37718	 0.670775	 -0.97081	 0.3737	 0.663895	 -0.951431	 0.370299	 0.657094	 -0.932009	 0.366582	 0.649962	 -0.912766	 0.362714	 0.642681	 -0.893608	 2.20427	 2.20417	 2.20423	 2.20396	 2.20414	 
15.38	 0.381	 0.678	 -0.99	 0.377372	 0.670698	 -0.970791	 0.373831	 0.663875	 -0.951392	 0.370313	 0.657159	 -0.931951	 0.366712	 0.64999	 -0.912689	 0.363066	 0.642615	 -0.893513	 2.20578	 2.20568	 2.20574	 2.20548	 2.20566	 
15.39	 0.381	 0.678	 -0.99	 0.377578	 0.670707	 -0.970747	 0.373968	 0.663881	 -0.951359	 0.370315	 0.65716	 -0.931941	 0.366837	 0.649994	 -0.912653	 0.363439	 0.642623	 -0.893426	 2.20621	 2.20611	 2.20617	 2.20592	 2.20612	 
15.4	 0.381	 0.678	 -0.99	 0.377748	 0.670791	 -0.97069	 0.374088	 0.663904	 -0.951336	 0.370342	 0.657092	 -0.931972	 0.366983	 0.649972	 -0.91265	 0.363797	 0.642708	 -0.89335	 2.20566	 2.20554	 2.20561	 2.20537	 2.20558	 
15.41	 0.381	 0.678	 -0.99	 0.377855	 0.670928	 -0.970633	 0.374201	 0.663941	 -0.951325	 0.370434	 0.656976	 -0.93203	 0.367156	 0.649931	 -0.912677	 0.364099	 0.642847	 -0.8933	 2.20414	 2.20402	 2.20408	 2.20385	 2.20405	 
15.42	 0.381	 0.678	 -0.99	 0.377887	 0.671084	 -0.970589	 0.374303	 0.663984	 -0.951327	 0.370611	 0.656849	 -0.932098	 0.367363	 0.649889	 -0.912727	 0.364323	 0.643002	 -0.893295	 2.20162	 2.20149	 2.20154	 2.2013	 2.2015	 
15.43	 0.381	 0.678	 -0.99	 0.377833	 0.671211	 -0.970578	 0.374381	 0.664027	 -0.951349	 0.370863	 0.656756	 -0.932165	 0.367615	 0.64986	 -0.912797	 0.364496	 0.643137	 -0.893345	 2.19799	 2.19786	 2.1979	 2.19766	 2.19785	 
15.44	 0.381	 0.678	 -0.99	 0.377727	 0.671277	 -0.970607	 0.374446	 0.664057	 -0.951396	 0.371163	 0.656728	 -0.932227	 0.367895	 0.649867	 -0.912884	 0.364639	 0.643221	 -0.893463	 2.19313	 2.193	 2.19305	 2.19279	 2.19297	 
15.45	 0.381	 0.678	 -0.99	 0.377629	 0.671256	 -0.970675	 0.374522	 0.664071	 -0.951467	 0.371473	 0.656785	 -0.932286	 0.368175	 0.649918	 -0.912995	 0.364765	 0.643247	 -0.893653	 2.1869	 2.18678	 2.18683	 2.18655	 2.18674	 
15.46	 0.381	 0.678	 -0.99	 0.377573	 0.671161	 -0.970773	 0.374608	 0.664072	 -0.951561	 0.371742	 0.656925	 -0.932354	 0.368433	 0.650016	 -0.913134	 0.364928	 0.643222	 -0.893906	 2.17923	 2.17911	 2.17916	 2.17887	 2.17905	 
15.47	 0.381	 0.678	 -0.99	 0.377592	 0.671024	 -0.970884	 0.374701	 0.664071	 -0.951675	 0.371927	 0.657122	 -0.932447	 0.368659	 0.650151	 -0.913307	 0.365163	 0.643174	 -0.894208	 2.1701	 2.16999	 2.17005	 2.16975	 2.16991	 
15.48	 0.381	 0.678	 -0.99	 0.377704	 0.670892	 -0.970987	 0.374814	 0.664081	 -0.951801	 0.372017	 0.657332	 -0.932579	 0.368835	 0.650301	 -0.91352	 0.365474	 0.643147	 -0.894537	 2.15963	 2.15952	 2.15959	 2.15928	 2.15945	 
15.49	 0.381	 0.678	 -0.99	 0.377898	 0.670818	 -0.971065	 0.374945	 0.664105	 -0.951936	 0.372028	 0.657499	 -0.932763	 0.368971	 0.650445	 -0.913775	 0.365844	 0.643184	 -0.894875	 2.14801	 2.1479	 2.14797	 2.14768	 2.14786	 
15.5	 0.381	 0.678	 -0.99	 0.378123	 0.670835	 -0.971112	 0.375081	 0.664155	 -0.952074	 0.372005	 0.657585	 -0.933002	 0.369088	 0.650556	 -0.914072	 0.366236	 0.643315	 -0.895211	 2.13544	 2.13532	 2.1354	 2.13511	 2.1353	 
15.51	 0.381	 0.678	 -0.99	 0.378316	 0.670957	 -0.971133	 0.37521	 0.664232	 -0.952216	 0.372008	 0.657582	 -0.933288	 0.369209	 0.650632	 -0.914405	 0.366596	 0.643537	 -0.895549	 2.12203	 2.1219	 2.12198	 2.1217	 2.12189	 
15.52	 0.381	 0.678	 -0.99	 0.378423	 0.671154	 -0.971147	 0.375316	 0.664332	 -0.952366	 0.372092	 0.657517	 -0.933602	 0.369368	 0.650678	 -0.914769	 0.366875	 0.643824	 -0.895908	 2.10772	 2.10758	 2.10765	 2.10737	 2.10757	 
15.53	 0.381	 0.678	 -0.99	 0.378406	 0.67136	 -0.971184	 0.375395	 0.664436	 -0.952534	 0.372287	 0.657447	 -0.933924	 0.369577	 0.650727	 -0.915155	 0.367057	 0.64413	 -0.896315	 2.09231	 2.09216	 2.09222	 2.09193	 2.09213	 
15.54	 0.381	 0.678	 -0.99	 0.378292	 0.671505	 -0.971268	 0.375451	 0.664527	 -0.952731	 0.372578	 0.657442	 -0.934239	 0.369831	 0.650814	 -0.915562	 0.367148	 0.644395	 -0.896801	 2.07548	 2.07533	 2.07538	 2.07508	 2.07526	 
15.55	 0.381	 0.678	 -0.99	 0.378143	 0.671535	 -0.97141	 0.375502	 0.664601	 -0.952958	 0.372906	 0.657558	 -0.934541	 0.370098	 0.650958	 -0.915993	 0.367197	 0.644571	 -0.897384	 2.05697	 2.05682	 2.05687	 2.05654	 2.05672	 
15.56	 0.381	 0.678	 -0.99	 0.37804	 0.671446	 -0.9716	 0.375558	 0.664652	 -0.953218	 0.373178	 0.657801	 -0.934843	 0.370338	 0.651174	 -0.916453	 0.36729	 0.644657	 -0.898056	 2.03667	 2.03653	 2.03657	 2.03623	 2.0364	 
15.57	 0.381	 0.678	 -0.99	 0.378061	 0.671288	 -0.97181	 0.37563	 0.664693	 -0.953503	 0.373317	 0.658122	 -0.935172	 0.370519	 0.651437	 -0.916952	 0.367489	 0.644703	 -0.898787	 2.01468	 2.01454	 2.0146	 2.01425	 2.01442	 
15.58	 0.381	 0.678	 -0.99	 0.378233	 0.671161	 -0.971996	 0.375739	 0.664746	 -0.953798	 0.373309	 0.658425	 -0.935557	 0.37062	 0.6517	 -0.917501	 0.367804	 0.644791	 -0.899533	 1.99135	 1.99121	 1.99128	 1.99094	 1.99112	 
15.59	 0.381	 0.678	 -0.99	 0.3785	 0.671167	 -0.972126	 0.37587	 0.664831	 -0.95409	 0.37321	 0.658611	 -0.936017	 0.370668	 0.651918	 -0.9181	 0.368177	 0.644998	 -0.900259	 1.96711	 1.96697	 1.96705	 1.96673	 1.96692	 
15.6	 0.381	 0.678	 -0.99	 0.378727	 0.671339	 -0.972206	 0.375988	 0.664958	 -0.954377	 0.373139	 0.658643	 -0.93654	 0.370724	 0.652063	 -0.918737	 0.368513	 0.645356	 -0.900954	 1.94238	 1.94224	 1.94233	 1.94203	 1.94222	 
15.61	 0.381	 0.678	 -0.99	 0.378787	 0.671619	 -0.972272	 0.376062	 0.665111	 -0.954663	 0.373213	 0.658577	 -0.937082	 0.370845	 0.652163	 -0.919389	 0.36871	 0.645801	 -0.901645	 1.91742	 1.91728	 1.91738	 1.91708	 1.91728	 
15.62	 0.381	 0.678	 -0.99	 0.378652	 0.671858	 -0.972382	 0.376086	 0.665257	 -0.954962	 0.373468	 0.658552	 -0.937589	 0.37105	 0.652279	 -0.920029	 0.368733	 0.64621	 -0.902382	 1.89224	 1.8921	 1.8922	 1.89189	 1.8921	 
15.63	 0.381	 0.678	 -0.99	 0.378422	 0.671914	 -0.972575	 0.376088	 0.665364	 -0.955285	 0.373807	 0.658701	 -0.93803	 0.371293	 0.652477	 -0.920646	 0.368672	 0.64647	 -0.903201	 1.8666	 1.86647	 1.86657	 1.86625	 1.86645	 
15.64	 0.381	 0.678	 -0.99	 0.378288	 0.671769	 -0.972833	 0.376108	 0.665421	 -0.955634	 0.374049	 0.659044	 -0.938431	 0.37149	 0.652776	 -0.921256	 0.368692	 0.646566	 -0.904097	 1.84019	 1.84006	 1.84015	 1.83981	 1.83999	 
15.65	 0.381	 0.678	 -0.99	 0.378396	 0.671564	 -0.973087	 0.37618	 0.665466	 -0.955996	 0.37406	 0.659447	 -0.938864	 0.371576	 0.653109	 -0.9219	 0.36891	 0.64662	 -0.905019	 1.8127	 1.81255	 1.81263	 1.81228	 1.81246	 
15.66	 0.381	 0.678	 -0.99	 0.378697	 0.671521	 -0.973264	 0.3763	 0.665552	 -0.956354	 0.373885	 0.659704	 -0.939403	 0.371563	 0.653375	 -0.922616	 0.369282	 0.646816	 -0.90591	 1.784	 1.78384	 1.78391	 1.78355	 1.78374	 
15.67	 0.381	 0.678	 -0.99	 0.378956	 0.671748	 -0.973355	 0.376411	 0.665704	 -0.956703	 0.373747	 0.659714	 -0.94005	 0.371559	 0.653528	 -0.923402	 0.369604	 0.647241	 -0.906761	 1.75423	 1.75407	 1.75415	 1.75378	 1.75398	 
15.68	 0.381	 0.678	 -0.99	 0.378936	 0.672099	 -0.973444	 0.376451	 0.665892	 -0.957059	 0.373865	 0.659615	 -0.940716	 0.371675	 0.653627	 -0.92421	 0.36968	 0.647776	 -0.907629	 1.72377	 1.72362	 1.72372	 1.72336	 1.72355	 
15.69	 0.381	 0.678	 -0.99	 0.378656	 0.672275	 -0.973635	 0.376425	 0.666043	 -0.95744	 0.374217	 0.659688	 -0.94129	 0.3719	 0.653809	 -0.924978	 0.369536	 0.648169	 -0.908587	 1.69312	 1.69298	 1.6931	 1.69275	 1.69295	 
15.7	 0.381	 0.678	 -0.99	 0.378438	 0.672128	 -0.973935	 0.376407	 0.666116	 -0.957846	 0.374499	 0.660068	 -0.941755	 0.37209	 0.654147	 -0.925686	 0.369437	 0.648294	 -0.909629	 1.66272	 1.66259	 1.66273	 1.6624	 1.66262	 
15.71	 0.381	 0.678	 -0.99	 0.378578	 0.671879	 -0.974219	 0.376467	 0.666162	 -0.958243	 0.374433	 0.66054	 -0.942223	 0.372104	 0.654534	 -0.926385	 0.369623	 0.648341	 -0.910641	 1.63287	 1.63274	 1.63289	 1.63258	 1.63281	 
15.72	 0.381	 0.678	 -0.99	 0.378944	 0.671917	 -0.97436	 0.376578	 0.666274	 -0.9586	 0.374141	 0.660737	 -0.942812	 0.371995	 0.654784	 -0.927136	 0.369989	 0.648627	 -0.911519	 1.6036	 1.60347	 1.60362	 1.60331	 1.60355	 
15.73	 0.381	 0.678	 -0.99	 0.379074	 0.672296	 -0.974404	 0.37663	 0.666467	 -0.958929	 0.37406	 0.660612	 -0.943483	 0.371981	 0.654873	 -0.927921	 0.37015	 0.649189	 -0.912308	 1.57478	 1.57465	 1.5748	 1.57448	 1.57471	 
15.74	 0.381	 0.678	 -0.99	 0.37878	 0.672579	 -0.974544	 0.376575	 0.666639	 -0.959278	 0.374373	 0.660576	 -0.944059	 0.372161	 0.654999	 -0.928659	 0.369949	 0.649664	 -0.913172	 1.54619	 1.54607	 1.54622	 1.54588	 1.54611	 
15.75	 0.381	 0.678	 -0.99	 0.378492	 0.672418	 -0.974847	 0.376518	 0.666705	 -0.959665	 0.374678	 0.660957	 -0.944479	 0.372338	 0.65533	 -0.929318	 0.369748	 0.649771	 -0.914171	 1.51769	 1.51754	 1.51768	 1.51734	 1.51758	 
15.76	 0.381	 0.678	 -0.99	 0.378686	 0.672134	 -0.975127	 0.37658	 0.666737	 -0.960048	 0.374527	 0.661452	 -0.944921	 0.372283	 0.655724	 -0.929987	 0.369938	 0.649779	 -0.915151	 1.4892	 1.48905	 1.48918	 1.48885	 1.4891	 
15.77	 0.381	 0.678	 -0.99	 0.379079	 0.672296	 -0.97521	 0.376688	 0.666874	 -0.960383	 0.374183	 0.661524	 -0.945547	 0.372121	 0.655908	 -0.930745	 0.370282	 0.650154	 -0.915964	 1.46085	 1.46072	 1.46086	 1.46053	 1.46076	 
15.78	 0.381	 0.678	 -0.99	 0.378995	 0.672744	 -0.975252	 0.376673	 0.667082	 -0.960704	 0.374273	 0.661325	 -0.946204	 0.372172	 0.655949	 -0.931515	 0.370225	 0.650762	 -0.916735	 1.43289	 1.43277	 1.43293	 1.43259	 1.43283	 
15.79	 0.381	 0.678	 -0.99	 0.378569	 0.672765	 -0.975502	 0.376566	 0.667188	 -0.961068	 0.374671	 0.661526	 -0.94665	 0.372377	 0.656186	 -0.93217	 0.369882	 0.651015	 -0.917661	 1.40558	 1.40545	 1.40562	 1.40529	 1.40554	 
15.8	 0.381	 0.678	 -0.99	 0.378615	 0.672404	 -0.975819	 0.376573	 0.667197	 -0.961439	 0.374622	 0.662084	 -0.947012	 0.372353	 0.656607	 -0.932768	 0.36992	 0.65095	 -0.91862	 1.3791	 1.37895	 1.37911	 1.37881	 1.37908	 
15.81	 0.381	 0.678	 -0.99	 0.379061	 0.672492	 -0.9759	 0.376685	 0.667312	 -0.961743	 0.374201	 0.662217	 -0.947572	 0.372132	 0.656812	 -0.933452	 0.370272	 0.651248	 -0.919363	 1.35345	 1.35333	 1.3535	 1.35319	 1.35345	 
15.82	 0.381	 0.678	 -0.99	 0.378975	 0.672976	 -0.975907	 0.376665	 0.667524	 -0.962019	 0.374279	 0.661969	 -0.948183	 0.372159	 0.656814	 -0.934153	 0.370179	 0.651861	 -0.920028	 1.32863	 1.32852	 1.32869	 1.32837	 1.32862	 
15.83	 0.381	 0.678	 -0.99	 0.378524	 0.672918	 -0.976171	 0.376544	 0.667598	 -0.962353	 0.374686	 0.662218	 -0.948539	 0.372357	 0.657059	 -0.934715	 0.369788	 0.652019	 -0.920888	 1.30451	 1.30438	 1.30455	 1.30424	 1.30451	 
15.84	 0.381	 0.678	 -0.99	 0.378722	 0.672546	 -0.976448	 0.376576	 0.667587	 -0.962686	 0.374467	 0.662751	 -0.948874	 0.372233	 0.65745	 -0.935256	 0.369929	 0.651914	 -0.921741	 1.28101	 1.28087	 1.28103	 1.28072	 1.281	 
15.85	 0.381	 0.678	 -0.99	 0.379101	 0.672847	 -0.976435	 0.376657	 0.667741	 -0.96294	 0.374078	 0.662648	 -0.949464	 0.372012	 0.657512	 -0.935919	 0.370209	 0.652351	 -0.922343	 1.25813	 1.25801	 1.25818	 1.25785	 1.25811	 
15.86	 0.381	 0.678	 -0.99	 0.378711	 0.673211	 -0.976518	 0.376548	 0.66791	 -0.963208	 0.374412	 0.66248	 -0.949944	 0.372159	 0.657529	 -0.936516	 0.369852	 0.652826	 -0.923006	 1.23609	 1.23598	 1.23616	 1.23584	 1.2361	 
15.87	 0.381	 0.678	 -0.99	 0.378501	 0.672826	 -0.976848	 0.376474	 0.667885	 -0.963527	 0.374565	 0.663002	 -0.950166	 0.372215	 0.657898	 -0.936961	 0.369637	 0.652682	 -0.92384	 1.21522	 1.21509	 1.21527	 1.21498	 1.21527	 
15.88	 0.381	 0.678	 -0.99	 0.378995	 0.672794	 -0.976915	 0.376572	 0.667941	 -0.963765	 0.374047	 0.663181	 -0.9506	 0.371915	 0.658088	 -0.937491	 0.369984	 0.652819	 -0.92442	 1.19582	 1.19571	 1.19591	 1.19562	 1.19591	 
15.89	 0.381	 0.678	 -0.99	 0.378841	 0.673308	 -0.97687	 0.37651	 0.668134	 -0.963954	 0.374136	 0.662839	 -0.951092	 0.37192	 0.657995	 -0.938028	 0.36979	 0.653385	 -0.924864	 1.17818	 1.1781	 1.17832	 1.17803	 1.17831	 
15.9	 0.381	 0.678	 -0.99	 0.37842	 0.673055	 -0.977153	 0.376379	 0.668129	 -0.964203	 0.374474	 0.663203	 -0.95123	 0.372058	 0.658258	 -0.938352	 0.369377	 0.65331	 -0.925526	 1.16247	 1.16236	 1.16257	 1.16232	 1.16263	 
15.91	 0.381	 0.678	 -0.99	 0.378872	 0.672829	 -0.977258	 0.376461	 0.668118	 -0.964391	 0.373978	 0.663523	 -0.951493	 0.371757	 0.658497	 -0.938711	 0.369668	 0.653248	 -0.925994	 1.1486	 1.14849	 1.14871	 1.14845	 1.14875	 
15.92	 0.381	 0.678	 -0.99	 0.37885	 0.673357	 -0.977147	 0.376416	 0.668293	 -0.964506	 0.373907	 0.663125	 -0.95192	 0.371665	 0.658351	 -0.939132	 0.369567	 0.653782	 -0.926243	 1.13638	 1.1363	 1.13652	 1.13624	 1.13654	 
15.93	 0.381	 0.678	 -0.99	 0.378352	 0.673175	 -0.977385	 0.376248	 0.668289	 -0.964692	 0.374281	 0.663385	 -0.951982	 0.371808	 0.658538	 -0.939341	 0.369074	 0.653726	 -0.926738	 1.12568	 1.12556	 1.12576	 1.1255	 1.12581	 
15.94	 0.381	 0.678	 -0.99	 0.378779	 0.672888	 -0.977483	 0.376316	 0.66825	 -0.964829	 0.373793	 0.663734	 -0.952141	 0.371498	 0.658774	 -0.939578	 0.369321	 0.653579	 -0.927086	 1.11624	 1.11613	 1.11633	 1.11606	 1.11637	 
15.95	 0.381	 0.678	 -0.99	 0.378781	 0.673415	 -0.977339	 0.376274	 0.668413	 -0.964892	 0.373692	 0.66331	 -0.9525	 0.371378	 0.658596	 -0.939904	 0.36921	 0.654082	 -0.927207	 1.10801	 1.10793	 1.10813	 1.10785	 1.10814	 
15.96	 0.381	 0.678	 -0.99	 0.378279	 0.673216	 -0.977562	 0.376096	 0.668393	 -0.965033	 0.374051	 0.663559	 -0.952484	 0.371502	 0.658759	 -0.940017	 0.368688	 0.653983	 -0.927595	 1.10107	 1.10095	 1.10115	 1.10089	 1.10121	 
15.97	 0.381	 0.678	 -0.99	 0.378724	 0.672948	 -0.977618	 0.376159	 0.668347	 -0.965119	 0.373524	 0.663861	 -0.952591	 0.371159	 0.658951	 -0.94017	 0.368931	 0.653819	 -0.927812	 1.09545	 1.09534	 1.09554	 1.09529	 1.0956	 
15.98	 0.381	 0.678	 -0.99	 0.378657	 0.673473	 -0.977459	 0.376093	 0.668496	 -0.965134	 0.373472	 0.663404	 -0.952867	 0.371056	 0.658733	 -0.940393	 0.368751	 0.654283	 -0.927817	 1.09129	 1.09121	 1.09142	 1.09115	 1.09146	 
15.99	 0.381	 0.678	 -0.99	 0.378195	 0.673192	 -0.977678	 0.375918	 0.668434	 -0.96523	 0.373777	 0.663684	 -0.952753	 0.371143	 0.658887	 -0.94039	 0.36825	 0.654073	 -0.92809	 1.08874	 1.08863	 1.08883	 1.0886	 1.08892	 
16	 0.381	 0.678	 -0.99	 0.378676	 0.672994	 -0.977664	 0.375985	 0.668383	 -0.965249	 0.373203	 0.663873	 -0.952816	 0.370765	 0.658992	 -0.940452	 0.368507	 0.653918	 -0.92813	 1.08781	 1.08772	 1.08793	 1.0877	 1.08802	 
16.01	 0.381	 0.678	 -0.99	 0.378502	 0.673497	 -0.977499	 0.37589	 0.668505	 -0.96521	 0.373243	 0.663391	 -0.952976	 0.3707	 0.658731	 -0.940543	 0.36822	 0.654311	 -0.928008	 1.08862	 1.08855	 1.08876	 1.08852	 1.08883	 
16.02	 0.381	 0.678	 -0.99	 0.378115	 0.673126	 -0.977705	 0.375726	 0.668398	 -0.965248	 0.373461	 0.663708	 -0.952752	 0.37073	 0.658877	 -0.940406	 0.367756	 0.653978	 -0.92814	 1.09122	 1.09113	 1.09134	 1.09113	 1.09146	 
16.03	 0.381	 0.678	 -0.99	 0.378603	 0.673012	 -0.977614	 0.375776	 0.668347	 -0.965193	 0.372842	 0.663769	 -0.952764	 0.370312	 0.658887	 -0.940362	 0.367993	 0.653843	 -0.927983	 1.09564	 1.09556	 1.09578	 1.09556	 1.09589	 
16.04	 0.381	 0.678	 -0.99	 0.378333	 0.673471	 -0.977449	 0.375638	 0.66844	 -0.965097	 0.372935	 0.663284	 -0.952797	 0.370258	 0.658596	 -0.940306	 0.367601	 0.654153	 -0.92772	 1.10191	 1.10185	 1.10207	 1.10185	 1.10216	 
16.05	 0.381	 0.678	 -0.99	 0.37801	 0.673049	 -0.977624	 0.375482	 0.668302	 -0.965068	 0.373074	 0.663606	 -0.952467	 0.370232	 0.658718	 -0.940032	 0.367161	 0.653733	 -0.927688	 1.11	 1.1099	 1.11011	 1.10992	 1.11026	 
16.06	 0.381	 0.678	 -0.99	 0.378489	 0.672975	 -0.977478	 0.375527	 0.668243	 -0.964941	 0.372454	 0.663588	 -0.9524	 0.369802	 0.658658	 -0.939869	 0.367367	 0.653583	 -0.927351	 1.11972	 1.11964	 1.11985	 1.11965	 1.11997	 
16.07	 0.381	 0.678	 -0.99	 0.378201	 0.673404	 -0.977295	 0.37538	 0.66831	 -0.964786	 0.372553	 0.663091	 -0.952329	 0.369744	 0.658336	 -0.939685	 0.366948	 0.653826	 -0.926946	 1.1309	 1.13083	 1.13104	 1.13082	 1.13114	 
16.08	 0.381	 0.678	 -0.99	 0.377876	 0.672993	 -0.977438	 0.375222	 0.668162	 -0.9647	 0.372688	 0.663373	 -0.951921	 0.36971	 0.658416	 -0.939304	 0.366501	 0.653378	 -0.926774	 1.14331	 1.14321	 1.1434	 1.14321	 1.14353	 
16.09	 0.381	 0.678	 -0.99	 0.378332	 0.672868	 -0.977286	 0.375259	 0.668079	 -0.964531	 0.372084	 0.663377	 -0.951767	 0.369287	 0.658354	 -0.939038	 0.366687	 0.653161	 -0.926334	 1.15668	 1.1566	 1.15679	 1.15657	 1.15689	 
16.1	 0.381	 0.678	 -0.99	 0.378128	 0.673304	 -0.977061	 0.375127	 0.668137	 -0.964333	 0.37209	 0.662854	 -0.95166	 0.369174	 0.65801	 -0.938787	 0.36633	 0.653394	 -0.925812	 1.17091	 1.17084	 1.17102	 1.1708	 1.1711	 
16.11	 0.381	 0.678	 -0.99	 0.377714	 0.672992	 -0.977169	 0.37494	 0.668007	 -0.964209	 0.372295	 0.663029	 -0.951219	 0.36917	 0.658024	 -0.938347	 0.365797	 0.653011	 -0.925539	 1.18599	 1.18589	 1.18606	 1.18587	 1.18618	 
16.12	 0.381	 0.678	 -0.99	 0.378101	 0.672713	 -0.977072	 0.374956	 0.667879	 -0.964025	 0.371752	 0.66316	 -0.950948	 0.368774	 0.658015	 -0.937981	 0.365911	 0.652648	 -0.925076	 1.20197	 1.20189	 1.20207	 1.20187	 1.20218	 
16.13	 0.381	 0.678	 -0.99	 0.378116	 0.673123	 -0.976786	 0.374877	 0.667917	 -0.963781	 0.371548	 0.66263	 -0.950831	 0.368546	 0.657651	 -0.937682	 0.365717	 0.65283	 -0.924433	 1.21906	 1.21899	 1.21918	 1.21898	 1.21928	 
16.14	 0.381	 0.678	 -0.99	 0.377602	 0.673042	 -0.976806	 0.37466	 0.667828	 -0.963601	 0.371831	 0.662546	 -0.950398	 0.368572	 0.657504	 -0.937201	 0.365094	 0.652593	 -0.924008	 1.23746	 1.23739	 1.23758	 1.2374	 1.23772	 
16.15	 0.381	 0.678	 -0.99	 0.377748	 0.672584	 -0.976805	 0.374607	 0.667636	 -0.963401	 0.371494	 0.662804	 -0.949948	 0.368278	 0.65753	 -0.936686	 0.365006	 0.652034	 -0.923527	 1.25732	 1.25724	 1.25744	 1.25728	 1.2576	 
16.16	 0.381	 0.678	 -0.99	 0.378051	 0.672779	 -0.976502	 0.374594	 0.667601	 -0.963109	 0.37101	 0.662438	 -0.949742	 0.367901	 0.657232	 -0.936274	 0.36504	 0.651999	 -0.92276	 1.27867	 1.27862	 1.27882	 1.27865	 1.27896	 
16.17	 0.381	 0.678	 -0.99	 0.377664	 0.673035	 -0.976332	 0.374407	 0.667581	 -0.962832	 0.371168	 0.662008	 -0.949375	 0.367853	 0.656891	 -0.935758	 0.364504	 0.652008	 -0.922062	 1.30149	 1.30143	 1.30162	 1.30146	 1.30177	 
16.18	 0.381	 0.678	 -0.99	 0.377378	 0.672652	 -0.976375	 0.37424	 0.667401	 -0.962594	 0.371226	 0.662171	 -0.948776	 0.367757	 0.656851	 -0.935101	 0.364053	 0.65149	 -0.921502	 1.32556	 1.32548	 1.32567	 1.32552	 1.32583	 
16.19	 0.381	 0.678	 -0.99	 0.377703	 0.672388	 -0.976217	 0.374227	 0.667245	 -0.962295	 0.370713	 0.662218	 -0.94834	 0.367368	 0.656751	 -0.93451	 0.364104	 0.651061	 -0.920749	 1.3506	 1.35053	 1.35071	 1.35055	 1.35086	 
16.2	 0.381	 0.678	 -0.99	 0.377816	 0.672686	 -0.975888	 0.37417	 0.667224	 -0.961945	 0.370409	 0.661728	 -0.948045	 0.367084	 0.656371	 -0.933982	 0.363985	 0.651082	 -0.919839	 1.37634	 1.37628	 1.37644	 1.37627	 1.37657	 
16.21	 0.381	 0.678	 -0.99	 0.377396	 0.67281	 -0.975754	 0.373983	 0.667157	 -0.961638	 0.370614	 0.661392	 -0.947556	 0.367066	 0.65606	 -0.933349	 0.363433	 0.650949	 -0.91908	 1.40253	 1.40245	 1.4026	 1.40243	 1.40273	 
16.22	 0.381	 0.678	 -0.99	 0.377187	 0.672423	 -0.975763	 0.373846	 0.666963	 -0.961364	 0.370625	 0.66153	 -0.946927	 0.366957	 0.655986	 -0.93264	 0.363061	 0.65039	 -0.918431	 1.42896	 1.42888	 1.42903	 1.42886	 1.42915	 
16.23	 0.381	 0.678	 -0.99	 0.377476	 0.672159	 -0.975601	 0.373835	 0.666796	 -0.961046	 0.370169	 0.66155	 -0.946454	 0.366612	 0.655855	 -0.932005	 0.363104	 0.649936	 -0.917633	 1.45558	 1.4555	 1.45564	 1.45547	 1.45576	 
16.24	 0.381	 0.678	 -0.99	 0.377648	 0.672376	 -0.975281	 0.3738	 0.666749	 -0.960685	 0.369828	 0.661125	 -0.94612	 0.366322	 0.655503	 -0.931437	 0.363054	 0.649879	 -0.916697	 1.48238	 1.4823	 1.48245	 1.48227	 1.48256	 
16.25	 0.381	 0.678	 -0.99	 0.377349	 0.67259	 -0.975078	 0.373652	 0.666705	 -0.960348	 0.369938	 0.660706	 -0.945667	 0.366264	 0.655153	 -0.930804	 0.362617	 0.649821	 -0.915851	 1.50941	 1.50933	 1.50948	 1.50931	 1.50959	 
16.26	 0.381	 0.678	 -0.99	 0.377014	 0.672372	 -0.975047	 0.373496	 0.666556	 -0.960049	 0.370089	 0.660692	 -0.945044	 0.366234	 0.655003	 -0.93008	 0.362158	 0.649406	 -0.915138	 1.53666	 1.53658	 1.53673	 1.53657	 1.53686	 
16.27	 0.381	 0.678	 -0.99	 0.377086	 0.671994	 -0.974975	 0.373442	 0.666365	 -0.959739	 0.369861	 0.660824	 -0.944455	 0.366019	 0.654926	 -0.929369	 0.362047	 0.648857	 -0.914384	 1.5641	 1.56404	 1.56418	 1.56402	 1.5643	 
16.28	 0.381	 0.678	 -0.99	 0.377379	 0.671925	 -0.97473	 0.373442	 0.666246	 -0.959386	 0.369427	 0.660663	 -0.944026	 0.365704	 0.654706	 -0.928735	 0.362126	 0.648562	 -0.913481	 1.59168	 1.59161	 1.59174	 1.59158	 1.59185	 
16.29	 0.381	 0.678	 -0.99	 0.377426	 0.672161	 -0.974428	 0.373383	 0.666201	 -0.959018	 0.369226	 0.660216	 -0.943648	 0.365507	 0.654343	 -0.928124	 0.362007	 0.648521	 -0.912527	 1.61931	 1.61923	 1.61936	 1.61919	 1.61946	 
16.3	 0.381	 0.678	 -0.99	 0.377135	 0.672307	 -0.974245	 0.373246	 0.66614	 -0.958676	 0.369351	 0.659859	 -0.943154	 0.365475	 0.654024	 -0.927454	 0.361613	 0.64841	 -0.911669	 1.64695	 1.64687	 1.647	 1.64683	 1.6471	 
16.31	 0.381	 0.678	 -0.99	 0.376835	 0.672126	 -0.974189	 0.373113	 0.666	 -0.958363	 0.369495	 0.659813	 -0.942536	 0.365458	 0.65386	 -0.926721	 0.361221	 0.648029	 -0.910912	 1.67461	 1.67453	 1.67466	 1.6745	 1.67476	 
16.32	 0.381	 0.678	 -0.99	 0.376831	 0.671784	 -0.97412	 0.373055	 0.66582	 -0.958045	 0.369375	 0.659916	 -0.941926	 0.365323	 0.653772	 -0.925989	 0.361086	 0.647513	 -0.910142	 1.70228	 1.70221	 1.70234	 1.70217	 1.70243	 
16.33	 0.381	 0.678	 -0.99	 0.377069	 0.6716	 -0.973931	 0.373061	 0.665677	 -0.9577	 0.36904	 0.659868	 -0.94143	 0.36509	 0.653608	 -0.925311	 0.36117	 0.64713	 -0.90927	 1.72988	 1.72981	 1.72994	 1.72978	 1.73004	 
16.34	 0.381	 0.678	 -0.99	 0.37726	 0.671693	 -0.973651	 0.373063	 0.6656	 -0.957333	 0.368759	 0.659561	 -0.941022	 0.364889	 0.65332	 -0.92468	 0.361231	 0.646977	 -0.908325	 1.75726	 1.75718	 1.7573	 1.75713	 1.7574	 
16.35	 0.381	 0.678	 -0.99	 0.377205	 0.671902	 -0.973392	 0.373011	 0.665555	 -0.956975	 0.368724	 0.659153	 -0.940603	 0.364814	 0.652985	 -0.924049	 0.36109	 0.646926	 -0.90741	 1.78415	 1.78406	 1.78416	 1.78399	 1.78425	 
16.36	 0.381	 0.678	 -0.99	 0.376953	 0.671981	 -0.973235	 0.372921	 0.665485	 -0.956647	 0.36889	 0.658877	 -0.940101	 0.364841	 0.652718	 -0.923389	 0.360788	 0.646778	 -0.906597	 1.81031	 1.81021	 1.8103	 1.81013	 1.81038	 
16.37	 0.381	 0.678	 -0.99	 0.376716	 0.671832	 -0.973166	 0.37284	 0.665365	 -0.956347	 0.369052	 0.658824	 -0.939535	 0.364873	 0.652565	 -0.922711	 0.360512	 0.646446	 -0.905879	 1.83558	 1.83549	 1.83557	 1.83539	 1.83563	 
16.38	 0.381	 0.678	 -0.99	 0.376667	 0.671551	 -0.973108	 0.3728	 0.665214	 -0.956062	 0.369041	 0.6589	 -0.938982	 0.364836	 0.652479	 -0.922049	 0.360418	 0.64601	 -0.905186	 1.85997	 1.85989	 1.85998	 1.85979	 1.86002	 
16.39	 0.381	 0.678	 -0.99	 0.376815	 0.671321	 -0.972988	 0.372807	 0.665076	 -0.955771	 0.368847	 0.65893	 -0.938507	 0.364724	 0.652375	 -0.921433	 0.360516	 0.645629	 -0.904454	 1.88363	 1.88355	 1.88365	 1.88346	 1.88369	 
16.4	 0.381	 0.678	 -0.99	 0.377036	 0.671272	 -0.972788	 0.372841	 0.664982	 -0.955466	 0.3686	 0.658797	 -0.938116	 0.364587	 0.652199	 -0.920866	 0.360677	 0.645402	 -0.903669	 1.90674	 1.90666	 1.90676	 1.90658	 1.90682	 
16.41	 0.381	 0.678	 -0.99	 0.377175	 0.671392	 -0.972547	 0.372869	 0.664934	 -0.955151	 0.368455	 0.658514	 -0.937767	 0.3645	 0.651953	 -0.920326	 0.360761	 0.64532	 -0.902863	 1.92944	 1.92936	 1.92945	 1.92928	 1.92952	 
16.42	 0.381	 0.678	 -0.99	 0.37714	 0.671563	 -0.972332	 0.372862	 0.6649	 -0.954845	 0.368485	 0.658186	 -0.937401	 0.364504	 0.651687	 -0.919784	 0.360716	 0.645287	 -0.902086	 1.95172	 1.95162	 1.95172	 1.95155	 1.95179	 
16.43	 0.381	 0.678	 -0.99	 0.376962	 0.671653	 -0.972184	 0.372821	 0.664846	 -0.954563	 0.368656	 0.657936	 -0.936987	 0.364592	 0.65146	 -0.919225	 0.360581	 0.645187	 -0.901376	 1.97341	 1.97331	 1.9734	 1.97323	 1.97346	 
16.44	 0.381	 0.678	 -0.99	 0.376761	 0.671595	 -0.972102	 0.372784	 0.664761	 -0.954304	 0.368869	 0.657828	 -0.93653	 0.36471	 0.651298	 -0.91866	 0.360437	 0.644963	 -0.900745	 1.99425	 1.99415	 1.99424	 1.99405	 1.99427	 
16.45	 0.381	 0.678	 -0.99	 0.376649	 0.671409	 -0.972055	 0.372778	 0.664649	 -0.954064	 0.369016	 0.657847	 -0.936064	 0.364801	 0.651204	 -0.918108	 0.360376	 0.644641	 -0.90017	 2.01399	 2.0139	 2.01397	 2.01377	 2.01398	 
16.46	 0.381	 0.678	 -0.99	 0.376676	 0.671179	 -0.972001	 0.372803	 0.66453	 -0.953837	 0.369038	 0.657919	 -0.935635	 0.364847	 0.651144	 -0.917589	 0.360452	 0.644297	 -0.899618	 2.03247	 2.03238	 2.03245	 2.03223	 2.03244	 
16.47	 0.381	 0.678	 -0.99	 0.376829	 0.671004	 -0.971908	 0.372865	 0.664432	 -0.953612	 0.368954	 0.657953	 -0.935272	 0.364849	 0.651073	 -0.917122	 0.360646	 0.644009	 -0.899064	 2.04968	 2.0496	 2.04966	 2.04944	 2.04965	 
16.48	 0.381	 0.678	 -0.99	 0.377043	 0.670946	 -0.971767	 0.372954	 0.664363	 -0.953388	 0.368834	 0.657887	 -0.934977	 0.364836	 0.650961	 -0.916706	 0.360894	 0.643824	 -0.898502	 2.06576	 2.06567	 2.06574	 2.06552	 2.06574	 
16.49	 0.381	 0.678	 -0.99	 0.377219	 0.671003	 -0.971599	 0.373032	 0.664321	 -0.95317	 0.368753	 0.657712	 -0.934735	 0.364857	 0.650802	 -0.916327	 0.361137	 0.643751	 -0.897935	 2.08088	 2.08078	 2.08085	 2.08065	 2.08087	 
16.5	 0.381	 0.678	 -0.99	 0.377291	 0.671135	 -0.971433	 0.373085	 0.664298	 -0.952962	 0.36877	 0.657471	 -0.934513	 0.364935	 0.650618	 -0.915968	 0.361322	 0.643749	 -0.897383	 2.09519	 2.09509	 2.09516	 2.09498	 2.09521	 
16.51	 0.381	 0.678	 -0.99	 0.377259	 0.671276	 -0.971291	 0.373125	 0.664285	 -0.952764	 0.368906	 0.657236	 -0.934278	 0.365068	 0.650443	 -0.915616	 0.361407	 0.643762	 -0.896875	 2.10877	 2.10866	 2.10873	 2.10855	 2.10878	 
16.52	 0.381	 0.678	 -0.99	 0.377151	 0.671361	 -0.971192	 0.37316	 0.664267	 -0.952581	 0.369134	 0.65707	 -0.934017	 0.365241	 0.650304	 -0.915265	 0.361418	 0.643738	 -0.896427	 2.12154	 2.12142	 2.12149	 2.1213	 2.12151	 
16.53	 0.381	 0.678	 -0.99	 0.377008	 0.67135	 -0.971142	 0.373182	 0.66423	 -0.952422	 0.369391	 0.657003	 -0.933736	 0.365443	 0.65022	 -0.914918	 0.361428	 0.643644	 -0.89604	 2.13329	 2.13318	 2.13325	 2.13303	 2.13323	 
16.54	 0.381	 0.678	 -0.99	 0.3769	 0.671243	 -0.971128	 0.373212	 0.664174	 -0.952286	 0.369621	 0.657032	 -0.933453	 0.365644	 0.650184	 -0.914589	 0.361488	 0.643479	 -0.895712	 2.14383	 2.14373	 2.14379	 2.14355	 2.14375	 
16.55	 0.381	 0.678	 -0.99	 0.376884	 0.671078	 -0.971126	 0.373277	 0.664107	 -0.952167	 0.369785	 0.657123	 -0.933191	 0.365812	 0.650183	 -0.914295	 0.361619	 0.64327	 -0.895436	 2.15296	 2.15287	 2.15293	 2.15268	 2.15287	 
16.56	 0.381	 0.678	 -0.99	 0.376971	 0.670909	 -0.971116	 0.373369	 0.664046	 -0.952062	 0.369862	 0.657232	 -0.932972	 0.365946	 0.650199	 -0.914045	 0.36184	 0.643069	 -0.895192	 2.1606	 2.16051	 2.16057	 2.16032	 2.16051	 
16.57	 0.381	 0.678	 -0.99	 0.377131	 0.670786	 -0.971085	 0.373473	 0.664	 -0.95197	 0.369865	 0.657309	 -0.932813	 0.366055	 0.650208	 -0.913845	 0.362149	 0.642923	 -0.894965	 2.16676	 2.16667	 2.16673	 2.16647	 2.16666	 
16.58	 0.381	 0.678	 -0.99	 0.377332	 0.670745	 -0.971026	 0.37359	 0.663975	 -0.951889	 0.369835	 0.657316	 -0.932714	 0.366154	 0.650193	 -0.913695	 0.362502	 0.642857	 -0.89475	 2.17153	 2.17143	 2.17149	 2.17124	 2.17143	 
16.59	 0.381	 0.678	 -0.99	 0.377524	 0.670792	 -0.970947	 0.373711	 0.663973	 -0.951816	 0.369827	 0.657243	 -0.932668	 0.366267	 0.650145	 -0.913591	 0.362852	 0.642875	 -0.894551	 2.17504	 2.17493	 2.17499	 2.17475	 2.17495	 
16.6	 0.381	 0.678	 -0.99	 0.377656	 0.670914	 -0.970861	 0.373823	 0.663991	 -0.951754	 0.369884	 0.657108	 -0.932655	 0.366415	 0.650071	 -0.913522	 0.363161	 0.642957	 -0.894378	 2.17743	 2.17731	 2.17736	 2.17714	 2.17734	 
16.61	 0.381	 0.678	 -0.99	 0.377707	 0.671068	 -0.970786	 0.373922	 0.664022	 -0.951705	 0.370029	 0.656953	 -0.932654	 0.366603	 0.649991	 -0.913477	 0.363393	 0.643073	 -0.894244	 2.17881	 2.17868	 2.17873	 2.1785	 2.17871	 
16.62	 0.381	 0.678	 -0.99	 0.377669	 0.671204	 -0.970741	 0.374003	 0.664053	 -0.951673	 0.370258	 0.656823	 -0.93265	 0.366829	 0.649928	 -0.913446	 0.363553	 0.643185	 -0.894159	 2.17922	 2.17908	 2.17914	 2.17891	 2.17911	 
16.63	 0.381	 0.678	 -0.99	 0.377565	 0.671277	 -0.970737	 0.374062	 0.66407	 -0.951664	 0.370543	 0.656755	 -0.932634	 0.36709	 0.6499	 -0.913423	 0.363673	 0.643254	 -0.894132	 2.17868	 2.17856	 2.17861	 2.17838	 2.17857	 
16.64	 0.381	 0.678	 -0.99	 0.377453	 0.671265	 -0.970772	 0.374124	 0.664072	 -0.951673	 0.370844	 0.656773	 -0.932605	 0.367358	 0.64991	 -0.913414	 0.36378	 0.64325	 -0.894166	 2.1772	 2.17708	 2.17715	 2.1769	 2.17709	 
16.65	 0.381	 0.678	 -0.99	 0.377384	 0.671174	 -0.970835	 0.374203	 0.664057	 -0.951699	 0.371114	 0.656872	 -0.932573	 0.367607	 0.64996	 -0.913421	 0.363916	 0.643178	 -0.894255	 2.17474	 2.17464	 2.17471	 2.17445	 2.17464	 
16.66	 0.381	 0.678	 -0.99	 0.377384	 0.671028	 -0.970912	 0.374286	 0.664032	 -0.951742	 0.371304	 0.657028	 -0.932557	 0.367831	 0.650044	 -0.913449	 0.364131	 0.643077	 -0.894376	 2.17128	 2.17118	 2.17126	 2.17098	 2.17116	 
16.67	 0.381	 0.678	 -0.99	 0.377475	 0.67088	 -0.970982	 0.374387	 0.664012	 -0.951797	 0.371403	 0.6572	 -0.932575	 0.368012	 0.650148	 -0.91351	 0.364429	 0.642988	 -0.894519	 2.16672	 2.16662	 2.16669	 2.16641	 2.16658	 
16.68	 0.381	 0.678	 -0.99	 0.377659	 0.670782	 -0.971027	 0.374519	 0.664012	 -0.951857	 0.371429	 0.657341	 -0.932643	 0.368153	 0.650244	 -0.913616	 0.364783	 0.642954	 -0.894677	 2.16091	 2.1608	 2.16087	 2.16058	 2.16077	 
16.69	 0.381	 0.678	 -0.99	 0.377883	 0.670772	 -0.971045	 0.374663	 0.664037	 -0.951927	 0.37142	 0.657412	 -0.932773	 0.368276	 0.650318	 -0.913774	 0.365173	 0.643007	 -0.894849	 2.15368	 2.15356	 2.15362	 2.15333	 2.15352	 
16.7	 0.381	 0.678	 -0.99	 0.378085	 0.670861	 -0.971041	 0.374796	 0.664088	 -0.952011	 0.371425	 0.6574	 -0.932964	 0.36841	 0.650362	 -0.913986	 0.365554	 0.643158	 -0.895044	 2.14486	 2.14473	 2.14478	 2.14449	 2.14468	 
16.71	 0.381	 0.678	 -0.99	 0.378215	 0.671027	 -0.971034	 0.374914	 0.664164	 -0.952113	 0.371497	 0.657327	 -0.933202	 0.36857	 0.650386	 -0.914249	 0.365869	 0.643392	 -0.895281	 2.13435	 2.1342	 2.13424	 2.13395	 2.13414	 
16.72	 0.381	 0.678	 -0.99	 0.378239	 0.671225	 -0.971045	 0.375007	 0.664254	 -0.952238	 0.371666	 0.657242	 -0.933465	 0.36877	 0.650415	 -0.914552	 0.366086	 0.643669	 -0.895578	 2.12215	 2.12199	 2.12203	 2.12173	 2.12192	 
16.73	 0.381	 0.678	 -0.99	 0.378159	 0.671388	 -0.971097	 0.375072	 0.664344	 -0.95239	 0.371928	 0.657204	 -0.933729	 0.369014	 0.650473	 -0.914882	 0.366212	 0.643929	 -0.895951	 2.10836	 2.1082	 2.10824	 2.10794	 2.10813	 
16.74	 0.381	 0.678	 -0.99	 0.378018	 0.671459	 -0.971201	 0.375123	 0.664418	 -0.95257	 0.372243	 0.657263	 -0.93398	 0.36928	 0.650579	 -0.915231	 0.366284	 0.644118	 -0.896408	 2.09318	 2.09304	 2.09309	 2.09278	 2.09297	 
16.75	 0.381	 0.678	 -0.99	 0.377894	 0.671414	 -0.971352	 0.375175	 0.664467	 -0.952775	 0.372541	 0.657436	 -0.934217	 0.369537	 0.650745	 -0.915592	 0.366365	 0.644215	 -0.896936	 2.07687	 2.07674	 2.0768	 2.0765	 2.07668	 
16.76	 0.381	 0.678	 -0.99	 0.377857	 0.671277	 -0.971529	 0.375241	 0.664497	 -0.952997	 0.372746	 0.657701	 -0.934453	 0.369751	 0.650958	 -0.915967	 0.366522	 0.644246	 -0.897508	 2.05967	 2.05955	 2.05963	 2.05932	 2.0595	 
16.77	 0.381	 0.678	 -0.99	 0.377955	 0.671124	 -0.971696	 0.375337	 0.664526	 -0.953225	 0.37282	 0.657992	 -0.934716	 0.369899	 0.651191	 -0.916366	 0.366786	 0.64427	 -0.898091	 2.04177	 2.04166	 2.04175	 2.04145	 2.04163	 
16.78	 0.381	 0.678	 -0.99	 0.378177	 0.671045	 -0.971821	 0.375464	 0.664578	 -0.953448	 0.372779	 0.65822	 -0.935031	 0.369985	 0.651399	 -0.916799	 0.367134	 0.644362	 -0.898657	 2.02331	 2.0232	 2.02329	 2.023	 2.02319	 
16.79	 0.381	 0.678	 -0.99	 0.378434	 0.671106	 -0.971895	 0.375599	 0.664661	 -0.953666	 0.372699	 0.658319	 -0.93541	 0.370046	 0.651549	 -0.917273	 0.36751	 0.644575	 -0.899195	 2.00432	 2.0042	 2.00429	 2.004	 2.00419	 
16.8	 0.381	 0.678	 -0.99	 0.37861	 0.671303	 -0.971936	 0.375706	 0.664774	 -0.953886	 0.372683	 0.658286	 -0.93584	 0.37014	 0.651638	 -0.917781	 0.367823	 0.644908	 -0.89972	 1.98473	 1.98459	 1.98468	 1.98438	 1.98458	 
16.81	 0.381	 0.678	 -0.99	 0.378623	 0.671559	 -0.971984	 0.375775	 0.664903	 -0.954116	 0.372816	 0.6582	 -0.936284	 0.3703	 0.6517	 -0.918311	 0.367994	 0.645293	 -0.900274	 1.96437	 1.96423	 1.96431	 1.96401	 1.9642	 
16.82	 0.381	 0.678	 -0.99	 0.378478	 0.671752	 -0.972086	 0.375809	 0.665022	 -0.954369	 0.373098	 0.658182	 -0.936701	 0.370521	 0.651797	 -0.918846	 0.368016	 0.645627	 -0.900903	 1.94305	 1.9429	 1.94298	 1.94266	 1.94285	 
16.83	 0.381	 0.678	 -0.99	 0.378275	 0.671778	 -0.972265	 0.375823	 0.665108	 -0.954654	 0.373429	 0.658333	 -0.937075	 0.370766	 0.651979	 -0.91938	 0.367981	 0.645831	 -0.90163	 1.92052	 1.92038	 1.92046	 1.92012	 1.92031	 
16.84	 0.381	 0.678	 -0.99	 0.378163	 0.671634	 -0.972503	 0.375852	 0.665158	 -0.95497	 0.37366	 0.658652	 -0.937432	 0.370965	 0.652249	 -0.919928	 0.368031	 0.645904	 -0.902441	 1.89663	 1.89649	 1.89657	 1.89621	 1.8964	 
16.85	 0.381	 0.678	 -0.99	 0.37826	 0.671442	 -0.972738	 0.375928	 0.665197	 -0.955303	 0.373689	 0.659023	 -0.937829	 0.371066	 0.652553	 -0.920519	 0.368254	 0.645943	 -0.90329	 1.8713	 1.87116	 1.87123	 1.87087	 1.87105	 
16.86	 0.381	 0.678	 -0.99	 0.378537	 0.67138	 -0.97291	 0.376045	 0.66527	 -0.955636	 0.37355	 0.65928	 -0.938321	 0.371081	 0.652807	 -0.921179	 0.368619	 0.646103	 -0.904124	 1.8446	 1.84445	 1.84451	 1.84416	 1.84435	 
16.87	 0.381	 0.678	 -0.99	 0.378806	 0.671551	 -0.973006	 0.376161	 0.665402	 -0.955965	 0.373411	 0.659326	 -0.938915	 0.371089	 0.652967	 -0.921907	 0.368972	 0.646469	 -0.904923	 1.81674	 1.81658	 1.81666	 1.8163	 1.8165	 
16.88	 0.381	 0.678	 -0.99	 0.378858	 0.671877	 -0.973081	 0.376222	 0.665575	 -0.956298	 0.37347	 0.659237	 -0.939547	 0.371187	 0.653067	 -0.922666	 0.369135	 0.646974	 -0.905727	 1.78808	 1.78794	 1.78803	 1.78768	 1.78788	 
16.89	 0.381	 0.678	 -0.99	 0.37865	 0.672119	 -0.973226	 0.376218	 0.665736	 -0.956649	 0.373767	 0.659236	 -0.94012	 0.371397	 0.65321	 -0.923403	 0.369068	 0.647415	 -0.906598	 1.75911	 1.75897	 1.75908	 1.75875	 1.75895	 
16.9	 0.381	 0.678	 -0.99	 0.378388	 0.672087	 -0.97348	 0.376199	 0.665833	 -0.957024	 0.374109	 0.659497	 -0.940587	 0.371621	 0.65348	 -0.924087	 0.368944	 0.647626	 -0.907557	 1.73028	 1.73015	 1.73027	 1.72995	 1.73016	 
16.91	 0.381	 0.678	 -0.99	 0.378369	 0.671849	 -0.973771	 0.376233	 0.665878	 -0.957404	 0.374214	 0.659949	 -0.941005	 0.371726	 0.653846	 -0.924738	 0.369008	 0.647664	 -0.908535	 1.70195	 1.70182	 1.70196	 1.70166	 1.70189	 
16.92	 0.381	 0.678	 -0.99	 0.378659	 0.671717	 -0.973974	 0.376334	 0.665945	 -0.957756	 0.374015	 0.660295	 -0.941493	 0.371675	 0.654161	 -0.925411	 0.36932	 0.647791	 -0.909422	 1.6743	 1.67418	 1.67433	 1.67403	 1.67427	 
16.93	 0.381	 0.678	 -0.99	 0.378962	 0.671922	 -0.974045	 0.376435	 0.66609	 -0.95807	 0.373788	 0.66032	 -0.942091	 0.371599	 0.654316	 -0.92613	 0.369635	 0.648196	 -0.910183	 1.64727	 1.64715	 1.6473	 1.64699	 1.64722	 
16.94	 0.381	 0.678	 -0.99	 0.378922	 0.672306	 -0.974097	 0.376447	 0.666279	 -0.958376	 0.373873	 0.660176	 -0.942699	 0.371671	 0.654385	 -0.92685	 0.369657	 0.648745	 -0.910921	 1.62058	 1.62046	 1.6206	 1.62028	 1.62051	 
16.95	 0.381	 0.678	 -0.99	 0.378582	 0.672448	 -0.974283	 0.376381	 0.666412	 -0.958714	 0.374232	 0.660261	 -0.943183	 0.371877	 0.654562	 -0.927511	 0.369425	 0.649092	 -0.911772	 1.59388	 1.59375	 1.59389	 1.59355	 1.59378	 
16.96	 0.381	 0.678	 -0.99	 0.378406	 0.672211	 -0.974589	 0.376352	 0.666453	 -0.959086	 0.374432	 0.660701	 -0.943564	 0.372006	 0.654917	 -0.928126	 0.369327	 0.649126	 -0.912732	 1.56688	 1.56673	 1.56685	 1.56651	 1.56674	 
16.97	 0.381	 0.678	 -0.99	 0.378675	 0.671995	 -0.974825	 0.376432	 0.666497	 -0.959448	 0.374213	 0.661121	 -0.944023	 0.371922	 0.655268	 -0.928786	 0.369591	 0.649179	 -0.913646	 1.53945	 1.53929	 1.5394	 1.53906	 1.5393	 
16.98	 0.381	 0.678	 -0.99	 0.379019	 0.672219	 -0.974886	 0.376532	 0.666647	 -0.95977	 0.373924	 0.661129	 -0.944653	 0.371795	 0.655414	 -0.929536	 0.369905	 0.649597	 -0.914426	 1.5117	 1.51156	 1.51169	 1.51134	 1.51157	 
16.99	 0.381	 0.678	 -0.99	 0.378899	 0.672639	 -0.974943	 0.376517	 0.666848	 -0.960089	 0.374067	 0.660955	 -0.945286	 0.371878	 0.655464	 -0.93029	 0.369825	 0.650175	 -0.915202	 1.48403	 1.4839	 1.48405	 1.4837	 1.48392	 
17	 0.381	 0.678	 -0.99	 0.3785	 0.672646	 -0.975194	 0.376426	 0.66695	 -0.96045	 0.374455	 0.661168	 -0.945725	 0.372082	 0.655706	 -0.930939	 0.369511	 0.650413	 -0.916124	 1.45685	 1.45672	 1.45688	 1.45656	 1.4568	 
17.01	 0.381	 0.678	 -0.99	 0.378525	 0.672304	 -0.975505	 0.376429	 0.666962	 -0.960819	 0.374428	 0.661706	 -0.946087	 0.372075	 0.656115	 -0.931533	 0.369543	 0.65036	 -0.917072	 1.43056	 1.43042	 1.43058	 1.43029	 1.43055	 
17.02	 0.381	 0.678	 -0.99	 0.378951	 0.672334	 -0.975607	 0.376528	 0.66706	 -0.961125	 0.374019	 0.661886	 -0.94662	 0.371867	 0.656342	 -0.932196	 0.369892	 0.650608	 -0.91782	 1.40534	 1.40522	 1.4054	 1.4051	 1.40537	 
17.03	 0.381	 0.678	 -0.99	 0.378963	 0.672797	 -0.975602	 0.37653	 0.667262	 -0.961391	 0.374002	 0.661646	 -0.947227	 0.371849	 0.656344	 -0.932883	 0.369888	 0.651199	 -0.918454	 1.38122	 1.38113	 1.38131	 1.381	 1.38126	 
17.04	 0.381	 0.678	 -0.99	 0.378515	 0.672874	 -0.975808	 0.376418	 0.667365	 -0.961699	 0.374415	 0.66176	 -0.947612	 0.372049	 0.656514	 -0.933446	 0.3695	 0.651457	 -0.919241	 1.35809	 1.35797	 1.35814	 1.35783	 1.3581	 
17.05	 0.381	 0.678	 -0.99	 0.378529	 0.672487	 -0.976113	 0.376413	 0.667347	 -0.962026	 0.374384	 0.662299	 -0.947892	 0.372023	 0.6569	 -0.933943	 0.369488	 0.651326	 -0.920091	 1.33565	 1.33551	 1.33568	 1.33538	 1.33565	 
17.06	 0.381	 0.678	 -0.99	 0.378981	 0.672563	 -0.976166	 0.37651	 0.667439	 -0.962287	 0.373928	 0.662397	 -0.948397	 0.37177	 0.657061	 -0.934546	 0.369827	 0.65157	 -0.920723	 1.31376	 1.31362	 1.31379	 1.31347	 1.31373	 
17.07	 0.381	 0.678	 -0.99	 0.378846	 0.673044	 -0.976157	 0.376461	 0.667632	 -0.962526	 0.374016	 0.662111	 -0.948947	 0.371789	 0.657016	 -0.935169	 0.369678	 0.652139	 -0.921292	 1.29237	 1.29227	 1.29244	 1.29211	 1.29236	 
17.08	 0.381	 0.678	 -0.99	 0.378403	 0.672916	 -0.976428	 0.376332	 0.667675	 -0.962825	 0.374394	 0.662393	 -0.949218	 0.37196	 0.657257	 -0.935637	 0.369273	 0.652202	 -0.922071	 1.27174	 1.2716	 1.27177	 1.27146	 1.27174	 
17.09	 0.381	 0.678	 -0.99	 0.378687	 0.67257	 -0.976651	 0.376382	 0.667656	 -0.963104	 0.374083	 0.662871	 -0.949508	 0.371774	 0.6576	 -0.936097	 0.369456	 0.652083	 -0.922784	 1.25212	 1.25199	 1.25216	 1.25188	 1.25216	 
17.1	 0.381	 0.678	 -0.99	 0.378978	 0.672956	 -0.976583	 0.376429	 0.667816	 -0.963294	 0.373749	 0.662654	 -0.950038	 0.371563	 0.657582	 -0.936659	 0.369634	 0.652554	 -0.923222	 1.2339	 1.2338	 1.234	 1.23371	 1.23399	 
17.11	 0.381	 0.678	 -0.99	 0.378496	 0.673198	 -0.976693	 0.376278	 0.667938	 -0.963509	 0.374131	 0.662564	 -0.950358	 0.371717	 0.657616	 -0.937089	 0.369171	 0.652892	 -0.92376	 1.21744	 1.21735	 1.21756	 1.21729	 1.21758	 
17.12	 0.381	 0.678	 -0.99	 0.378444	 0.672753	 -0.976976	 0.376234	 0.667882	 -0.963746	 0.374111	 0.663104	 -0.950466	 0.371666	 0.657972	 -0.937376	 0.36905	 0.65266	 -0.92439	 1.20291	 1.20279	 1.203	 1.20276	 1.20308	 
17.13	 0.381	 0.678	 -0.99	 0.378919	 0.672882	 -0.976932	 0.376322	 0.66796	 -0.963881	 0.373596	 0.663092	 -0.950835	 0.371348	 0.658038	 -0.93777	 0.369346	 0.652885	 -0.924702	 1.19025	 1.19016	 1.19038	 1.19012	 1.19041	 
17.14	 0.381	 0.678	 -0.99	 0.378587	 0.673314	 -0.976904	 0.376201	 0.668113	 -0.964	 0.373818	 0.662783	 -0.951147	 0.371404	 0.657935	 -0.938112	 0.36898	 0.653339	 -0.924985	 1.17933	 1.17924	 1.17946	 1.1792	 1.1795	 
17.15	 0.381	 0.678	 -0.99	 0.378298	 0.672929	 -0.977174	 0.37608	 0.668055	 -0.96418	 0.373985	 0.663228	 -0.951147	 0.371436	 0.658215	 -0.938268	 0.368649	 0.653112	 -0.925471	 1.16992	 1.16981	 1.17	 1.16976	 1.17008	 
17.16	 0.381	 0.678	 -0.99	 0.378787	 0.672857	 -0.977167	 0.376158	 0.668066	 -0.964278	 0.373426	 0.663366	 -0.951375	 0.371084	 0.658334	 -0.938522	 0.368944	 0.653128	 -0.925702	 1.16176	 1.16165	 1.16185	 1.16158	 1.16189	 
17.17	 0.381	 0.678	 -0.99	 0.378601	 0.673352	 -0.977063	 0.376068	 0.668216	 -0.964338	 0.3735	 0.662959	 -0.951669	 0.371055	 0.658156	 -0.938799	 0.368681	 0.65359	 -0.925827	 1.15469	 1.1546	 1.1548	 1.15452	 1.15481	 
17.18	 0.381	 0.678	 -0.99	 0.378193	 0.673047	 -0.977303	 0.375914	 0.668159	 -0.964476	 0.373769	 0.663288	 -0.951619	 0.371131	 0.658351	 -0.93888	 0.368236	 0.653387	 -0.926206	 1.14872	 1.1486	 1.14878	 1.14853	 1.14884	 
17.19	 0.381	 0.678	 -0.99	 0.378654	 0.672849	 -0.977323	 0.375978	 0.668121	 -0.964548	 0.373222	 0.663502	 -0.951748	 0.370777	 0.658486	 -0.939037	 0.368492	 0.653261	 -0.926379	 1.14385	 1.14374	 1.14393	 1.14367	 1.14398	 
17.2	 0.381	 0.678	 -0.99	 0.378567	 0.673352	 -0.977172	 0.375909	 0.668256	 -0.964562	 0.373193	 0.663049	 -0.952007	 0.370687	 0.65826	 -0.939247	 0.368293	 0.653688	 -0.926383	 1.14021	 1.14013	 1.14033	 1.14006	 1.14036	 
17.21	 0.381	 0.678	 -0.99	 0.378103	 0.673106	 -0.977377	 0.375738	 0.668199	 -0.96465	 0.373508	 0.663285	 -0.9519	 0.370779	 0.658383	 -0.939244	 0.367786	 0.653493	 -0.926641	 1.138	 1.13789	 1.13809	 1.13786	 1.13817	 
17.22	 0.381	 0.678	 -0.99	 0.378526	 0.672835	 -0.9774	 0.375783	 0.668128	 -0.964678	 0.372976	 0.663536	 -0.951926	 0.370422	 0.658515	 -0.939285	 0.367995	 0.65327	 -0.926708	 1.13733	 1.13723	 1.13743	 1.1372	 1.13752	 
17.23	 0.381	 0.678	 -0.99	 0.378499	 0.673328	 -0.977207	 0.375716	 0.668247	 -0.964631	 0.372861	 0.663064	 -0.952111	 0.370271	 0.658262	 -0.939385	 0.367825	 0.653659	 -0.926556	 1.13833	 1.13826	 1.13848	 1.13824	 1.13854	 
17.24	 0.381	 0.678	 -0.99	 0.377999	 0.673136	 -0.977367	 0.375527	 0.668191	 -0.964652	 0.373187	 0.663223	 -0.95192	 0.370351	 0.658329	 -0.939261	 0.367258	 0.653481	 -0.926643	 1.14116	 1.14106	 1.14127	 1.14106	 1.14139	 
17.25	 0.381	 0.678	 -0.99	 0.378375	 0.672804	 -0.977382	 0.375551	 0.66809	 -0.96462	 0.372679	 0.6635	 -0.951821	 0.369989	 0.658458	 -0.939155	 0.367393	 0.65318	 -0.926564	 1.14579	 1.1457	 1.14592	 1.14572	 1.14604	 
17.26	 0.381	 0.678	 -0.99	 0.378421	 0.673267	 -0.977147	 0.375488	 0.668185	 -0.964504	 0.372464	 0.663019	 -0.951916	 0.369769	 0.65818	 -0.939126	 0.36725	 0.653506	 -0.926237	 1.15218	 1.15212	 1.15234	 1.15212	 1.15243	 
17.27	 0.381	 0.678	 -0.99	 0.377887	 0.673158	 -0.977248	 0.375276	 0.668131	 -0.964456	 0.372792	 0.663058	 -0.951655	 0.369835	 0.658154	 -0.93889	 0.366635	 0.653344	 -0.926146	 1.16024	 1.16015	 1.16036	 1.16016	 1.16048	 
17.28	 0.381	 0.678	 -0.99	 0.378168	 0.672744	 -0.977278	 0.375269	 0.667989	 -0.964376	 0.372357	 0.66336	 -0.951429	 0.369506	 0.658261	 -0.938648	 0.366683	 0.652917	 -0.925959	 1.16973	 1.16964	 1.16984	 1.16964	 1.16996	 
17.29	 0.381	 0.678	 -0.99	 0.378345	 0.673128	 -0.977012	 0.375237	 0.66804	 -0.964208	 0.372016	 0.6629	 -0.951452	 0.369218	 0.65796	 -0.93852	 0.366643	 0.653122	 -0.925501	 1.18046	 1.1804	 1.18059	 1.18037	 1.18068	 
17.3	 0.381	 0.678	 -0.99	 0.377807	 0.673173	 -0.97703	 0.375023	 0.668004	 -0.964099	 0.372342	 0.662746	 -0.951181	 0.369279	 0.657807	 -0.938223	 0.366021	 0.653039	 -0.925246	 1.19236	 1.19228	 1.19247	 1.19225	 1.19256	 
17.31	 0.381	 0.678	 -0.99	 0.377901	 0.672686	 -0.977105	 0.374969	 0.667829	 -0.963992	 0.37208	 0.663086	 -0.950828	 0.369037	 0.657911	 -0.937863	 0.365912	 0.652517	 -0.925006	 1.20534	 1.20524	 1.20542	 1.20523	 1.20555	 
17.32	 0.381	 0.678	 -0.99	 0.378249	 0.672892	 -0.976842	 0.37498	 0.667824	 -0.963788	 0.37158	 0.662771	 -0.950761	 0.368665	 0.657677	 -0.937634	 0.366001	 0.652559	 -0.924461	 1.2194	 1.21933	 1.21952	 1.21931	 1.21962	 
17.33	 0.381	 0.678	 -0.99	 0.377822	 0.673162	 -0.976727	 0.374791	 0.667837	 -0.963607	 0.371794	 0.662391	 -0.950528	 0.368658	 0.657399	 -0.937302	 0.365455	 0.652644	 -0.924004	 1.23466	 1.23459	 1.23478	 1.23458	 1.23489	 
17.34	 0.381	 0.678	 -0.99	 0.377603	 0.672724	 -0.976829	 0.374646	 0.667669	 -0.963468	 0.371803	 0.662667	 -0.950061	 0.368548	 0.657456	 -0.936829	 0.365078	 0.652143	 -0.923691	 1.25117	 1.25109	 1.25127	 1.2511	 1.25141	 
17.35	 0.381	 0.678	 -0.99	 0.378009	 0.672595	 -0.976654	 0.37466	 0.667571	 -0.963246	 0.371225	 0.662643	 -0.949822	 0.368129	 0.657356	 -0.936453	 0.365203	 0.651884	 -0.923118	 1.26895	 1.26888	 1.26908	 1.2689	 1.26921	 
17.36	 0.381	 0.678	 -0.99	 0.377922	 0.672989	 -0.976384	 0.374552	 0.667599	 -0.962985	 0.37111	 0.662116	 -0.94964	 0.367941	 0.656988	 -0.936089	 0.364918	 0.65204	 -0.922436	 1.28803	 1.28797	 1.28816	 1.28797	 1.28828	 
17.37	 0.381	 0.678	 -0.99	 0.377441	 0.672876	 -0.976398	 0.374342	 0.667498	 -0.962781	 0.371356	 0.662056	 -0.949163	 0.36794	 0.65685	 -0.935556	 0.364306	 0.651769	 -0.921955	 1.30835	 1.30827	 1.30845	 1.30828	 1.30859	 
17.38	 0.381	 0.678	 -0.99	 0.377551	 0.672432	 -0.976388	 0.374273	 0.66731	 -0.96256	 0.371041	 0.662298	 -0.948681	 0.367651	 0.656866	 -0.934999	 0.364176	 0.651222	 -0.921423	 1.32979	 1.32971	 1.32989	 1.32973	 1.33004	 
17.39	 0.381	 0.678	 -0.99	 0.377876	 0.672543	 -0.976103	 0.374261	 0.667254	 -0.96226	 0.370529	 0.66201	 -0.94843	 0.367258	 0.656608	 -0.934546	 0.36422	 0.651121	 -0.92064	 1.35221	 1.35215	 1.35232	 1.35215	 1.35246	 
17.4	 0.381	 0.678	 -0.99	 0.377612	 0.672854	 -0.975879	 0.374108	 0.667246	 -0.961964	 0.370575	 0.661525	 -0.948102	 0.36715	 0.656239	 -0.934042	 0.363786	 0.651174	 -0.919884	 1.37548	 1.37542	 1.37559	 1.37541	 1.37571	 
17.41	 0.381	 0.678	 -0.99	 0.377216	 0.672629	 -0.975891	 0.373924	 0.667102	 -0.961719	 0.370751	 0.661536	 -0.947533	 0.367116	 0.656116	 -0.933404	 0.363249	 0.650776	 -0.919304	 1.39944	 1.39936	 1.39952	 1.39935	 1.39965	 
17.42	 0.381	 0.678	 -0.99	 0.377365	 0.672229	 -0.975831	 0.373872	 0.666911	 -0.961451	 0.370417	 0.661706	 -0.947019	 0.366827	 0.656074	 -0.932783	 0.363166	 0.650229	 -0.91865	 1.42393	 1.42385	 1.42401	 1.42384	 1.42414	 
17.43	 0.381	 0.678	 -0.99	 0.377665	 0.672311	 -0.975544	 0.37386	 0.666839	 -0.961121	 0.369942	 0.661422	 -0.946706	 0.366465	 0.655803	 -0.932256	 0.363207	 0.650078	 -0.917796	 1.44886	 1.44879	 1.44894	 1.44876	 1.44905	 
17.44	 0.381	 0.678	 -0.99	 0.377488	 0.672612	 -0.975289	 0.373733	 0.666822	 -0.960792	 0.369917	 0.660935	 -0.94635	 0.366328	 0.655426	 -0.931703	 0.362858	 0.650106	 -0.916956	 1.47418	 1.4741	 1.47426	 1.47408	 1.47436	 
17.45	 0.381	 0.678	 -0.99	 0.377079	 0.672522	 -0.97524	 0.37355	 0.666711	 -0.960509	 0.370114	 0.660816	 -0.945788	 0.366308	 0.655232	 -0.931039	 0.362321	 0.64981	 -0.916274	 1.49987	 1.49979	 1.49994	 1.49977	 1.50005	 
17.46	 0.381	 0.678	 -0.99	 0.377036	 0.672124	 -0.975215	 0.373457	 0.66652	 -0.960228	 0.369973	 0.660981	 -0.945194	 0.366125	 0.655182	 -0.930349	 0.362093	 0.649257	 -0.915601	 1.52593	 1.52586	 1.52601	 1.52584	 1.52613	 
17.47	 0.381	 0.678	 -0.99	 0.377333	 0.671966	 -0.97501	 0.373451	 0.666384	 -0.959899	 0.369519	 0.660911	 -0.94476	 0.365788	 0.655011	 -0.929733	 0.362152	 0.648897	 -0.914766	 1.55239	 1.55232	 1.55247	 1.55231	 1.55259	 
17.48	 0.381	 0.678	 -0.99	 0.37745	 0.672184	 -0.974702	 0.373405	 0.666336	 -0.95954	 0.36924	 0.660482	 -0.944413	 0.365539	 0.654656	 -0.929155	 0.36207	 0.648841	 -0.913837	 1.57924	 1.57917	 1.57932	 1.57915	 1.57944	 
17.49	 0.381	 0.678	 -0.99	 0.377177	 0.672373	 -0.974502	 0.373268	 0.66628	 -0.959203	 0.369334	 0.660076	 -0.943954	 0.365479	 0.654309	 -0.928516	 0.36167	 0.648758	 -0.912986	 1.60643	 1.60635	 1.60649	 1.60634	 1.60662	 
17.5	 0.381	 0.678	 -0.99	 0.376845	 0.672213	 -0.974448	 0.373117	 0.666143	 -0.958897	 0.369489	 0.660002	 -0.943348	 0.365456	 0.654127	 -0.927798	 0.361228	 0.648387	 -0.912248	 1.63384	 1.63376	 1.6339	 1.63374	 1.63402	 
17.51	 0.381	 0.678	 -0.99	 0.376821	 0.671856	 -0.974392	 0.373043	 0.665958	 -0.958588	 0.369361	 0.660117	 -0.94274	 0.3653	 0.654041	 -0.927074	 0.361049	 0.647856	 -0.911501	 1.66134	 1.66127	 1.66141	 1.66125	 1.66153	 
17.52	 0.381	 0.678	 -0.99	 0.377066	 0.671668	 -0.974203	 0.373038	 0.665814	 -0.958247	 0.36899	 0.660073	 -0.942254	 0.365028	 0.653881	 -0.926409	 0.361106	 0.647467	 -0.910641	 1.68881	 1.68874	 1.68888	 1.68871	 1.68899	 
17.53	 0.381	 0.678	 -0.99	 0.37725	 0.671783	 -0.973916	 0.373023	 0.665742	 -0.957883	 0.368684	 0.659746	 -0.941863	 0.364794	 0.653583	 -0.925792	 0.361123	 0.647333	 -0.909701	 1.71613	 1.71605	 1.71618	 1.71601	 1.71628	 
17.54	 0.381	 0.678	 -0.99	 0.377151	 0.672	 -0.973663	 0.372944	 0.665697	 -0.957529	 0.368654	 0.659325	 -0.941444	 0.3647	 0.653239	 -0.925164	 0.360914	 0.64729	 -0.908792	 1.74319	 1.74311	 1.74322	 1.74306	 1.74332	 
17.55	 0.381	 0.678	 -0.99	 0.376855	 0.672046	 -0.973526	 0.372822	 0.665617	 -0.957204	 0.368816	 0.659076	 -0.940919	 0.364705	 0.652984	 -0.924488	 0.360548	 0.647111	 -0.907987	 1.76991	 1.76982	 1.76993	 1.76976	 1.77002	 
17.56	 0.381	 0.678	 -0.99	 0.376627	 0.671845	 -0.973469	 0.372721	 0.665483	 -0.9569	 0.368926	 0.659072	 -0.940325	 0.36469	 0.652852	 -0.923783	 0.360241	 0.646731	 -0.90726	 1.79615	 1.79607	 1.79618	 1.796	 1.79625	 
17.57	 0.381	 0.678	 -0.99	 0.376638	 0.671545	 -0.973394	 0.372683	 0.665329	 -0.956598	 0.368824	 0.659164	 -0.939759	 0.364579	 0.652772	 -0.9231	 0.360144	 0.646277	 -0.906529	 1.8218	 1.82172	 1.82182	 1.82164	 1.82189	 
17.58	 0.381	 0.678	 -0.99	 0.376839	 0.671361	 -0.973234	 0.372695	 0.665198	 -0.956285	 0.368555	 0.659146	 -0.939293	 0.364398	 0.652643	 -0.922475	 0.360231	 0.645923	 -0.905742	 1.84673	 1.84665	 1.84675	 1.84656	 1.8468	 
17.59	 0.381	 0.678	 -0.99	 0.377045	 0.671388	 -0.973	 0.372712	 0.665116	 -0.955964	 0.368293	 0.658927	 -0.938918	 0.364235	 0.652416	 -0.921905	 0.360346	 0.645748	 -0.904911	 1.87085	 1.87076	 1.87085	 1.87066	 1.87091	 
17.6	 0.381	 0.678	 -0.99	 0.377094	 0.671555	 -0.972757	 0.3727	 0.66507	 -0.955648	 0.368196	 0.658579	 -0.938569	 0.364159	 0.652128	 -0.921359	 0.360344	 0.645693	 -0.904092	 1.89416	 1.89406	 1.89415	 1.89397	 1.89421	 
17.61	 0.381	 0.678	 -0.99	 0.376955	 0.671707	 -0.972571	 0.372653	 0.665026	 -0.95535	 0.368292	 0.658258	 -0.938177	 0.364179	 0.651857	 -0.920805	 0.360191	 0.645628	 -0.90334	 1.91676	 1.91666	 1.91675	 1.91657	 1.91681	 
17.62	 0.381	 0.678	 -0.99	 0.376726	 0.671713	 -0.972466	 0.372588	 0.664954	 -0.955076	 0.368485	 0.658083	 -0.93772	 0.364257	 0.651659	 -0.920226	 0.359974	 0.645449	 -0.902666	 1.93878	 1.93869	 1.93878	 1.9386	 1.93883	 
17.63	 0.381	 0.678	 -0.99	 0.376551	 0.671554	 -0.972412	 0.372544	 0.664843	 -0.954817	 0.368642	 0.658069	 -0.937223	 0.364327	 0.651542	 -0.919633	 0.359817	 0.645139	 -0.902044	 1.96032	 1.96024	 1.96034	 1.96016	 1.96039	 
17.64	 0.381	 0.678	 -0.99	 0.376532	 0.671309	 -0.972356	 0.372545	 0.664712	 -0.954563	 0.36867	 0.658135	 -0.936737	 0.364342	 0.651467	 -0.919051	 0.359798	 0.64476	 -0.901432	 1.98138	 1.98131	 1.98141	 1.98123	 1.98146	 
17.65	 0.381	 0.678	 -0.99	 0.376666	 0.671099	 -0.972255	 0.372585	 0.664592	 -0.954304	 0.368564	 0.658173	 -0.936306	 0.364302	 0.65138	 -0.918504	 0.359923	 0.644416	 -0.900795	 2.00185	 2.00178	 2.00187	 2.00168	 2.00191	 
17.66	 0.381	 0.678	 -0.99	 0.376868	 0.671012	 -0.972099	 0.37264	 0.664504	 -0.954042	 0.368394	 0.658105	 -0.935949	 0.364242	 0.651253	 -0.918002	 0.36013	 0.644186	 -0.900128	 2.02148	 2.02139	 2.02148	 2.02129	 2.02152	 
17.67	 0.381	 0.678	 -0.99	 0.377044	 0.671064	 -0.971906	 0.372695	 0.664453	 -0.953782	 0.368261	 0.65792	 -0.935649	 0.364204	 0.651078	 -0.917543	 0.360318	 0.644087	 -0.899455	 2.04003	 2.03993	 2.04	 2.0398	 2.04003	 
17.68	 0.381	 0.678	 -0.99	 0.377122	 0.671205	 -0.971712	 0.372741	 0.66443	 -0.953532	 0.368244	 0.657662	 -0.935377	 0.364221	 0.650872	 -0.91712	 0.360423	 0.64407	 -0.898818	 2.05732	 2.0572	 2.05726	 2.05706	 2.05728	 
17.69	 0.381	 0.678	 -0.99	 0.377072	 0.671349	 -0.971556	 0.372761	 0.664408	 -0.953306	 0.368359	 0.657403	 -0.935102	 0.364314	 0.650671	 -0.916715	 0.360443	 0.644062	 -0.898244	 2.0733	 2.07318	 2.07323	 2.07302	 2.07324	 
17.7	 0.381	 0.678	 -0.99	 0.376928	 0.671417	 -0.971458	 0.372759	 0.664368	 -0.95311	 0.368567	 0.657215	 -0.934807	 0.364466	 0.650505	 -0.916318	 0.360413	 0.644001	 -0.897744	 2.08807	 2.08795	 2.088	 2.0878	 2.08802	 
17.71	 0.381	 0.678	 -0.99	 0.376766	 0.671379	 -0.971409	 0.372759	 0.664309	 -0.952935	 0.368803	 0.657138	 -0.934488	 0.364638	 0.650394	 -0.915927	 0.36038	 0.643852	 -0.897315	 2.10179	 2.10169	 2.10176	 2.10155	 2.10176	 
17.72	 0.381	 0.678	 -0.99	 0.376666	 0.671247	 -0.971388	 0.372781	 0.664236	 -0.952772	 0.369	 0.657166	 -0.934157	 0.364796	 0.650337	 -0.915545	 0.360395	 0.643626	 -0.896933	 2.11466	 2.11457	 2.11465	 2.11443	 2.11464	 
17.73	 0.381	 0.678	 -0.99	 0.376666	 0.67106	 -0.97137	 0.372833	 0.664154	 -0.952618	 0.369114	 0.657252	 -0.933841	 0.364919	 0.650315	 -0.915179	 0.360506	 0.64337	 -0.896569	 2.12678	 2.1267	 2.12678	 2.12657	 2.12677	 
17.74	 0.381	 0.678	 -0.99	 0.376772	 0.670882	 -0.971331	 0.372911	 0.664073	 -0.952468	 0.369135	 0.657332	 -0.933563	 0.365011	 0.650299	 -0.91484	 0.360721	 0.643134	 -0.896203	 2.13815	 2.13808	 2.13816	 2.13794	 2.13814	 
17.75	 0.381	 0.678	 -0.99	 0.376952	 0.670771	 -0.971257	 0.37301	 0.664013	 -0.952319	 0.369095	 0.65736	 -0.933336	 0.365079	 0.650261	 -0.914538	 0.361012	 0.642959	 -0.895828	 2.14869	 2.14861	 2.14869	 2.14847	 2.14868	 
17.76	 0.381	 0.678	 -0.99	 0.377153	 0.670758	 -0.971152	 0.373117	 0.663981	 -0.952171	 0.369041	 0.657309	 -0.933161	 0.365146	 0.650196	 -0.914276	 0.361329	 0.642877	 -0.895451	 2.15825	 2.15816	 2.15823	 2.15801	 2.15822	 
17.77	 0.381	 0.678	 -0.99	 0.37732	 0.670835	 -0.971029	 0.37322	 0.663976	 -0.952032	 0.369028	 0.657187	 -0.933029	 0.365234	 0.650107	 -0.91405	 0.36162	 0.64289	 -0.895087	 2.16667	 2.16656	 2.16662	 2.16639	 2.1666	 
17.78	 0.381	 0.678	 -0.99	 0.377412	 0.67097	 -0.97091	 0.373312	 0.663988	 -0.951907	 0.369095	 0.65702	 -0.932924	 0.365361	 0.650006	 -0.913858	 0.361853	 0.642968	 -0.894757	 2.17381	 2.17368	 2.17373	 2.1735	 2.17371	 
17.79	 0.381	 0.678	 -0.99	 0.37741	 0.671114	 -0.970817	 0.373381	 0.664005	 -0.951804	 0.369254	 0.656849	 -0.93283	 0.365542	 0.649907	 -0.913693	 0.362026	 0.643058	 -0.894484	 2.17958	 2.17945	 2.17949	 2.17927	 2.17947	 
17.8	 0.381	 0.678	 -0.99	 0.377331	 0.671219	 -0.970763	 0.373437	 0.664015	 -0.951727	 0.369494	 0.656718	 -0.932736	 0.36577	 0.649824	 -0.913552	 0.362149	 0.643114	 -0.894282	 2.18397	 2.18384	 2.18388	 2.18365	 2.18386	 
17.81	 0.381	 0.678	 -0.99	 0.377221	 0.671253	 -0.970751	 0.373497	 0.664012	 -0.951673	 0.369783	 0.656661	 -0.932635	 0.36602	 0.649777	 -0.913434	 0.362239	 0.643109	 -0.894159	 2.187	 2.18687	 2.18692	 2.18668	 2.18688	 
17.82	 0.381	 0.678	 -0.99	 0.377125	 0.671201	 -0.970777	 0.373564	 0.663993	 -0.951643	 0.370068	 0.656691	 -0.932532	 0.36627	 0.649776	 -0.913337	 0.36234	 0.643043	 -0.894102	 2.18871	 2.18859	 2.18865	 2.1884	 2.18858	 
17.83	 0.381	 0.678	 -0.99	 0.377075	 0.67108	 -0.970827	 0.373635	 0.663961	 -0.951634	 0.370301	 0.656796	 -0.932439	 0.366506	 0.64982	 -0.913262	 0.362502	 0.642935	 -0.894094	 2.18916	 2.18905	 2.18911	 2.18885	 2.18903	 
17.84	 0.381	 0.678	 -0.99	 0.37711	 0.670927	 -0.970881	 0.373726	 0.663928	 -0.951639	 0.370458	 0.656944	 -0.932372	 0.366711	 0.64989	 -0.91322	 0.362741	 0.64281	 -0.894121	 2.1884	 2.18831	 2.18838	 2.1881	 2.18828	 
17.85	 0.381	 0.678	 -0.99	 0.377237	 0.670792	 -0.97092	 0.373845	 0.663906	 -0.951652	 0.370536	 0.65709	 -0.932345	 0.366876	 0.649965	 -0.913216	 0.363051	 0.642704	 -0.894168	 2.18651	 2.18641	 2.18648	 2.18621	 2.1864	 
17.86	 0.381	 0.678	 -0.99	 0.377428	 0.670712	 -0.970934	 0.373976	 0.663898	 -0.951673	 0.370552	 0.657191	 -0.93237	 0.367014	 0.650031	 -0.913251	 0.363419	 0.642665	 -0.894221	 2.18352	 2.18342	 2.1835	 2.18323	 2.18342	 
17.87	 0.381	 0.678	 -0.99	 0.377638	 0.670717	 -0.970923	 0.374107	 0.663915	 -0.951701	 0.370542	 0.657222	 -0.932446	 0.36714	 0.650075	 -0.913326	 0.363808	 0.642718	 -0.894274	 2.17951	 2.1794	 2.17947	 2.17921	 2.1794	 
17.88	 0.381	 0.678	 -0.99	 0.377821	 0.670814	 -0.97089	 0.374234	 0.663959	 -0.951733	 0.370559	 0.657182	 -0.932563	 0.367275	 0.650091	 -0.913438	 0.364168	 0.642852	 -0.894338	 2.17453	 2.17441	 2.17448	 2.17422	 2.17442	 
17.89	 0.381	 0.678	 -0.99	 0.377934	 0.670975	 -0.970854	 0.374349	 0.664022	 -0.951774	 0.370649	 0.657087	 -0.932708	 0.367444	 0.650082	 -0.913579	 0.364465	 0.643042	 -0.894426	 2.16862	 2.16849	 2.16855	 2.1683	 2.16851	 
17.9	 0.381	 0.678	 -0.99	 0.377953	 0.671149	 -0.970837	 0.374446	 0.664085	 -0.951831	 0.370833	 0.656976	 -0.932861	 0.367655	 0.650067	 -0.913742	 0.364683	 0.643248	 -0.894556	 2.16178	 2.16164	 2.16171	 2.16145	 2.16166	 
17.91	 0.381	 0.678	 -0.99	 0.377884	 0.671285	 -0.970855	 0.374521	 0.664141	 -0.951909	 0.3711	 0.656902	 -0.933009	 0.367908	 0.650071	 -0.91392	 0.364828	 0.643426	 -0.894746	 2.15392	 2.15378	 2.15383	 2.15357	 2.15377	 
17.92	 0.381	 0.678	 -0.99	 0.37776	 0.671343	 -0.970919	 0.374581	 0.664185	 -0.952011	 0.371413	 0.656915	 -0.933144	 0.368185	 0.650119	 -0.914113	 0.364936	 0.643545	 -0.895006	 2.14485	 2.14472	 2.14477	 2.14449	 2.14468	 
17.93	 0.381	 0.678	 -0.99	 0.377645	 0.671304	 -0.971027	 0.374641	 0.664213	 -0.952139	 0.371715	 0.657033	 -0.933273	 0.368457	 0.650226	 -0.914325	 0.36505	 0.643595	 -0.89534	 2.13437	 2.13424	 2.1343	 2.134	 2.13418	 
17.94	 0.381	 0.678	 -0.99	 0.377603	 0.671185	 -0.971162	 0.37472	 0.66423	 -0.952291	 0.371952	 0.65724	 -0.933415	 0.368697	 0.650381	 -0.91457	 0.365217	 0.643591	 -0.895741	 2.12232	 2.1222	 2.12225	 2.12194	 2.12211	 
17.95	 0.381	 0.678	 -0.99	 0.37767	 0.671034	 -0.971303	 0.374824	 0.664242	 -0.952463	 0.372086	 0.657487	 -0.933593	 0.368887	 0.650565	 -0.914859	 0.365475	 0.643572	 -0.896189	 2.10866	 2.10854	 2.1086	 2.10828	 2.10845	 
17.96	 0.381	 0.678	 -0.99	 0.377843	 0.670921	 -0.971423	 0.374945	 0.664266	 -0.952649	 0.37211	 0.657707	 -0.933831	 0.369029	 0.650745	 -0.9152	 0.365827	 0.643598	 -0.896658	 2.09354	 2.09341	 2.09348	 2.09316	 2.09333	 
17.97	 0.381	 0.678	 -0.99	 0.378078	 0.670907	 -0.971506	 0.37508	 0.664319	 -0.952839	 0.372069	 0.657845	 -0.934133	 0.369133	 0.650893	 -0.915591	 0.366226	 0.643719	 -0.897127	 2.07723	 2.0771	 2.07718	 2.07687	 2.07705	 
17.98	 0.381	 0.678	 -0.99	 0.378304	 0.671023	 -0.971549	 0.375216	 0.664406	 -0.953028	 0.37204	 0.657873	 -0.934492	 0.369234	 0.650996	 -0.916022	 0.366598	 0.643954	 -0.897588	 2.06009	 2.05996	 2.06004	 2.05974	 2.05994	 
17.99	 0.381	 0.678	 -0.99	 0.378431	 0.671235	 -0.971577	 0.375327	 0.664518	 -0.95322	 0.372099	 0.657812	 -0.93488	 0.369371	 0.651059	 -0.916478	 0.36688	 0.644279	 -0.898051	 2.04242	 2.04228	 2.04237	 2.04208	 2.04228	 
18	 0.381	 0.678	 -0.99	 0.378409	 0.671464	 -0.971625	 0.375399	 0.664632	 -0.953423	 0.372289	 0.657735	 -0.935263	 0.36957	 0.651116	 -0.916938	 0.367041	 0.644625	 -0.89854	 2.02433	 2.02419	 2.02428	 2.024	 2.0242	 
18.01	 0.381	 0.678	 -0.99	 0.378264	 0.671614	 -0.971724	 0.375439	 0.664731	 -0.953644	 0.37259	 0.657736	 -0.93561	 0.36982	 0.651211	 -0.917391	 0.367092	 0.644906	 -0.899087	 2.00574	 2.00561	 2.00569	 2.0054	 2.0056	 
18.02	 0.381	 0.678	 -0.99	 0.378086	 0.67162	 -0.971886	 0.37547	 0.664804	 -0.953887	 0.372917	 0.657885	 -0.935917	 0.370078	 0.651378	 -0.91784	 0.367109	 0.645069	 -0.899711	 1.98636	 1.98623	 1.98632	 1.986	 1.9862	 
18.03	 0.381	 0.678	 -0.99	 0.377996	 0.671489	 -0.972093	 0.375516	 0.664849	 -0.954154	 0.373154	 0.658177	 -0.936211	 0.370292	 0.651623	 -0.918299	 0.367195	 0.64513	 -0.900403	 1.96581	 1.96568	 1.96576	 1.96542	 1.9656	 
18.04	 0.381	 0.678	 -0.99	 0.37808	 0.67131	 -0.972302	 0.3756	 0.664887	 -0.95444	 0.373222	 0.658523	 -0.936543	 0.370425	 0.651904	 -0.918802	 0.367423	 0.64517	 -0.901136	 1.94371	 1.94358	 1.94365	 1.9433	 1.94348	 
18.05	 0.381	 0.678	 -0.99	 0.378324	 0.671224	 -0.972466	 0.375722	 0.66495	 -0.954737	 0.373137	 0.658791	 -0.936964	 0.370478	 0.652158	 -0.919377	 0.367781	 0.645299	 -0.90188	 1.91986	 1.91971	 1.91977	 1.91941	 1.91959	 
18.06	 0.381	 0.678	 -0.99	 0.378602	 0.671329	 -0.972568	 0.375849	 0.66506	 -0.95504	 0.373015	 0.658888	 -0.937491	 0.370512	 0.652335	 -0.920032	 0.368164	 0.645596	 -0.902621	 1.89424	 1.89408	 1.89413	 1.89377	 1.89396	 
18.07	 0.381	 0.678	 -0.99	 0.37874	 0.671601	 -0.972639	 0.375941	 0.665215	 -0.955354	 0.373017	 0.658834	 -0.938086	 0.3706	 0.652442	 -0.920747	 0.368427	 0.646042	 -0.903377	 1.86711	 1.86695	 1.867	 1.86665	 1.86684	 
18.08	 0.381	 0.678	 -0.99	 0.378645	 0.671889	 -0.972746	 0.375976	 0.665377	 -0.955687	 0.373231	 0.658775	 -0.938674	 0.370785	 0.652551	 -0.921476	 0.368486	 0.646507	 -0.904192	 1.83898	 1.83882	 1.8389	 1.83855	 1.83875	 
18.09	 0.381	 0.678	 -0.99	 0.378398	 0.671999	 -0.972944	 0.375971	 0.665503	 -0.956045	 0.373583	 0.658891	 -0.939184	 0.371031	 0.652746	 -0.922174	 0.368404	 0.646828	 -0.905094	 1.81046	 1.81033	 1.81044	 1.8101	 1.8103	 
18.1	 0.381	 0.678	 -0.99	 0.378228	 0.671865	 -0.973218	 0.375979	 0.665572	 -0.956418	 0.373853	 0.65924	 -0.939615	 0.371234	 0.653054	 -0.92283	 0.368377	 0.646946	 -0.906053	 1.78221	 1.78209	 1.78222	 1.7819	 1.78211	 
18.11	 0.381	 0.678	 -0.99	 0.378327	 0.671642	 -0.973482	 0.376047	 0.665617	 -0.956781	 0.373861	 0.65967	 -0.940039	 0.371305	 0.653405	 -0.923469	 0.368567	 0.64699	 -0.906983	 1.75467	 1.75455	 1.7547	 1.7544	 1.75463	 
18.12	 0.381	 0.678	 -0.99	 0.378648	 0.671598	 -0.973639	 0.376164	 0.665701	 -0.95711	 0.373651	 0.659924	 -0.940542	 0.371263	 0.65367	 -0.924131	 0.368931	 0.647183	 -0.907802	 1.72802	 1.72791	 1.72806	 1.72778	 1.72801	 
18.13	 0.381	 0.678	 -0.99	 0.378895	 0.671853	 -0.973691	 0.376262	 0.665855	 -0.957405	 0.373503	 0.659894	 -0.941125	 0.371242	 0.653794	 -0.924822	 0.369222	 0.647622	 -0.908512	 1.70215	 1.70203	 1.70219	 1.70189	 1.70212	 
18.14	 0.381	 0.678	 -0.99	 0.378812	 0.672207	 -0.973752	 0.376279	 0.666034	 -0.957697	 0.373658	 0.659772	 -0.941689	 0.371362	 0.653869	 -0.925498	 0.36923	 0.648139	 -0.909221	 1.6767	 1.67657	 1.67672	 1.67641	 1.67664	 
18.15	 0.381	 0.678	 -0.99	 0.378495	 0.672315	 -0.97394	 0.376233	 0.666156	 -0.95802	 0.374025	 0.659883	 -0.942135	 0.371585	 0.654054	 -0.926119	 0.369036	 0.648448	 -0.910039	 1.65121	 1.65108	 1.65121	 1.65088	 1.65111	 
18.16	 0.381	 0.678	 -0.99	 0.37834	 0.67209	 -0.97423	 0.37622	 0.666197	 -0.958373	 0.37423	 0.660304	 -0.942499	 0.371728	 0.654394	 -0.926705	 0.368972	 0.648482	 -0.910954	 1.62531	 1.62517	 1.62529	 1.62495	 1.62518	 
18.17	 0.381	 0.678	 -0.99	 0.378579	 0.671872	 -0.974464	 0.376298	 0.666236	 -0.958723	 0.374053	 0.660718	 -0.942934	 0.371677	 0.654735	 -0.927337	 0.369231	 0.648525	 -0.911838	 1.59884	 1.59869	 1.5988	 1.59846	 1.59869	 
18.18	 0.381	 0.678	 -0.99	 0.37893	 0.672034	 -0.974542	 0.376401	 0.666367	 -0.959041	 0.373764	 0.660775	 -0.94353	 0.371561	 0.654902	 -0.928057	 0.369572	 0.648885	 -0.91261	 1.57185	 1.5717	 1.57181	 1.57146	 1.5717	 
18.19	 0.381	 0.678	 -0.99	 0.378907	 0.672445	 -0.974585	 0.376413	 0.666563	 -0.959353	 0.373822	 0.660603	 -0.944166	 0.371611	 0.654952	 -0.928804	 0.369593	 0.649453	 -0.91336	 1.54458	 1.54445	 1.54458	 1.54423	 1.54445	 
18.2	 0.381	 0.678	 -0.99	 0.378534	 0.672579	 -0.974784	 0.376336	 0.666695	 -0.9597	 0.374204	 0.660696	 -0.944652	 0.371821	 0.655133	 -0.929476	 0.369316	 0.649792	 -0.914239	 1.51739	 1.51726	 1.51741	 1.51706	 1.51729	 
18.21	 0.381	 0.678	 -0.99	 0.378397	 0.672292	 -0.975104	 0.376313	 0.666723	 -0.960075	 0.374357	 0.661187	 -0.945016	 0.371916	 0.655517	 -0.93008	 0.36923	 0.649785	 -0.915208	 1.49054	 1.4904	 1.49054	 1.49022	 1.49047	 
18.22	 0.381	 0.678	 -0.99	 0.378753	 0.672134	 -0.975296	 0.376406	 0.66678	 -0.960414	 0.37404	 0.661553	 -0.945489	 0.371769	 0.655842	 -0.93073	 0.369541	 0.649886	 -0.916059	 1.46416	 1.46402	 1.46417	 1.46386	 1.46411	 
18.23	 0.381	 0.678	 -0.99	 0.379008	 0.672487	 -0.975307	 0.376473	 0.66696	 -0.960703	 0.373807	 0.661432	 -0.946123	 0.371654	 0.655917	 -0.931455	 0.369761	 0.650405	 -0.916748	 1.43825	 1.43813	 1.43829	 1.43796	 1.43821	 
18.24	 0.381	 0.678	 -0.99	 0.378691	 0.672828	 -0.975409	 0.376397	 0.667138	 -0.961011	 0.374106	 0.66132	 -0.946662	 0.371805	 0.655988	 -0.932129	 0.369504	 0.650905	 -0.917506	 1.41277	 1.41265	 1.41281	 1.41248	 1.41272	 
18.25	 0.381	 0.678	 -0.99	 0.378386	 0.6726	 -0.975722	 0.37632	 0.667173	 -0.961367	 0.374391	 0.661737	 -0.946994	 0.371951	 0.656325	 -0.932693	 0.369252	 0.650931	 -0.91843	 1.38766	 1.38752	 1.38767	 1.38734	 1.3876	 
18.26	 0.381	 0.678	 -0.99	 0.378707	 0.672339	 -0.975946	 0.376398	 0.667195	 -0.961698	 0.374089	 0.66218	 -0.947403	 0.371796	 0.656676	 -0.933288	 0.369506	 0.650926	 -0.91927	 1.36294	 1.36279	 1.36294	 1.36263	 1.36289	 
18.27	 0.381	 0.678	 -0.99	 0.379009	 0.672693	 -0.975934	 0.376472	 0.667365	 -0.961965	 0.3738	 0.662035	 -0.94802	 0.371637	 0.656724	 -0.933983	 0.369734	 0.651419	 -0.919905	 1.33878	 1.33866	 1.33882	 1.33849	 1.33874	 
18.28	 0.381	 0.678	 -0.99	 0.37863	 0.67302	 -0.976037	 0.376371	 0.667528	 -0.962251	 0.374136	 0.661908	 -0.94851	 0.371793	 0.656768	 -0.934603	 0.3694	 0.651877	 -0.920613	 1.31553	 1.31542	 1.3156	 1.31528	 1.31554	 
18.29	 0.381	 0.678	 -0.99	 0.378393	 0.672685	 -0.976362	 0.376296	 0.667521	 -0.962579	 0.374326	 0.662393	 -0.948762	 0.371876	 0.657121	 -0.93508	 0.369178	 0.651782	 -0.921468	 1.29358	 1.29346	 1.29364	 1.29336	 1.29364	 
18.3	 0.381	 0.678	 -0.99	 0.378836	 0.67255	 -0.976483	 0.376389	 0.667558	 -0.962838	 0.373871	 0.662681	 -0.949163	 0.37162	 0.657374	 -0.935605	 0.369502	 0.651844	 -0.922112	 1.27328	 1.27316	 1.27336	 1.27309	 1.27338	 
18.31	 0.381	 0.678	 -0.99	 0.378886	 0.673045	 -0.976416	 0.376382	 0.667749	 -0.963029	 0.373778	 0.662372	 -0.949692	 0.371538	 0.65731	 -0.936168	 0.369491	 0.652409	 -0.922554	 1.25486	 1.25478	 1.255	 1.25472	 1.255	 
18.32	 0.381	 0.678	 -0.99	 0.37838	 0.673055	 -0.976618	 0.376227	 0.667816	 -0.963264	 0.374191	 0.662502	 -0.949921	 0.371716	 0.65746	 -0.936548	 0.369017	 0.652565	 -0.923162	 1.23845	 1.23835	 1.23857	 1.23831	 1.23861	 
18.33	 0.381	 0.678	 -0.99	 0.378551	 0.672636	 -0.976852	 0.376236	 0.667765	 -0.96349	 0.373959	 0.663017	 -0.950077	 0.371559	 0.657806	 -0.93686	 0.36909	 0.652359	 -0.923749	 1.2239	 1.22378	 1.22399	 1.22375	 1.22406	 
18.34	 0.381	 0.678	 -0.99	 0.378921	 0.672945	 -0.97676	 0.3763	 0.667888	 -0.963617	 0.373543	 0.662834	 -0.9505	 0.371295	 0.657782	 -0.937287	 0.369312	 0.652728	 -0.92403	 1.21092	 1.21083	 1.21104	 1.21077	 1.21106	 
18.35	 0.381	 0.678	 -0.99	 0.378472	 0.673246	 -0.976809	 0.376159	 0.668006	 -0.963764	 0.373896	 0.662645	 -0.950759	 0.371428	 0.657738	 -0.937614	 0.368859	 0.653071	 -0.924399	 1.19924	 1.19915	 1.19935	 1.19906	 1.19937	 
18.36	 0.381	 0.678	 -0.99	 0.378353	 0.672797	 -0.97708	 0.376093	 0.667929	 -0.963959	 0.373929	 0.663145	 -0.95079	 0.371399	 0.658046	 -0.937807	 0.368677	 0.652787	 -0.924925	 1.18857	 1.18844	 1.18862	 1.18836	 1.18866	 
18.37	 0.381	 0.678	 -0.99	 0.378835	 0.67287	 -0.977033	 0.376173	 0.667976	 -0.964068	 0.373386	 0.663146	 -0.951103	 0.371062	 0.658094	 -0.938135	 0.368979	 0.652922	 -0.92517	 1.17867	 1.17855	 1.17873	 1.17844	 1.17874	 
18.38	 0.381	 0.678	 -0.99	 0.378529	 0.673317	 -0.976984	 0.376055	 0.66812	 -0.964165	 0.373578	 0.662794	 -0.951399	 0.371103	 0.657949	 -0.938445	 0.368635	 0.653355	 -0.925396	 1.16952	 1.16942	 1.16961	 1.16931	 1.16959	 
18.39	 0.381	 0.678	 -0.99	 0.37822	 0.67294	 -0.977248	 0.375932	 0.668056	 -0.964333	 0.373771	 0.663212	 -0.951378	 0.371149	 0.658203	 -0.938575	 0.368284	 0.653113	 -0.925854	 1.16126	 1.16113	 1.1613	 1.16104	 1.16134	 
18.4	 0.381	 0.678	 -0.99	 0.378708	 0.672847	 -0.977241	 0.376009	 0.668056	 -0.964421	 0.37321	 0.663357	 -0.951587	 0.370793	 0.658318	 -0.938806	 0.368572	 0.653101	 -0.92606	 1.15404	 1.15393	 1.15412	 1.15385	 1.15415	 
18.41	 0.381	 0.678	 -0.99	 0.378527	 0.673344	 -0.977126	 0.375917	 0.668203	 -0.964466	 0.373269	 0.66294	 -0.951863	 0.370751	 0.658131	 -0.939055	 0.368305	 0.65356	 -0.926145	 1.14816	 1.14808	 1.14829	 1.14801	 1.14831	 
18.42	 0.381	 0.678	 -0.99	 0.378118	 0.673039	 -0.977357	 0.375762	 0.668145	 -0.964581	 0.373538	 0.663266	 -0.951774	 0.370821	 0.658322	 -0.939089	 0.367847	 0.653351	 -0.92647	 1.14393	 1.14382	 1.14402	 1.14379	 1.14411	 
18.43	 0.381	 0.678	 -0.99	 0.378579	 0.672842	 -0.977357	 0.375823	 0.668104	 -0.964619	 0.372983	 0.663474	 -0.951858	 0.370456	 0.658449	 -0.939184	 0.368089	 0.653216	 -0.92656	 1.1415	 1.14141	 1.14162	 1.14139	 1.14171	 
18.44	 0.381	 0.678	 -0.99	 0.378478	 0.673341	 -0.977188	 0.375737	 0.668232	 -0.964594	 0.37294	 0.663011	 -0.952058	 0.370346	 0.65821	 -0.939313	 0.367864	 0.653626	 -0.926464	 1.141	 1.14093	 1.14116	 1.14092	 1.14123	 
18.45	 0.381	 0.678	 -0.99	 0.37801	 0.673088	 -0.977374	 0.375553	 0.668163	 -0.964639	 0.373232	 0.663232	 -0.951879	 0.370414	 0.658312	 -0.939217	 0.367337	 0.653402	 -0.92661	 1.14246	 1.14236	 1.14258	 1.14237	 1.1427	 
18.46	 0.381	 0.678	 -0.99	 0.37843	 0.672808	 -0.97737	 0.375596	 0.668075	 -0.964618	 0.372699	 0.663459	 -0.951835	 0.370049	 0.658411	 -0.939163	 0.367524	 0.653139	 -0.926556	 1.14569	 1.1456	 1.14581	 1.14561	 1.14593	 
18.47	 0.381	 0.678	 -0.99	 0.378415	 0.673284	 -0.977154	 0.375531	 0.668171	 -0.964525	 0.37257	 0.66296	 -0.951953	 0.369886	 0.65812	 -0.939174	 0.36735	 0.653471	 -0.926291	 1.15048	 1.15041	 1.15062	 1.15038	 1.15069	 
18.48	 0.381	 0.678	 -0.99	 0.377907	 0.673107	 -0.977289	 0.375335	 0.668099	 -0.964508	 0.372894	 0.663061	 -0.951711	 0.369962	 0.658128	 -0.938978	 0.366775	 0.653256	 -0.926281	 1.1566	 1.1565	 1.1567	 1.15648	 1.1568	 
18.49	 0.381	 0.678	 -0.99	 0.378248	 0.67274	 -0.977305	 0.375349	 0.667973	 -0.964449	 0.372416	 0.663332	 -0.951554	 0.369619	 0.658227	 -0.938807	 0.36689	 0.652882	 -0.926141	 1.16383	 1.16373	 1.16392	 1.16371	 1.16403	 
18.5	 0.381	 0.678	 -0.99	 0.378355	 0.67317	 -0.977053	 0.375306	 0.668048	 -0.96431	 0.372155	 0.662856	 -0.951619	 0.369379	 0.657934	 -0.938735	 0.366805	 0.653151	 -0.925755	 1.17212	 1.17204	 1.17224	 1.172	 1.1723	 
18.51	 0.381	 0.678	 -0.99	 0.377815	 0.673138	 -0.977119	 0.375094	 0.668007	 -0.964237	 0.37249	 0.662808	 -0.951357	 0.36945	 0.657857	 -0.938475	 0.366187	 0.65304	 -0.925596	 1.1816	 1.18151	 1.1817	 1.18149	 1.1818	 
18.52	 0.381	 0.678	 -0.99	 0.378002	 0.672681	 -0.977176	 0.375059	 0.667854	 -0.964148	 0.372135	 0.66315	 -0.951069	 0.36916	 0.657985	 -0.938178	 0.366153	 0.652581	 -0.92539	 1.19246	 1.19237	 1.19256	 1.19237	 1.19269	 
18.53	 0.381	 0.678	 -0.99	 0.378278	 0.672983	 -0.976905	 0.37505	 0.667886	 -0.963958	 0.371695	 0.662773	 -0.951047	 0.368815	 0.657733	 -0.937996	 0.366181	 0.652729	 -0.924876	 1.20489	 1.20483	 1.20504	 1.20484	 1.20515	 
18.54	 0.381	 0.678	 -0.99	 0.377785	 0.673163	 -0.976847	 0.374846	 0.667885	 -0.963801	 0.371974	 0.662494	 -0.950784	 0.368841	 0.657517	 -0.937664	 0.365577	 0.652758	 -0.924493	 1.21907	 1.219	 1.2192	 1.21902	 1.21934	 
18.55	 0.381	 0.678	 -0.99	 0.3777	 0.672681	 -0.976941	 0.374739	 0.667709	 -0.963666	 0.371863	 0.662821	 -0.950339	 0.368668	 0.657608	 -0.937212	 0.365305	 0.65223	 -0.92419	 1.2349	 1.23482	 1.23503	 1.23487	 1.23519	 
18.56	 0.381	 0.678	 -0.99	 0.378107	 0.672697	 -0.976713	 0.374752	 0.667649	 -0.963436	 0.371282	 0.662667	 -0.950162	 0.368245	 0.657445	 -0.936876	 0.365431	 0.652096	 -0.923588	 1.25218	 1.25211	 1.25231	 1.25213	 1.25245	 
18.57	 0.381	 0.678	 -0.99	 0.377861	 0.673074	 -0.976492	 0.374601	 0.667677	 -0.963194	 0.371311	 0.662165	 -0.949951	 0.368133	 0.657092	 -0.936507	 0.365018	 0.652245	 -0.922963	 1.2706	 1.27054	 1.27073	 1.27053	 1.27084	 
18.58	 0.381	 0.678	 -0.99	 0.377447	 0.672805	 -0.976557	 0.374407	 0.667544	 -0.963015	 0.371496	 0.662263	 -0.949451	 0.368105	 0.657042	 -0.935977	 0.364467	 0.651859	 -0.92255	 1.28986	 1.28977	 1.28994	 1.28975	 1.29006	 
18.59	 0.381	 0.678	 -0.99	 0.377717	 0.672444	 -0.976488	 0.374383	 0.66738	 -0.962797	 0.371041	 0.662438	 -0.949062	 0.367747	 0.657033	 -0.935492	 0.364475	 0.651392	 -0.922012	 1.30971	 1.30962	 1.30979	 1.3096	 1.30991	 
18.6	 0.381	 0.678	 -0.99	 0.377922	 0.672715	 -0.976185	 0.374346	 0.667368	 -0.962515	 0.370647	 0.662009	 -0.948882	 0.367417	 0.656708	 -0.935109	 0.364429	 0.651433	 -0.921269	 1.3301	 1.33003	 1.3302	 1.33	 1.3303	 
18.61	 0.381	 0.678	 -0.99	 0.377505	 0.672907	 -0.97606	 0.374156	 0.667334	 -0.96227	 0.370842	 0.661643	 -0.948518	 0.367392	 0.656402	 -0.934623	 0.363878	 0.651393	 -0.920657	 1.35118	 1.35111	 1.35127	 1.35108	 1.35138	 
18.62	 0.381	 0.678	 -0.99	 0.377264	 0.672518	 -0.976112	 0.37401	 0.667151	 -0.962059	 0.370876	 0.661813	 -0.947967	 0.367292	 0.656365	 -0.934027	 0.363476	 0.650866	 -0.920166	 1.37312	 1.37304	 1.37321	 1.37304	 1.37334	 
18.63	 0.381	 0.678	 -0.99	 0.377583	 0.672261	 -0.975966	 0.374004	 0.666997	 -0.961788	 0.370388	 0.661851	 -0.947574	 0.366924	 0.656259	 -0.933493	 0.363533	 0.650441	 -0.919483	 1.3961	 1.39603	 1.39621	 1.39606	 1.39636	 
18.64	 0.381	 0.678	 -0.99	 0.377719	 0.672533	 -0.975652	 0.373953	 0.666972	 -0.96146	 0.370067	 0.66139	 -0.947308	 0.366635	 0.655897	 -0.933006	 0.363436	 0.650446	 -0.918631	 1.42023	 1.42017	 1.42035	 1.42019	 1.4205	 
18.65	 0.381	 0.678	 -0.99	 0.377335	 0.672703	 -0.9755	 0.373771	 0.666922	 -0.96116	 0.370229	 0.661024	 -0.946863	 0.366589	 0.655578	 -0.932411	 0.362908	 0.650364	 -0.917884	 1.44541	 1.44535	 1.44553	 1.44537	 1.44568	 
18.66	 0.381	 0.678	 -0.99	 0.377055	 0.672378	 -0.975508	 0.373612	 0.66675	 -0.960891	 0.37029	 0.661119	 -0.946246	 0.366496	 0.655491	 -0.931716	 0.362464	 0.649871	 -0.917245	 1.47138	 1.47131	 1.47147	 1.47132	 1.47162	 
18.67	 0.381	 0.678	 -0.99	 0.377266	 0.672048	 -0.975391	 0.373574	 0.666574	 -0.960586	 0.369896	 0.661214	 -0.945735	 0.366175	 0.655405	 -0.931066	 0.362429	 0.649372	 -0.916492	 1.49778	 1.49771	 1.49786	 1.49769	 1.49799	 
18.68	 0.381	 0.678	 -0.99	 0.377517	 0.672162	 -0.975092	 0.373553	 0.666504	 -0.960235	 0.369471	 0.660892	 -0.945391	 0.36584	 0.655109	 -0.930498	 0.362435	 0.649237	 -0.915583	 1.52426	 1.52419	 1.52433	 1.52415	 1.52443	 
18.69	 0.381	 0.678	 -0.99	 0.377346	 0.672433	 -0.97484	 0.373433	 0.666474	 -0.959895	 0.369454	 0.660423	 -0.945004	 0.365714	 0.654738	 -0.92991	 0.362101	 0.649233	 -0.914715	 1.55061	 1.55052	 1.55065	 1.55047	 1.55074	 
18.7	 0.381	 0.678	 -0.99	 0.376963	 0.672376	 -0.974769	 0.373264	 0.666368	 -0.9596	 0.369644	 0.660266	 -0.944449	 0.365701	 0.654523	 -0.929239	 0.361603	 0.648962	 -0.914	 1.57674	 1.57665	 1.57677	 1.57659	 1.57687	 
18.71	 0.381	 0.678	 -0.99	 0.376855	 0.672015	 -0.974747	 0.373164	 0.666188	 -0.959318	 0.369582	 0.660396	 -0.943849	 0.36557	 0.654454	 -0.928545	 0.361342	 0.648442	 -0.913324	 1.60274	 1.60266	 1.60279	 1.60262	 1.60289	 
18.72	 0.381	 0.678	 -0.99	 0.377091	 0.671777	 -0.97459	 0.37315	 0.666035	 -0.959002	 0.369202	 0.660409	 -0.943373	 0.365283	 0.654327	 -0.92791	 0.361375	 0.648022	 -0.912532	 1.62884	 1.62877	 1.62891	 1.62874	 1.62901	 
18.73	 0.381	 0.678	 -0.99	 0.377304	 0.671884	 -0.974304	 0.373135	 0.665963	 -0.958652	 0.368853	 0.660092	 -0.94301	 0.365015	 0.654035	 -0.927326	 0.361395	 0.647882	 -0.911625	 1.65523	 1.65516	 1.6553	 1.65514	 1.65541	 
18.74	 0.381	 0.678	 -0.99	 0.377196	 0.672119	 -0.974047	 0.373047	 0.665921	 -0.958302	 0.368812	 0.659649	 -0.942608	 0.364902	 0.653675	 -0.926716	 0.361156	 0.647845	 -0.910729	 1.68205	 1.68197	 1.68211	 1.68196	 1.68223	 
18.75	 0.381	 0.678	 -0.99	 0.376871	 0.672149	 -0.973921	 0.372908	 0.665831	 -0.957977	 0.368981	 0.659401	 -0.942069	 0.364898	 0.653409	 -0.92603	 0.360744	 0.647635	 -0.909928	 1.70928	 1.70921	 1.70935	 1.7092	 1.70947	 
18.76	 0.381	 0.678	 -0.99	 0.376651	 0.671899	 -0.973873	 0.372794	 0.665675	 -0.957667	 0.369055	 0.659421	 -0.941445	 0.364853	 0.653278	 -0.925296	 0.360426	 0.647194	 -0.909181	 1.7368	 1.73672	 1.73686	 1.7367	 1.73697	 
18.77	 0.381	 0.678	 -0.99	 0.376714	 0.671583	 -0.973778	 0.372751	 0.665504	 -0.957345	 0.36887	 0.659503	 -0.940863	 0.364687	 0.65318	 -0.924578	 0.360351	 0.646706	 -0.908391	 1.76433	 1.76427	 1.7644	 1.76423	 1.76449	 
18.78	 0.381	 0.678	 -0.99	 0.376952	 0.671453	 -0.973571	 0.37276	 0.665376	 -0.956998	 0.368537	 0.659411	 -0.940391	 0.364452	 0.653	 -0.923918	 0.360429	 0.646374	 -0.907513	 1.79158	 1.79151	 1.79163	 1.79145	 1.79171	 
18.79	 0.381	 0.678	 -0.99	 0.377118	 0.671561	 -0.973296	 0.37276	 0.665306	 -0.95664	 0.36829	 0.659097	 -0.939995	 0.364267	 0.652712	 -0.923305	 0.360459	 0.646238	 -0.906596	 1.81822	 1.81813	 1.81823	 1.81804	 1.81829	 
18.8	 0.381	 0.678	 -0.99	 0.37706	 0.671754	 -0.973051	 0.372712	 0.66526	 -0.956297	 0.368266	 0.658709	 -0.93959	 0.364201	 0.65239	 -0.9227	 0.360323	 0.646181	 -0.905723	 1.84396	 1.84386	 1.84395	 1.84376	 1.844	 
18.81	 0.381	 0.678	 -0.99	 0.376821	 0.671835	 -0.972901	 0.372622	 0.665192	 -0.955988	 0.368416	 0.658438	 -0.93912	 0.36423	 0.652134	 -0.922076	 0.360059	 0.646047	 -0.904947	 1.86868	 1.86858	 1.86865	 1.86846	 1.8687	 
18.82	 0.381	 0.678	 -0.99	 0.376581	 0.671718	 -0.972834	 0.372534	 0.665085	 -0.955708	 0.368576	 0.658369	 -0.938594	 0.364271	 0.651985	 -0.921438	 0.359802	 0.645764	 -0.904262	 1.89238	 1.89229	 1.89237	 1.89217	 1.8924	 
18.83	 0.381	 0.678	 -0.99	 0.376496	 0.671469	 -0.972783	 0.37249	 0.664953	 -0.955439	 0.368604	 0.658438	 -0.938067	 0.364253	 0.651907	 -0.920812	 0.359677	 0.645376	 -0.903615	 1.91522	 1.91513	 1.91522	 1.91502	 1.91525	 
18.84	 0.381	 0.678	 -0.99	 0.376601	 0.67123	 -0.972687	 0.372498	 0.664824	 -0.955166	 0.368468	 0.6585	 -0.937597	 0.364162	 0.651831	 -0.920223	 0.359721	 0.645002	 -0.902944	 1.93742	 1.93735	 1.93744	 1.93725	 1.93748	 
18.85	 0.381	 0.678	 -0.99	 0.37681	 0.67112	 -0.972521	 0.372536	 0.664722	 -0.954881	 0.368248	 0.658437	 -0.937203	 0.364041	 0.651698	 -0.919674	 0.359868	 0.644743	 -0.90222	 1.95921	 1.95914	 1.95924	 1.95905	 1.95929	 
18.86	 0.381	 0.678	 -0.99	 0.376991	 0.671173	 -0.972303	 0.372575	 0.664661	 -0.954585	 0.368069	 0.658225	 -0.936861	 0.363947	 0.651494	 -0.919154	 0.360005	 0.64462	 -0.90146	 1.9807	 1.98062	 1.98072	 1.98054	 1.98078	 
18.87	 0.381	 0.678	 -0.99	 0.377043	 0.671326	 -0.972081	 0.37259	 0.664627	 -0.95429	 0.368022	 0.657926	 -0.936528	 0.363923	 0.651249	 -0.918643	 0.360049	 0.644578	 -0.900705	 2.00184	 2.00174	 2.00184	 2.00167	 2.00191	 
18.88	 0.381	 0.678	 -0.99	 0.376948	 0.671467	 -0.971904	 0.372573	 0.664592	 -0.954011	 0.368123	 0.65764	 -0.936166	 0.363982	 0.651012	 -0.918126	 0.35999	 0.644533	 -0.899997	 2.02242	 2.02231	 2.0224	 2.02223	 2.02246	 
18.89	 0.381	 0.678	 -0.99	 0.376769	 0.671508	 -0.971789	 0.372545	 0.664534	 -0.953756	 0.368322	 0.657449	 -0.935766	 0.364096	 0.650822	 -0.917604	 0.359874	 0.644408	 -0.899363	 2.04212	 2.04201	 2.04209	 2.04191	 2.04214	 
18.9	 0.381	 0.678	 -0.99	 0.376605	 0.671422	 -0.971726	 0.372533	 0.664449	 -0.953525	 0.368531	 0.657385	 -0.935342	 0.364222	 0.650692	 -0.917091	 0.359775	 0.644178	 -0.898807	 2.06063	 2.06053	 2.0606	 2.0604	 2.06062	 
18.91	 0.381	 0.678	 -0.99	 0.376527	 0.67124	 -0.971689	 0.372545	 0.664347	 -0.953314	 0.36867	 0.657421	 -0.934929	 0.364326	 0.650618	 -0.916604	 0.359768	 0.643878	 -0.898307	 2.07773	 2.07764	 2.0777	 2.07748	 2.07769	 
18.92	 0.381	 0.678	 -0.99	 0.376563	 0.671032	 -0.971645	 0.372578	 0.664245	 -0.95312	 0.368699	 0.657495	 -0.934559	 0.364393	 0.650572	 -0.916158	 0.359886	 0.643573	 -0.897832	 2.09336	 2.09326	 2.09333	 2.09309	 2.0933	 
18.93	 0.381	 0.678	 -0.99	 0.376705	 0.670871	 -0.97157	 0.372641	 0.664158	 -0.952934	 0.368637	 0.657537	 -0.934251	 0.364423	 0.650521	 -0.915762	 0.360102	 0.643324	 -0.897365	 2.10759	 2.1075	 2.10756	 2.10733	 2.10753	 
18.94	 0.381	 0.678	 -0.99	 0.376906	 0.670805	 -0.971456	 0.372731	 0.664096	 -0.95275	 0.368543	 0.657496	 -0.934008	 0.364437	 0.650437	 -0.915417	 0.360363	 0.643164	 -0.8969	 2.12061	 2.12052	 2.12058	 2.12035	 2.12057	 
18.95	 0.381	 0.678	 -0.99	 0.377092	 0.670845	 -0.971315	 0.372825	 0.66406	 -0.952571	 0.368479	 0.657362	 -0.933814	 0.364473	 0.650312	 -0.915111	 0.360622	 0.643097	 -0.896437	 2.13263	 2.13252	 2.13259	 2.13237	 2.13259	 
18.96	 0.381	 0.678	 -0.99	 0.3772	 0.670961	 -0.971169	 0.372901	 0.664046	 -0.9524	 0.368491	 0.657162	 -0.933644	 0.364556	 0.650162	 -0.914828	 0.36084	 0.643104	 -0.895988	 2.14379	 2.14368	 2.14375	 2.14354	 2.14377	 
18.97	 0.381	 0.678	 -0.99	 0.377211	 0.671105	 -0.971039	 0.372959	 0.664045	 -0.952239	 0.368604	 0.656952	 -0.933474	 0.364691	 0.650014	 -0.914556	 0.360984	 0.643143	 -0.895571	 2.15419	 2.15408	 2.15415	 2.15395	 2.15417	 
18.98	 0.381	 0.678	 -0.99	 0.377138	 0.671219	 -0.970944	 0.373003	 0.664045	 -0.952091	 0.368806	 0.656783	 -0.933286	 0.364869	 0.649891	 -0.914287	 0.361057	 0.64317	 -0.8952	 2.16386	 2.16374	 2.16382	 2.16362	 2.16383	 
18.99	 0.381	 0.678	 -0.99	 0.377018	 0.67126	 -0.970891	 0.373041	 0.66403	 -0.951962	 0.369062	 0.65669	 -0.933075	 0.365077	 0.649813	 -0.914018	 0.361096	 0.643149	 -0.894882	 2.17275	 2.17263	 2.1727	 2.17249	 2.1727	 
19	 0.381	 0.678	 -0.99	 0.3769	 0.671213	 -0.970876	 0.37308	 0.663998	 -0.951851	 0.369321	 0.656685	 -0.932852	 0.365294	 0.649778	 -0.913757	 0.36115	 0.64306	 -0.894618	 2.18074	 2.18063	 2.1807	 2.18048	 2.18068	 
19.01	 0.381	 0.678	 -0.99	 0.376832	 0.671094	 -0.970883	 0.373132	 0.663954	 -0.951757	 0.369537	 0.656757	 -0.932632	 0.365501	 0.649781	 -0.913515	 0.361264	 0.642912	 -0.8944	 2.18771	 2.18761	 2.18768	 2.18745	 2.18764	 
19.02	 0.381	 0.678	 -0.99	 0.376847	 0.670935	 -0.970897	 0.373205	 0.663901	 -0.951679	 0.369683	 0.656871	 -0.932437	 0.365681	 0.649811	 -0.913301	 0.361456	 0.642743	 -0.894216	 2.19352	 2.19342	 2.19349	 2.19324	 2.19342	 
19.03	 0.381	 0.678	 -0.99	 0.376955	 0.670783	 -0.970898	 0.373309	 0.663853	 -0.951611	 0.369756	 0.656986	 -0.932284	 0.365826	 0.649847	 -0.913131	 0.36172	 0.642588	 -0.894059	 2.19803	 2.19794	 2.198	 2.19774	 2.19793	 
19.04	 0.381	 0.678	 -0.99	 0.377132	 0.670684	 -0.970877	 0.373433	 0.663821	 -0.951553	 0.369771	 0.657059	 -0.932187	 0.365949	 0.649865	 -0.913011	 0.362049	 0.642474	 -0.893923	 2.20119	 2.20109	 2.20115	 2.20089	 2.20109	 
19.05	 0.381	 0.678	 -0.99	 0.377332	 0.670659	 -0.970834	 0.373557	 0.663806	 -0.951509	 0.369762	 0.657063	 -0.932149	 0.366071	 0.649852	 -0.91294	 0.362422	 0.642429	 -0.893802	 2.203	 2.20289	 2.20296	 2.2027	 2.2029	 
19.06	 0.381	 0.678	 -0.99	 0.377518	 0.670715	 -0.970774	 0.373684	 0.663811	 -0.951475	 0.369775	 0.656993	 -0.93216	 0.366207	 0.649812	 -0.912913	 0.362789	 0.642461	 -0.893702	 2.20354	 2.20342	 2.20348	 2.20323	 2.20343	 
19.07	 0.381	 0.678	 -0.99	 0.377654	 0.670838	 -0.970708	 0.373808	 0.663836	 -0.951452	 0.36985	 0.656872	 -0.932204	 0.366367	 0.649755	 -0.912923	 0.363102	 0.642563	 -0.893629	 2.20289	 2.20275	 2.20281	 2.20256	 2.20276	 
19.08	 0.381	 0.678	 -0.99	 0.377705	 0.670991	 -0.970656	 0.37391	 0.663875	 -0.951445	 0.370001	 0.656738	 -0.932263	 0.366566	 0.649702	 -0.912956	 0.363352	 0.642709	 -0.893594	 2.20108	 2.20094	 2.20099	 2.20075	 2.20095	 
19.09	 0.381	 0.678	 -0.99	 0.377667	 0.671132	 -0.970633	 0.373987	 0.663918	 -0.951457	 0.370229	 0.656629	 -0.932324	 0.366805	 0.64967	 -0.913007	 0.363537	 0.642858	 -0.893611	 2.19812	 2.19799	 2.19804	 2.19779	 2.19799	 
19.1	 0.381	 0.678	 -0.99	 0.377574	 0.671219	 -0.970648	 0.374055	 0.663956	 -0.951489	 0.370516	 0.656584	 -0.932376	 0.367068	 0.649673	 -0.913076	 0.363667	 0.642971	 -0.893693	 2.19399	 2.19385	 2.19391	 2.19366	 2.19385	 
19.11	 0.381	 0.678	 -0.99	 0.377467	 0.671228	 -0.970702	 0.374124	 0.66398	 -0.951544	 0.370822	 0.656625	 -0.93242	 0.367339	 0.649722	 -0.913162	 0.363778	 0.643028	 -0.893843	 2.18863	 2.1885	 2.18856	 2.18829	 2.18848	 
19.12	 0.381	 0.678	 -0.99	 0.377388	 0.671156	 -0.970789	 0.374197	 0.663992	 -0.95162	 0.371099	 0.656755	 -0.932464	 0.367598	 0.64982	 -0.913267	 0.363917	 0.643029	 -0.894052	 2.18203	 2.18191	 2.18197	 2.18169	 2.18187	 
19.13	 0.381	 0.678	 -0.99	 0.377379	 0.671029	 -0.970892	 0.374282	 0.663998	 -0.951715	 0.371302	 0.656949	 -0.932525	 0.367824	 0.649956	 -0.913401	 0.364119	 0.642994	 -0.894307	 2.17418	 2.17407	 2.17414	 2.17385	 2.17403	 
19.14	 0.381	 0.678	 -0.99	 0.377464	 0.670891	 -0.970991	 0.374385	 0.664004	 -0.951823	 0.371412	 0.657163	 -0.932622	 0.368008	 0.650107	 -0.913572	 0.364401	 0.642959	 -0.894592	 2.16511	 2.165	 2.16507	 2.16477	 2.16495	 
19.15	 0.381	 0.678	 -0.99	 0.377637	 0.670791	 -0.971071	 0.374511	 0.664018	 -0.951943	 0.371442	 0.657341	 -0.932772	 0.368152	 0.650248	 -0.913789	 0.364755	 0.642967	 -0.894895	 2.15478	 2.15467	 2.15474	 2.15444	 2.15462	 
19.16	 0.381	 0.678	 -0.99	 0.377862	 0.670775	 -0.971122	 0.374652	 0.664052	 -0.952072	 0.371428	 0.657444	 -0.932984	 0.368274	 0.650359	 -0.914058	 0.365147	 0.643052	 -0.89521	 2.14317	 2.14304	 2.14311	 2.14281	 2.143	 
19.17	 0.381	 0.678	 -0.99	 0.378074	 0.670865	 -0.971146	 0.374788	 0.664117	 -0.952209	 0.371422	 0.657459	 -0.933254	 0.368399	 0.650432	 -0.914377	 0.365531	 0.643233	 -0.89554	 2.13022	 2.13009	 2.13015	 2.12985	 2.13005	 
19.18	 0.381	 0.678	 -0.99	 0.37821	 0.671041	 -0.97116	 0.374903	 0.664207	 -0.952359	 0.371481	 0.657404	 -0.933567	 0.368553	 0.650482	 -0.914738	 0.365854	 0.6435	 -0.895894	 2.11598	 2.11583	 2.11589	 2.1156	 2.1158	 
19.19	 0.381	 0.678	 -0.99	 0.378236	 0.67125	 -0.971189	 0.374994	 0.664308	 -0.952526	 0.371646	 0.657326	 -0.933896	 0.368752	 0.650526	 -0.915126	 0.366071	 0.643806	 -0.896293	 2.10056	 2.10041	 2.10047	 2.10019	 2.10038	 
19.2	 0.381	 0.678	 -0.99	 0.378152	 0.671423	 -0.971256	 0.375064	 0.664407	 -0.952711	 0.371916	 0.657291	 -0.934213	 0.368994	 0.650591	 -0.915527	 0.366185	 0.644082	 -0.896754	 2.0842	 2.08405	 2.08412	 2.08383	 2.08402	 
19.21	 0.381	 0.678	 -0.99	 0.378004	 0.671493	 -0.971375	 0.375113	 0.664483	 -0.952917	 0.372241	 0.657356	 -0.9345	 0.369265	 0.650704	 -0.915926	 0.366246	 0.644275	 -0.897278	 2.06712	 2.06698	 2.06706	 2.06676	 2.06695	 
19.22	 0.381	 0.678	 -0.99	 0.377872	 0.671435	 -0.971541	 0.37516	 0.664531	 -0.953141	 0.37254	 0.657546	 -0.934758	 0.369524	 0.650879	 -0.916319	 0.366326	 0.644368	 -0.897855	 2.04949	 2.04937	 2.04946	 2.04916	 2.04935	 
19.23	 0.381	 0.678	 -0.99	 0.377847	 0.671286	 -0.971728	 0.375229	 0.664561	 -0.953376	 0.372732	 0.65783	 -0.935009	 0.369729	 0.651105	 -0.916718	 0.366488	 0.644389	 -0.898463	 2.03135	 2.03124	 2.03134	 2.03103	 2.03122	 
19.24	 0.381	 0.678	 -0.99	 0.377973	 0.671131	 -0.971898	 0.375332	 0.664592	 -0.953615	 0.37278	 0.658126	 -0.935293	 0.36986	 0.651343	 -0.917144	 0.366764	 0.644416	 -0.899077	 2.01253	 2.01242	 2.01251	 2.0122	 2.01239	 
19.25	 0.381	 0.678	 -0.99	 0.378215	 0.67107	 -0.972024	 0.37546	 0.664647	 -0.953857	 0.372711	 0.658338	 -0.935648	 0.369932	 0.651548	 -0.91762	 0.367134	 0.644532	 -0.89968	 1.9927	 1.99257	 1.99265	 1.99233	 1.99252	 
19.26	 0.381	 0.678	 -0.99	 0.378471	 0.671169	 -0.972099	 0.375589	 0.664741	 -0.954104	 0.372625	 0.658408	 -0.936087	 0.369992	 0.651692	 -0.91816	 0.367512	 0.644792	 -0.900281	 1.97144	 1.97129	 1.97136	 1.97102	 1.9712	 
19.27	 0.381	 0.678	 -0.99	 0.378615	 0.671408	 -0.972152	 0.375691	 0.664875	 -0.954365	 0.372641	 0.658357	 -0.936592	 0.370096	 0.651784	 -0.918763	 0.367791	 0.645181	 -0.900911	 1.94843	 1.94826	 1.94831	 1.94796	 1.94814	 
19.28	 0.381	 0.678	 -0.99	 0.378569	 0.671679	 -0.972236	 0.375747	 0.665023	 -0.954654	 0.37283	 0.658292	 -0.937116	 0.370279	 0.651877	 -0.919406	 0.367906	 0.64561	 -0.901617	 1.92356	 1.92339	 1.92343	 1.92307	 1.92325	 
19.29	 0.381	 0.678	 -0.99	 0.378371	 0.671832	 -0.972397	 0.375763	 0.665151	 -0.95498	 0.373156	 0.658352	 -0.937608	 0.370525	 0.652038	 -0.920061	 0.367888	 0.645956	 -0.902431	 1.89702	 1.89686	 1.89692	 1.89655	 1.89673	 
19.3	 0.381	 0.678	 -0.99	 0.378173	 0.671783	 -0.972641	 0.375775	 0.665237	 -0.955339	 0.373475	 0.658612	 -0.938054	 0.370765	 0.652299	 -0.920713	 0.367862	 0.64614	 -0.903348	 1.86928	 1.86914	 1.86922	 1.86886	 1.86905	 
19.31	 0.381	 0.678	 -0.99	 0.378153	 0.671589	 -0.972916	 0.375826	 0.665288	 -0.955713	 0.373619	 0.659012	 -0.938485	 0.370917	 0.652631	 -0.921369	 0.367977	 0.646206	 -0.904307	 1.84098	 1.84085	 1.84096	 1.84062	 1.84081	 
19.32	 0.381	 0.678	 -0.99	 0.378371	 0.671438	 -0.97314	 0.375927	 0.665348	 -0.956076	 0.373529	 0.659371	 -0.938966	 0.370952	 0.652946	 -0.922047	 0.368285	 0.646308	 -0.905223	 1.81274	 1.81261	 1.81273	 1.81242	 1.81263	 
19.33	 0.381	 0.678	 -0.99	 0.378683	 0.671515	 -0.973262	 0.376047	 0.665462	 -0.95641	 0.373338	 0.659513	 -0.939531	 0.37093	 0.653157	 -0.922759	 0.368665	 0.646602	 -0.906041	 1.78496	 1.78483	 1.78496	 1.78466	 1.78489	 
19.34	 0.381	 0.678	 -0.99	 0.378833	 0.671822	 -0.973318	 0.376126	 0.665631	 -0.95672	 0.373292	 0.659442	 -0.940143	 0.370969	 0.653263	 -0.923483	 0.368897	 0.647086	 -0.906789	 1.75776	 1.75764	 1.75779	 1.75749	 1.75772	 
19.35	 0.381	 0.678	 -0.99	 0.378683	 0.672129	 -0.973416	 0.376131	 0.665803	 -0.957034	 0.373523	 0.659372	 -0.940703	 0.371137	 0.653368	 -0.924177	 0.368863	 0.647572	 -0.907561	 1.73103	 1.73092	 1.73106	 1.73075	 1.73098	 
19.36	 0.381	 0.678	 -0.99	 0.378387	 0.672173	 -0.973631	 0.376098	 0.665915	 -0.957375	 0.373884	 0.659553	 -0.941147	 0.371364	 0.653595	 -0.924813	 0.368699	 0.647841	 -0.908428	 1.70445	 1.70432	 1.70446	 1.70414	 1.70437	 
19.37	 0.381	 0.678	 -0.99	 0.378287	 0.671948	 -0.97392	 0.376107	 0.665963	 -0.957735	 0.374055	 0.659991	 -0.941528	 0.371497	 0.653953	 -0.925419	 0.368689	 0.647889	 -0.909361	 1.67768	 1.67754	 1.67766	 1.67734	 1.67757	 
19.38	 0.381	 0.678	 -0.99	 0.378538	 0.671762	 -0.974144	 0.376197	 0.66602	 -0.958085	 0.373887	 0.660395	 -0.94198	 0.371457	 0.654301	 -0.926066	 0.368964	 0.647977	 -0.91025	 1.65053	 1.65039	 1.6505	 1.65017	 1.6504	 
19.39	 0.381	 0.678	 -0.99	 0.378877	 0.671921	 -0.974229	 0.376305	 0.66616	 -0.958407	 0.373624	 0.660477	 -0.942574	 0.371361	 0.654493	 -0.926789	 0.369303	 0.648359	 -0.911032	 1.623	 1.62285	 1.62297	 1.62263	 1.62286	 
19.4	 0.381	 0.678	 -0.99	 0.378886	 0.672319	 -0.974276	 0.376328	 0.666358	 -0.958723	 0.373659	 0.660334	 -0.943213	 0.371406	 0.654572	 -0.92754	 0.369362	 0.648939	 -0.91179	 1.59526	 1.59512	 1.59525	 1.5949	 1.59514	 
19.41	 0.381	 0.678	 -0.99	 0.378544	 0.672503	 -0.974455	 0.376261	 0.666506	 -0.959071	 0.374017	 0.66039	 -0.943727	 0.371609	 0.654744	 -0.92823	 0.369125	 0.649335	 -0.91266	 1.56756	 1.56743	 1.56758	 1.56724	 1.56747	 
19.42	 0.381	 0.678	 -0.99	 0.378339	 0.672274	 -0.974767	 0.376224	 0.666552	 -0.959449	 0.374242	 0.66083	 -0.944112	 0.371748	 0.655102	 -0.928853	 0.368999	 0.649379	 -0.913636	 1.54012	 1.53999	 1.54013	 1.53981	 1.54005	 
19.43	 0.381	 0.678	 -0.99	 0.378608	 0.672042	 -0.975005	 0.376303	 0.666591	 -0.959807	 0.374022	 0.661263	 -0.94456	 0.371662	 0.655457	 -0.929504	 0.369258	 0.649413	 -0.914546	 1.51302	 1.51287	 1.51301	 1.5127	 1.51295	 
19.44	 0.381	 0.678	 -0.99	 0.378961	 0.672271	 -0.975055	 0.376405	 0.666738	 -0.960117	 0.373725	 0.661256	 -0.945181	 0.371529	 0.655587	 -0.930237	 0.369577	 0.649822	 -0.915295	 1.48618	 1.48605	 1.4862	 1.48586	 1.4861	 
19.45	 0.381	 0.678	 -0.99	 0.378816	 0.67269	 -0.975109	 0.376382	 0.66693	 -0.960426	 0.373886	 0.661063	 -0.945795	 0.371621	 0.655618	 -0.930967	 0.369479	 0.650384	 -0.916044	 1.45956	 1.45944	 1.45959	 1.45924	 1.45948	 
19.46	 0.381	 0.678	 -0.99	 0.378412	 0.672658	 -0.975373	 0.376286	 0.667013	 -0.960786	 0.374273	 0.661294	 -0.946211	 0.371827	 0.655859	 -0.931596	 0.369163	 0.650573	 -0.916962	 1.43313	 1.433	 1.43315	 1.43281	 1.43305	 
19.47	 0.381	 0.678	 -0.99	 0.378491	 0.672304	 -0.97568	 0.376301	 0.667015	 -0.961155	 0.374194	 0.661826	 -0.94658	 0.371792	 0.656256	 -0.932195	 0.369238	 0.650496	 -0.917909	 1.407	 1.40684	 1.40698	 1.40666	 1.40692	 
19.48	 0.381	 0.678	 -0.99	 0.378923	 0.672399	 -0.975757	 0.376405	 0.667126	 -0.961461	 0.373782	 0.661936	 -0.947151	 0.37158	 0.65644	 -0.932889	 0.369589	 0.650784	 -0.918655	 1.38135	 1.38122	 1.38138	 1.38106	 1.38132	 
19.49	 0.381	 0.678	 -0.99	 0.378846	 0.672872	 -0.975766	 0.376388	 0.667329	 -0.961739	 0.373854	 0.661686	 -0.947764	 0.371605	 0.656431	 -0.933592	 0.369507	 0.651373	 -0.919325	 1.35658	 1.35648	 1.35666	 1.35632	 1.35657	 
19.5	 0.381	 0.678	 -0.99	 0.378399	 0.672843	 -0.976018	 0.376274	 0.667406	 -0.962064	 0.374265	 0.661897	 -0.948118	 0.371805	 0.65665	 -0.934147	 0.369118	 0.651543	 -0.920163	 1.33304	 1.33292	 1.3331	 1.3328	 1.33308	 
19.51	 0.381	 0.678	 -0.99	 0.378545	 0.67246	 -0.976298	 0.376298	 0.667388	 -0.962381	 0.374103	 0.662432	 -0.948413	 0.371709	 0.657037	 -0.934644	 0.369211	 0.65142	 -0.920981	 1.31097	 1.31084	 1.31104	 1.31076	 1.31105	 
19.52	 0.381	 0.678	 -0.99	 0.378958	 0.672683	 -0.976288	 0.376383	 0.667518	 -0.962608	 0.373676	 0.662394	 -0.948937	 0.371466	 0.657129	 -0.935233	 0.369511	 0.651787	 -0.921517	 1.29052	 1.29042	 1.29063	 1.29034	 1.29062	 
19.53	 0.381	 0.678	 -0.99	 0.378656	 0.673108	 -0.976311	 0.37629	 0.667699	 -0.962823	 0.373914	 0.662163	 -0.949386	 0.371557	 0.65711	 -0.935759	 0.369217	 0.652307	 -0.922037	 1.27177	 1.27168	 1.2719	 1.27161	 1.2719	 
19.54	 0.381	 0.678	 -0.99	 0.378324	 0.672816	 -0.976603	 0.376183	 0.667696	 -0.963086	 0.374175	 0.66259	 -0.949543	 0.371663	 0.657423	 -0.936109	 0.36889	 0.652229	 -0.922734	 1.2547	 1.25458	 1.25478	 1.25453	 1.25484	 
19.55	 0.381	 0.678	 -0.99	 0.378747	 0.67261	 -0.976718	 0.376259	 0.667702	 -0.963293	 0.373714	 0.662917	 -0.949832	 0.371389	 0.65768	 -0.936503	 0.369173	 0.65221	 -0.923246	 1.23917	 1.23906	 1.23925	 1.23899	 1.23929	 
19.56	 0.381	 0.678	 -0.99	 0.378826	 0.673098	 -0.976617	 0.376246	 0.667876	 -0.96343	 0.373565	 0.662577	 -0.950292	 0.371264	 0.65758	 -0.936967	 0.369164	 0.652737	 -0.923551	 1.225	 1.22492	 1.22513	 1.22484	 1.22513	 
19.57	 0.381	 0.678	 -0.99	 0.378306	 0.673108	 -0.976801	 0.376084	 0.667928	 -0.963624	 0.373979	 0.662675	 -0.950456	 0.371433	 0.657691	 -0.937264	 0.368661	 0.652852	 -0.924061	 1.21209	 1.21198	 1.21217	 1.21189	 1.21219	 
19.58	 0.381	 0.678	 -0.99	 0.378502	 0.67268	 -0.977014	 0.376102	 0.667862	 -0.963817	 0.373728	 0.663169	 -0.950569	 0.371259	 0.658005	 -0.937517	 0.368737	 0.652599	 -0.92457	 1.20019	 1.20006	 1.20024	 1.19997	 1.20028	 
19.59	 0.381	 0.678	 -0.99	 0.378846	 0.673019	 -0.976898	 0.376156	 0.66798	 -0.96392	 0.373328	 0.66293	 -0.950973	 0.370997	 0.657933	 -0.937909	 0.368926	 0.652961	 -0.92479	 1.18914	 1.18903	 1.18922	 1.18892	 1.18921	 
19.6	 0.381	 0.678	 -0.99	 0.37835	 0.673265	 -0.976971	 0.375989	 0.668074	 -0.964061	 0.373698	 0.66277	 -0.951183	 0.371133	 0.65789	 -0.938192	 0.368432	 0.653234	 -0.925144	 1.17893	 1.17883	 1.17902	 1.17873	 1.17902	 
19.61	 0.381	 0.678	 -0.99	 0.378313	 0.672791	 -0.977228	 0.375933	 0.667984	 -0.96424	 0.373633	 0.663279	 -0.951199	 0.371048	 0.658193	 -0.938358	 0.368309	 0.652915	 -0.925625	 1.16966	 1.16952	 1.1697	 1.16943	 1.16974	 
19.62	 0.381	 0.678	 -0.99	 0.378769	 0.672962	 -0.977131	 0.376006	 0.66805	 -0.964318	 0.373111	 0.663174	 -0.951519	 0.370715	 0.658177	 -0.938665	 0.368578	 0.653115	 -0.925789	 1.16141	 1.16131	 1.1615	 1.16122	 1.16152	 
19.63	 0.381	 0.678	 -0.99	 0.37836	 0.673336	 -0.977117	 0.375859	 0.668166	 -0.964401	 0.373391	 0.66287	 -0.95173	 0.370794	 0.658045	 -0.938898	 0.368134	 0.65347	 -0.925987	 1.15449	 1.1544	 1.15461	 1.15433	 1.15463	 
19.64	 0.381	 0.678	 -0.99	 0.378176	 0.672882	 -0.977369	 0.37576	 0.668071	 -0.964535	 0.37345	 0.663336	 -0.951652	 0.370759	 0.658312	 -0.938955	 0.367868	 0.653144	 -0.926359	 1.14916	 1.14904	 1.14924	 1.14901	 1.14933	 
19.65	 0.381	 0.678	 -0.99	 0.378664	 0.672933	 -0.977275	 0.375833	 0.668098	 -0.964561	 0.372878	 0.663324	 -0.951851	 0.370385	 0.658332	 -0.939127	 0.368135	 0.653223	 -0.926402	 1.14556	 1.14548	 1.1457	 1.14546	 1.14577	 
19.66	 0.381	 0.678	 -0.99	 0.37833	 0.673365	 -0.977188	 0.375696	 0.668218	 -0.964566	 0.373068	 0.662942	 -0.951995	 0.370402	 0.658144	 -0.939243	 0.367722	 0.653597	 -0.926401	 1.14391	 1.14384	 1.14406	 1.14382	 1.14414	 
19.67	 0.381	 0.678	 -0.99	 0.37805	 0.672943	 -0.977409	 0.375559	 0.668114	 -0.964631	 0.373186	 0.66334	 -0.951809	 0.370381	 0.658354	 -0.939157	 0.36735	 0.653261	 -0.926598	 1.14424	 1.14414	 1.14436	 1.14415	 1.14448	 
19.68	 0.381	 0.678	 -0.99	 0.37853	 0.672892	 -0.97731	 0.375611	 0.668092	 -0.964597	 0.372583	 0.663373	 -0.951877	 0.369976	 0.658366	 -0.939175	 0.367587	 0.653208	 -0.926489	 1.14644	 1.14636	 1.14658	 1.14636	 1.14669	 
19.69	 0.381	 0.678	 -0.99	 0.378271	 0.673346	 -0.977162	 0.375482	 0.668192	 -0.964529	 0.372677	 0.662914	 -0.95195	 0.369928	 0.658104	 -0.939174	 0.367213	 0.653537	 -0.9263	 1.15035	 1.15028	 1.1505	 1.15027	 1.15058	 
19.7	 0.381	 0.678	 -0.99	 0.377913	 0.672974	 -0.977346	 0.375326	 0.668076	 -0.964531	 0.372865	 0.663208	 -0.951679	 0.369934	 0.658219	 -0.938974	 0.366757	 0.653173	 -0.926348	 1.15573	 1.15563	 1.15583	 1.15562	 1.15595	 
19.71	 0.381	 0.678	 -0.99	 0.378369	 0.672805	 -0.977264	 0.375371	 0.668001	 -0.964456	 0.37228	 0.663297	 -0.951631	 0.369532	 0.658227	 -0.93887	 0.36696	 0.652964	 -0.926148	 1.1623	 1.1622	 1.1624	 1.16217	 1.16249	 
19.72	 0.381	 0.678	 -0.99	 0.378231	 0.673269	 -0.977058	 0.375265	 0.668087	 -0.964336	 0.372245	 0.662791	 -0.951672	 0.36941	 0.657917	 -0.938799	 0.366676	 0.653262	 -0.925821	 1.1699	 1.16983	 1.17002	 1.16978	 1.17008	 
19.73	 0.381	 0.678	 -0.99	 0.377775	 0.673013	 -0.977199	 0.375075	 0.667991	 -0.964291	 0.372507	 0.662958	 -0.951359	 0.369446	 0.657953	 -0.938526	 0.366129	 0.652969	 -0.925745	 1.17861	 1.1785	 1.17869	 1.17847	 1.17879	 
19.74	 0.381	 0.678	 -0.99	 0.378146	 0.672699	 -0.977165	 0.375089	 0.667874	 -0.96419	 0.371984	 0.66317	 -0.951181	 0.36907	 0.658016	 -0.9383	 0.366249	 0.65263	 -0.925491	 1.18853	 1.18844	 1.18864	 1.18843	 1.18875	 
19.75	 0.381	 0.678	 -0.99	 0.378201	 0.673126	 -0.976903	 0.375022	 0.667939	 -0.964015	 0.371747	 0.662676	 -0.95118	 0.36883	 0.657705	 -0.938146	 0.366102	 0.652883	 -0.925013	 1.19996	 1.1999	 1.2001	 1.19989	 1.2002	 
19.76	 0.381	 0.678	 -0.99	 0.377672	 0.673075	 -0.976951	 0.374806	 0.667881	 -0.963897	 0.372056	 0.662618	 -0.950845	 0.368874	 0.657605	 -0.937793	 0.365472	 0.652727	 -0.924743	 1.21317	 1.21309	 1.21329	 1.21311	 1.21343	 
19.77	 0.381	 0.678	 -0.99	 0.377835	 0.672615	 -0.976983	 0.374763	 0.66771	 -0.963756	 0.371718	 0.662926	 -0.950478	 0.368585	 0.657688	 -0.937393	 0.365403	 0.652219	 -0.924413	 1.22822	 1.22814	 1.22835	 1.22819	 1.22852	 
19.78	 0.381	 0.678	 -0.99	 0.378136	 0.672854	 -0.976696	 0.374756	 0.667705	 -0.963516	 0.371246	 0.662558	 -0.950368	 0.368218	 0.657413	 -0.9371	 0.36544	 0.652266	 -0.923777	 1.24506	 1.245	 1.24522	 1.24504	 1.24536	 
19.79	 0.381	 0.678	 -0.99	 0.377696	 0.673089	 -0.976577	 0.374558	 0.667697	 -0.963301	 0.371459	 0.662185	 -0.950063	 0.368202	 0.657124	 -0.936684	 0.36487	 0.652297	 -0.923236	 1.26347	 1.2634	 1.26361	 1.26343	 1.26375	 
19.8	 0.381	 0.678	 -0.99	 0.377483	 0.672654	 -0.976656	 0.374411	 0.667521	 -0.963121	 0.371452	 0.662438	 -0.949541	 0.368076	 0.657155	 -0.936136	 0.364485	 0.651776	 -0.922824	 1.28306	 1.28298	 1.28316	 1.28299	 1.28331	 
19.81	 0.381	 0.678	 -0.99	 0.377871	 0.672503	 -0.976473	 0.374415	 0.667411	 -0.962868	 0.370882	 0.662423	 -0.949242	 0.367657	 0.657053	 -0.935688	 0.364586	 0.651485	 -0.922175	 1.30345	 1.30337	 1.30355	 1.30336	 1.30367	 
19.82	 0.381	 0.678	 -0.99	 0.377834	 0.672879	 -0.976184	 0.374317	 0.667431	 -0.962581	 0.370712	 0.661905	 -0.949031	 0.367437	 0.656686	 -0.935278	 0.364335	 0.651622	 -0.921426	 1.32436	 1.32429	 1.32446	 1.32426	 1.32456	 
19.83	 0.381	 0.678	 -0.99	 0.377352	 0.672842	 -0.976163	 0.374105	 0.667346	 -0.962357	 0.370957	 0.661767	 -0.94856	 0.367433	 0.656506	 -0.934731	 0.363723	 0.651411	 -0.920887	 1.34572	 1.34563	 1.34579	 1.34559	 1.34589	 
19.84	 0.381	 0.678	 -0.99	 0.377356	 0.672391	 -0.976179	 0.374011	 0.667154	 -0.962139	 0.370745	 0.66201	 -0.948045	 0.3672	 0.656518	 -0.934152	 0.363511	 0.650852	 -0.920365	 1.36756	 1.36747	 1.36763	 1.36744	 1.36774	 
19.85	 0.381	 0.678	 -0.99	 0.377711	 0.672374	 -0.975934	 0.374009	 0.667065	 -0.961847	 0.370208	 0.661839	 -0.947755	 0.3668	 0.656316	 -0.933677	 0.363586	 0.650639	 -0.919612	 1.39008	 1.39001	 1.39018	 1.39	 1.39029	 
19.86	 0.381	 0.678	 -0.99	 0.3776	 0.672713	 -0.975661	 0.373895	 0.667063	 -0.961537	 0.370116	 0.661328	 -0.947467	 0.366622	 0.655934	 -0.93319	 0.363278	 0.650709	 -0.918813	 1.41351	 1.41345	 1.41362	 1.41344	 1.41374	 
19.87	 0.381	 0.678	 -0.99	 0.37716	 0.672657	 -0.975616	 0.373702	 0.666962	 -0.961271	 0.370334	 0.661179	 -0.946938	 0.366607	 0.655726	 -0.932566	 0.362702	 0.650445	 -0.918176	 1.43794	 1.43787	 1.43804	 1.43788	 1.43818	 
19.88	 0.381	 0.678	 -0.99	 0.377116	 0.672234	 -0.975607	 0.373603	 0.666764	 -0.961005	 0.370182	 0.661363	 -0.946355	 0.366409	 0.655684	 -0.931898	 0.362457	 0.649868	 -0.917542	 1.46327	 1.4632	 1.46338	 1.46323	 1.46353	 
19.89	 0.381	 0.678	 -0.99	 0.377439	 0.672102	 -0.975388	 0.373597	 0.66663	 -0.960682	 0.369687	 0.661263	 -0.945953	 0.36604	 0.655495	 -0.931311	 0.362521	 0.649524	 -0.916717	 1.48928	 1.48922	 1.48938	 1.48922	 1.48952	 
19.9	 0.381	 0.678	 -0.99	 0.377498	 0.67237	 -0.975078	 0.37353	 0.666594	 -0.960331	 0.369448	 0.660784	 -0.945627	 0.365801	 0.655111	 -0.930757	 0.362374	 0.649505	 -0.915808	 1.51563	 1.51555	 1.5157	 1.51553	 1.51582	 
19.91	 0.381	 0.678	 -0.99	 0.377143	 0.672506	 -0.974926	 0.373366	 0.666528	 -0.960016	 0.369605	 0.660433	 -0.945149	 0.365764	 0.654792	 -0.930126	 0.361891	 0.649379	 -0.915025	 1.54198	 1.5419	 1.54204	 1.54186	 1.54215	 
19.92	 0.381	 0.678	 -0.99	 0.376862	 0.672232	 -0.974913	 0.373221	 0.666368	 -0.959736	 0.369697	 0.660479	 -0.944539	 0.365702	 0.654677	 -0.929427	 0.361474	 0.648925	 -0.914358	 1.56815	 1.56807	 1.5682	 1.56802	 1.56831	 
19.93	 0.381	 0.678	 -0.99	 0.376987	 0.671886	 -0.974826	 0.373175	 0.666194	 -0.959438	 0.369411	 0.660602	 -0.944001	 0.365454	 0.65461	 -0.928764	 0.361396	 0.648423	 -0.91363	 1.59412	 1.59404	 1.59417	 1.59399	 1.59427	 
19.94	 0.381	 0.678	 -0.99	 0.377266	 0.671868	 -0.974574	 0.373169	 0.666099	 -0.959101	 0.368984	 0.660419	 -0.943618	 0.365136	 0.654394	 -0.928179	 0.361452	 0.648196	 -0.912766	 1.61999	 1.61991	 1.62004	 1.61986	 1.62013	 
19.95	 0.381	 0.678	 -0.99	 0.377281	 0.672113	 -0.974289	 0.373104	 0.666067	 -0.958754	 0.368813	 0.659984	 -0.943265	 0.364948	 0.654048	 -0.927608	 0.361298	 0.648182	 -0.911872	 1.64592	 1.64583	 1.64596	 1.64579	 1.64605	 
19.96	 0.381	 0.678	 -0.99	 0.376984	 0.672244	 -0.974126	 0.372966	 0.666004	 -0.958435	 0.368944	 0.659649	 -0.942792	 0.364918	 0.653745	 -0.926975	 0.360896	 0.648064	 -0.911074	 1.67203	 1.67195	 1.67208	 1.67191	 1.67218	 
19.97	 0.381	 0.678	 -0.99	 0.376692	 0.672056	 -0.974081	 0.372833	 0.665863	 -0.958142	 0.369078	 0.659608	 -0.942201	 0.364898	 0.653585	 -0.926279	 0.360513	 0.647681	 -0.910364	 1.69837	 1.6983	 1.69843	 1.69827	 1.69853	 
19.98	 0.381	 0.678	 -0.99	 0.376684	 0.671717	 -0.97402	 0.37277	 0.665684	 -0.957842	 0.368954	 0.659709	 -0.941619	 0.364759	 0.653498	 -0.92558	 0.360376	 0.647176	 -0.909632	 1.72489	 1.72482	 1.72496	 1.7248	 1.72506	 
19.99	 0.381	 0.678	 -0.99	 0.376912	 0.67153	 -0.973841	 0.37277	 0.665542	 -0.957512	 0.36862	 0.659671	 -0.941141	 0.364522	 0.653345	 -0.924929	 0.360445	 0.646797	 -0.908798	 1.75147	 1.7514	 1.75154	 1.75137	 1.75164	 
20	 0.381	 0.678	 -0.99	 0.37711	 0.67161	 -0.973569	 0.372771	 0.665466	 -0.957158	 0.368328	 0.659383	 -0.94075	 0.364311	 0.653068	 -0.924322	 0.360497	 0.646637	 -0.907888	 1.77795	 1.77788	 1.778	 1.77783	 1.7781	 
20.01	 0.381	 0.678	 -0.99	 0.377078	 0.671816	 -0.97331	 0.372727	 0.665422	 -0.956807	 0.368272	 0.658979	 -0.94035	 0.364219	 0.652733	 -0.923715	 0.360367	 0.646579	 -0.906997	 1.80415	 1.80406	 1.80417	 1.80401	 1.80427	 
20.02	 0.381	 0.678	 -0.99	 0.376842	 0.671915	 -0.973146	 0.372638	 0.665353	 -0.956483	 0.368419	 0.658679	 -0.939869	 0.364237	 0.65245	 -0.923074	 0.360079	 0.646439	 -0.906193	 1.8299	 1.8298	 1.8299	 1.82973	 1.82998	 
20.03	 0.381	 0.678	 -0.99	 0.376589	 0.671794	 -0.973073	 0.372546	 0.665236	 -0.956188	 0.368585	 0.658593	 -0.939315	 0.364272	 0.652281	 -0.922403	 0.359795	 0.646134	 -0.905472	 1.85502	 1.85493	 1.85502	 1.85484	 1.85509	 
20.04	 0.381	 0.678	 -0.99	 0.376499	 0.671527	 -0.97302	 0.372491	 0.66509	 -0.955904	 0.3686	 0.65866	 -0.938758	 0.364243	 0.652197	 -0.921738	 0.359662	 0.645722	 -0.90478	 1.87942	 1.87933	 1.87943	 1.87924	 1.87947	 
20.05	 0.381	 0.678	 -0.99	 0.376613	 0.671283	 -0.972913	 0.372489	 0.664956	 -0.955614	 0.368431	 0.658719	 -0.938266	 0.364129	 0.652114	 -0.921115	 0.359704	 0.645338	 -0.904061	 1.90305	 1.90297	 1.90307	 1.90287	 1.9031	 
20.06	 0.381	 0.678	 -0.99	 0.376829	 0.671193	 -0.972728	 0.372518	 0.664859	 -0.955313	 0.36818	 0.658637	 -0.937863	 0.363979	 0.651968	 -0.920547	 0.359839	 0.645087	 -0.903297	 1.92595	 1.92587	 1.92596	 1.92577	 1.926	 
20.07	 0.381	 0.678	 -0.99	 0.376994	 0.671273	 -0.972498	 0.372543	 0.664801	 -0.955008	 0.367994	 0.658393	 -0.937519	 0.363869	 0.651748	 -0.920015	 0.359944	 0.644985	 -0.902508	 1.9482	 1.94811	 1.9482	 1.94802	 1.94826	 
20.08	 0.381	 0.678	 -0.99	 0.377007	 0.671441	 -0.972276	 0.37254	 0.664769	 -0.954708	 0.367966	 0.658075	 -0.937176	 0.363843	 0.651491	 -0.919493	 0.359934	 0.644953	 -0.901741	 1.96989	 1.96979	 1.96988	 1.96971	 1.96994	 
20.09	 0.381	 0.678	 -0.99	 0.376871	 0.671573	 -0.972107	 0.37251	 0.664735	 -0.954424	 0.368094	 0.657802	 -0.936791	 0.363898	 0.651255	 -0.918959	 0.359811	 0.644891	 -0.901034	 1.99103	 1.99092	 1.99102	 1.99083	 1.99106	 
20.1	 0.381	 0.678	 -0.99	 0.376668	 0.671572	 -0.972009	 0.372467	 0.664667	 -0.954165	 0.368295	 0.657653	 -0.936357	 0.364001	 0.651087	 -0.918408	 0.359653	 0.644737	 -0.900394	 2.01148	 2.01138	 2.01147	 2.01128	 2.01151	 
20.11	 0.381	 0.678	 -0.99	 0.37651	 0.671431	 -0.971959	 0.372441	 0.664567	 -0.953928	 0.36847	 0.657635	 -0.935901	 0.364104	 0.650986	 -0.917859	 0.359554	 0.644473	 -0.899813	 2.03103	 2.03094	 2.03102	 2.03082	 2.03104	 
20.12	 0.381	 0.678	 -0.99	 0.376479	 0.671219	 -0.971912	 0.372457	 0.664458	 -0.953701	 0.36855	 0.657698	 -0.935463	 0.36417	 0.650919	 -0.917341	 0.359569	 0.644136	 -0.899275	 2.04939	 2.04931	 2.04938	 2.04917	 2.04939	 
20.13	 0.381	 0.678	 -0.99	 0.376583	 0.671019	 -0.97184	 0.372512	 0.664356	 -0.953481	 0.368518	 0.657761	 -0.935081	 0.364193	 0.650855	 -0.916872	 0.359712	 0.643814	 -0.898751	 2.06637	 2.06629	 2.06635	 2.06613	 2.06635	 
20.14	 0.381	 0.678	 -0.99	 0.376768	 0.670897	 -0.971731	 0.372584	 0.664271	 -0.953274	 0.368411	 0.657751	 -0.934776	 0.364193	 0.650775	 -0.916457	 0.359951	 0.643589	 -0.898223	 2.08189	 2.08179	 2.08186	 2.08163	 2.08185	 
20.15	 0.381	 0.678	 -0.99	 0.376962	 0.670892	 -0.971587	 0.372658	 0.664216	 -0.953074	 0.3683	 0.657641	 -0.934537	 0.3642	 0.650658	 -0.916092	 0.360213	 0.643481	 -0.897695	 2.09607	 2.09596	 2.09604	 2.09581	 2.09603	 
20.16	 0.381	 0.678	 -0.99	 0.377098	 0.670991	 -0.971426	 0.372729	 0.664193	 -0.952879	 0.36826	 0.657446	 -0.934336	 0.364242	 0.6505	 -0.915765	 0.360431	 0.643457	 -0.897186	 2.10916	 2.10906	 2.10912	 2.10892	 2.10914	 
20.17	 0.381	 0.678	 -0.99	 0.377138	 0.671136	 -0.971276	 0.372788	 0.664182	 -0.952693	 0.368331	 0.65721	 -0.934143	 0.364341	 0.650322	 -0.915456	 0.36057	 0.64347	 -0.896709	 2.12147	 2.12136	 2.12143	 2.12124	 2.12146	 
20.18	 0.381	 0.678	 -0.99	 0.377076	 0.671259	 -0.971161	 0.372829	 0.664166	 -0.952523	 0.368509	 0.656995	 -0.93393	 0.364499	 0.650157	 -0.915146	 0.360637	 0.643469	 -0.896275	 2.1332	 2.13308	 2.13316	 2.13298	 2.1332	 
20.19	 0.381	 0.678	 -0.99	 0.376949	 0.671311	 -0.971089	 0.372857	 0.664139	 -0.952367	 0.368755	 0.656857	 -0.933687	 0.364696	 0.650032	 -0.914829	 0.360663	 0.643419	 -0.895888	 2.14439	 2.14428	 2.14436	 2.14417	 2.14439	 
20.2	 0.381	 0.678	 -0.99	 0.376818	 0.671271	 -0.971057	 0.372887	 0.664097	 -0.952225	 0.369012	 0.656821	 -0.933419	 0.364902	 0.649964	 -0.914508	 0.360689	 0.643305	 -0.895547	 2.15493	 2.15483	 2.15491	 2.15471	 2.15492	 
20.21	 0.381	 0.678	 -0.99	 0.37674	 0.671148	 -0.971049	 0.372934	 0.664041	 -0.952097	 0.369229	 0.656875	 -0.933146	 0.365093	 0.649948	 -0.914197	 0.360763	 0.643137	 -0.895248	 2.1646	 2.1645	 2.16458	 2.16436	 2.16456	 
20.22	 0.381	 0.678	 -0.99	 0.376748	 0.670985	 -0.971046	 0.373002	 0.663983	 -0.951982	 0.369371	 0.65698	 -0.932895	 0.365256	 0.64996	 -0.913915	 0.360921	 0.642938	 -0.894983	 2.17312	 2.17303	 2.1731	 2.17286	 2.17306	 
20.23	 0.381	 0.678	 -0.99	 0.376846	 0.670826	 -0.971032	 0.373092	 0.663929	 -0.951881	 0.36943	 0.657088	 -0.93269	 0.36539	 0.649979	 -0.913676	 0.361173	 0.642755	 -0.894742	 2.18029	 2.1802	 2.18027	 2.18002	 2.18021	 
20.24	 0.381	 0.678	 -0.99	 0.377014	 0.670715	 -0.970998	 0.373198	 0.663883	 -0.951794	 0.369428	 0.657154	 -0.932544	 0.365502	 0.649994	 -0.913484	 0.361499	 0.642638	 -0.894514	 2.18603	 2.18593	 2.186	 2.18573	 2.18592	 
20.25	 0.381	 0.678	 -0.99	 0.377215	 0.670688	 -0.970936	 0.373319	 0.663866	 -0.951714	 0.369405	 0.657156	 -0.932456	 0.365607	 0.649984	 -0.913343	 0.361853	 0.642597	 -0.894303	 2.19037	 2.19026	 2.19032	 2.19006	 2.19026	 
20.26	 0.381	 0.678	 -0.99	 0.377405	 0.670754	 -0.970852	 0.373447	 0.663879	 -0.95164	 0.369411	 0.657085	 -0.932414	 0.365722	 0.649936	 -0.91325	 0.362191	 0.642623	 -0.894116	 2.19345	 2.19334	 2.19339	 2.19315	 2.19336	 
20.27	 0.381	 0.678	 -0.99	 0.377532	 0.670877	 -0.970768	 0.373561	 0.663897	 -0.951582	 0.369479	 0.65695	 -0.932407	 0.365876	 0.649862	 -0.913189	 0.362492	 0.642707	 -0.893955	 2.19548	 2.19535	 2.19541	 2.19518	 2.19539	 
20.28	 0.381	 0.678	 -0.99	 0.377572	 0.67102	 -0.970701	 0.373657	 0.663916	 -0.951541	 0.369633	 0.656788	 -0.932412	 0.366076	 0.649778	 -0.913149	 0.362735	 0.642817	 -0.893828	 2.19658	 2.19645	 2.19651	 2.19629	 2.1965	 
20.29	 0.381	 0.678	 -0.99	 0.377536	 0.671151	 -0.970659	 0.37374	 0.663942	 -0.951513	 0.36987	 0.656654	 -0.932411	 0.366315	 0.649706	 -0.913124	 0.362909	 0.642912	 -0.893754	 2.19678	 2.19665	 2.19671	 2.19648	 2.19668	 
20.3	 0.381	 0.678	 -0.99	 0.377444	 0.671226	 -0.970655	 0.373812	 0.663963	 -0.951503	 0.370161	 0.656589	 -0.932398	 0.366578	 0.649675	 -0.913109	 0.363036	 0.642974	 -0.893737	 2.19596	 2.19583	 2.19589	 2.19564	 2.19584	 
20.31	 0.381	 0.678	 -0.99	 0.377332	 0.671218	 -0.970693	 0.373874	 0.663968	 -0.951519	 0.370461	 0.656613	 -0.932377	 0.366852	 0.6497	 -0.913108	 0.363157	 0.642994	 -0.893781	 2.1939	 2.19378	 2.19383	 2.19357	 2.19376	 
20.32	 0.381	 0.678	 -0.99	 0.377255	 0.671136	 -0.970762	 0.373943	 0.663965	 -0.951558	 0.37073	 0.656723	 -0.932362	 0.367111	 0.649773	 -0.913133	 0.363308	 0.64296	 -0.89389	 2.1904	 2.19028	 2.19034	 2.19005	 2.19023	 
20.33	 0.381	 0.678	 -0.99	 0.377254	 0.671003	 -0.970846	 0.374033	 0.663956	 -0.951616	 0.370932	 0.656895	 -0.932371	 0.367338	 0.649881	 -0.913196	 0.363518	 0.642895	 -0.894054	 2.18536	 2.18524	 2.1853	 2.185	 2.18517	 
20.34	 0.381	 0.678	 -0.99	 0.377346	 0.670864	 -0.970926	 0.374145	 0.663952	 -0.95169	 0.371049	 0.657089	 -0.932419	 0.367525	 0.65001	 -0.913302	 0.363802	 0.642836	 -0.894256	 2.17883	 2.17872	 2.17878	 2.17848	 2.17866	 
20.35	 0.381	 0.678	 -0.99	 0.37752	 0.670767	 -0.970986	 0.374275	 0.663965	 -0.951773	 0.371087	 0.657256	 -0.932517	 0.367674	 0.650133	 -0.913452	 0.364155	 0.642824	 -0.894475	 2.17102	 2.17091	 2.17098	 2.17069	 2.17088	 
20.36	 0.381	 0.678	 -0.99	 0.377736	 0.670748	 -0.971018	 0.374412	 0.663994	 -0.951864	 0.371079	 0.657351	 -0.932672	 0.367803	 0.650231	 -0.913644	 0.364549	 0.64289	 -0.894695	 2.16219	 2.16208	 2.16216	 2.16188	 2.16208	 
20.37	 0.381	 0.678	 -0.99	 0.377944	 0.67082	 -0.971025	 0.374548	 0.664041	 -0.951961	 0.371079	 0.657355	 -0.932877	 0.367936	 0.650288	 -0.913875	 0.364939	 0.643041	 -0.894917	 2.15252	 2.15239	 2.15247	 2.1522	 2.1524	 
20.38	 0.381	 0.678	 -0.99	 0.37809	 0.670976	 -0.971018	 0.374673	 0.66411	 -0.952064	 0.371143	 0.657284	 -0.933116	 0.368096	 0.650306	 -0.91414	 0.365274	 0.643253	 -0.895157	 2.14198	 2.14185	 2.14192	 2.14165	 2.14185	 
20.39	 0.381	 0.678	 -0.99	 0.378136	 0.671171	 -0.971022	 0.374775	 0.664194	 -0.95218	 0.371302	 0.657185	 -0.933371	 0.368301	 0.650312	 -0.914432	 0.36552	 0.6435	 -0.895436	 2.13042	 2.13028	 2.13034	 2.13006	 2.13026	 
20.4	 0.381	 0.678	 -0.99	 0.378072	 0.671338	 -0.971062	 0.374849	 0.664274	 -0.952321	 0.371557	 0.65712	 -0.933625	 0.368548	 0.650346	 -0.914743	 0.365676	 0.643746	 -0.895776	 2.11759	 2.11744	 2.1175	 2.11721	 2.1174	 
20.41	 0.381	 0.678	 -0.99	 0.377939	 0.671423	 -0.971154	 0.374903	 0.664341	 -0.95249	 0.371872	 0.657148	 -0.933866	 0.368822	 0.650434	 -0.91507	 0.365767	 0.643943	 -0.896196	 2.10331	 2.10317	 2.10322	 2.10292	 2.1031	 
20.42	 0.381	 0.678	 -0.99	 0.377809	 0.671402	 -0.971294	 0.374959	 0.664397	 -0.952683	 0.372185	 0.657297	 -0.934095	 0.36909	 0.650582	 -0.915418	 0.365847	 0.64405	 -0.8967	 2.0876	 2.08746	 2.08752	 2.08719	 2.08738	 
20.43	 0.381	 0.678	 -0.99	 0.377756	 0.671284	 -0.971466	 0.375032	 0.664434	 -0.952898	 0.372423	 0.657548	 -0.934326	 0.369319	 0.650783	 -0.915788	 0.365986	 0.644082	 -0.897266	 2.07064	 2.07051	 2.07058	 2.07026	 2.07044	 
20.44	 0.381	 0.678	 -0.99	 0.377829	 0.671125	 -0.971638	 0.375127	 0.66446	 -0.953126	 0.372533	 0.657837	 -0.934582	 0.369489	 0.651013	 -0.916183	 0.366233	 0.644099	 -0.897852	 2.05278	 2.05266	 2.05275	 2.05243	 2.05262	 
20.45	 0.381	 0.678	 -0.99	 0.378024	 0.671019	 -0.971777	 0.375247	 0.6645	 -0.953354	 0.372516	 0.658083	 -0.934887	 0.369596	 0.651228	 -0.916609	 0.366581	 0.644169	 -0.898424	 2.03434	 2.03423	 2.03433	 2.03403	 2.03421	 
20.46	 0.381	 0.678	 -0.99	 0.37828	 0.671043	 -0.971862	 0.37538	 0.664573	 -0.953573	 0.372439	 0.658214	 -0.935251	 0.369667	 0.651392	 -0.917072	 0.36697	 0.64435	 -0.898964	 2.0155	 2.01538	 2.01548	 2.01519	 2.01539	 
20.47	 0.381	 0.678	 -0.99	 0.378489	 0.67121	 -0.971906	 0.375501	 0.664679	 -0.953789	 0.372403	 0.65821	 -0.935668	 0.369753	 0.651494	 -0.917569	 0.367311	 0.644657	 -0.899483	 1.99617	 1.99604	 1.99613	 1.99584	 1.99604	 
20.48	 0.381	 0.678	 -0.99	 0.378552	 0.671462	 -0.971946	 0.375588	 0.664806	 -0.954015	 0.372501	 0.658126	 -0.936112	 0.369899	 0.651558	 -0.918094	 0.367528	 0.645037	 -0.900025	 1.97603	 1.97588	 1.97596	 1.97566	 1.97585	 
20.49	 0.381	 0.678	 -0.99	 0.378446	 0.671685	 -0.972032	 0.375633	 0.664932	 -0.954265	 0.372757	 0.658079	 -0.936545	 0.370118	 0.651639	 -0.918637	 0.367598	 0.645393	 -0.900642	 1.95463	 1.95447	 1.95453	 1.9542	 1.95439	 
20.5	 0.381	 0.678	 -0.99	 0.378243	 0.671763	 -0.972198	 0.375653	 0.66503	 -0.954553	 0.373097	 0.658182	 -0.936947	 0.370377	 0.6518	 -0.919194	 0.367586	 0.645643	 -0.901371	 1.93151	 1.93136	 1.93141	 1.93105	 1.93123	 
20.51	 0.381	 0.678	 -0.99	 0.378094	 0.67166	 -0.972435	 0.37568	 0.665091	 -0.954881	 0.373379	 0.658469	 -0.937331	 0.370608	 0.652063	 -0.919772	 0.367615	 0.645766	 -0.902208	 1.90645	 1.9063	 1.90635	 1.90597	 1.90615	 
20.52	 0.381	 0.678	 -0.99	 0.378132	 0.671466	 -0.972691	 0.375747	 0.665139	 -0.955234	 0.373476	 0.65886	 -0.937745	 0.370747	 0.652389	 -0.920393	 0.367794	 0.64583	 -0.903111	 1.87953	 1.87938	 1.87944	 1.87905	 1.87923	 
20.53	 0.381	 0.678	 -0.99	 0.378375	 0.671358	 -0.972896	 0.375861	 0.665214	 -0.955592	 0.373375	 0.659187	 -0.938241	 0.370782	 0.652691	 -0.92108	 0.368134	 0.645972	 -0.904011	 1.85117	 1.85102	 1.85108	 1.85071	 1.8509	 
20.54	 0.381	 0.678	 -0.99	 0.378673	 0.671472	 -0.973016	 0.375985	 0.665344	 -0.955938	 0.373212	 0.659312	 -0.938838	 0.37078	 0.652901	 -0.921827	 0.36851	 0.646306	 -0.904862	 1.82204	 1.82188	 1.82197	 1.82162	 1.82183	 
20.55	 0.381	 0.678	 -0.99	 0.378801	 0.671781	 -0.973089	 0.376064	 0.665521	 -0.956273	 0.3732	 0.659254	 -0.93948	 0.370843	 0.653025	 -0.922596	 0.368733	 0.646813	 -0.905672	 1.7929	 1.79276	 1.79287	 1.79255	 1.79277	 
20.56	 0.381	 0.678	 -0.99	 0.37865	 0.672076	 -0.973204	 0.376074	 0.665695	 -0.95661	 0.373441	 0.659209	 -0.940065	 0.371023	 0.653154	 -0.923328	 0.368715	 0.647307	 -0.906499	 1.76442	 1.7643	 1.76445	 1.76415	 1.76437	 
20.57	 0.381	 0.678	 -0.99	 0.378368	 0.672125	 -0.973422	 0.376047	 0.665811	 -0.95696	 0.373798	 0.659393	 -0.940526	 0.371256	 0.653388	 -0.923982	 0.368576	 0.647588	 -0.907386	 1.737	 1.73689	 1.73705	 1.73676	 1.73699	 
20.58	 0.381	 0.678	 -0.99	 0.378259	 0.671914	 -0.973703	 0.376058	 0.665861	 -0.957313	 0.373986	 0.659812	 -0.940903	 0.371405	 0.653732	 -0.924579	 0.368575	 0.647642	 -0.908299	 1.71066	 1.71055	 1.71071	 1.71043	 1.71067	 
20.59	 0.381	 0.678	 -0.99	 0.378481	 0.671714	 -0.973925	 0.376147	 0.665905	 -0.957645	 0.373858	 0.660208	 -0.941318	 0.371395	 0.654061	 -0.925182	 0.368841	 0.647695	 -0.909145	 1.68512	 1.68501	 1.68516	 1.68487	 1.68511	 
20.6	 0.381	 0.678	 -0.99	 0.378828	 0.671818	 -0.974013	 0.376265	 0.666017	 -0.957943	 0.373608	 0.660309	 -0.941853	 0.371317	 0.654241	 -0.925842	 0.369202	 0.647994	 -0.909873	 1.65993	 1.6598	 1.65994	 1.65963	 1.65987	 
20.61	 0.381	 0.678	 -0.99	 0.37891	 0.672185	 -0.974044	 0.376316	 0.666192	 -0.958229	 0.373598	 0.66016	 -0.942449	 0.371349	 0.654295	 -0.926535	 0.369334	 0.64851	 -0.910559	 1.63461	 1.63447	 1.6346	 1.63427	 1.63449	 
20.62	 0.381	 0.678	 -0.99	 0.378624	 0.67243	 -0.974178	 0.376272	 0.666342	 -0.958545	 0.37392	 0.660131	 -0.94296	 0.371542	 0.654407	 -0.927196	 0.369156	 0.648927	 -0.911344	 1.60884	 1.6087	 1.60882	 1.60847	 1.6087	 
20.63	 0.381	 0.678	 -0.99	 0.378348	 0.672284	 -0.974461	 0.376221	 0.6664	 -0.958904	 0.374219	 0.660476	 -0.943346	 0.371722	 0.654709	 -0.927802	 0.368981	 0.649025	 -0.912267	 1.58252	 1.58238	 1.5825	 1.58215	 1.58237	 
20.64	 0.381	 0.678	 -0.99	 0.378488	 0.672001	 -0.974735	 0.376267	 0.666426	 -0.959267	 0.374119	 0.660955	 -0.943751	 0.371701	 0.655083	 -0.928424	 0.369144	 0.649015	 -0.913195	 1.55579	 1.55564	 1.55575	 1.5554	 1.55564	 
20.65	 0.381	 0.678	 -0.99	 0.378877	 0.672074	 -0.97484	 0.376375	 0.666539	 -0.959591	 0.373784	 0.661101	 -0.944321	 0.371554	 0.655293	 -0.929132	 0.369501	 0.6493	 -0.91399	 1.52885	 1.5287	 1.52882	 1.52848	 1.52872	 
20.66	 0.381	 0.678	 -0.99	 0.378932	 0.672497	 -0.974863	 0.376404	 0.666738	 -0.959893	 0.373763	 0.660918	 -0.944964	 0.371556	 0.655337	 -0.929878	 0.36957	 0.649873	 -0.914716	 1.502	 1.50187	 1.50202	 1.50167	 1.50189	 
20.67	 0.381	 0.678	 -0.99	 0.378553	 0.672685	 -0.975039	 0.376322	 0.666881	 -0.960228	 0.374142	 0.660956	 -0.945456	 0.371758	 0.655488	 -0.930542	 0.369276	 0.650253	 -0.915559	 1.4755	 1.47537	 1.47552	 1.47518	 1.47542	 
20.68	 0.381	 0.678	 -0.99	 0.378378	 0.672393	 -0.975361	 0.376281	 0.666905	 -0.960595	 0.374315	 0.661442	 -0.9458	 0.371857	 0.655867	 -0.931124	 0.369148	 0.65024	 -0.916509	 1.44947	 1.44933	 1.44948	 1.44917	 1.44942	 
20.69	 0.381	 0.678	 -0.99	 0.378739	 0.67222	 -0.975551	 0.376367	 0.666954	 -0.960926	 0.373973	 0.661814	 -0.946258	 0.371689	 0.656192	 -0.931753	 0.369454	 0.650326	 -0.917335	 1.42395	 1.42381	 1.42396	 1.42364	 1.42391	 
20.7	 0.381	 0.678	 -0.99	 0.37898	 0.672598	 -0.975548	 0.376425	 0.667137	 -0.961203	 0.373741	 0.661665	 -0.946886	 0.371566	 0.656248	 -0.932464	 0.369652	 0.650855	 -0.917994	 1.39889	 1.39878	 1.39894	 1.39861	 1.39886	 
20.71	 0.381	 0.678	 -0.99	 0.37862	 0.67291	 -0.975662	 0.376338	 0.667304	 -0.961503	 0.37408	 0.66157	 -0.947391	 0.371733	 0.656319	 -0.933108	 0.369346	 0.651315	 -0.918742	 1.37437	 1.37426	 1.37442	 1.37408	 1.37433	 
20.72	 0.381	 0.678	 -0.99	 0.378372	 0.672615	 -0.975985	 0.376277	 0.667315	 -0.96185	 0.374314	 0.662032	 -0.947688	 0.371849	 0.656667	 -0.933638	 0.369127	 0.651266	 -0.919648	 1.35045	 1.3503	 1.35046	 1.35015	 1.35042	 
20.73	 0.381	 0.678	 -0.99	 0.37877	 0.67242	 -0.976159	 0.37637	 0.667342	 -0.962154	 0.373929	 0.662389	 -0.94811	 0.371643	 0.656963	 -0.934218	 0.369432	 0.651296	 -0.920409	 1.32731	 1.32718	 1.32735	 1.32704	 1.32731	 
20.74	 0.381	 0.678	 -0.99	 0.378949	 0.672859	 -0.976118	 0.376403	 0.667525	 -0.962393	 0.37373	 0.662145	 -0.948707	 0.37152	 0.656947	 -0.934873	 0.36955	 0.651839	 -0.920967	 1.30527	 1.30516	 1.30535	 1.30503	 1.3053	 
20.75	 0.381	 0.678	 -0.99	 0.378478	 0.673045	 -0.976274	 0.376267	 0.667647	 -0.962663	 0.374132	 0.662137	 -0.949083	 0.371702	 0.657042	 -0.935393	 0.369126	 0.652164	 -0.921649	 1.28466	 1.28456	 1.28475	 1.28446	 1.28474	 
20.76	 0.381	 0.678	 -0.99	 0.378429	 0.67263	 -0.976576	 0.376234	 0.667613	 -0.962952	 0.374133	 0.662684	 -0.949279	 0.37168	 0.65742	 -0.935793	 0.369042	 0.651988	 -0.922406	 1.26574	 1.26561	 1.26581	 1.26555	 1.26585	 
20.77	 0.381	 0.678	 -0.99	 0.378902	 0.672704	 -0.976588	 0.376328	 0.667692	 -0.96315	 0.373638	 0.662754	 -0.949706	 0.371391	 0.657549	 -0.936283	 0.369371	 0.652202	 -0.922878	 1.24857	 1.24847	 1.24868	 1.2484	 1.24869	 
20.78	 0.381	 0.678	 -0.99	 0.37869	 0.673181	 -0.976553	 0.376247	 0.667868	 -0.963317	 0.373769	 0.662433	 -0.950136	 0.371416	 0.657461	 -0.936753	 0.369132	 0.652727	 -0.92327	 1.23313	 1.23304	 1.23326	 1.23298	 1.23327	 
20.79	 0.381	 0.678	 -0.99	 0.378283	 0.672933	 -0.97682	 0.376111	 0.66786	 -0.963543	 0.374077	 0.662782	 -0.950244	 0.371534	 0.657709	 -0.937033	 0.368729	 0.652645	 -0.92387	 1.21928	 1.21916	 1.21936	 1.2191	 1.21941	 
20.8	 0.381	 0.678	 -0.99	 0.378692	 0.672674	 -0.976935	 0.376184	 0.66784	 -0.963717	 0.373626	 0.66313	 -0.950462	 0.371256	 0.657958	 -0.937348	 0.36898	 0.652545	 -0.924311	 1.20673	 1.20661	 1.20681	 1.20655	 1.20685	 
20.81	 0.381	 0.678	 -0.99	 0.378795	 0.67316	 -0.976811	 0.376181	 0.668001	 -0.963818	 0.373461	 0.662766	 -0.950878	 0.371116	 0.657828	 -0.93775	 0.368971	 0.653042	 -0.92453	 1.1953	 1.19521	 1.1954	 1.19511	 1.19539	 
20.82	 0.381	 0.678	 -0.99	 0.378263	 0.673151	 -0.976988	 0.376007	 0.668037	 -0.963986	 0.373869	 0.662856	 -0.95099	 0.371275	 0.657923	 -0.937981	 0.368447	 0.653124	 -0.92497	 1.1849	 1.1848	 1.18499	 1.18471	 1.18502	 
20.83	 0.381	 0.678	 -0.99	 0.378486	 0.672726	 -0.977177	 0.376015	 0.667963	 -0.964148	 0.373557	 0.66333	 -0.951068	 0.37106	 0.658218	 -0.938178	 0.368538	 0.652858	 -0.925391	 1.17554	 1.17541	 1.17559	 1.17532	 1.17563	 
20.84	 0.381	 0.678	 -0.99	 0.378779	 0.673111	 -0.977031	 0.376046	 0.668088	 -0.964212	 0.373186	 0.663035	 -0.951432	 0.370806	 0.658107	 -0.938508	 0.368676	 0.653241	 -0.925514	 1.16719	 1.1671	 1.1673	 1.16701	 1.1673	 
20.85	 0.381	 0.678	 -0.99	 0.378249	 0.673276	 -0.977122	 0.375871	 0.668156	 -0.964323	 0.373585	 0.662934	 -0.951547	 0.370951	 0.658083	 -0.938693	 0.368139	 0.65343	 -0.925802	 1.16005	 1.15995	 1.16015	 1.15988	 1.16018	 
20.86	 0.381	 0.678	 -0.99	 0.378321	 0.672794	 -0.977337	 0.375838	 0.668053	 -0.964454	 0.373408	 0.663429	 -0.951517	 0.370797	 0.658368	 -0.938782	 0.368087	 0.653085	 -0.926156	 1.1542	 1.15408	 1.15427	 1.15402	 1.15434	 
20.87	 0.381	 0.678	 -0.99	 0.378712	 0.673072	 -0.977183	 0.375888	 0.668138	 -0.964475	 0.37293	 0.663207	 -0.951796	 0.370473	 0.658279	 -0.939011	 0.36828	 0.65335	 -0.926176	 1.14969	 1.14961	 1.14981	 1.14955	 1.14985	 
20.88	 0.381	 0.678	 -0.99	 0.37822	 0.67334	 -0.977201	 0.375714	 0.668221	 -0.964521	 0.373276	 0.662986	 -0.951875	 0.370576	 0.658177	 -0.939114	 0.367746	 0.653594	 -0.926297	 1.14672	 1.14663	 1.14683	 1.14658	 1.1469	 
20.89	 0.381	 0.678	 -0.99	 0.378178	 0.672847	 -0.97741	 0.375643	 0.668103	 -0.964601	 0.373182	 0.663461	 -0.951739	 0.37045	 0.658434	 -0.939079	 0.367573	 0.65321	 -0.926529	 1.1454	 1.14529	 1.1455	 1.14528	 1.14561	 
20.9	 0.381	 0.678	 -0.99	 0.378608	 0.673029	 -0.977246	 0.375684	 0.668147	 -0.964568	 0.372629	 0.663291	 -0.95191	 0.370071	 0.65835	 -0.939177	 0.367774	 0.653361	 -0.926411	 1.14586	 1.14579	 1.14601	 1.14577	 1.14609	 
20.91	 0.381	 0.678	 -0.99	 0.378159	 0.673358	 -0.977197	 0.375505	 0.668225	 -0.964542	 0.372898	 0.662968	 -0.951926	 0.370117	 0.658168	 -0.939168	 0.367251	 0.653608	 -0.926339	 1.14827	 1.1482	 1.14842	 1.1482	 1.14852	 
20.92	 0.381	 0.678	 -0.99	 0.378019	 0.672873	 -0.977383	 0.375404	 0.668086	 -0.964554	 0.372884	 0.663383	 -0.951674	 0.37002	 0.65836	 -0.938989	 0.366975	 0.653175	 -0.92641	 1.15264	 1.15254	 1.15276	 1.15257	 1.1529	 
20.93	 0.381	 0.678	 -0.99	 0.378479	 0.672938	 -0.977213	 0.375455	 0.668073	 -0.964459	 0.372303	 0.663261	 -0.951715	 0.369621	 0.658265	 -0.938935	 0.367182	 0.65317	 -0.926144	 1.15882	 1.15875	 1.15897	 1.15875	 1.15907	 
20.94	 0.381	 0.678	 -0.99	 0.37812	 0.673322	 -0.977087	 0.375295	 0.668139	 -0.964357	 0.372481	 0.662829	 -0.951675	 0.369612	 0.657993	 -0.938818	 0.366722	 0.653404	 -0.925874	 1.16661	 1.16654	 1.16675	 1.16653	 1.16685	 
20.95	 0.381	 0.678	 -0.99	 0.377847	 0.672893	 -0.977249	 0.375153	 0.667996	 -0.964312	 0.372576	 0.663151	 -0.951331	 0.369568	 0.658107	 -0.938521	 0.366335	 0.652964	 -0.925803	 1.17573	 1.17564	 1.17583	 1.17563	 1.17595	 
20.96	 0.381	 0.678	 -0.99	 0.378304	 0.672793	 -0.977111	 0.375196	 0.667929	 -0.964182	 0.371987	 0.663154	 -0.951243	 0.369163	 0.658056	 -0.938339	 0.366536	 0.652788	 -0.925459	 1.18591	 1.18583	 1.18602	 1.1858	 1.18611	 
20.97	 0.381	 0.678	 -0.99	 0.378116	 0.673231	 -0.976904	 0.375074	 0.667996	 -0.964023	 0.371991	 0.662647	 -0.951198	 0.369056	 0.657732	 -0.938168	 0.366203	 0.653043	 -0.925035	 1.19704	 1.19696	 1.19715	 1.19692	 1.19723	 
20.98	 0.381	 0.678	 -0.99	 0.377681	 0.672955	 -0.977024	 0.374883	 0.667884	 -0.963936	 0.372219	 0.662805	 -0.950822	 0.369067	 0.657748	 -0.93781	 0.365663	 0.652709	 -0.924852	 1.20915	 1.20905	 1.20923	 1.20903	 1.20934	 
20.99	 0.381	 0.678	 -0.99	 0.378034	 0.672637	 -0.97697	 0.374891	 0.667756	 -0.963793	 0.371707	 0.662996	 -0.950581	 0.36869	 0.657783	 -0.937502	 0.365755	 0.652337	 -0.924498	 1.22234	 1.22225	 1.22245	 1.22225	 1.22256	 
21	 0.381	 0.678	 -0.99	 0.378127	 0.673031	 -0.97669	 0.374836	 0.667801	 -0.96358	 0.371438	 0.662509	 -0.95052	 0.36843	 0.65746	 -0.937271	 0.365627	 0.652534	 -0.923929	 1.2368	 1.23674	 1.23693	 1.23673	 1.23703	 
21.01	 0.381	 0.678	 -0.99	 0.37761	 0.673047	 -0.976692	 0.374622	 0.667748	 -0.963422	 0.37173	 0.662363	 -0.950163	 0.368461	 0.657301	 -0.936867	 0.365	 0.652409	 -0.923553	 1.25265	 1.25258	 1.25277	 1.25259	 1.25291	 
21.02	 0.381	 0.678	 -0.99	 0.377656	 0.672572	 -0.976741	 0.374542	 0.667567	 -0.963263	 0.371487	 0.662668	 -0.94973	 0.368218	 0.657371	 -0.936401	 0.364834	 0.651871	 -0.923179	 1.26985	 1.26977	 1.26996	 1.26979	 1.27011	 
21.03	 0.381	 0.678	 -0.99	 0.37802	 0.672677	 -0.97648	 0.374544	 0.667525	 -0.963012	 0.370948	 0.662419	 -0.949557	 0.367817	 0.657151	 -0.93605	 0.364925	 0.651796	 -0.922521	 1.28825	 1.28818	 1.28837	 1.28819	 1.2885	 
21.04	 0.381	 0.678	 -0.99	 0.377723	 0.673011	 -0.976282	 0.374386	 0.667537	 -0.962765	 0.371033	 0.661944	 -0.949299	 0.367736	 0.656803	 -0.935643	 0.364473	 0.651894	 -0.92189	 1.30767	 1.30761	 1.30779	 1.3076	 1.3079	 
21.05	 0.381	 0.678	 -0.99	 0.377346	 0.672715	 -0.976342	 0.374205	 0.667387	 -0.962574	 0.371192	 0.662046	 -0.948781	 0.367698	 0.656743	 -0.935089	 0.36396	 0.651466	 -0.921449	 1.32795	 1.32786	 1.32804	 1.32786	 1.32816	 
21.06	 0.381	 0.678	 -0.99	 0.377611	 0.672362	 -0.976261	 0.374182	 0.667215	 -0.962341	 0.370747	 0.662191	 -0.948377	 0.367352	 0.656704	 -0.934579	 0.363973	 0.650984	 -0.920871	 1.349	 1.34891	 1.34909	 1.34891	 1.34922	 
21.07	 0.381	 0.678	 -0.99	 0.377827	 0.672602	 -0.975956	 0.37415	 0.667188	 -0.962043	 0.370351	 0.661773	 -0.948162	 0.367027	 0.656374	 -0.934154	 0.363947	 0.650979	 -0.920087	 1.37086	 1.37079	 1.37097	 1.37079	 1.37109	 
21.08	 0.381	 0.678	 -0.99	 0.377456	 0.672823	 -0.975798	 0.373976	 0.667157	 -0.961768	 0.370511	 0.661371	 -0.947783	 0.366987	 0.656043	 -0.933632	 0.363438	 0.650949	 -0.919399	 1.39366	 1.39359	 1.39377	 1.39359	 1.3939	 
21.09	 0.381	 0.678	 -0.99	 0.377157	 0.672495	 -0.975827	 0.373819	 0.666988	 -0.961528	 0.370605	 0.661479	 -0.947201	 0.366916	 0.655969	 -0.932989	 0.362987	 0.650464	 -0.918838	 1.41743	 1.41736	 1.41753	 1.41738	 1.41768	 
21.1	 0.381	 0.678	 -0.99	 0.377399	 0.672165	 -0.975715	 0.373793	 0.666816	 -0.961244	 0.370188	 0.661585	 -0.946728	 0.366586	 0.655896	 -0.932385	 0.362981	 0.649978	 -0.918134	 1.4421	 1.44204	 1.44221	 1.44206	 1.44236	 
21.11	 0.381	 0.678	 -0.99	 0.377634	 0.672335	 -0.975407	 0.373766	 0.666764	 -0.960903	 0.369774	 0.661219	 -0.946422	 0.366252	 0.655585	 -0.931854	 0.362967	 0.649901	 -0.917249	 1.46748	 1.46741	 1.46758	 1.46741	 1.46771	 
21.12	 0.381	 0.678	 -0.99	 0.377376	 0.672596	 -0.975185	 0.373617	 0.666737	 -0.960578	 0.369823	 0.660768	 -0.946024	 0.366152	 0.655226	 -0.931272	 0.362549	 0.649898	 -0.916422	 1.49325	 1.49317	 1.49333	 1.49315	 1.49344	 
21.13	 0.381	 0.678	 -0.99	 0.376996	 0.672431	 -0.975157	 0.373441	 0.666607	 -0.960298	 0.369992	 0.660718	 -0.945439	 0.36612	 0.655068	 -0.930593	 0.362038	 0.649543	 -0.915753	 1.51909	 1.51901	 1.51915	 1.51897	 1.51926	 
21.14	 0.381	 0.678	 -0.99	 0.377021	 0.67204	 -0.975115	 0.373367	 0.66642	 -0.960016	 0.369791	 0.660881	 -0.944869	 0.365908	 0.655019	 -0.92992	 0.36187	 0.649001	 -0.915073	 1.5448	 1.54472	 1.54485	 1.54467	 1.54495	 
21.15	 0.381	 0.678	 -0.99	 0.377323	 0.67194	 -0.974892	 0.373365	 0.666302	 -0.959692	 0.36934	 0.660769	 -0.944471	 0.365576	 0.654835	 -0.929335	 0.361939	 0.6487	 -0.914247	 1.57034	 1.57026	 1.57039	 1.57021	 1.57048	 
21.16	 0.381	 0.678	 -0.99	 0.377399	 0.672179	 -0.974596	 0.373315	 0.666266	 -0.95935	 0.369111	 0.660334	 -0.944142	 0.365358	 0.654487	 -0.928785	 0.361832	 0.648679	 -0.913358	 1.59586	 1.59577	 1.59591	 1.59572	 1.596	 
21.17	 0.381	 0.678	 -0.99	 0.377108	 0.672343	 -0.974421	 0.373179	 0.66621	 -0.959033	 0.369235	 0.659963	 -0.943694	 0.365323	 0.654165	 -0.928173	 0.361432	 0.64859	 -0.912563	 1.62157	 1.62149	 1.62162	 1.62146	 1.62173	 
21.18	 0.381	 0.678	 -0.99	 0.376797	 0.67216	 -0.974381	 0.37304	 0.666069	 -0.958745	 0.369387	 0.659917	 -0.943106	 0.365309	 0.654	 -0.927484	 0.361025	 0.648204	 -0.911869	 1.64766	 1.64759	 1.64774	 1.64758	 1.64786	 
21.19	 0.381	 0.678	 -0.99	 0.376798	 0.671805	 -0.974324	 0.372978	 0.665884	 -0.958446	 0.36925	 0.660027	 -0.942522	 0.365158	 0.653911	 -0.926786	 0.360886	 0.647673	 -0.911145	 1.67423	 1.67416	 1.67431	 1.67416	 1.67444	 
21.2	 0.381	 0.678	 -0.99	 0.377048	 0.671634	 -0.974132	 0.372979	 0.665744	 -0.95811	 0.368883	 0.659968	 -0.942053	 0.364898	 0.653743	 -0.926138	 0.360962	 0.647297	 -0.910297	 1.70114	 1.70107	 1.70122	 1.70107	 1.70134	 
21.21	 0.381	 0.678	 -0.99	 0.377223	 0.671758	 -0.973845	 0.372964	 0.665678	 -0.957749	 0.368592	 0.659639	 -0.941667	 0.364676	 0.653447	 -0.925527	 0.360981	 0.647175	 -0.909363	 1.72811	 1.72804	 1.72817	 1.72801	 1.72829	 
21.22	 0.381	 0.678	 -0.99	 0.377118	 0.671975	 -0.973596	 0.372886	 0.665639	 -0.957398	 0.36857	 0.659232	 -0.941249	 0.364588	 0.653118	 -0.924903	 0.36077	 0.647142	 -0.908465	 1.7548	 1.75472	 1.75483	 1.75466	 1.75492	 
21.23	 0.381	 0.678	 -0.99	 0.376828	 0.672022	 -0.973463	 0.372769	 0.665566	 -0.957078	 0.368736	 0.658998	 -0.940731	 0.364595	 0.652878	 -0.924239	 0.360407	 0.646978	 -0.907677	 1.78087	 1.78077	 1.78087	 1.78069	 1.78095	 
21.24	 0.381	 0.678	 -0.99	 0.376605	 0.671825	 -0.973411	 0.372675	 0.665439	 -0.956785	 0.368851	 0.659001	 -0.940154	 0.364585	 0.65276	 -0.923557	 0.360108	 0.64662	 -0.906976	 1.80611	 1.80602	 1.80611	 1.80592	 1.80617	 
21.25	 0.381	 0.678	 -0.99	 0.376613	 0.671529	 -0.973344	 0.372639	 0.665289	 -0.956498	 0.36876	 0.659101	 -0.93961	 0.364485	 0.652695	 -0.922902	 0.36002	 0.646187	 -0.906281	 1.8305	 1.83042	 1.83052	 1.83032	 1.83056	 
21.26	 0.381	 0.678	 -0.99	 0.37681	 0.671345	 -0.973194	 0.37265	 0.665166	 -0.9562	 0.368498	 0.6591	 -0.939163	 0.364316	 0.652583	 -0.922303	 0.360115	 0.645851	 -0.90553	 1.85417	 1.85409	 1.85419	 1.85399	 1.85423	 
21.27	 0.381	 0.678	 -0.99	 0.377018	 0.67137	 -0.972967	 0.372668	 0.665093	 -0.95589	 0.368238	 0.658903	 -0.938801	 0.364156	 0.652378	 -0.921752	 0.360238	 0.645688	 -0.904726	 1.8773	 1.87721	 1.87732	 1.87713	 1.87738	 
21.28	 0.381	 0.678	 -0.99	 0.377077	 0.671538	 -0.972725	 0.372661	 0.665056	 -0.955577	 0.368134	 0.65857	 -0.938459	 0.364078	 0.652104	 -0.921217	 0.360247	 0.645642	 -0.903921	 1.90007	 1.89998	 1.90008	 1.89991	 1.90016	 
21.29	 0.381	 0.678	 -0.99	 0.376949	 0.671695	 -0.972535	 0.372619	 0.665014	 -0.955279	 0.368225	 0.658247	 -0.938071	 0.364101	 0.651833	 -0.920664	 0.360111	 0.645585	 -0.903164	 1.92259	 1.9225	 1.9226	 1.92244	 1.92268	 
21.3	 0.381	 0.678	 -0.99	 0.376725	 0.671709	 -0.972424	 0.37256	 0.664938	 -0.955001	 0.368422	 0.658057	 -0.937615	 0.364186	 0.651627	 -0.920081	 0.359907	 0.645413	 -0.902478	 1.94482	 1.94473	 1.94483	 1.94466	 1.9449	 
21.31	 0.381	 0.678	 -0.99	 0.376546	 0.671558	 -0.972366	 0.372519	 0.664827	 -0.954739	 0.368591	 0.658026	 -0.937115	 0.364265	 0.651499	 -0.919482	 0.359753	 0.645107	 -0.901845	 1.9666	 1.96651	 1.96662	 1.96644	 1.96667	 
21.32	 0.381	 0.678	 -0.99	 0.376513	 0.67132	 -0.972311	 0.372518	 0.6647	 -0.954483	 0.368637	 0.658091	 -0.936625	 0.364293	 0.651422	 -0.918898	 0.359731	 0.644732	 -0.901232	 1.98769	 1.98762	 1.98771	 1.98752	 1.98775	 
21.33	 0.381	 0.678	 -0.99	 0.376631	 0.671105	 -0.972218	 0.372552	 0.664581	 -0.954229	 0.368545	 0.658141	 -0.936194	 0.364266	 0.651347	 -0.918353	 0.359854	 0.644391	 -0.900606	 2.00784	 2.00776	 2.00785	 2.00764	 2.00787	 
21.34	 0.381	 0.678	 -0.99	 0.376832	 0.671004	 -0.972072	 0.372611	 0.664493	 -0.953976	 0.368384	 0.658092	 -0.935841	 0.364214	 0.651231	 -0.917863	 0.360064	 0.644156	 -0.899963	 2.02682	 2.02673	 2.0268	 2.02659	 2.02682	 
21.35	 0.381	 0.678	 -0.99	 0.377024	 0.671042	 -0.971887	 0.37268	 0.66444	 -0.953726	 0.368256	 0.657921	 -0.935554	 0.364181	 0.651064	 -0.917427	 0.360267	 0.644045	 -0.899324	 2.04446	 2.04436	 2.04442	 2.04421	 2.04443	 
21.36	 0.381	 0.678	 -0.99	 0.377121	 0.671174	 -0.9717	 0.372736	 0.664413	 -0.95349	 0.368233	 0.65767	 -0.935303	 0.364204	 0.650864	 -0.917029	 0.360401	 0.644026	 -0.898717	 2.06074	 2.06062	 2.06068	 2.06046	 2.06068	 
21.37	 0.381	 0.678	 -0.99	 0.377087	 0.671321	 -0.971546	 0.372761	 0.664393	 -0.953277	 0.368337	 0.657412	 -0.935052	 0.364301	 0.650669	 -0.91665	 0.360452	 0.644033	 -0.898167	 2.07571	 2.07559	 2.07564	 2.07543	 2.07565	 
21.38	 0.381	 0.678	 -0.99	 0.376952	 0.671411	 -0.971444	 0.372762	 0.664368	 -0.953088	 0.36854	 0.657223	 -0.934779	 0.364456	 0.650509	 -0.916278	 0.360441	 0.643994	 -0.897689	 2.08952	 2.0894	 2.08945	 2.08925	 2.08947	 
21.39	 0.381	 0.678	 -0.99	 0.376793	 0.671395	 -0.971393	 0.372767	 0.664322	 -0.95292	 0.368783	 0.657141	 -0.934479	 0.364634	 0.650403	 -0.91591	 0.360411	 0.643873	 -0.897281	 2.10234	 2.10223	 2.1023	 2.10209	 2.1023	 
21.4	 0.381	 0.678	 -0.99	 0.376683	 0.671275	 -0.971376	 0.372793	 0.664253	 -0.952768	 0.368999	 0.657162	 -0.934167	 0.364803	 0.65035	 -0.915548	 0.360425	 0.643673	 -0.896922	 2.11433	 2.11423	 2.11431	 2.11409	 2.1143	 
21.41	 0.381	 0.678	 -0.99	 0.376667	 0.671092	 -0.971366	 0.372842	 0.664172	 -0.952626	 0.369134	 0.657247	 -0.933864	 0.364945	 0.650333	 -0.915201	 0.360534	 0.64343	 -0.896584	 2.12558	 2.1255	 2.12559	 2.12537	 2.12557	 
21.42	 0.381	 0.678	 -0.99	 0.376758	 0.670912	 -0.971337	 0.372919	 0.664096	 -0.952486	 0.369174	 0.65734	 -0.933595	 0.36505	 0.650326	 -0.914879	 0.360747	 0.643196	 -0.896246	 2.13615	 2.13607	 2.13616	 2.13594	 2.13614	 
21.43	 0.381	 0.678	 -0.99	 0.376933	 0.670792	 -0.971273	 0.37302	 0.66404	 -0.952345	 0.369144	 0.657388	 -0.933373	 0.365125	 0.650303	 -0.91459	 0.361035	 0.643021	 -0.895897	 2.14599	 2.14592	 2.146	 2.14578	 2.14599	 
21.44	 0.381	 0.678	 -0.99	 0.377139	 0.670764	 -0.971175	 0.373132	 0.664006	 -0.952205	 0.369093	 0.657356	 -0.933202	 0.365194	 0.650252	 -0.914337	 0.361354	 0.642937	 -0.895539	 2.15503	 2.15494	 2.15502	 2.15479	 2.155	 
21.45	 0.381	 0.678	 -0.99	 0.377319	 0.670828	 -0.971057	 0.373241	 0.663996	 -0.952071	 0.369075	 0.657243	 -0.933075	 0.365282	 0.650169	 -0.914119	 0.361658	 0.642942	 -0.895186	 2.16311	 2.163	 2.16307	 2.16285	 2.16306	 
21.46	 0.381	 0.678	 -0.99	 0.377423	 0.670959	 -0.970939	 0.373335	 0.664007	 -0.951948	 0.369131	 0.657077	 -0.932975	 0.36541	 0.650065	 -0.913932	 0.361913	 0.643009	 -0.894862	 2.17008	 2.16996	 2.17001	 2.16979	 2.17	 
21.47	 0.381	 0.678	 -0.99	 0.377431	 0.671108	 -0.970842	 0.373406	 0.664025	 -0.951846	 0.369279	 0.656904	 -0.932886	 0.36559	 0.649962	 -0.913771	 0.362104	 0.643098	 -0.894588	 2.17579	 2.17566	 2.1757	 2.17548	 2.1757	 
21.48	 0.381	 0.678	 -0.99	 0.377363	 0.671223	 -0.970783	 0.373466	 0.664041	 -0.951766	 0.369513	 0.656768	 -0.932795	 0.365813	 0.649881	 -0.913632	 0.362231	 0.643168	 -0.894383	 2.18014	 2.18001	 2.18006	 2.17983	 2.18003	 
21.49	 0.381	 0.678	 -0.99	 0.377256	 0.671268	 -0.970766	 0.373528	 0.664042	 -0.951711	 0.3698	 0.656705	 -0.932698	 0.366058	 0.649837	 -0.913514	 0.362317	 0.643185	 -0.894254	 2.18314	 2.183	 2.18306	 2.18281	 2.18301	 
21.5	 0.381	 0.678	 -0.99	 0.377151	 0.671226	 -0.97079	 0.373589	 0.664025	 -0.951681	 0.370088	 0.656728	 -0.932598	 0.366312	 0.649836	 -0.913417	 0.362416	 0.643134	 -0.894193	 2.18482	 2.1847	 2.18476	 2.1845	 2.18469	 
21.51	 0.381	 0.678	 -0.99	 0.377092	 0.671112	 -0.970839	 0.373659	 0.663996	 -0.951672	 0.370331	 0.656827	 -0.932505	 0.366554	 0.649874	 -0.913343	 0.362572	 0.643026	 -0.894184	 2.18531	 2.1852	 2.18527	 2.185	 2.18519	 
21.52	 0.381	 0.678	 -0.99	 0.37712	 0.67096	 -0.970893	 0.373753	 0.663962	 -0.951675	 0.370502	 0.656971	 -0.932433	 0.366764	 0.649938	 -0.913298	 0.362801	 0.642892	 -0.894211	 2.1847	 2.18461	 2.18468	 2.18441	 2.18459	 
21.53	 0.381	 0.678	 -0.99	 0.377241	 0.670816	 -0.970935	 0.373872	 0.663933	 -0.951687	 0.37059	 0.657116	 -0.9324	 0.366935	 0.650011	 -0.913286	 0.363107	 0.64278	 -0.894253	 2.18304	 2.18295	 2.18302	 2.18275	 2.18294	 
21.54	 0.381	 0.678	 -0.99	 0.377427	 0.670726	 -0.970953	 0.374001	 0.66392	 -0.951707	 0.370611	 0.657219	 -0.932418	 0.367081	 0.650075	 -0.913315	 0.363482	 0.642727	 -0.894302	 2.18028	 2.18018	 2.18025	 2.17998	 2.18017	 
21.55	 0.381	 0.678	 -0.99	 0.377639	 0.670723	 -0.970943	 0.374136	 0.663933	 -0.951734	 0.370605	 0.657253	 -0.932491	 0.367215	 0.65011	 -0.913391	 0.363883	 0.642754	 -0.894361	 2.17631	 2.17619	 2.17626	 2.17599	 2.17619	 
21.56	 0.381	 0.678	 -0.99	 0.377831	 0.670812	 -0.970915	 0.37427	 0.663971	 -0.951771	 0.370625	 0.657211	 -0.932615	 0.367357	 0.650118	 -0.913513	 0.36426	 0.64287	 -0.89444	 2.17103	 2.17091	 2.17096	 2.1707	 2.1709	 
21.57	 0.381	 0.678	 -0.99	 0.377955	 0.670966	 -0.970884	 0.374391	 0.664028	 -0.951823	 0.370713	 0.657114	 -0.932775	 0.367528	 0.650109	 -0.913674	 0.36457	 0.643059	 -0.894551	 2.16444	 2.1643	 2.16435	 2.16408	 2.16428	 
21.58	 0.381	 0.678	 -0.99	 0.377981	 0.671145	 -0.97087	 0.37449	 0.664096	 -0.951893	 0.370891	 0.657007	 -0.93295	 0.367737	 0.650102	 -0.913862	 0.364793	 0.643278	 -0.894711	 2.1566	 2.15646	 2.15651	 2.15624	 2.15644	 
21.59	 0.381	 0.678	 -0.99	 0.377912	 0.671292	 -0.970892	 0.374563	 0.664163	 -0.951982	 0.371151	 0.656941	 -0.933119	 0.367984	 0.650119	 -0.914067	 0.364936	 0.64348	 -0.894929	 2.14768	 2.14754	 2.14759	 2.14732	 2.14752	 
21.6	 0.381	 0.678	 -0.99	 0.377786	 0.67136	 -0.970959	 0.374618	 0.664216	 -0.952093	 0.371458	 0.65696	 -0.93327	 0.368252	 0.65018	 -0.914279	 0.365031	 0.643621	 -0.895211	 2.13782	 2.13769	 2.13775	 2.13748	 2.13767	 
21.61	 0.381	 0.678	 -0.99	 0.377666	 0.671326	 -0.971067	 0.374675	 0.664249	 -0.952224	 0.371758	 0.657081	 -0.933403	 0.368516	 0.650293	 -0.914497	 0.365128	 0.643685	 -0.895551	 2.12709	 2.12697	 2.12704	 2.12676	 2.12695	 
21.62	 0.381	 0.678	 -0.99	 0.377618	 0.671207	 -0.9712	 0.374748	 0.664267	 -0.95237	 0.371992	 0.657291	 -0.933536	 0.368748	 0.650454	 -0.91473	 0.365279	 0.643687	 -0.895938	 2.11544	 2.11533	 2.11541	 2.11511	 2.1153	 
21.63	 0.381	 0.678	 -0.99	 0.377678	 0.671055	 -0.971336	 0.374842	 0.664281	 -0.952529	 0.372117	 0.657543	 -0.933694	 0.36893	 0.650642	 -0.914992	 0.365526	 0.643671	 -0.896353	 2.10274	 2.10263	 2.10271	 2.1024	 2.10259	 
21.64	 0.381	 0.678	 -0.99	 0.377847	 0.670942	 -0.971448	 0.374958	 0.664307	 -0.952698	 0.372134	 0.657769	 -0.933905	 0.369062	 0.650825	 -0.915298	 0.365868	 0.643697	 -0.896781	 2.08883	 2.08871	 2.08879	 2.08847	 2.08866	 
21.65	 0.381	 0.678	 -0.99	 0.378085	 0.670928	 -0.971522	 0.375093	 0.664361	 -0.952872	 0.372088	 0.657907	 -0.934185	 0.369159	 0.650973	 -0.915659	 0.366258	 0.643816	 -0.897213	 2.07363	 2.07351	 2.07357	 2.07327	 2.07346	 
21.66	 0.381	 0.678	 -0.99	 0.378313	 0.671042	 -0.971561	 0.37523	 0.664444	 -0.953053	 0.372058	 0.657929	 -0.93453	 0.369257	 0.65107	 -0.916073	 0.366628	 0.644049	 -0.897651	 2.05723	 2.05709	 2.05716	 2.05685	 2.05705	 
21.67	 0.381	 0.678	 -0.99	 0.378438	 0.671252	 -0.971588	 0.375341	 0.66455	 -0.953243	 0.372118	 0.657861	 -0.934915	 0.369398	 0.651129	 -0.916523	 0.366914	 0.644371	 -0.898106	 2.03981	 2.03966	 2.03973	 2.03943	 2.03962	 
21.68	 0.381	 0.678	 -0.99	 0.378415	 0.671482	 -0.971637	 0.375413	 0.664665	 -0.953448	 0.372312	 0.657782	 -0.9353	 0.3696	 0.651182	 -0.916988	 0.367075	 0.644712	 -0.898601	 2.02158	 2.02143	 2.0215	 2.02121	 2.02141	 
21.69	 0.381	 0.678	 -0.99	 0.378268	 0.671633	 -0.971738	 0.375455	 0.664766	 -0.953672	 0.372618	 0.657785	 -0.935653	 0.369853	 0.651275	 -0.91745	 0.367127	 0.644987	 -0.899161	 2.00268	 2.00254	 2.00262	 2.00232	 2.00252	 
21.7	 0.381	 0.678	 -0.99	 0.378091	 0.671635	 -0.971903	 0.375487	 0.664836	 -0.953919	 0.372948	 0.657935	 -0.935964	 0.370115	 0.651441	 -0.917904	 0.367147	 0.645145	 -0.899794	 1.98307	 1.98294	 1.98303	 1.98271	 1.9829	 
21.71	 0.381	 0.678	 -0.99	 0.378005	 0.671496	 -0.972112	 0.375536	 0.664875	 -0.954189	 0.373185	 0.658224	 -0.936259	 0.37033	 0.651682	 -0.918365	 0.367239	 0.645197	 -0.900488	 1.9625	 1.96238	 1.96246	 1.96214	 1.96232	 
21.72	 0.381	 0.678	 -0.99	 0.378095	 0.671316	 -0.97232	 0.375622	 0.664909	 -0.954473	 0.373248	 0.658565	 -0.936589	 0.37046	 0.651957	 -0.918864	 0.367472	 0.645227	 -0.901217	 1.94063	 1.9405	 1.94058	 1.94023	 1.94041	 
21.73	 0.381	 0.678	 -0.99	 0.378341	 0.671234	 -0.972479	 0.375741	 0.664974	 -0.954764	 0.373155	 0.65883	 -0.937006	 0.370509	 0.652208	 -0.919432	 0.36783	 0.645359	 -0.901948	 1.91709	 1.91694	 1.91701	 1.91665	 1.91683	 
21.74	 0.381	 0.678	 -0.99	 0.378614	 0.671348	 -0.972577	 0.375862	 0.665091	 -0.955063	 0.373026	 0.658928	 -0.937528	 0.370533	 0.652392	 -0.92008	 0.368201	 0.645675	 -0.902676	 1.8917	 1.89154	 1.89159	 1.89122	 1.89141	 
21.75	 0.381	 0.678	 -0.99	 0.378742	 0.67163	 -0.972646	 0.375946	 0.665255	 -0.955374	 0.373024	 0.658883	 -0.938121	 0.370612	 0.652516	 -0.92079	 0.368443	 0.646148	 -0.903426	 1.86458	 1.86442	 1.86447	 1.8641	 1.8643	 
21.76	 0.381	 0.678	 -0.99	 0.378636	 0.671919	 -0.972756	 0.375973	 0.665427	 -0.955708	 0.373239	 0.65884	 -0.938707	 0.370788	 0.652644	 -0.92152	 0.368478	 0.646634	 -0.904246	 1.83619	 1.83603	 1.83611	 1.83575	 1.83595	 
21.77	 0.381	 0.678	 -0.99	 0.378385	 0.672023	 -0.97296	 0.375965	 0.665557	 -0.956071	 0.373587	 0.658976	 -0.93922	 0.371027	 0.652857	 -0.922225	 0.368383	 0.646965	 -0.905161	 1.80723	 1.80709	 1.80719	 1.80685	 1.80706	 
21.78	 0.381	 0.678	 -0.99	 0.378222	 0.671882	 -0.97324	 0.375973	 0.665628	 -0.956451	 0.373848	 0.65934	 -0.939658	 0.371223	 0.65318	 -0.922891	 0.368358	 0.647087	 -0.906137	 1.77845	 1.77833	 1.77846	 1.77814	 1.77835	 
21.79	 0.381	 0.678	 -0.99	 0.378335	 0.67166	 -0.973503	 0.376043	 0.665674	 -0.95682	 0.373842	 0.659772	 -0.940094	 0.371289	 0.653533	 -0.923543	 0.368561	 0.647136	 -0.907079	 1.75046	 1.75034	 1.75049	 1.7502	 1.75042	 
21.8	 0.381	 0.678	 -0.99	 0.378661	 0.671631	 -0.973657	 0.376163	 0.665762	 -0.957152	 0.37363	 0.660012	 -0.940609	 0.371248	 0.653791	 -0.924217	 0.368935	 0.647337	 -0.907903	 1.72351	 1.72339	 1.72355	 1.72327	 1.72351	 
21.81	 0.381	 0.678	 -0.99	 0.378898	 0.6719	 -0.973707	 0.376261	 0.665917	 -0.957448	 0.373497	 0.659964	 -0.941198	 0.371237	 0.6539	 -0.924914	 0.369224	 0.647777	 -0.908618	 1.69751	 1.69739	 1.69755	 1.69726	 1.69749	 
21.82	 0.381	 0.678	 -0.99	 0.378797	 0.672247	 -0.973773	 0.376276	 0.66609	 -0.957742	 0.373676	 0.659837	 -0.94176	 0.371373	 0.653964	 -0.925592	 0.369222	 0.648275	 -0.909335	 1.67207	 1.67195	 1.67209	 1.67179	 1.67201	 
21.83	 0.381	 0.678	 -0.99	 0.378477	 0.672329	 -0.973969	 0.376232	 0.6662	 -0.958068	 0.37405	 0.659959	 -0.942199	 0.371603	 0.654149	 -0.926209	 0.369029	 0.648553	 -0.910161	 1.64668	 1.64655	 1.64669	 1.64636	 1.64658	 
21.84	 0.381	 0.678	 -0.99	 0.378344	 0.672088	 -0.974262	 0.376224	 0.666232	 -0.958422	 0.374233	 0.660388	 -0.94256	 0.371735	 0.654489	 -0.926794	 0.368985	 0.648568	 -0.911076	 1.62091	 1.62078	 1.6209	 1.62056	 1.62078	 
21.85	 0.381	 0.678	 -0.99	 0.378605	 0.671885	 -0.974485	 0.376306	 0.666275	 -0.958767	 0.374032	 0.660786	 -0.943003	 0.37167	 0.654821	 -0.927427	 0.369259	 0.648623	 -0.911949	 1.59457	 1.59442	 1.59452	 1.59418	 1.59441	 
21.86	 0.381	 0.678	 -0.99	 0.378944	 0.672077	 -0.974553	 0.376404	 0.666414	 -0.959082	 0.37375	 0.660818	 -0.943605	 0.371554	 0.654976	 -0.92815	 0.369584	 0.64901	 -0.91271	 1.56766	 1.56751	 1.56762	 1.56726	 1.5675	 
21.87	 0.381	 0.678	 -0.99	 0.378885	 0.672488	 -0.974601	 0.376405	 0.666611	 -0.959395	 0.373838	 0.660648	 -0.944235	 0.371616	 0.655028	 -0.928893	 0.36957	 0.649578	 -0.913464	 1.54041	 1.54028	 1.54042	 1.54006	 1.54028	 
21.88	 0.381	 0.678	 -0.99	 0.378505	 0.672586	 -0.974816	 0.376326	 0.666734	 -0.959747	 0.374225	 0.660773	 -0.944708	 0.371827	 0.655224	 -0.929559	 0.369285	 0.649886	 -0.914357	 1.51322	 1.51309	 1.51323	 1.51288	 1.51312	 
21.89	 0.381	 0.678	 -0.99	 0.378408	 0.672281	 -0.975136	 0.376312	 0.666756	 -0.960122	 0.374339	 0.661276	 -0.945074	 0.371902	 0.655611	 -0.930165	 0.369229	 0.64986	 -0.915328	 1.48639	 1.48624	 1.48639	 1.48607	 1.48632	 
21.9	 0.381	 0.678	 -0.99	 0.378786	 0.672157	 -0.97531	 0.37641	 0.666818	 -0.960456	 0.373999	 0.661603	 -0.945562	 0.371741	 0.655914	 -0.930821	 0.369556	 0.649986	 -0.916161	 1.46014	 1.46	 1.46016	 1.45984	 1.4601	 
21.91	 0.381	 0.678	 -0.99	 0.379	 0.67254	 -0.975314	 0.376466	 0.667003	 -0.96074	 0.373803	 0.661451	 -0.946195	 0.371643	 0.655971	 -0.93154	 0.36974	 0.650526	 -0.916836	 1.43458	 1.43447	 1.43463	 1.43431	 1.43456	 
21.92	 0.381	 0.678	 -0.99	 0.378648	 0.672844	 -0.975432	 0.37638	 0.667171	 -0.961044	 0.374131	 0.661372	 -0.946702	 0.371807	 0.656058	 -0.932188	 0.369451	 0.650993	 -0.917589	 1.40973	 1.40962	 1.4098	 1.40947	 1.40972	 
21.93	 0.381	 0.678	 -0.99	 0.378385	 0.672578	 -0.975746	 0.376312	 0.667197	 -0.961389	 0.374375	 0.661824	 -0.947009	 0.371932	 0.656411	 -0.932724	 0.36923	 0.650983	 -0.918488	 1.38554	 1.3854	 1.38555	 1.38524	 1.38551	 
21.94	 0.381	 0.678	 -0.99	 0.378744	 0.672355	 -0.975941	 0.376399	 0.667226	 -0.961701	 0.374035	 0.662225	 -0.947417	 0.371755	 0.656738	 -0.933301	 0.369513	 0.651003	 -0.919276	 1.36189	 1.36175	 1.36191	 1.3616	 1.36187	 
21.95	 0.381	 0.678	 -0.99	 0.378996	 0.672746	 -0.975916	 0.37646	 0.667401	 -0.961953	 0.373789	 0.662037	 -0.948021	 0.371617	 0.656757	 -0.933973	 0.369699	 0.651517	 -0.919871	 1.33882	 1.33871	 1.33888	 1.33855	 1.3388	 
21.96	 0.381	 0.678	 -0.99	 0.378583	 0.673023	 -0.976037	 0.376348	 0.667547	 -0.962233	 0.374154	 0.661947	 -0.948471	 0.371787	 0.656815	 -0.934558	 0.369335	 0.651925	 -0.92057	 1.31652	 1.31641	 1.31659	 1.31626	 1.31653	 
21.97	 0.381	 0.678	 -0.99	 0.378402	 0.672657	 -0.976359	 0.376285	 0.66753	 -0.962553	 0.37429	 0.662454	 -0.94871	 0.371841	 0.657174	 -0.935018	 0.369158	 0.651797	 -0.921407	 1.29525	 1.29512	 1.29529	 1.295	 1.29529	 
21.98	 0.381	 0.678	 -0.99	 0.378862	 0.672577	 -0.976453	 0.376382	 0.667577	 -0.962803	 0.373819	 0.662685	 -0.949129	 0.371576	 0.657393	 -0.935549	 0.369494	 0.651895	 -0.922023	 1.27529	 1.27517	 1.27536	 1.27507	 1.27535	 
21.99	 0.381	 0.678	 -0.99	 0.378851	 0.673075	 -0.976396	 0.376361	 0.667765	 -0.962998	 0.373784	 0.662361	 -0.949652	 0.371524	 0.657317	 -0.936111	 0.369433	 0.652456	 -0.922475	 1.25687	 1.25679	 1.25699	 1.2567	 1.25697	 
22	 0.381	 0.678	 -0.99	 0.378356	 0.673026	 -0.976621	 0.37621	 0.667813	 -0.963244	 0.374189	 0.662538	 -0.949871	 0.3717	 0.657486	 -0.936492	 0.368972	 0.652556	 -0.923113	 1.24017	 1.24007	 1.24028	 1.24001	 1.2403	 
22.01	 0.381	 0.678	 -0.99	 0.378581	 0.672629	 -0.97684	 0.376234	 0.667767	 -0.963473	 0.373909	 0.663032	 -0.950054	 0.371519	 0.65782	 -0.936827	 0.369091	 0.652364	 -0.923703	 1.22513	 1.22501	 1.22521	 1.22496	 1.22526	 
22.02	 0.381	 0.678	 -0.99	 0.378912	 0.672984	 -0.976741	 0.376289	 0.667907	 -0.963603	 0.373532	 0.662816	 -0.950495	 0.371276	 0.657783	 -0.937272	 0.369282	 0.652776	 -0.923995	 1.21156	 1.21147	 1.21168	 1.2114	 1.21169	 
22.03	 0.381	 0.678	 -0.99	 0.378434	 0.673242	 -0.976817	 0.37614	 0.66802	 -0.963761	 0.373909	 0.662681	 -0.95074	 0.371421	 0.657774	 -0.937598	 0.368805	 0.653096	 -0.924395	 1.19937	 1.19927	 1.19947	 1.19919	 1.19949	 
22.04	 0.381	 0.678	 -0.99	 0.378372	 0.672784	 -0.977083	 0.376085	 0.667946	 -0.963956	 0.373883	 0.663203	 -0.95078	 0.371359	 0.658103	 -0.937797	 0.368665	 0.652823	 -0.924918	 1.1884	 1.18828	 1.18847	 1.18822	 1.18853	 
22.05	 0.381	 0.678	 -0.99	 0.378839	 0.672915	 -0.977015	 0.376159	 0.668013	 -0.964057	 0.373349	 0.66316	 -0.951107	 0.371023	 0.658136	 -0.938128	 0.368949	 0.653019	 -0.92514	 1.1786	 1.1785	 1.17869	 1.17841	 1.17871	 
22.06	 0.381	 0.678	 -0.99	 0.378484	 0.673333	 -0.976983	 0.376027	 0.668151	 -0.964152	 0.373583	 0.662839	 -0.951371	 0.371083	 0.658008	 -0.938412	 0.36856	 0.653429	 -0.925364	 1.16998	 1.16989	 1.17009	 1.16981	 1.1701	 
22.07	 0.381	 0.678	 -0.99	 0.378226	 0.672921	 -0.977245	 0.375918	 0.668071	 -0.96431	 0.373729	 0.663277	 -0.951333	 0.371104	 0.658266	 -0.938521	 0.36825	 0.653148	 -0.925798	 1.1626	 1.16247	 1.16266	 1.16241	 1.16272	 
22.08	 0.381	 0.678	 -0.99	 0.378721	 0.672876	 -0.97721	 0.375997	 0.668073	 -0.964383	 0.373165	 0.663354	 -0.951547	 0.370748	 0.658333	 -0.938743	 0.368546	 0.653154	 -0.92596	 1.15638	 1.15627	 1.15646	 1.1562	 1.15651	 
22.09	 0.381	 0.678	 -0.99	 0.378489	 0.673354	 -0.977108	 0.375894	 0.668207	 -0.964424	 0.373276	 0.662936	 -0.951795	 0.370737	 0.658133	 -0.938967	 0.368243	 0.653573	 -0.926039	 1.15132	 1.15124	 1.15144	 1.15116	 1.15146	 
22.1	 0.381	 0.678	 -0.99	 0.378119	 0.67301	 -0.977343	 0.375751	 0.668136	 -0.964536	 0.373513	 0.663288	 -0.951694	 0.370793	 0.65833	 -0.93899	 0.367822	 0.65332	 -0.926361	 1.14748	 1.14736	 1.14754	 1.1473	 1.14762	 
22.11	 0.381	 0.678	 -0.99	 0.378594	 0.672855	 -0.977324	 0.375816	 0.668105	 -0.964572	 0.372947	 0.663455	 -0.951801	 0.370423	 0.658436	 -0.9391	 0.368076	 0.653222	 -0.92644	 1.14486	 1.14476	 1.14496	 1.14471	 1.14502	 
22.12	 0.381	 0.678	 -0.99	 0.378448	 0.673353	 -0.97717	 0.375719	 0.668238	 -0.964557	 0.372942	 0.663007	 -0.952001	 0.370331	 0.658213	 -0.939238	 0.367813	 0.653648	 -0.926371	 1.14369	 1.14362	 1.14383	 1.14357	 1.14388	 
22.13	 0.381	 0.678	 -0.99	 0.378004	 0.673074	 -0.977368	 0.375538	 0.668174	 -0.964612	 0.373207	 0.663278	 -0.951828	 0.370381	 0.658356	 -0.939156	 0.367298	 0.653426	 -0.926544	 1.14427	 1.14416	 1.14436	 1.14415	 1.14448	 
22.14	 0.381	 0.678	 -0.99	 0.378439	 0.672832	 -0.977351	 0.375581	 0.668106	 -0.964593	 0.372651	 0.663493	 -0.951809	 0.369999	 0.658464	 -0.939123	 0.367489	 0.653217	 -0.926495	 1.14674	 1.14666	 1.14688	 1.14667	 1.147	 
22.15	 0.381	 0.678	 -0.99	 0.378385	 0.673314	 -0.977143	 0.375504	 0.66821	 -0.964505	 0.372552	 0.663001	 -0.951923	 0.369848	 0.658183	 -0.939134	 0.367277	 0.653568	 -0.926241	 1.15127	 1.15121	 1.15144	 1.15122	 1.15153	 
22.16	 0.381	 0.678	 -0.99	 0.377891	 0.673105	 -0.977285	 0.375309	 0.668129	 -0.964484	 0.372859	 0.663131	 -0.951665	 0.369914	 0.658207	 -0.938923	 0.366712	 0.653327	 -0.926223	 1.15779	 1.15771	 1.15793	 1.15773	 1.15806	 
22.17	 0.381	 0.678	 -0.99	 0.378254	 0.672759	 -0.97728	 0.37533	 0.668004	 -0.96441	 0.372362	 0.663373	 -0.951503	 0.369562	 0.658284	 -0.938733	 0.366846	 0.652958	 -0.92604	 1.16603	 1.16594	 1.16615	 1.16596	 1.16628	 
22.18	 0.381	 0.678	 -0.99	 0.378333	 0.673194	 -0.977024	 0.375282	 0.668072	 -0.964255	 0.372134	 0.662873	 -0.95154	 0.369343	 0.657968	 -0.938628	 0.366743	 0.653214	 -0.925618	 1.17562	 1.17555	 1.17576	 1.17554	 1.17585	 
22.19	 0.381	 0.678	 -0.99	 0.377799	 0.673131	 -0.977092	 0.375075	 0.668015	 -0.964171	 0.37247	 0.662835	 -0.951249	 0.369419	 0.657885	 -0.938336	 0.366138	 0.653059	 -0.925431	 1.18629	 1.1862	 1.18638	 1.18617	 1.18649	 
22.2	 0.381	 0.678	 -0.99	 0.378006	 0.672682	 -0.977137	 0.375048	 0.667859	 -0.964072	 0.372102	 0.663161	 -0.950958	 0.369125	 0.657997	 -0.938029	 0.366127	 0.652594	 -0.925201	 1.19777	 1.19766	 1.19784	 1.19763	 1.19795	 
22.21	 0.381	 0.678	 -0.99	 0.378269	 0.672995	 -0.976866	 0.375036	 0.667895	 -0.963884	 0.371678	 0.662774	 -0.950941	 0.36879	 0.657741	 -0.937852	 0.366148	 0.652749	 -0.924694	 1.20998	 1.20991	 1.21009	 1.20986	 1.21016	 
22.22	 0.381	 0.678	 -0.99	 0.377773	 0.673168	 -0.976819	 0.374832	 0.667897	 -0.963741	 0.371961	 0.662515	 -0.950692	 0.368819	 0.657541	 -0.937544	 0.365542	 0.652783	 -0.924348	 1.22312	 1.22303	 1.2232	 1.22299	 1.2233	 
22.23	 0.381	 0.678	 -0.99	 0.377697	 0.672688	 -0.976921	 0.374727	 0.667728	 -0.963626	 0.371842	 0.662854	 -0.95028	 0.368643	 0.657649	 -0.937133	 0.365277	 0.652278	 -0.924092	 1.23732	 1.23723	 1.23741	 1.23723	 1.23754	 
22.24	 0.381	 0.678	 -0.99	 0.378104	 0.672713	 -0.976703	 0.374741	 0.667678	 -0.963418	 0.371264	 0.662709	 -0.950136	 0.368223	 0.657503	 -0.93684	 0.365405	 0.652173	 -0.923541	 1.25283	 1.25276	 1.25296	 1.25276	 1.25307	 
22.25	 0.381	 0.678	 -0.99	 0.377854	 0.673093	 -0.976492	 0.374593	 0.667714	 -0.963194	 0.371303	 0.662219	 -0.949948	 0.368119	 0.657166	 -0.936504	 0.364996	 0.652341	 -0.92296	 1.26982	 1.26976	 1.26996	 1.26977	 1.27008	 
22.26	 0.381	 0.678	 -0.99	 0.377446	 0.672821	 -0.976562	 0.374405	 0.667581	 -0.963023	 0.371493	 0.662326	 -0.94946	 0.368099	 0.657124	 -0.93599	 0.364459	 0.651956	 -0.922569	 1.28832	 1.28824	 1.28844	 1.28827	 1.28859	 
22.27	 0.381	 0.678	 -0.99	 0.377724	 0.672461	 -0.97649	 0.374388	 0.667415	 -0.962804	 0.371041	 0.662492	 -0.949074	 0.36775	 0.657106	 -0.935506	 0.364484	 0.651483	 -0.922027	 1.30822	 1.30814	 1.30834	 1.30818	 1.30849	 
22.28	 0.381	 0.678	 -0.99	 0.377925	 0.672735	 -0.976183	 0.374353	 0.667398	 -0.962513	 0.370659	 0.662046	 -0.948881	 0.367432	 0.656762	 -0.935105	 0.364444	 0.65151	 -0.921262	 1.32933	 1.32927	 1.32946	 1.32929	 1.3296	 
22.29	 0.381	 0.678	 -0.99	 0.377504	 0.672917	 -0.976055	 0.374164	 0.667355	 -0.962256	 0.37086	 0.661676	 -0.948494	 0.367411	 0.656445	 -0.934593	 0.363894	 0.651445	 -0.920621	 1.35148	 1.35142	 1.3516	 1.35142	 1.35173	 
22.3	 0.381	 0.678	 -0.99	 0.377269	 0.672522	 -0.9761	 0.374018	 0.667168	 -0.962032	 0.370886	 0.661843	 -0.947925	 0.367306	 0.656399	 -0.933972	 0.363495	 0.650901	 -0.920099	 1.37444	 1.37436	 1.37453	 1.37436	 1.37467	 
22.31	 0.381	 0.678	 -0.99	 0.377589	 0.67227	 -0.975947	 0.374009	 0.667014	 -0.961752	 0.370391	 0.661874	 -0.947523	 0.366932	 0.65629	 -0.933424	 0.363548	 0.650479	 -0.919396	 1.39803	 1.39795	 1.39812	 1.39795	 1.39825	 
22.32	 0.381	 0.678	 -0.99	 0.37772	 0.672546	 -0.975633	 0.373955	 0.666991	 -0.961425	 0.370071	 0.661415	 -0.947257	 0.366641	 0.655932	 -0.932936	 0.363442	 0.650494	 -0.918544	 1.42213	 1.42206	 1.42222	 1.42204	 1.42233	 
22.33	 0.381	 0.678	 -0.99	 0.377334	 0.672714	 -0.975487	 0.373773	 0.666945	 -0.961134	 0.370235	 0.661059	 -0.946821	 0.366596	 0.655626	 -0.932357	 0.362913	 0.650423	 -0.917817	 1.44663	 1.44655	 1.44671	 1.44653	 1.44683	 
22.34	 0.381	 0.678	 -0.99	 0.377058	 0.672391	 -0.975502	 0.373618	 0.66678	 -0.960878	 0.3703	 0.661166	 -0.946225	 0.366509	 0.655553	 -0.931689	 0.362481	 0.649946	 -0.917213	 1.4714	 1.47132	 1.47147	 1.47129	 1.47158	 
22.35	 0.381	 0.678	 -0.99	 0.377274	 0.672067	 -0.975392	 0.373587	 0.666612	 -0.960589	 0.369911	 0.661273	 -0.94574	 0.366198	 0.655482	 -0.931073	 0.362462	 0.649467	 -0.916499	 1.49633	 1.49625	 1.49639	 1.49622	 1.49651	 
22.36	 0.381	 0.678	 -0.99	 0.377528	 0.672188	 -0.9751	 0.373572	 0.666551	 -0.960254	 0.369498	 0.660958	 -0.945422	 0.365877	 0.6552	 -0.930537	 0.362483	 0.649355	 -0.915631	 1.52137	 1.52129	 1.52143	 1.52124	 1.52152	 
22.37	 0.381	 0.678	 -0.99	 0.377354	 0.672463	 -0.974856	 0.373456	 0.666529	 -0.959927	 0.369494	 0.6605	 -0.945052	 0.365765	 0.654843	 -0.929974	 0.362158	 0.64937	 -0.914796	 1.54654	 1.54645	 1.54659	 1.54641	 1.54669	 
22.38	 0.381	 0.678	 -0.99	 0.376972	 0.672401	 -0.974793	 0.373291	 0.666425	 -0.959641	 0.36969	 0.660358	 -0.944506	 0.365759	 0.654642	 -0.929317	 0.361668	 0.649106	 -0.914102	 1.57193	 1.57185	 1.57199	 1.57182	 1.5721	 
22.39	 0.381	 0.678	 -0.99	 0.376873	 0.672037	 -0.97477	 0.373194	 0.666247	 -0.95936	 0.369622	 0.660497	 -0.94391	 0.365626	 0.654581	 -0.928627	 0.361418	 0.64859	 -0.913429	 1.5977	 1.59764	 1.59778	 1.59762	 1.5979	 
22.4	 0.381	 0.678	 -0.99	 0.377117	 0.671807	 -0.974606	 0.373183	 0.666097	 -0.959041	 0.369237	 0.660502	 -0.943435	 0.365338	 0.654452	 -0.927989	 0.361458	 0.648178	 -0.912626	 1.62398	 1.62392	 1.62407	 1.62391	 1.62419	 
22.41	 0.381	 0.678	 -0.99	 0.377323	 0.671925	 -0.974315	 0.373167	 0.666026	 -0.958684	 0.368895	 0.660172	 -0.943066	 0.365073	 0.654152	 -0.927395	 0.361473	 0.648046	 -0.911704	 1.65076	 1.6507	 1.65084	 1.65069	 1.65097	 
22.42	 0.381	 0.678	 -0.99	 0.377202	 0.67216	 -0.97406	 0.373076	 0.665984	 -0.95833	 0.368869	 0.65973	 -0.942652	 0.364969	 0.653792	 -0.926774	 0.361225	 0.648006	 -0.9108	 1.67791	 1.67784	 1.67798	 1.67782	 1.67809	 
22.43	 0.381	 0.678	 -0.99	 0.376873	 0.672176	 -0.97394	 0.372937	 0.665892	 -0.958006	 0.369046	 0.659498	 -0.942104	 0.364972	 0.653536	 -0.926082	 0.360814	 0.647788	 -0.910001	 1.70518	 1.7051	 1.70522	 1.70506	 1.70533	 
22.44	 0.381	 0.678	 -0.99	 0.376667	 0.671914	 -0.973895	 0.37283	 0.665737	 -0.9577	 0.369113	 0.659536	 -0.941486	 0.364929	 0.653418	 -0.925355	 0.360516	 0.647348	 -0.909266	 1.73225	 1.73216	 1.73229	 1.73211	 1.73237	 
22.45	 0.381	 0.678	 -0.99	 0.37675	 0.671606	 -0.973799	 0.372797	 0.665573	 -0.957387	 0.368919	 0.659624	 -0.940925	 0.364763	 0.653333	 -0.92466	 0.360467	 0.646878	 -0.908495	 1.75885	 1.75878	 1.75889	 1.75871	 1.75896	 
22.46	 0.381	 0.678	 -0.99	 0.376996	 0.671497	 -0.973591	 0.372811	 0.665457	 -0.957052	 0.368587	 0.659527	 -0.940482	 0.364535	 0.65316	 -0.924033	 0.36056	 0.64658	 -0.907647	 1.78482	 1.78474	 1.78485	 1.78466	 1.78491	 
22.47	 0.381	 0.678	 -0.99	 0.37715	 0.671627	 -0.973322	 0.372812	 0.665399	 -0.956709	 0.368358	 0.659209	 -0.940112	 0.364362	 0.65288	 -0.923453	 0.360589	 0.64648	 -0.906767	 1.81007	 1.80998	 1.81007	 1.80988	 1.81013	 
22.48	 0.381	 0.678	 -0.99	 0.377068	 0.671824	 -0.973091	 0.37276	 0.665361	 -0.956382	 0.36836	 0.658832	 -0.939723	 0.364312	 0.652573	 -0.922873	 0.36044	 0.646441	 -0.905934	 1.8346	 1.8345	 1.83459	 1.8344	 1.83465	 
22.49	 0.381	 0.678	 -0.99	 0.376818	 0.671888	 -0.972956	 0.372669	 0.665294	 -0.956085	 0.368526	 0.658587	 -0.939256	 0.364353	 0.652334	 -0.922263	 0.360169	 0.6463	 -0.905191	 1.85852	 1.85842	 1.85851	 1.85833	 1.85857	 
22.5	 0.381	 0.678	 -0.99	 0.376588	 0.671745	 -0.972897	 0.372587	 0.66518	 -0.95581	 0.368683	 0.658541	 -0.938728	 0.364396	 0.652195	 -0.921628	 0.359928	 0.645993	 -0.90452	 1.88194	 1.88185	 1.88195	 1.88176	 1.882	 
22.51	 0.381	 0.678	 -0.99	 0.376533	 0.671481	 -0.972843	 0.372553	 0.66504	 -0.955539	 0.368691	 0.658615	 -0.938201	 0.364375	 0.652114	 -0.921	 0.359839	 0.645583	 -0.903865	 1.90498	 1.9049	 1.90501	 1.90483	 1.90506	 
22.52	 0.381	 0.678	 -0.99	 0.376667	 0.671251	 -0.972733	 0.372571	 0.664908	 -0.955257	 0.368536	 0.658656	 -0.937732	 0.364283	 0.652019	 -0.920403	 0.359921	 0.645202	 -0.90317	 1.92769	 1.92762	 1.92773	 1.92754	 1.92778	 
22.53	 0.381	 0.678	 -0.99	 0.376886	 0.67117	 -0.97255	 0.372616	 0.664809	 -0.954962	 0.368316	 0.658556	 -0.937341	 0.364169	 0.65186	 -0.919848	 0.360089	 0.644952	 -0.90242	 1.95	 1.94992	 1.95002	 1.94984	 1.95009	 
22.54	 0.381	 0.678	 -0.99	 0.377052	 0.671252	 -0.972324	 0.372656	 0.664752	 -0.954661	 0.368161	 0.658312	 -0.937	 0.364092	 0.651637	 -0.919325	 0.360222	 0.644847	 -0.901647	 1.97172	 1.97163	 1.97172	 1.97154	 1.97178	 
22.55	 0.381	 0.678	 -0.99	 0.377074	 0.671414	 -0.972108	 0.372669	 0.66472	 -0.95437	 0.368154	 0.658004	 -0.936666	 0.364091	 0.65139	 -0.918817	 0.360245	 0.644819	 -0.900902	 1.99261	 1.9925	 1.99258	 1.99239	 1.99263	 
22.56	 0.381	 0.678	 -0.99	 0.37695	 0.671541	 -0.971948	 0.37265	 0.664684	 -0.954103	 0.368292	 0.657737	 -0.936307	 0.364172	 0.651168	 -0.918313	 0.360168	 0.644774	 -0.900228	 2.01238	 2.01227	 2.01233	 2.01214	 2.01237	 
22.57	 0.381	 0.678	 -0.99	 0.37676	 0.671552	 -0.971856	 0.372622	 0.664624	 -0.953867	 0.368508	 0.657587	 -0.935915	 0.364299	 0.651005	 -0.917814	 0.36005	 0.644638	 -0.899644	 2.03083	 2.03071	 2.03078	 2.03057	 2.03079	 
22.58	 0.381	 0.678	 -0.99	 0.376611	 0.671433	 -0.971812	 0.372616	 0.664539	 -0.953656	 0.368709	 0.657568	 -0.935508	 0.364426	 0.650908	 -0.917331	 0.359971	 0.644397	 -0.89914	 2.04785	 2.04775	 2.04782	 2.0476	 2.04781	 
22.59	 0.381	 0.678	 -0.99	 0.37657	 0.671234	 -0.971783	 0.372639	 0.664441	 -0.953462	 0.368819	 0.65764	 -0.93512	 0.36452	 0.650861	 -0.916878	 0.359999	 0.6441	 -0.898681	 2.06351	 2.06342	 2.06349	 2.06326	 2.06347	 
22.6	 0.381	 0.678	 -0.99	 0.37665	 0.671033	 -0.971735	 0.372686	 0.664348	 -0.953278	 0.368812	 0.657724	 -0.93478	 0.364572	 0.650831	 -0.916463	 0.360159	 0.643817	 -0.898232	 2.07795	 2.07786	 2.07794	 2.07771	 2.07792	 
22.61	 0.381	 0.678	 -0.99	 0.376824	 0.670904	 -0.971647	 0.372758	 0.664274	 -0.953097	 0.368726	 0.657748	 -0.934503	 0.364595	 0.650779	 -0.916093	 0.360411	 0.643605	 -0.897772	 2.09137	 2.09129	 2.09137	 2.09114	 2.09135	 
22.62	 0.381	 0.678	 -0.99	 0.37703	 0.670885	 -0.971518	 0.372852	 0.664226	 -0.952914	 0.368631	 0.65767	 -0.934282	 0.364615	 0.650681	 -0.915764	 0.360688	 0.64349	 -0.897302	 2.10396	 2.10387	 2.10395	 2.10374	 2.10396	 
22.63	 0.381	 0.678	 -0.99	 0.377193	 0.670969	 -0.971367	 0.372943	 0.664202	 -0.952733	 0.368594	 0.657497	 -0.934098	 0.364668	 0.650539	 -0.915464	 0.360937	 0.64346	 -0.896834	 2.11586	 2.11576	 2.11583	 2.11563	 2.11586	 
22.64	 0.381	 0.678	 -0.99	 0.377259	 0.671108	 -0.971222	 0.373014	 0.664193	 -0.95256	 0.368657	 0.657274	 -0.933925	 0.364778	 0.650378	 -0.915178	 0.361122	 0.643487	 -0.896382	 2.1271	 2.12699	 2.12706	 2.12687	 2.1271	 
22.65	 0.381	 0.678	 -0.99	 0.377221	 0.671243	 -0.971105	 0.373065	 0.664187	 -0.952401	 0.368824	 0.657066	 -0.933739	 0.364941	 0.65023	 -0.914896	 0.361228	 0.643522	 -0.89597	 2.13765	 2.13754	 2.13761	 2.13742	 2.13764	 
22.66	 0.381	 0.678	 -0.99	 0.377112	 0.671321	 -0.97103	 0.373104	 0.664175	 -0.952257	 0.369068	 0.656925	 -0.93353	 0.365144	 0.650118	 -0.914615	 0.361277	 0.643515	 -0.895615	 2.14741	 2.14729	 2.14737	 2.14716	 2.14738	 
22.67	 0.381	 0.678	 -0.99	 0.376982	 0.671308	 -0.970999	 0.373142	 0.664146	 -0.952134	 0.369339	 0.656877	 -0.933302	 0.365364	 0.650054	 -0.914341	 0.361316	 0.643439	 -0.89532	 2.15622	 2.15611	 2.15618	 2.15596	 2.15617	 
22.68	 0.381	 0.678	 -0.99	 0.376888	 0.671207	 -0.971	 0.37319	 0.6641	 -0.952031	 0.369581	 0.65692	 -0.933072	 0.365578	 0.650036	 -0.914084	 0.361397	 0.643295	 -0.895081	 2.16392	 2.16382	 2.16388	 2.16365	 2.16385	 
22.69	 0.381	 0.678	 -0.99	 0.376872	 0.671051	 -0.971014	 0.373255	 0.664046	 -0.951946	 0.369753	 0.657023	 -0.932861	 0.365766	 0.650053	 -0.913856	 0.361556	 0.643112	 -0.894885	 2.17038	 2.17029	 2.17036	 2.1701	 2.17029	 
22.7	 0.381	 0.678	 -0.99	 0.376947	 0.670887	 -0.971022	 0.373341	 0.663993	 -0.951874	 0.369839	 0.657145	 -0.93269	 0.36592	 0.650087	 -0.913665	 0.361805	 0.642938	 -0.894715	 2.17554	 2.17544	 2.17551	 2.17525	 2.17543	 
22.71	 0.381	 0.678	 -0.99	 0.377109	 0.670765	 -0.971007	 0.373454	 0.663954	 -0.951811	 0.369857	 0.657236	 -0.932572	 0.366043	 0.650116	 -0.913522	 0.36212	 0.642812	 -0.894562	 2.17937	 2.17928	 2.17934	 2.17908	 2.17926	 
22.72	 0.381	 0.678	 -0.99	 0.377318	 0.670721	 -0.970963	 0.373586	 0.663936	 -0.951756	 0.369844	 0.657262	 -0.932511	 0.36615	 0.650117	 -0.913428	 0.362474	 0.642757	 -0.894422	 2.18192	 2.18182	 2.18188	 2.18162	 2.18182	 
22.73	 0.381	 0.678	 -0.99	 0.377517	 0.670766	 -0.9709	 0.373714	 0.66394	 -0.951711	 0.369842	 0.657207	 -0.932503	 0.366272	 0.650085	 -0.913379	 0.362837	 0.642782	 -0.894296	 2.18325	 2.18313	 2.18319	 2.18294	 2.18315	 
22.74	 0.381	 0.678	 -0.99	 0.377658	 0.670883	 -0.97083	 0.373831	 0.663962	 -0.951679	 0.369897	 0.657089	 -0.932532	 0.366427	 0.65003	 -0.913365	 0.363167	 0.642881	 -0.894193	 2.18339	 2.18326	 2.18332	 2.18308	 2.18328	 
22.75	 0.381	 0.678	 -0.99	 0.377721	 0.671041	 -0.970768	 0.373937	 0.664002	 -0.95166	 0.370038	 0.656949	 -0.932579	 0.366619	 0.649971	 -0.91338	 0.363423	 0.643023	 -0.894132	 2.18235	 2.18221	 2.18226	 2.18202	 2.18222	 
22.76	 0.381	 0.678	 -0.99	 0.377695	 0.67119	 -0.970736	 0.374023	 0.664047	 -0.95166	 0.370266	 0.656832	 -0.932628	 0.366853	 0.64993	 -0.913417	 0.363606	 0.64317	 -0.894126	 2.18007	 2.17993	 2.17998	 2.17973	 2.17992	 
22.77	 0.381	 0.678	 -0.99	 0.377598	 0.671282	 -0.970745	 0.374088	 0.664083	 -0.951686	 0.370554	 0.656776	 -0.932671	 0.367122	 0.649924	 -0.913471	 0.363742	 0.643281	 -0.894188	 2.1765	 2.17636	 2.17641	 2.17615	 2.17635	 
22.78	 0.381	 0.678	 -0.99	 0.377481	 0.671289	 -0.970798	 0.374151	 0.664102	 -0.951737	 0.370863	 0.656807	 -0.932708	 0.3674	 0.649962	 -0.913546	 0.36386	 0.643328	 -0.894322	 2.17163	 2.1715	 2.17155	 2.17128	 2.17147	 
22.79	 0.381	 0.678	 -0.99	 0.3774	 0.671211	 -0.970884	 0.374225	 0.664105	 -0.951809	 0.371145	 0.656926	 -0.932745	 0.367664	 0.650046	 -0.913642	 0.364	 0.643308	 -0.894521	 2.1655	 2.16539	 2.16545	 2.16516	 2.16535	 
22.8	 0.381	 0.678	 -0.99	 0.377396	 0.671074	 -0.970985	 0.374315	 0.6641	 -0.951898	 0.371351	 0.657111	 -0.932796	 0.367891	 0.650167	 -0.913764	 0.364202	 0.64325	 -0.894763	 2.15827	 2.15816	 2.15823	 2.15794	 2.15812	 
22.81	 0.381	 0.678	 -0.99	 0.37749	 0.670928	 -0.97108	 0.374425	 0.664096	 -0.951996	 0.371459	 0.657316	 -0.932877	 0.36807	 0.650307	 -0.913914	 0.364485	 0.643197	 -0.895023	 2.15009	 2.14999	 2.15007	 2.14978	 2.14996	 
22.82	 0.381	 0.678	 -0.99	 0.377671	 0.67083	 -0.971148	 0.37455	 0.664107	 -0.952098	 0.371479	 0.657484	 -0.933004	 0.368208	 0.650435	 -0.914099	 0.364841	 0.643192	 -0.895283	 2.14109	 2.14099	 2.14107	 2.1408	 2.14098	 
22.83	 0.381	 0.678	 -0.99	 0.377895	 0.670822	 -0.971183	 0.374684	 0.66414	 -0.952202	 0.371454	 0.657572	 -0.933185	 0.368324	 0.65053	 -0.914323	 0.365235	 0.643269	 -0.895536	 2.13129	 2.13118	 2.13127	 2.13099	 2.13119	 
22.84	 0.381	 0.678	 -0.99	 0.378102	 0.670919	 -0.971189	 0.374818	 0.664201	 -0.95231	 0.371448	 0.657566	 -0.933416	 0.368446	 0.650587	 -0.914586	 0.365611	 0.643445	 -0.895789	 2.12058	 2.12046	 2.12053	 2.12026	 2.12046	 
22.85	 0.381	 0.678	 -0.99	 0.37823	 0.671101	 -0.971186	 0.374934	 0.664287	 -0.952428	 0.371519	 0.657494	 -0.933682	 0.368601	 0.65062	 -0.914884	 0.365914	 0.643703	 -0.896066	 2.10874	 2.10859	 2.10866	 2.10838	 2.10857	 
22.86	 0.381	 0.678	 -0.99	 0.378237	 0.67131	 -0.971203	 0.375019	 0.664386	 -0.952565	 0.371696	 0.657411	 -0.933964	 0.368805	 0.650655	 -0.915213	 0.366119	 0.643998	 -0.896394	 2.09553	 2.09538	 2.09543	 2.09514	 2.09533	 
22.87	 0.381	 0.678	 -0.99	 0.378135	 0.671469	 -0.971266	 0.375076	 0.664478	 -0.952731	 0.371973	 0.657384	 -0.934242	 0.369055	 0.650725	 -0.915564	 0.366228	 0.644267	 -0.8968	 2.08081	 2.08066	 2.08071	 2.08041	 2.0806	 
22.88	 0.381	 0.678	 -0.99	 0.377984	 0.671521	 -0.971386	 0.375125	 0.66455	 -0.952926	 0.3723	 0.657466	 -0.934504	 0.369325	 0.650848	 -0.915935	 0.366285	 0.644449	 -0.897299	 2.06459	 2.06444	 2.0645	 2.06418	 2.06437	 
22.89	 0.381	 0.678	 -0.99	 0.37787	 0.671449	 -0.971554	 0.375182	 0.664597	 -0.953149	 0.372592	 0.657673	 -0.934756	 0.369576	 0.651032	 -0.916327	 0.366366	 0.644529	 -0.897879	 2.047	 2.04686	 2.04693	 2.04661	 2.04679	 
22.9	 0.381	 0.678	 -0.99	 0.377867	 0.671293	 -0.971744	 0.375259	 0.664625	 -0.953392	 0.372769	 0.657964	 -0.935021	 0.369775	 0.651262	 -0.916742	 0.366545	 0.644547	 -0.898507	 2.02826	 2.02814	 2.02822	 2.0279	 2.02808	 
22.91	 0.381	 0.678	 -0.99	 0.37801	 0.671144	 -0.971915	 0.375365	 0.664657	 -0.953642	 0.372798	 0.658254	 -0.935327	 0.369902	 0.651498	 -0.917192	 0.366846	 0.644581	 -0.899142	 2.00862	 2.0085	 2.00859	 2.00827	 2.00846	 
22.92	 0.381	 0.678	 -0.99	 0.378262	 0.671104	 -0.972035	 0.375494	 0.664718	 -0.953888	 0.372722	 0.658448	 -0.935701	 0.369972	 0.651695	 -0.917686	 0.367228	 0.644714	 -0.899757	 1.98822	 1.9881	 1.98819	 1.98788	 1.98807	 
22.93	 0.381	 0.678	 -0.99	 0.37851	 0.671227	 -0.972102	 0.375623	 0.664818	 -0.954131	 0.372645	 0.658495	 -0.936144	 0.370036	 0.651826	 -0.918227	 0.367601	 0.64499	 -0.900347	 1.96711	 1.96697	 1.96706	 1.96675	 1.96695	 
22.94	 0.381	 0.678	 -0.99	 0.378629	 0.671477	 -0.972148	 0.37572	 0.664951	 -0.954378	 0.372684	 0.658428	 -0.936627	 0.370153	 0.651906	 -0.9188	 0.367861	 0.64538	 -0.900939	 1.94522	 1.94507	 1.94515	 1.94483	 1.94503	 
22.95	 0.381	 0.678	 -0.99	 0.378557	 0.671734	 -0.972226	 0.37577	 0.665091	 -0.954642	 0.372899	 0.658364	 -0.937103	 0.370349	 0.651992	 -0.919384	 0.367955	 0.645788	 -0.901583	 1.9224	 1.92225	 1.92232	 1.922	 1.9222	 
22.96	 0.381	 0.678	 -0.99	 0.37835	 0.671859	 -0.97238	 0.375785	 0.665209	 -0.954934	 0.373234	 0.65844	 -0.937532	 0.370598	 0.652153	 -0.919964	 0.367929	 0.646098	 -0.902319	 1.89851	 1.89837	 1.89844	 1.89811	 1.8983	 
22.97	 0.381	 0.678	 -0.99	 0.378167	 0.671784	 -0.972612	 0.375798	 0.665285	 -0.955259	 0.373535	 0.658719	 -0.937916	 0.370831	 0.652419	 -0.92054	 0.367919	 0.646253	 -0.903149	 1.87348	 1.87334	 1.87342	 1.87307	 1.87327	 
22.98	 0.381	 0.678	 -0.99	 0.378174	 0.671585	 -0.972869	 0.375851	 0.665334	 -0.955603	 0.373647	 0.659121	 -0.938307	 0.37097	 0.652752	 -0.921137	 0.368062	 0.646313	 -0.90403	 1.84734	 1.8472	 1.84728	 1.84693	 1.84712	 
22.99	 0.381	 0.678	 -0.99	 0.37841	 0.671454	 -0.973074	 0.375956	 0.665399	 -0.955946	 0.37354	 0.65946	 -0.938773	 0.370997	 0.653058	 -0.921787	 0.368387	 0.646435	 -0.904896	 1.82026	 1.82011	 1.8202	 1.81985	 1.82006	 
23	 0.381	 0.678	 -0.99	 0.378718	 0.671558	 -0.973186	 0.37608	 0.66552	 -0.956276	 0.373361	 0.65958	 -0.939343	 0.370981	 0.653259	 -0.9225	 0.368761	 0.646752	 -0.905705	 1.79253	 1.79238	 1.79247	 1.79214	 1.79235	 
23.01	 0.381	 0.678	 -0.99	 0.378848	 0.671873	 -0.973249	 0.37616	 0.665692	 -0.956597	 0.373346	 0.659502	 -0.939969	 0.371037	 0.653363	 -0.923246	 0.368976	 0.647244	 -0.906482	 1.76451	 1.76437	 1.76448	 1.76415	 1.76436	 
23.02	 0.381	 0.678	 -0.99	 0.378683	 0.672166	 -0.973364	 0.376167	 0.665862	 -0.95693	 0.373602	 0.659447	 -0.940545	 0.371223	 0.653474	 -0.923969	 0.36894	 0.647717	 -0.907302	 1.73655	 1.73642	 1.73655	 1.73622	 1.73643	 
23.03	 0.381	 0.678	 -0.99	 0.378395	 0.672189	 -0.973593	 0.37614	 0.665967	 -0.957286	 0.373967	 0.659645	 -0.941006	 0.371461	 0.653708	 -0.924631	 0.368796	 0.647963	 -0.908212	 1.70888	 1.70875	 1.70888	 1.70856	 1.70878	 
23.04	 0.381	 0.678	 -0.99	 0.378317	 0.671954	 -0.973885	 0.376159	 0.666007	 -0.957656	 0.374126	 0.660082	 -0.941401	 0.371596	 0.654059	 -0.925255	 0.36882	 0.647994	 -0.909163	 1.68155	 1.68143	 1.68157	 1.68125	 1.68148	 
23.05	 0.381	 0.678	 -0.99	 0.378581	 0.671777	 -0.974103	 0.376256	 0.666057	 -0.958006	 0.373954	 0.660458	 -0.941862	 0.371563	 0.654382	 -0.925906	 0.369122	 0.648074	 -0.910046	 1.65453	 1.65441	 1.65454	 1.65423	 1.65446	 
23.06	 0.381	 0.678	 -0.99	 0.378914	 0.671946	 -0.974181	 0.376366	 0.666188	 -0.958321	 0.373707	 0.660505	 -0.942451	 0.371483	 0.654542	 -0.926619	 0.369471	 0.648439	 -0.910811	 1.62769	 1.62755	 1.62768	 1.62736	 1.6276	 
23.07	 0.381	 0.678	 -0.99	 0.378909	 0.672337	 -0.974227	 0.37639	 0.666375	 -0.958628	 0.373767	 0.660346	 -0.943071	 0.371546	 0.654597	 -0.927349	 0.369528	 0.648986	 -0.911549	 1.60088	 1.60075	 1.60088	 1.60055	 1.60078	 
23.08	 0.381	 0.678	 -0.99	 0.378568	 0.672503	 -0.974406	 0.376327	 0.666512	 -0.958966	 0.374132	 0.660402	 -0.943567	 0.371757	 0.654756	 -0.928019	 0.369299	 0.649345	 -0.9124	 1.57405	 1.57392	 1.57406	 1.57372	 1.57395	 
23.09	 0.381	 0.678	 -0.99	 0.378375	 0.672268	 -0.974713	 0.376295	 0.666552	 -0.959337	 0.374349	 0.660839	 -0.943942	 0.371894	 0.655107	 -0.928629	 0.369184	 0.649373	 -0.913358	 1.54723	 1.54709	 1.54722	 1.54689	 1.54712	 
23.1	 0.381	 0.678	 -0.99	 0.378647	 0.672042	 -0.974946	 0.376375	 0.666592	 -0.95969	 0.374126	 0.661265	 -0.944386	 0.371806	 0.655458	 -0.92927	 0.369445	 0.649414	 -0.914253	 1.52045	 1.52031	 1.52044	 1.52011	 1.52036	 
23.11	 0.381	 0.678	 -0.99	 0.378994	 0.672273	 -0.974996	 0.376472	 0.666741	 -0.959997	 0.373829	 0.66126	 -0.944999	 0.371671	 0.655595	 -0.929995	 0.369756	 0.649833	 -0.914993	 1.49383	 1.49369	 1.49384	 1.4935	 1.49374	 
23.12	 0.381	 0.678	 -0.99	 0.37885	 0.672692	 -0.975047	 0.376448	 0.666939	 -0.9603	 0.373983	 0.661079	 -0.945604	 0.371756	 0.655637	 -0.930713	 0.369654	 0.650406	 -0.915727	 1.46751	 1.46739	 1.46754	 1.46721	 1.46745	 
23.13	 0.381	 0.678	 -0.99	 0.378448	 0.672671	 -0.975301	 0.376351	 0.667031	 -0.960648	 0.374367	 0.661313	 -0.946007	 0.371957	 0.655887	 -0.931322	 0.369335	 0.650615	 -0.916615	 1.44166	 1.44153	 1.44169	 1.44137	 1.44162	 
23.14	 0.381	 0.678	 -0.99	 0.378514	 0.672324	 -0.975601	 0.376364	 0.667041	 -0.961001	 0.374301	 0.661853	 -0.946352	 0.371928	 0.656295	 -0.93189	 0.369394	 0.650554	 -0.917525	 1.41643	 1.41628	 1.41643	 1.41613	 1.4164	 
23.15	 0.381	 0.678	 -0.99	 0.378946	 0.672402	 -0.975677	 0.376469	 0.667151	 -0.961291	 0.373892	 0.661989	 -0.946889	 0.371716	 0.656498	 -0.932545	 0.369742	 0.650838	 -0.918235	 1.39188	 1.39176	 1.39193	 1.39162	 1.39188	 
23.16	 0.381	 0.678	 -0.99	 0.378897	 0.672873	 -0.975676	 0.376458	 0.667356	 -0.961553	 0.373935	 0.661743	 -0.947481	 0.371727	 0.656496	 -0.933219	 0.369685	 0.651433	 -0.918863	 1.36813	 1.36803	 1.3682	 1.36788	 1.36813	 
23.17	 0.381	 0.678	 -0.99	 0.378448	 0.672881	 -0.975909	 0.376344	 0.66744	 -0.961866	 0.374348	 0.661919	 -0.947837	 0.371929	 0.656697	 -0.933763	 0.369297	 0.651633	 -0.919667	 1.34519	 1.34507	 1.34524	 1.34493	 1.3452	 
23.18	 0.381	 0.678	 -0.99	 0.378545	 0.672492	 -0.976198	 0.376356	 0.667421	 -0.962187	 0.374235	 0.662458	 -0.948126	 0.371861	 0.657083	 -0.934259	 0.369355	 0.651502	 -0.920496	 1.32303	 1.32289	 1.32306	 1.32277	 1.32305	 
23.19	 0.381	 0.678	 -0.99	 0.37898	 0.672659	 -0.976215	 0.376451	 0.667536	 -0.962432	 0.373796	 0.66247	 -0.948651	 0.371617	 0.6572	 -0.934864	 0.369681	 0.651821	 -0.921082	 1.30163	 1.30151	 1.30168	 1.30137	 1.30164	 
23.2	 0.381	 0.678	 -0.99	 0.378743	 0.673114	 -0.976229	 0.376378	 0.667725	 -0.962666	 0.373983	 0.662212	 -0.949157	 0.371687	 0.657168	 -0.93545	 0.369449	 0.652366	 -0.921647	 1.28106	 1.28096	 1.28114	 1.28082	 1.28108	 
23.21	 0.381	 0.678	 -0.99	 0.378359	 0.672882	 -0.976522	 0.376263	 0.667739	 -0.96296	 0.374302	 0.662587	 -0.949379	 0.371829	 0.657456	 -0.935876	 0.369093	 0.652342	 -0.922416	 1.26145	 1.26132	 1.26149	 1.2612	 1.26149	 
23.22	 0.381	 0.678	 -0.99	 0.378737	 0.672613	 -0.976691	 0.376333	 0.667734	 -0.963214	 0.373896	 0.662983	 -0.949695	 0.371593	 0.657755	 -0.936332	 0.369354	 0.652281	 -0.923054	 1.24293	 1.2428	 1.24298	 1.24269	 1.24299	 
23.23	 0.381	 0.678	 -0.99	 0.378907	 0.673075	 -0.976608	 0.37635	 0.667908	 -0.96339	 0.373677	 0.662685	 -0.950216	 0.371441	 0.657687	 -0.936876	 0.369434	 0.652804	 -0.923456	 1.22565	 1.22556	 1.22576	 1.22546	 1.22574	 
23.24	 0.381	 0.678	 -0.99	 0.37839	 0.673177	 -0.976774	 0.376195	 0.667993	 -0.963612	 0.374103	 0.662716	 -0.950467	 0.371623	 0.657776	 -0.937261	 0.368946	 0.653016	 -0.924026	 1.20985	 1.20975	 1.20994	 1.20966	 1.20996	 
23.25	 0.381	 0.678	 -0.99	 0.378503	 0.67273	 -0.977027	 0.376196	 0.66793	 -0.963839	 0.373938	 0.663248	 -0.950599	 0.371499	 0.658123	 -0.937558	 0.368963	 0.65277	 -0.924625	 1.1956	 1.19548	 1.19568	 1.19543	 1.19574	 
23.26	 0.381	 0.678	 -0.99	 0.378905	 0.673008	 -0.976937	 0.376266	 0.668042	 -0.963964	 0.373487	 0.663086	 -0.951015	 0.371214	 0.658105	 -0.937978	 0.369205	 0.653108	 -0.924903	 1.18295	 1.18285	 1.18306	 1.18279	 1.18308	 
23.27	 0.381	 0.678	 -0.99	 0.378447	 0.673325	 -0.97698	 0.37611	 0.668164	 -0.964104	 0.373824	 0.662881	 -0.951267	 0.371333	 0.658052	 -0.938292	 0.36874	 0.653462	 -0.925248	 1.17192	 1.17183	 1.17205	 1.17178	 1.17208	 
23.28	 0.381	 0.678	 -0.99	 0.378335	 0.672864	 -0.977245	 0.376035	 0.668086	 -0.964283	 0.373829	 0.663396	 -0.951271	 0.371282	 0.658369	 -0.93845	 0.368555	 0.653172	 -0.925732	 1.1625	 1.16238	 1.16257	 1.16233	 1.16265	 
23.29	 0.381	 0.678	 -0.99	 0.378815	 0.672979	 -0.977166	 0.376113	 0.668142	 -0.96436	 0.373282	 0.663355	 -0.951562	 0.370935	 0.658393	 -0.938735	 0.368839	 0.653337	 -0.925899	 1.15452	 1.15443	 1.15464	 1.15437	 1.15468	 
23.3	 0.381	 0.678	 -0.99	 0.378446	 0.673391	 -0.977126	 0.375976	 0.668269	 -0.964432	 0.373524	 0.663019	 -0.951786	 0.370993	 0.658247	 -0.938968	 0.368428	 0.653728	 -0.926064	 1.14795	 1.14786	 1.14807	 1.1478	 1.1481	 
23.31	 0.381	 0.678	 -0.99	 0.378214	 0.672955	 -0.977378	 0.375866	 0.668178	 -0.964565	 0.373631	 0.663467	 -0.951706	 0.370986	 0.658504	 -0.939023	 0.368126	 0.653414	 -0.926434	 1.14268	 1.14256	 1.14275	 1.1425	 1.14282	 
23.32	 0.381	 0.678	 -0.99	 0.378711	 0.672963	 -0.977304	 0.375943	 0.668192	 -0.964602	 0.373057	 0.663491	 -0.951899	 0.370617	 0.658539	 -0.9392	 0.368408	 0.653453	 -0.926508	 1.1386	 1.1385	 1.13871	 1.13845	 1.13875	 
23.33	 0.381	 0.678	 -0.99	 0.378406	 0.673413	 -0.977213	 0.375817	 0.668315	 -0.964621	 0.373225	 0.663088	 -0.95208	 0.370627	 0.658338	 -0.939355	 0.368031	 0.653839	 -0.926536	 1.13582	 1.13573	 1.13593	 1.13567	 1.13598	 
23.34	 0.381	 0.678	 -0.99	 0.378103	 0.673003	 -0.977443	 0.375677	 0.668216	 -0.964707	 0.373372	 0.66348	 -0.951928	 0.370627	 0.658546	 -0.939313	 0.36765	 0.653516	 -0.926787	 1.13448	 1.13437	 1.13457	 1.13434	 1.13466	 
23.35	 0.381	 0.678	 -0.99	 0.378589	 0.672943	 -0.977363	 0.375735	 0.6682	 -0.964697	 0.372772	 0.663537	 -0.952025	 0.370226	 0.65858	 -0.939375	 0.367897	 0.653468	 -0.926743	 1.13476	 1.13467	 1.13489	 1.13466	 1.13498	 
23.36	 0.381	 0.678	 -0.99	 0.378331	 0.673407	 -0.977223	 0.375608	 0.668311	 -0.96465	 0.37287	 0.66309	 -0.95213	 0.370182	 0.658336	 -0.939417	 0.367525	 0.653826	 -0.926606	 1.13689	 1.13683	 1.13705	 1.13681	 1.13713	 
23.37	 0.381	 0.678	 -0.99	 0.37798	 0.673026	 -0.977416	 0.375453	 0.668201	 -0.964667	 0.37305	 0.663411	 -0.951879	 0.370184	 0.65848	 -0.939243	 0.367075	 0.65348	 -0.926689	 1.14099	 1.14089	 1.14111	 1.14091	 1.14125	 
23.38	 0.381	 0.678	 -0.99	 0.378448	 0.672887	 -0.977325	 0.3755	 0.668139	 -0.964595	 0.372454	 0.663486	 -0.951851	 0.369776	 0.65849	 -0.939156	 0.367288	 0.653314	 -0.926492	 1.14694	 1.14686	 1.14708	 1.14688	 1.1472	 
23.39	 0.381	 0.678	 -0.99	 0.378265	 0.673351	 -0.977131	 0.375385	 0.668227	 -0.964476	 0.372465	 0.662985	 -0.951877	 0.36968	 0.658186	 -0.939075	 0.36697	 0.653617	 -0.92617	 1.15457	 1.1545	 1.15472	 1.1545	 1.15481	 
23.4	 0.381	 0.678	 -0.99	 0.377843	 0.673038	 -0.977281	 0.375206	 0.668114	 -0.96443	 0.3727	 0.663197	 -0.951549	 0.369707	 0.658242	 -0.938788	 0.36646	 0.653274	 -0.926092	 1.1636	 1.1635	 1.1637	 1.1635	 1.16382	 
23.41	 0.381	 0.678	 -0.99	 0.378259	 0.672781	 -0.977214	 0.375236	 0.668006	 -0.964319	 0.372146	 0.663344	 -0.951397	 0.36932	 0.658265	 -0.938574	 0.366627	 0.652969	 -0.925808	 1.17372	 1.17363	 1.17382	 1.17361	 1.17392	 
23.42	 0.381	 0.678	 -0.99	 0.378227	 0.673231	 -0.976967	 0.375153	 0.668076	 -0.964151	 0.372004	 0.662826	 -0.951391	 0.369136	 0.657937	 -0.938424	 0.36642	 0.653234	 -0.925354	 1.18475	 1.18468	 1.18487	 1.18464	 1.18494	 
23.43	 0.381	 0.678	 -0.99	 0.377721	 0.67308	 -0.977056	 0.374948	 0.667998	 -0.964057	 0.372302	 0.662872	 -0.951047	 0.369182	 0.657897	 -0.938085	 0.365819	 0.653005	 -0.925151	 1.1967	 1.1966	 1.19677	 1.19656	 1.19688	 
23.44	 0.381	 0.678	 -0.99	 0.377992	 0.672676	 -0.977057	 0.374935	 0.66785	 -0.963931	 0.371869	 0.663149	 -0.950761	 0.368847	 0.657979	 -0.937759	 0.365844	 0.652567	 -0.924849	 1.20957	 1.20948	 1.20966	 1.20946	 1.20977	 
23.45	 0.381	 0.678	 -0.99	 0.37819	 0.673022	 -0.976775	 0.374903	 0.667886	 -0.963723	 0.371495	 0.662713	 -0.950714	 0.368532	 0.657688	 -0.937542	 0.365802	 0.652735	 -0.924289	 1.22354	 1.22347	 1.22366	 1.22344	 1.22375	 
23.46	 0.381	 0.678	 -0.99	 0.37768	 0.673136	 -0.976742	 0.374688	 0.667863	 -0.963563	 0.371776	 0.662486	 -0.950406	 0.368556	 0.657493	 -0.937172	 0.365182	 0.6527	 -0.9239	 1.23875	 1.23868	 1.23887	 1.23867	 1.23898	 
23.47	 0.381	 0.678	 -0.99	 0.377641	 0.672656	 -0.976817	 0.374588	 0.667685	 -0.963416	 0.371614	 0.662806	 -0.949963	 0.368355	 0.657574	 -0.936711	 0.364946	 0.652166	 -0.923565	 1.25527	 1.25518	 1.25537	 1.2552	 1.25552	 
23.48	 0.381	 0.678	 -0.99	 0.378035	 0.672696	 -0.976579	 0.3746	 0.667628	 -0.963178	 0.371049	 0.662621	 -0.949784	 0.367941	 0.65739	 -0.936366	 0.365058	 0.652043	 -0.922942	 1.27307	 1.27301	 1.27321	 1.27302	 1.27333	 
23.49	 0.381	 0.678	 -0.99	 0.377785	 0.673057	 -0.976362	 0.374451	 0.667644	 -0.962932	 0.371087	 0.662117	 -0.949555	 0.367833	 0.657028	 -0.93598	 0.364641	 0.652164	 -0.922306	 1.29216	 1.29209	 1.29228	 1.2921	 1.2924	 
23.5	 0.381	 0.678	 -0.99	 0.377375	 0.672793	 -0.976417	 0.374259	 0.667501	 -0.962741	 0.371271	 0.662186	 -0.949044	 0.367805	 0.65695	 -0.935431	 0.364095	 0.65176	 -0.921862	 1.31244	 1.31236	 1.31255	 1.31238	 1.31269	 
23.51	 0.381	 0.678	 -0.99	 0.37762	 0.672418	 -0.976346	 0.37423	 0.667325	 -0.962506	 0.370841	 0.662354	 -0.948619	 0.367463	 0.656922	 -0.934905	 0.364085	 0.651256	 -0.921284	 1.33388	 1.3338	 1.33399	 1.33383	 1.33414	 
23.52	 0.381	 0.678	 -0.99	 0.377854	 0.672648	 -0.976036	 0.374202	 0.667296	 -0.962197	 0.370426	 0.661946	 -0.948389	 0.367125	 0.656595	 -0.934461	 0.364066	 0.65124	 -0.920478	 1.35644	 1.35639	 1.35657	 1.3564	 1.35671	 
23.53	 0.381	 0.678	 -0.99	 0.377485	 0.672877	 -0.975868	 0.374026	 0.667265	 -0.96191	 0.37058	 0.661533	 -0.947996	 0.367077	 0.656258	 -0.933918	 0.363553	 0.651217	 -0.919757	 1.38012	 1.38005	 1.38023	 1.38007	 1.38037	 
23.54	 0.381	 0.678	 -0.99	 0.37718	 0.672545	 -0.975894	 0.373863	 0.667094	 -0.96166	 0.370669	 0.661643	 -0.947397	 0.367002	 0.656185	 -0.933252	 0.363094	 0.650731	 -0.919168	 1.40475	 1.40468	 1.40485	 1.4047	 1.405	 
23.55	 0.381	 0.678	 -0.99	 0.377427	 0.672218	 -0.975775	 0.373833	 0.666922	 -0.961367	 0.370237	 0.661745	 -0.946915	 0.36666	 0.656111	 -0.932631	 0.363089	 0.650247	 -0.918437	 1.43011	 1.43004	 1.43021	 1.43005	 1.43035	 
23.56	 0.381	 0.678	 -0.99	 0.377651	 0.672402	 -0.975461	 0.373799	 0.666874	 -0.96102	 0.369826	 0.661367	 -0.946603	 0.366325	 0.655793	 -0.932092	 0.363063	 0.650181	 -0.917537	 1.45589	 1.45582	 1.45598	 1.4558	 1.45609	 
23.57	 0.381	 0.678	 -0.99	 0.377373	 0.672656	 -0.975246	 0.373646	 0.666846	 -0.960696	 0.369893	 0.660923	 -0.946196	 0.366232	 0.655436	 -0.931504	 0.362624	 0.650169	 -0.916717	 1.48175	 1.48167	 1.48181	 1.48163	 1.48191	 
23.58	 0.381	 0.678	 -0.99	 0.377004	 0.672463	 -0.975228	 0.373472	 0.666707	 -0.960421	 0.370053	 0.660895	 -0.945609	 0.366194	 0.655288	 -0.930828	 0.362117	 0.649787	 -0.916063	 1.50741	 1.50732	 1.50745	 1.50726	 1.50754	 
23.59	 0.381	 0.678	 -0.99	 0.377062	 0.672073	 -0.975179	 0.373405	 0.666518	 -0.960143	 0.369819	 0.661052	 -0.945058	 0.365965	 0.655233	 -0.930173	 0.361974	 0.649242	 -0.91539	 1.53276	 1.53268	 1.5328	 1.53262	 1.53289	 
23.6	 0.381	 0.678	 -0.99	 0.377365	 0.672007	 -0.974945	 0.373402	 0.666406	 -0.959822	 0.369361	 0.660902	 -0.944684	 0.365627	 0.655027	 -0.929608	 0.362044	 0.648967	 -0.914566	 1.55795	 1.55787	 1.558	 1.55781	 1.55809	 
23.61	 0.381	 0.678	 -0.99	 0.377397	 0.672265	 -0.974655	 0.373337	 0.666374	 -0.959485	 0.369165	 0.660447	 -0.944358	 0.365423	 0.654668	 -0.929064	 0.361897	 0.648959	 -0.91369	 1.58328	 1.5832	 1.58333	 1.58316	 1.58344	 
23.62	 0.381	 0.678	 -0.99	 0.377073	 0.672397	 -0.9745	 0.373188	 0.666311	 -0.959172	 0.369311	 0.66011	 -0.943888	 0.365393	 0.654363	 -0.928439	 0.36146	 0.648843	 -0.912909	 1.60912	 1.60905	 1.6092	 1.60904	 1.60932	 
23.63	 0.381	 0.678	 -0.99	 0.376786	 0.672167	 -0.974467	 0.37305	 0.66616	 -0.958879	 0.369428	 0.66011	 -0.943279	 0.365354	 0.654224	 -0.927729	 0.361059	 0.648424	 -0.912204	 1.6358	 1.63574	 1.63589	 1.63575	 1.63603	 
23.64	 0.381	 0.678	 -0.99	 0.37684	 0.671817	 -0.974387	 0.372996	 0.665979	 -0.958562	 0.369229	 0.660221	 -0.942688	 0.365163	 0.654139	 -0.927011	 0.360948	 0.647902	 -0.911433	 1.66339	 1.66334	 1.6635	 1.66336	 1.66364	 
23.65	 0.381	 0.678	 -0.99	 0.377104	 0.6717	 -0.97416	 0.372996	 0.665852	 -0.958201	 0.368839	 0.660112	 -0.942215	 0.364881	 0.653946	 -0.926338	 0.361018	 0.647569	 -0.910519	 1.6917	 1.69164	 1.6918	 1.69166	 1.69194	 
23.66	 0.381	 0.678	 -0.99	 0.377231	 0.671866	 -0.973859	 0.372965	 0.665793	 -0.957818	 0.368582	 0.659737	 -0.941803	 0.364667	 0.653622	 -0.92569	 0.360982	 0.647473	 -0.909533	 1.72026	 1.72019	 1.72032	 1.72017	 1.72045	 
23.67	 0.381	 0.678	 -0.99	 0.377065	 0.672064	 -0.973621	 0.372867	 0.665744	 -0.957454	 0.368607	 0.659334	 -0.941337	 0.364596	 0.653286	 -0.925019	 0.360712	 0.647413	 -0.908605	 1.74849	 1.7484	 1.74851	 1.74834	 1.74861	 
23.68	 0.381	 0.678	 -0.99	 0.37676	 0.672047	 -0.973507	 0.372741	 0.665647	 -0.957127	 0.368775	 0.659141	 -0.940776	 0.364602	 0.653058	 -0.924314	 0.360333	 0.647182	 -0.907801	 1.77584	 1.77574	 1.77583	 1.77565	 1.7759	 
23.69	 0.381	 0.678	 -0.99	 0.376579	 0.671801	 -0.973456	 0.372652	 0.6655	 -0.956827	 0.368842	 0.659174	 -0.94018	 0.364567	 0.652944	 -0.923611	 0.360067	 0.646767	 -0.90708	 1.802	 1.8019	 1.80198	 1.80178	 1.80202	 
23.7	 0.381	 0.678	 -0.99	 0.376646	 0.671512	 -0.973368	 0.372629	 0.665347	 -0.95653	 0.368692	 0.659257	 -0.939646	 0.364436	 0.65286	 -0.922955	 0.360024	 0.64632	 -0.906359	 1.82693	 1.82684	 1.82693	 1.82672	 1.82696	 
23.71	 0.381	 0.678	 -0.99	 0.376868	 0.671377	 -0.973191	 0.372647	 0.665232	 -0.956224	 0.368407	 0.6592	 -0.939221	 0.364252	 0.652714	 -0.922365	 0.360135	 0.64601	 -0.905584	 1.85087	 1.85078	 1.85087	 1.85067	 1.85092	 
23.72	 0.381	 0.678	 -0.99	 0.377047	 0.671452	 -0.972951	 0.372658	 0.665167	 -0.95591	 0.368171	 0.658947	 -0.93887	 0.364102	 0.652477	 -0.921819	 0.36023	 0.645885	 -0.904768	 1.87414	 1.87405	 1.87415	 1.87397	 1.87422	 
23.73	 0.381	 0.678	 -0.99	 0.377047	 0.671635	 -0.972717	 0.372635	 0.66513	 -0.955599	 0.36812	 0.658596	 -0.938518	 0.364047	 0.652194	 -0.921278	 0.360184	 0.64585	 -0.903966	 1.89706	 1.89697	 1.89707	 1.89691	 1.89716	 
23.74	 0.381	 0.678	 -0.99	 0.376875	 0.67176	 -0.972549	 0.372582	 0.665082	 -0.955303	 0.368251	 0.658303	 -0.938104	 0.364084	 0.651936	 -0.92071	 0.36	 0.645765	 -0.903225	 1.91979	 1.9197	 1.91981	 1.91965	 1.91989	 
23.75	 0.381	 0.678	 -0.99	 0.376646	 0.671722	 -0.972457	 0.372521	 0.664996	 -0.955026	 0.36845	 0.658165	 -0.937622	 0.364165	 0.651753	 -0.920111	 0.359785	 0.645545	 -0.902549	 1.94228	 1.94219	 1.9423	 1.94213	 1.94237	 
23.76	 0.381	 0.678	 -0.99	 0.376504	 0.671527	 -0.972405	 0.372486	 0.664873	 -0.954763	 0.368581	 0.658174	 -0.937111	 0.364226	 0.651644	 -0.919503	 0.359659	 0.6452	 -0.901915	 1.96432	 1.96424	 1.96434	 1.96416	 1.96439	 
23.77	 0.381	 0.678	 -0.99	 0.376526	 0.671278	 -0.972339	 0.372498	 0.664739	 -0.954503	 0.368574	 0.65824	 -0.936629	 0.364228	 0.651566	 -0.918919	 0.359681	 0.644815	 -0.901287	 1.98562	 1.98555	 1.98564	 1.98545	 1.98568	 
23.78	 0.381	 0.678	 -0.99	 0.376687	 0.671093	 -0.972223	 0.372545	 0.664625	 -0.954242	 0.368443	 0.658256	 -0.936216	 0.364179	 0.65147	 -0.918383	 0.359835	 0.64449	 -0.900642	 2.00593	 2.00585	 2.00593	 2.00573	 2.00596	 
23.79	 0.381	 0.678	 -0.99	 0.376894	 0.671043	 -0.972056	 0.372603	 0.664546	 -0.953983	 0.368274	 0.658154	 -0.935881	 0.364122	 0.651324	 -0.9179	 0.360047	 0.644287	 -0.899979	 2.02509	 2.025	 2.02508	 2.02487	 2.0251	 
23.8	 0.381	 0.678	 -0.99	 0.377051	 0.671121	 -0.971861	 0.372658	 0.664498	 -0.953729	 0.368167	 0.657937	 -0.935598	 0.364098	 0.651131	 -0.917459	 0.360224	 0.644208	 -0.899321	 2.04312	 2.04301	 2.04309	 2.04288	 2.04311	 
23.81	 0.381	 0.678	 -0.99	 0.377096	 0.671267	 -0.971675	 0.372698	 0.66447	 -0.953486	 0.368185	 0.657663	 -0.935328	 0.364137	 0.650918	 -0.91704	 0.360309	 0.644197	 -0.898695	 2.06016	 2.06005	 2.06012	 2.05992	 2.06015	 
23.82	 0.381	 0.678	 -0.99	 0.377015	 0.671399	 -0.971528	 0.372709	 0.664446	 -0.953259	 0.368327	 0.657416	 -0.935037	 0.364244	 0.65072	 -0.916622	 0.360308	 0.644175	 -0.89812	 2.07643	 2.07632	 2.07639	 2.0762	 2.07643	 
23.83	 0.381	 0.678	 -0.99	 0.376855	 0.671445	 -0.971435	 0.372701	 0.664406	 -0.95305	 0.368543	 0.657258	 -0.934709	 0.364398	 0.650567	 -0.916193	 0.360264	 0.644091	 -0.897598	 2.09213	 2.09202	 2.0921	 2.09191	 2.09214	 
23.84	 0.381	 0.678	 -0.99	 0.376702	 0.671379	 -0.971385	 0.3727	 0.664342	 -0.952857	 0.368768	 0.657211	 -0.934349	 0.36456	 0.650474	 -0.915756	 0.360226	 0.643923	 -0.897124	 2.10731	 2.10722	 2.10731	 2.10711	 2.10733	 
23.85	 0.381	 0.678	 -0.99	 0.376624	 0.671226	 -0.971353	 0.372728	 0.664264	 -0.95267	 0.368942	 0.657256	 -0.933981	 0.364701	 0.650426	 -0.915325	 0.360251	 0.643683	 -0.896684	 2.1219	 2.12181	 2.1219	 2.1217	 2.12191	 
23.86	 0.381	 0.678	 -0.99	 0.37665	 0.671037	 -0.971318	 0.372785	 0.664179	 -0.952492	 0.369028	 0.657342	 -0.933636	 0.364812	 0.650402	 -0.914917	 0.360382	 0.643422	 -0.89626	 2.13563	 2.13556	 2.13564	 2.13542	 2.13563	 
23.87	 0.381	 0.678	 -0.99	 0.376775	 0.670871	 -0.971262	 0.372866	 0.664101	 -0.952324	 0.36903	 0.657411	 -0.933342	 0.364895	 0.65038	 -0.914548	 0.360617	 0.643195	 -0.895844	 2.14819	 2.14811	 2.14819	 2.14795	 2.14815	 
23.88	 0.381	 0.678	 -0.99	 0.376963	 0.670781	 -0.971175	 0.372968	 0.664046	 -0.952164	 0.368984	 0.657419	 -0.933112	 0.364962	 0.650334	 -0.914235	 0.360917	 0.643038	 -0.895443	 2.15927	 2.15917	 2.15923	 2.15898	 2.15918	 
23.89	 0.381	 0.678	 -0.99	 0.377162	 0.670787	 -0.971064	 0.373078	 0.664017	 -0.952017	 0.36894	 0.657349	 -0.932946	 0.365035	 0.650257	 -0.91398	 0.361234	 0.64297	 -0.895066	 2.16865	 2.16854	 2.16859	 2.16834	 2.16854	 
23.9	 0.381	 0.678	 -0.99	 0.377315	 0.670873	 -0.970947	 0.373181	 0.664008	 -0.95189	 0.368947	 0.657207	 -0.932832	 0.365139	 0.650157	 -0.913777	 0.361526	 0.642987	 -0.894726	 2.17632	 2.17619	 2.17624	 2.17599	 2.1762	 
23.91	 0.381	 0.678	 -0.99	 0.377391	 0.671009	 -0.970839	 0.373272	 0.664017	 -0.951782	 0.369038	 0.657029	 -0.932748	 0.365288	 0.650044	 -0.913614	 0.361762	 0.643054	 -0.894438	 2.18239	 2.18225	 2.18229	 2.18206	 2.18226	 
23.92	 0.381	 0.678	 -0.99	 0.377377	 0.67115	 -0.970758	 0.373343	 0.664033	 -0.951695	 0.369218	 0.65686	 -0.932673	 0.365485	 0.649938	 -0.91348	 0.361936	 0.643128	 -0.89421	 2.18706	 2.18692	 2.18696	 2.18673	 2.18694	 
23.93	 0.381	 0.678	 -0.99	 0.377294	 0.671244	 -0.970715	 0.373403	 0.664042	 -0.95163	 0.369472	 0.656741	 -0.93259	 0.365721	 0.649863	 -0.91336	 0.362055	 0.643178	 -0.894043	 2.19055	 2.19042	 2.19047	 2.19024	 2.19045	 
23.94	 0.381	 0.678	 -0.99	 0.377186	 0.671263	 -0.970712	 0.373465	 0.664037	 -0.951584	 0.369763	 0.656702	 -0.932494	 0.36597	 0.649832	 -0.913251	 0.362143	 0.643176	 -0.893937	 2.19304	 2.19292	 2.19299	 2.19276	 2.19296	 
23.95	 0.381	 0.678	 -0.99	 0.377093	 0.671203	 -0.97074	 0.373531	 0.66402	 -0.951555	 0.37004	 0.656749	 -0.932389	 0.366218	 0.649844	 -0.913152	 0.362251	 0.643111	 -0.893883	 2.19464	 2.19454	 2.19461	 2.19437	 2.19456	 
23.96	 0.381	 0.678	 -0.99	 0.377053	 0.671079	 -0.970788	 0.373603	 0.663991	 -0.951541	 0.370263	 0.656863	 -0.932289	 0.366452	 0.649893	 -0.913069	 0.362425	 0.643001	 -0.893864	 2.19536	 2.19526	 2.19534	 2.19508	 2.19527	 
23.97	 0.381	 0.678	 -0.99	 0.3771	 0.670927	 -0.970835	 0.373699	 0.663958	 -0.951538	 0.370412	 0.657011	 -0.932214	 0.366653	 0.649964	 -0.913013	 0.362674	 0.642877	 -0.89387	 2.19509	 2.195	 2.19507	 2.19481	 2.19499	 
23.98	 0.381	 0.678	 -0.99	 0.377237	 0.670794	 -0.970867	 0.373822	 0.663934	 -0.951544	 0.370486	 0.657149	 -0.93218	 0.366818	 0.650037	 -0.912996	 0.362996	 0.642777	 -0.893897	 2.19368	 2.19359	 2.19366	 2.19339	 2.19357	 
23.99	 0.381	 0.678	 -0.99	 0.37743	 0.670723	 -0.970877	 0.373953	 0.663927	 -0.951561	 0.370502	 0.65724	 -0.932203	 0.366961	 0.650093	 -0.913028	 0.363376	 0.642738	 -0.893939	 2.19094	 2.19084	 2.1909	 2.19063	 2.19082	 
24	 0.381	 0.678	 -0.99	 0.377639	 0.670735	 -0.970865	 0.374089	 0.663943	 -0.951591	 0.3705	 0.657259	 -0.932286	 0.367097	 0.650125	 -0.913111	 0.363773	 0.642783	 -0.894	 2.18674	 2.18662	 2.18668	 2.1864	 2.18659	 
24.01	 0.381	 0.678	 -0.99	 0.377822	 0.670834	 -0.970837	 0.374223	 0.663984	 -0.951633	 0.370532	 0.657207	 -0.932421	 0.367244	 0.65013	 -0.913245	 0.364137	 0.642911	 -0.894091	 2.18105	 2.18091	 2.18096	 2.18068	 2.18088	 
24.02	 0.381	 0.678	 -0.99	 0.377932	 0.670994	 -0.97081	 0.374342	 0.664045	 -0.95169	 0.370634	 0.65711	 -0.932588	 0.367421	 0.650121	 -0.913418	 0.364438	 0.643104	 -0.89422	 2.17397	 2.17383	 2.17388	 2.1736	 2.1738	 
24.03	 0.381	 0.678	 -0.99	 0.377946	 0.671168	 -0.970803	 0.374437	 0.664112	 -0.951766	 0.370824	 0.657008	 -0.932766	 0.367639	 0.650119	 -0.913613	 0.364656	 0.643324	 -0.894393	 2.16576	 2.16562	 2.16567	 2.16541	 2.16561	 
24.04	 0.381	 0.678	 -0.99	 0.377871	 0.671306	 -0.97083	 0.374509	 0.664177	 -0.951858	 0.371092	 0.656953	 -0.932932	 0.367892	 0.650143	 -0.913817	 0.3648	 0.643522	 -0.894617	 2.1567	 2.15656	 2.15662	 2.15636	 2.15656	 
24.05	 0.381	 0.678	 -0.99	 0.377747	 0.671366	 -0.970898	 0.374568	 0.664231	 -0.951967	 0.371402	 0.656982	 -0.933076	 0.368166	 0.650208	 -0.914022	 0.364904	 0.643655	 -0.894895	 2.14698	 2.14685	 2.14693	 2.14666	 2.14686	 
24.06	 0.381	 0.678	 -0.99	 0.377635	 0.671325	 -0.971005	 0.374629	 0.66426	 -0.952092	 0.371702	 0.657107	 -0.933199	 0.368437	 0.650322	 -0.914228	 0.365018	 0.643712	 -0.895221	 2.13666	 2.13654	 2.13662	 2.13635	 2.13654	 
24.07	 0.381	 0.678	 -0.99	 0.377596	 0.671202	 -0.971134	 0.374709	 0.664273	 -0.952231	 0.371938	 0.657313	 -0.933321	 0.368677	 0.650477	 -0.914446	 0.365191	 0.643703	 -0.895587	 2.12558	 2.12548	 2.12556	 2.12528	 2.12546	 
24.08	 0.381	 0.678	 -0.99	 0.377666	 0.671052	 -0.971263	 0.374813	 0.664284	 -0.952381	 0.37207	 0.657553	 -0.93347	 0.36887	 0.650649	 -0.914695	 0.365456	 0.643672	 -0.895984	 2.11347	 2.11336	 2.11344	 2.11314	 2.11332	 
24.09	 0.381	 0.678	 -0.99	 0.377839	 0.670939	 -0.971371	 0.374937	 0.664304	 -0.952545	 0.372097	 0.657764	 -0.933676	 0.369014	 0.650817	 -0.914994	 0.365813	 0.643684	 -0.896401	 2.09996	 2.09984	 2.09991	 2.09959	 2.09977	 
24.1	 0.381	 0.678	 -0.99	 0.378077	 0.670923	 -0.971446	 0.375077	 0.66435	 -0.952721	 0.372063	 0.657892	 -0.933958	 0.369123	 0.650955	 -0.915357	 0.366213	 0.643795	 -0.896835	 2.08475	 2.08461	 2.08466	 2.08434	 2.08452	 
24.11	 0.381	 0.678	 -0.99	 0.378304	 0.671034	 -0.971491	 0.375216	 0.664433	 -0.952911	 0.372039	 0.657917	 -0.934315	 0.36923	 0.651055	 -0.915788	 0.36659	 0.644028	 -0.897296	 2.06769	 2.06753	 2.06758	 2.06725	 2.06743	 
24.12	 0.381	 0.678	 -0.99	 0.378431	 0.671246	 -0.971528	 0.375328	 0.664548	 -0.953119	 0.372099	 0.657865	 -0.934725	 0.369372	 0.651129	 -0.916272	 0.366881	 0.644363	 -0.897796	 2.04883	 2.04866	 2.04871	 2.04837	 2.04856	 
24.13	 0.381	 0.678	 -0.99	 0.378412	 0.671482	 -0.97159	 0.3754	 0.664676	 -0.95335	 0.372286	 0.657807	 -0.935151	 0.369572	 0.65121	 -0.91679	 0.367048	 0.644738	 -0.898356	 2.0284	 2.02824	 2.02829	 2.02796	 2.02815	 
24.14	 0.381	 0.678	 -0.99	 0.378269	 0.671645	 -0.971705	 0.375441	 0.664794	 -0.953607	 0.372585	 0.657831	 -0.935555	 0.369818	 0.651337	 -0.917317	 0.367099	 0.645064	 -0.898994	 2.00676	 2.00661	 2.00667	 2.00635	 2.00655	 
24.15	 0.381	 0.678	 -0.99	 0.378091	 0.671663	 -0.971885	 0.375471	 0.664884	 -0.953887	 0.372912	 0.658002	 -0.935919	 0.370075	 0.651537	 -0.91784	 0.367112	 0.645273	 -0.89971	 1.98429	 1.98415	 1.98423	 1.98391	 1.98411	 
24.16	 0.381	 0.678	 -0.99	 0.377997	 0.671538	 -0.972107	 0.375516	 0.664941	 -0.954185	 0.373153	 0.65831	 -0.936258	 0.370291	 0.651804	 -0.91836	 0.367194	 0.645364	 -0.900477	 1.96128	 1.96116	 1.96126	 1.96095	 1.96114	 
24.17	 0.381	 0.678	 -0.99	 0.378078	 0.67136	 -0.972325	 0.375599	 0.664984	 -0.954487	 0.373224	 0.658665	 -0.936614	 0.370425	 0.652096	 -0.918895	 0.367421	 0.645413	 -0.901251	 1.9379	 1.93779	 1.9379	 1.93759	 1.93778	 
24.18	 0.381	 0.678	 -0.99	 0.378322	 0.671272	 -0.972489	 0.37572	 0.665045	 -0.954783	 0.373137	 0.658935	 -0.937033	 0.37048	 0.652349	 -0.919467	 0.367782	 0.645537	 -0.901992	 1.91414	 1.91401	 1.91412	 1.91381	 1.91401	 
24.19	 0.381	 0.678	 -0.99	 0.378601	 0.671375	 -0.972582	 0.375848	 0.665153	 -0.955069	 0.373013	 0.659026	 -0.937534	 0.370512	 0.652517	 -0.920089	 0.368167	 0.645822	 -0.902692	 1.88981	 1.88967	 1.88976	 1.88945	 1.88966	 
24.2	 0.381	 0.678	 -0.99	 0.378739	 0.671648	 -0.972639	 0.37594	 0.665303	 -0.955355	 0.373015	 0.658962	 -0.93809	 0.3706	 0.652612	 -0.920752	 0.368429	 0.646254	 -0.903383	 1.8647	 1.86454	 1.86463	 1.8643	 1.86451	 
24.21	 0.381	 0.678	 -0.99	 0.378643	 0.671931	 -0.972734	 0.375975	 0.665459	 -0.955662	 0.373232	 0.658893	 -0.938637	 0.370786	 0.652708	 -0.921427	 0.368485	 0.646704	 -0.904132	 1.83863	 1.83848	 1.83857	 1.83822	 1.83842	 
24.22	 0.381	 0.678	 -0.99	 0.378398	 0.672035	 -0.972923	 0.375972	 0.665576	 -0.956001	 0.373586	 0.659001	 -0.939118	 0.371034	 0.652892	 -0.922088	 0.368407	 0.64701	 -0.904987	 1.81161	 1.81146	 1.81156	 1.8112	 1.81139	 
24.23	 0.381	 0.678	 -0.99	 0.37823	 0.671898	 -0.973195	 0.375983	 0.665641	 -0.95637	 0.37386	 0.659345	 -0.939542	 0.371242	 0.653194	 -0.922733	 0.368386	 0.64712	 -0.905933	 1.78379	 1.78365	 1.78375	 1.78339	 1.78359	 
24.24	 0.381	 0.678	 -0.99	 0.378331	 0.671675	 -0.973462	 0.376053	 0.665687	 -0.956743	 0.37387	 0.659775	 -0.939983	 0.371319	 0.653545	 -0.923394	 0.368584	 0.647164	 -0.90689	 1.75547	 1.75533	 1.75544	 1.7551	 1.75531	 
24.25	 0.381	 0.678	 -0.99	 0.378653	 0.671635	 -0.973632	 0.376173	 0.665775	 -0.957096	 0.373665	 0.660035	 -0.940522	 0.371282	 0.653817	 -0.924105	 0.368956	 0.647366	 -0.907768	 1.72699	 1.72685	 1.72696	 1.72664	 1.72686	 
24.26	 0.381	 0.678	 -0.99	 0.378902	 0.671896	 -0.9737	 0.376274	 0.665935	 -0.957424	 0.373521	 0.660012	 -0.941155	 0.371266	 0.653952	 -0.924862	 0.369254	 0.647821	 -0.908562	 1.69857	 1.69843	 1.69856	 1.69824	 1.69846	 
24.27	 0.381	 0.678	 -0.99	 0.378817	 0.672254	 -0.97378	 0.376293	 0.666121	 -0.957753	 0.373684	 0.659898	 -0.941773	 0.371394	 0.654038	 -0.925611	 0.369265	 0.648355	 -0.909362	 1.67033	 1.6702	 1.67034	 1.67001	 1.67023	 
24.28	 0.381	 0.678	 -0.99	 0.378497	 0.672359	 -0.973987	 0.37625	 0.666248	 -0.95811	 0.374059	 0.660024	 -0.942268	 0.371624	 0.65424	 -0.926297	 0.369074	 0.648676	 -0.910265	 1.64225	 1.64212	 1.64226	 1.64193	 1.64216	 
24.29	 0.381	 0.678	 -0.99	 0.37835	 0.672129	 -0.974292	 0.37624	 0.666295	 -0.958491	 0.374259	 0.660466	 -0.94267	 0.371767	 0.6546	 -0.926937	 0.369022	 0.648722	 -0.911249	 1.61423	 1.6141	 1.61423	 1.61391	 1.61414	 
24.3	 0.381	 0.678	 -0.99	 0.378606	 0.671922	 -0.97453	 0.376322	 0.666344	 -0.958857	 0.374068	 0.660886	 -0.943138	 0.37171	 0.654954	 -0.927608	 0.369297	 0.64879	 -0.912176	 1.58622	 1.58608	 1.5862	 1.58587	 1.58611	 
24.31	 0.381	 0.678	 -0.99	 0.378952	 0.672111	 -0.974606	 0.376424	 0.666488	 -0.959185	 0.373784	 0.660933	 -0.943758	 0.371598	 0.655125	 -0.928355	 0.369636	 0.649189	 -0.912969	 1.5582	 1.55806	 1.55819	 1.55786	 1.5581	 
24.32	 0.381	 0.678	 -0.99	 0.378897	 0.672528	 -0.974657	 0.37643	 0.66669	 -0.959505	 0.373874	 0.660766	 -0.9444	 0.371664	 0.655184	 -0.929114	 0.369632	 0.649773	 -0.91374	 1.53032	 1.53019	 1.53034	 1.53	 1.53023	 
24.33	 0.381	 0.678	 -0.99	 0.378515	 0.672625	 -0.974874	 0.376353	 0.666815	 -0.959861	 0.374269	 0.660898	 -0.944877	 0.371883	 0.655387	 -0.929786	 0.36935	 0.650086	 -0.914643	 1.50277	 1.50264	 1.50279	 1.50246	 1.5027	 
24.34	 0.381	 0.678	 -0.99	 0.378427	 0.672314	 -0.975196	 0.376342	 0.666837	 -0.960237	 0.37438	 0.661408	 -0.945244	 0.37196	 0.65578	 -0.930394	 0.369307	 0.650058	 -0.915618	 1.47576	 1.47562	 1.47577	 1.47546	 1.47571	 
24.35	 0.381	 0.678	 -0.99	 0.378815	 0.672202	 -0.975365	 0.376444	 0.666901	 -0.960572	 0.374032	 0.661722	 -0.945741	 0.371797	 0.656075	 -0.931056	 0.369647	 0.650191	 -0.91645	 1.44942	 1.44929	 1.44945	 1.44914	 1.4494	 
24.36	 0.381	 0.678	 -0.99	 0.37901	 0.672599	 -0.975367	 0.376496	 0.667087	 -0.960857	 0.373854	 0.661551	 -0.946378	 0.37171	 0.656119	 -0.931779	 0.369818	 0.650736	 -0.917126	 1.42384	 1.42373	 1.4239	 1.42358	 1.42383	 
24.37	 0.381	 0.678	 -0.99	 0.378638	 0.672878	 -0.975497	 0.376405	 0.667244	 -0.961165	 0.374203	 0.661486	 -0.946876	 0.371885	 0.656208	 -0.932424	 0.369513	 0.651176	 -0.917891	 1.399	 1.39889	 1.39906	 1.39874	 1.39899	 
24.38	 0.381	 0.678	 -0.99	 0.378407	 0.672583	 -0.975817	 0.376346	 0.667259	 -0.961513	 0.37442	 0.661958	 -0.94718	 0.371995	 0.656568	 -0.93296	 0.369317	 0.651138	 -0.918797	 1.37481	 1.37466	 1.37482	 1.37451	 1.37478	 
24.39	 0.381	 0.678	 -0.99	 0.378798	 0.672395	 -0.975993	 0.376442	 0.667297	 -0.96182	 0.37405	 0.662325	 -0.947607	 0.371802	 0.656878	 -0.933548	 0.369622	 0.651188	 -0.919573	 1.35109	 1.35095	 1.35111	 1.3508	 1.35106	 
24.4	 0.381	 0.678	 -0.99	 0.379	 0.672823	 -0.975965	 0.376489	 0.667485	 -0.962073	 0.373849	 0.662111	 -0.948218	 0.371684	 0.656887	 -0.934227	 0.369764	 0.651737	 -0.92017	 1.3278	 1.32768	 1.32784	 1.3275	 1.32776	 
24.41	 0.381	 0.678	 -0.99	 0.378553	 0.673047	 -0.976116	 0.376368	 0.667623	 -0.962365	 0.374243	 0.662083	 -0.94865	 0.371869	 0.656982	 -0.934809	 0.369374	 0.652111	 -0.920904	 1.305	 1.30488	 1.30505	 1.30472	 1.30499	 
24.42	 0.381	 0.678	 -0.99	 0.378449	 0.672653	 -0.97644	 0.376325	 0.667604	 -0.962694	 0.374308	 0.662628	 -0.948905	 0.37189	 0.65737	 -0.935288	 0.369262	 0.651973	 -0.921762	 1.28292	 1.28278	 1.28294	 1.28264	 1.28293	 
24.43	 0.381	 0.678	 -0.99	 0.378926	 0.672663	 -0.976506	 0.376429	 0.667679	 -0.962949	 0.373828	 0.662785	 -0.949377	 0.371622	 0.657558	 -0.935862	 0.369617	 0.652158	 -0.922382	 1.26182	 1.2617	 1.26188	 1.26157	 1.26185	 
24.44	 0.381	 0.678	 -0.99	 0.378808	 0.673165	 -0.976476	 0.376383	 0.667873	 -0.963164	 0.373897	 0.662469	 -0.949908	 0.371628	 0.65749	 -0.93645	 0.369476	 0.652731	 -0.922892	 1.24206	 1.24196	 1.24217	 1.24186	 1.24213	 
24.45	 0.381	 0.678	 -0.99	 0.378351	 0.673004	 -0.976746	 0.376243	 0.667897	 -0.963438	 0.37427	 0.662759	 -0.95012	 0.371792	 0.657724	 -0.936849	 0.369054	 0.652748	 -0.923605	 1.22394	 1.22382	 1.22403	 1.22376	 1.22405	 
24.46	 0.381	 0.678	 -0.99	 0.378696	 0.672677	 -0.976927	 0.376301	 0.66787	 -0.963672	 0.373887	 0.663193	 -0.950374	 0.371561	 0.658031	 -0.937241	 0.369276	 0.65262	 -0.9242	 1.20754	 1.20742	 1.20763	 1.20737	 1.20768	 
24.47	 0.381	 0.678	 -0.99	 0.378902	 0.673133	 -0.976821	 0.376331	 0.668036	 -0.963814	 0.373639	 0.662885	 -0.950851	 0.371388	 0.657948	 -0.937725	 0.369369	 0.653119	 -0.924518	 1.19279	 1.1927	 1.19292	 1.19263	 1.19292	 
24.48	 0.381	 0.678	 -0.99	 0.378373	 0.67323	 -0.976975	 0.37617	 0.668112	 -0.964003	 0.37407	 0.662906	 -0.951049	 0.371566	 0.658023	 -0.938042	 0.368857	 0.653313	 -0.92501	 1.17956	 1.17946	 1.17966	 1.17939	 1.1797	 
24.49	 0.381	 0.678	 -0.99	 0.378513	 0.672777	 -0.977208	 0.376164	 0.668044	 -0.964201	 0.373852	 0.663433	 -0.951143	 0.371406	 0.658362	 -0.938283	 0.368887	 0.653055	 -0.925531	 1.16765	 1.16752	 1.16771	 1.16746	 1.16777	 
24.5	 0.381	 0.678	 -0.99	 0.378873	 0.673111	 -0.977089	 0.376212	 0.668168	 -0.964299	 0.373415	 0.663215	 -0.95154	 0.37112	 0.65831	 -0.938665	 0.369087	 0.653428	 -0.925735	 1.15686	 1.15676	 1.15697	 1.15667	 1.15697	 
24.51	 0.381	 0.678	 -0.99	 0.378362	 0.673354	 -0.977162	 0.37604	 0.668268	 -0.96443	 0.373797	 0.663071	 -0.951729	 0.371259	 0.658283	 -0.938924	 0.368571	 0.653713	 -0.926068	 1.14725	 1.14714	 1.14734	 1.14706	 1.14736	 
24.52	 0.381	 0.678	 -0.99	 0.378375	 0.672868	 -0.977406	 0.375998	 0.668176	 -0.964594	 0.373687	 0.663595	 -0.951729	 0.371144	 0.658599	 -0.939065	 0.368476	 0.653392	 -0.92651	 1.13888	 1.13875	 1.13894	 1.13869	 1.13901	 
24.53	 0.381	 0.678	 -0.99	 0.378799	 0.673114	 -0.977278	 0.376059	 0.668259	 -0.96465	 0.373184	 0.663415	 -0.952046	 0.370814	 0.658542	 -0.939351	 0.368708	 0.653651	 -0.926614	 1.13188	 1.1318	 1.132	 1.13173	 1.13204	 
24.54	 0.381	 0.678	 -0.99	 0.378313	 0.673408	 -0.9773	 0.375891	 0.668352	 -0.964725	 0.373533	 0.663177	 -0.952184	 0.370927	 0.658437	 -0.939524	 0.368196	 0.653927	 -0.926803	 1.12649	 1.12641	 1.12662	 1.12636	 1.12667	 
24.55	 0.381	 0.678	 -0.99	 0.378277	 0.67291	 -0.977526	 0.375832	 0.668237	 -0.964834	 0.373459	 0.663668	 -0.952089	 0.370823	 0.658706	 -0.939546	 0.368047	 0.653543	 -0.927113	 1.12282	 1.12271	 1.12292	 1.12269	 1.12302	 
24.56	 0.381	 0.678	 -0.99	 0.378712	 0.67312	 -0.97737	 0.375887	 0.668292	 -0.964829	 0.372928	 0.66348	 -0.952312	 0.37047	 0.658616	 -0.939709	 0.368273	 0.653724	 -0.927066	 1.12087	 1.12079	 1.121	 1.12076	 1.12107	 
24.57	 0.381	 0.678	 -0.99	 0.378226	 0.673418	 -0.977357	 0.375705	 0.668368	 -0.964841	 0.373246	 0.663199	 -0.952359	 0.370554	 0.658465	 -0.939755	 0.367743	 0.653963	 -0.92709	 1.12067	 1.12059	 1.1208	 1.12057	 1.12088	 
24.58	 0.381	 0.678	 -0.99	 0.378172	 0.672914	 -0.977553	 0.375629	 0.668236	 -0.964887	 0.373162	 0.66366	 -0.952167	 0.370429	 0.6587	 -0.939649	 0.367553	 0.653543	 -0.92724	 1.12214	 1.12203	 1.12223	 1.12203	 1.12235	 
24.59	 0.381	 0.678	 -0.99	 0.378606	 0.673104	 -0.977365	 0.37568	 0.668273	 -0.964819	 0.372618	 0.663461	 -0.952295	 0.370052	 0.658588	 -0.939686	 0.367745	 0.65368	 -0.927038	 1.12512	 1.12505	 1.12526	 1.12502	 1.12533	 
24.6	 0.381	 0.678	 -0.99	 0.378131	 0.673405	 -0.977319	 0.375492	 0.668336	 -0.96477	 0.372908	 0.663148	 -0.952257	 0.370105	 0.658402	 -0.939619	 0.367193	 0.65389	 -0.926917	 1.12958	 1.1295	 1.1297	 1.12947	 1.12979	 
24.61	 0.381	 0.678	 -0.99	 0.378041	 0.672902	 -0.977492	 0.375394	 0.66819	 -0.964765	 0.372826	 0.663573	 -0.951986	 0.369967	 0.658595	 -0.939407	 0.366953	 0.653432	 -0.926937	 1.13539	 1.13528	 1.13548	 1.13527	 1.13559	 
24.62	 0.381	 0.678	 -0.99	 0.378476	 0.67304	 -0.977291	 0.375431	 0.668195	 -0.964653	 0.372255	 0.663382	 -0.952033	 0.369567	 0.65846	 -0.939344	 0.367134	 0.653478	 -0.926625	 1.14245	 1.14237	 1.14257	 1.14234	 1.14266	 
24.63	 0.381	 0.678	 -0.99	 0.378045	 0.673368	 -0.977201	 0.375249	 0.668244	 -0.964554	 0.372493	 0.662996	 -0.951948	 0.369587	 0.658206	 -0.939196	 0.366608	 0.653658	 -0.926371	 1.15083	 1.15075	 1.15095	 1.15072	 1.15103	 
24.64	 0.381	 0.678	 -0.99	 0.377871	 0.672885	 -0.977357	 0.375127	 0.66808	 -0.964505	 0.372484	 0.663353	 -0.951602	 0.369481	 0.658332	 -0.938891	 0.366289	 0.653165	 -0.926283	 1.16056	 1.16046	 1.16065	 1.16046	 1.16078	 
24.65	 0.381	 0.678	 -0.99	 0.378323	 0.672901	 -0.977167	 0.375166	 0.668036	 -0.964352	 0.37189	 0.663232	 -0.951543	 0.369064	 0.658209	 -0.938712	 0.366472	 0.653068	 -0.925877	 1.17169	 1.17162	 1.17182	 1.17162	 1.17193	 
24.66	 0.381	 0.678	 -0.99	 0.37801	 0.673292	 -0.976996	 0.375013	 0.668086	 -0.964186	 0.372011	 0.662755	 -0.951426	 0.369014	 0.657889	 -0.938483	 0.366024	 0.653266	 -0.925446	 1.18434	 1.18427	 1.18448	 1.18427	 1.18459	 
24.67	 0.381	 0.678	 -0.99	 0.37768	 0.672904	 -0.977121	 0.374847	 0.667938	 -0.964077	 0.372137	 0.663003	 -0.950994	 0.368969	 0.657942	 -0.938064	 0.365562	 0.652823	 -0.925215	 1.1985	 1.19842	 1.19862	 1.19844	 1.19876	 
24.68	 0.381	 0.678	 -0.99	 0.378095	 0.672711	 -0.976986	 0.374864	 0.667833	 -0.963889	 0.371553	 0.663058	 -0.950772	 0.368549	 0.657898	 -0.937729	 0.365701	 0.652536	 -0.92473	 1.21409	 1.21402	 1.21422	 1.21404	 1.21436	 
24.69	 0.381	 0.678	 -0.99	 0.378023	 0.673134	 -0.976717	 0.37476	 0.66788	 -0.963651	 0.371425	 0.66253	 -0.95064	 0.368358	 0.657543	 -0.937422	 0.365436	 0.652743	 -0.924101	 1.23101	 1.23095	 1.23115	 1.23095	 1.23126	 
24.7	 0.381	 0.678	 -0.99	 0.377531	 0.67299	 -0.976759	 0.37455	 0.667783	 -0.963477	 0.371691	 0.662525	 -0.950186	 0.368374	 0.657451	 -0.936931	 0.364824	 0.652476	 -0.923697	 1.24913	 1.24904	 1.24922	 1.24904	 1.24936	 
24.71	 0.381	 0.678	 -0.99	 0.37773	 0.672561	 -0.976739	 0.37451	 0.667608	 -0.963278	 0.371305	 0.662776	 -0.949767	 0.368053	 0.657489	 -0.936441	 0.364774	 0.651968	 -0.923215	 1.26824	 1.26816	 1.26834	 1.26816	 1.26847	 
24.72	 0.381	 0.678	 -0.99	 0.377998	 0.672799	 -0.976437	 0.374487	 0.667594	 -0.962999	 0.37085	 0.662392	 -0.949592	 0.367689	 0.657194	 -0.936065	 0.364775	 0.651994	 -0.922481	 1.28826	 1.28819	 1.28837	 1.28818	 1.28848	 
24.73	 0.381	 0.678	 -0.99	 0.377585	 0.673031	 -0.976297	 0.374294	 0.667577	 -0.96275	 0.371032	 0.662003	 -0.949244	 0.367652	 0.656884	 -0.935589	 0.364217	 0.652001	 -0.921859	 1.30916	 1.30908	 1.30926	 1.30907	 1.30937	 
24.74	 0.381	 0.678	 -0.99	 0.377332	 0.672634	 -0.976356	 0.37414	 0.667399	 -0.962543	 0.371066	 0.662194	 -0.94869	 0.367544	 0.656866	 -0.934993	 0.363793	 0.65148	 -0.921378	 1.33091	 1.33083	 1.331	 1.33083	 1.33113	 
24.75	 0.381	 0.678	 -0.99	 0.377673	 0.672396	 -0.976199	 0.374133	 0.667252	 -0.962273	 0.370543	 0.662223	 -0.948316	 0.367151	 0.656762	 -0.934475	 0.363856	 0.651079	 -0.920697	 1.35356	 1.35348	 1.35366	 1.35349	 1.35379	 
24.76	 0.381	 0.678	 -0.99	 0.377759	 0.672708	 -0.975886	 0.374065	 0.667237	 -0.961954	 0.370258	 0.661725	 -0.948067	 0.366876	 0.656381	 -0.934007	 0.363712	 0.651118	 -0.919863	 1.37714	 1.37708	 1.37725	 1.37708	 1.37738	 
24.77	 0.381	 0.678	 -0.99	 0.377323	 0.672813	 -0.975778	 0.373867	 0.66717	 -0.961675	 0.370464	 0.661416	 -0.947602	 0.366854	 0.656088	 -0.933416	 0.363143	 0.650979	 -0.919172	 1.40166	 1.40159	 1.40176	 1.4016	 1.4019	 
24.78	 0.381	 0.678	 -0.99	 0.377132	 0.672415	 -0.975796	 0.37373	 0.666978	 -0.961416	 0.370443	 0.661577	 -0.946996	 0.366722	 0.656033	 -0.932737	 0.362779	 0.650424	 -0.918561	 1.42698	 1.42691	 1.42707	 1.42692	 1.42722	 
24.79	 0.381	 0.678	 -0.99	 0.377434	 0.672175	 -0.975624	 0.373718	 0.666824	 -0.961103	 0.369968	 0.661589	 -0.946548	 0.366361	 0.655907	 -0.932125	 0.362822	 0.650001	 -0.917774	 1.4529	 1.45283	 1.45299	 1.45283	 1.45313	 
24.8	 0.381	 0.678	 -0.99	 0.377584	 0.672413	 -0.975304	 0.373674	 0.666786	 -0.960748	 0.369642	 0.661153	 -0.946227	 0.366075	 0.655555	 -0.931572	 0.362743	 0.649972	 -0.916855	 1.47917	 1.4791	 1.47925	 1.47907	 1.47936	 
24.81	 0.381	 0.678	 -0.99	 0.37726	 0.672611	 -0.975119	 0.373515	 0.666741	 -0.960424	 0.369766	 0.660753	 -0.945776	 0.366019	 0.655218	 -0.930952	 0.362279	 0.64991	 -0.916041	 1.50556	 1.50548	 1.50562	 1.50544	 1.50573	 
24.82	 0.381	 0.678	 -0.99	 0.376935	 0.672368	 -0.975104	 0.373355	 0.666587	 -0.960142	 0.369893	 0.660768	 -0.945166	 0.365971	 0.655088	 -0.930251	 0.361822	 0.649483	 -0.915367	 1.53192	 1.53184	 1.53197	 1.5318	 1.53208	 
24.83	 0.381	 0.678	 -0.99	 0.377034	 0.671998	 -0.97503	 0.3733	 0.666401	 -0.959846	 0.369624	 0.660901	 -0.944611	 0.365729	 0.655019	 -0.929575	 0.361722	 0.648949	 -0.914643	 1.55827	 1.5582	 1.55833	 1.55816	 1.55844	 
24.84	 0.381	 0.678	 -0.99	 0.377325	 0.671964	 -0.974777	 0.373294	 0.666296	 -0.959504	 0.369181	 0.660718	 -0.944218	 0.365401	 0.654792	 -0.928978	 0.361786	 0.648692	 -0.913765	 1.58477	 1.5847	 1.58483	 1.58466	 1.58494	 
24.85	 0.381	 0.678	 -0.99	 0.377337	 0.672217	 -0.974483	 0.373227	 0.66626	 -0.959146	 0.369008	 0.660263	 -0.943852	 0.36521	 0.654429	 -0.928388	 0.361624	 0.648672	 -0.912842	 1.61163	 1.61156	 1.6117	 1.61153	 1.61181	 
24.86	 0.381	 0.678	 -0.99	 0.377022	 0.672337	 -0.974319	 0.373085	 0.666192	 -0.958812	 0.369154	 0.659931	 -0.943347	 0.365183	 0.654122	 -0.927719	 0.361198	 0.648538	 -0.91201	 1.63902	 1.63895	 1.63909	 1.63894	 1.63921	 
24.87	 0.381	 0.678	 -0.99	 0.376742	 0.672117	 -0.974272	 0.372953	 0.66604	 -0.958499	 0.369275	 0.659914	 -0.942716	 0.365152	 0.653969	 -0.926976	 0.360812	 0.648119	 -0.911257	 1.66696	 1.66689	 1.66704	 1.66689	 1.66717	 
24.88	 0.381	 0.678	 -0.99	 0.376776	 0.671772	 -0.97419	 0.372899	 0.665856	 -0.958172	 0.369106	 0.660012	 -0.942107	 0.364984	 0.653873	 -0.926236	 0.360698	 0.647594	 -0.910461	 1.69529	 1.69523	 1.69538	 1.69523	 1.6955	 
24.89	 0.381	 0.678	 -0.99	 0.377025	 0.671626	 -0.973977	 0.372898	 0.66572	 -0.957813	 0.368739	 0.659926	 -0.941617	 0.364722	 0.653689	 -0.92555	 0.36077	 0.647236	 -0.909551	 1.72371	 1.72364	 1.72378	 1.72362	 1.72389	 
24.9	 0.381	 0.678	 -0.99	 0.377182	 0.671755	 -0.973685	 0.37288	 0.665652	 -0.957437	 0.368465	 0.659586	 -0.941206	 0.364509	 0.653386	 -0.924907	 0.360775	 0.647117	 -0.908581	 1.7518	 1.75172	 1.75183	 1.75167	 1.75193	 
24.91	 0.381	 0.678	 -0.99	 0.377074	 0.671961	 -0.973437	 0.372803	 0.665608	 -0.957078	 0.368452	 0.659184	 -0.940767	 0.364428	 0.653057	 -0.924261	 0.360567	 0.647071	 -0.907662	 1.7792	 1.77911	 1.77921	 1.77903	 1.77929	 
24.92	 0.381	 0.678	 -0.99	 0.376794	 0.672003	 -0.973299	 0.372693	 0.665531	 -0.956752	 0.368615	 0.658946	 -0.940242	 0.364441	 0.652811	 -0.923585	 0.360225	 0.646895	 -0.906858	 1.8057	 1.8056	 1.80569	 1.8055	 1.80575	 
24.93	 0.381	 0.678	 -0.99	 0.376574	 0.671816	 -0.973241	 0.372603	 0.665402	 -0.956454	 0.368738	 0.658932	 -0.939664	 0.364443	 0.652677	 -0.922898	 0.359945	 0.646531	 -0.906144	 1.83124	 1.83114	 1.83123	 1.83104	 1.83128	 
24.94	 0.381	 0.678	 -0.99	 0.376565	 0.671527	 -0.973173	 0.372565	 0.66525	 -0.956164	 0.36867	 0.659016	 -0.939115	 0.364365	 0.652593	 -0.922236	 0.359863	 0.646086	 -0.90544	 1.85592	 1.85584	 1.85593	 1.85574	 1.85597	 
24.95	 0.381	 0.678	 -0.99	 0.376744	 0.671328	 -0.97303	 0.372576	 0.66512	 -0.955865	 0.368435	 0.659018	 -0.938653	 0.364219	 0.652476	 -0.921624	 0.359959	 0.645724	 -0.904687	 1.87992	 1.87984	 1.87994	 1.87975	 1.87999	 
24.96	 0.381	 0.678	 -0.99	 0.376959	 0.671321	 -0.972811	 0.372605	 0.665035	 -0.955551	 0.368186	 0.658843	 -0.938273	 0.364072	 0.652277	 -0.921059	 0.360098	 0.645529	 -0.903881	 1.90335	 1.90327	 1.90337	 1.90319	 1.90344	 
24.97	 0.381	 0.678	 -0.99	 0.377057	 0.671465	 -0.972569	 0.372619	 0.664989	 -0.955235	 0.36807	 0.65853	 -0.937924	 0.363995	 0.652014	 -0.920517	 0.360146	 0.645466	 -0.903069	 1.92625	 1.92616	 1.92625	 1.92608	 1.92632	 
24.98	 0.381	 0.678	 -0.99	 0.376977	 0.671629	 -0.972367	 0.372598	 0.66495	 -0.954934	 0.368138	 0.658203	 -0.937548	 0.364017	 0.651745	 -0.919971	 0.360061	 0.645421	 -0.902305	 1.94853	 1.94843	 1.94852	 1.94835	 1.94859	 
24.99	 0.381	 0.678	 -0.99	 0.376778	 0.671684	 -0.97224	 0.372554	 0.664888	 -0.954658	 0.368329	 0.657981	 -0.93712	 0.364109	 0.651526	 -0.919411	 0.359895	 0.645287	 -0.901621	 1.97005	 1.96995	 1.97003	 1.96985	 1.97008	 
25	 0.381	 0.678	 -0.99	 0.376588	 0.671584	 -0.972174	 0.37252	 0.664792	 -0.954406	 0.368528	 0.657911	 -0.936655	 0.36421	 0.651384	 -0.918847	 0.359743	 0.645028	 -0.901013	 1.99064	 1.99054	 1.99062	 1.99043	 1.99066	 
25.01	 0.381	 0.678	 -0.99	 0.376509	 0.671372	 -0.972131	 0.372515	 0.664673	 -0.954171	 0.368632	 0.657955	 -0.936193	 0.364275	 0.651303	 -0.9183	 0.359698	 0.644688	 -0.900448	 2.01017	 2.01009	 2.01017	 2.00996	 2.01019	 
25.02	 0.381	 0.678	 -0.99	 0.376574	 0.671145	 -0.972067	 0.372544	 0.664555	 -0.953943	 0.368605	 0.658025	 -0.935776	 0.36429	 0.651243	 -0.91779	 0.359796	 0.644348	 -0.899889	 2.0286	 2.02852	 2.0286	 2.02838	 2.0286	 
25.03	 0.381	 0.678	 -0.99	 0.376752	 0.670999	 -0.971955	 0.372606	 0.664462	 -0.953714	 0.368485	 0.658031	 -0.935429	 0.364267	 0.651159	 -0.917329	 0.359999	 0.644083	 -0.899319	 2.04591	 2.04583	 2.04591	 2.04569	 2.04591	 
25.04	 0.381	 0.678	 -0.99	 0.37696	 0.670978	 -0.971798	 0.372683	 0.6644	 -0.953486	 0.368352	 0.657925	 -0.935149	 0.364243	 0.651028	 -0.916917	 0.360234	 0.643933	 -0.898737	 2.06218	 2.06208	 2.06216	 2.06195	 2.06217	 
25.05	 0.381	 0.678	 -0.99	 0.377104	 0.67107	 -0.971622	 0.372746	 0.664367	 -0.953265	 0.368284	 0.657718	 -0.934912	 0.364259	 0.650853	 -0.916539	 0.360437	 0.643884	 -0.898161	 2.07747	 2.07737	 2.07744	 2.07724	 2.07747	 
25.06	 0.381	 0.678	 -0.99	 0.377135	 0.671217	 -0.971458	 0.372786	 0.66435	 -0.953055	 0.36833	 0.657466	 -0.934684	 0.364339	 0.650661	 -0.916178	 0.360565	 0.643889	 -0.897613	 2.09192	 2.09182	 2.09188	 2.0917	 2.09193	 
25.07	 0.381	 0.678	 -0.99	 0.377062	 0.671343	 -0.97133	 0.372812	 0.664331	 -0.95286	 0.368494	 0.657241	 -0.934435	 0.364479	 0.650487	 -0.915818	 0.360607	 0.643887	 -0.897114	 2.10564	 2.10553	 2.1056	 2.10542	 2.10565	 
25.08	 0.381	 0.678	 -0.99	 0.376928	 0.671391	 -0.971249	 0.372835	 0.664298	 -0.95268	 0.368737	 0.657098	 -0.934154	 0.36466	 0.650355	 -0.915452	 0.360599	 0.643824	 -0.896671	 2.1187	 2.11859	 2.11868	 2.11849	 2.1187	 
25.09	 0.381	 0.678	 -0.99	 0.376793	 0.671337	 -0.971209	 0.372861	 0.664247	 -0.952515	 0.368989	 0.657058	 -0.933846	 0.364855	 0.650273	 -0.915084	 0.360605	 0.643679	 -0.896278	 2.13114	 2.13104	 2.13113	 2.13093	 2.13114	 
25.1	 0.381	 0.678	 -0.99	 0.376716	 0.671196	 -0.971192	 0.372901	 0.664176	 -0.952364	 0.369191	 0.657104	 -0.933533	 0.365035	 0.650237	 -0.914722	 0.360674	 0.643471	 -0.895918	 2.14292	 2.14283	 2.14292	 2.14271	 2.14291	 
25.11	 0.381	 0.678	 -0.99	 0.376736	 0.671016	 -0.971176	 0.372967	 0.664099	 -0.952221	 0.369309	 0.657197	 -0.933239	 0.365179	 0.650231	 -0.91438	 0.36083	 0.643241	 -0.895577	 2.1539	 2.15382	 2.1539	 2.15368	 2.15388	 
25.12	 0.381	 0.678	 -0.99	 0.376852	 0.670854	 -0.971138	 0.373057	 0.664035	 -0.952083	 0.369342	 0.657287	 -0.932987	 0.365289	 0.65023	 -0.914073	 0.361077	 0.643036	 -0.895244	 2.16387	 2.1638	 2.16387	 2.16364	 2.16384	 
25.13	 0.381	 0.678	 -0.99	 0.377032	 0.670759	 -0.971074	 0.373162	 0.66399	 -0.951954	 0.369318	 0.657327	 -0.932791	 0.36538	 0.650214	 -0.913812	 0.361395	 0.642896	 -0.894919	 2.17258	 2.17249	 2.17256	 2.17232	 2.17252	 
25.14	 0.381	 0.678	 -0.99	 0.377231	 0.67075	 -0.970985	 0.373276	 0.663968	 -0.951836	 0.369284	 0.657291	 -0.932658	 0.365471	 0.650169	 -0.913605	 0.361737	 0.642843	 -0.894613	 2.17978	 2.17967	 2.17973	 2.17948	 2.17968	 
25.15	 0.381	 0.678	 -0.99	 0.377399	 0.670826	 -0.970884	 0.373387	 0.663967	 -0.951735	 0.369288	 0.657181	 -0.932579	 0.365585	 0.650096	 -0.913452	 0.362059	 0.642869	 -0.894343	 2.1853	 2.18518	 2.18522	 2.18498	 2.18518	 
25.16	 0.381	 0.678	 -0.99	 0.377499	 0.670958	 -0.970789	 0.373489	 0.663982	 -0.951655	 0.369369	 0.657025	 -0.932537	 0.365737	 0.650004	 -0.913345	 0.362328	 0.64295	 -0.894124	 2.18914	 2.189	 2.18904	 2.1888	 2.189	 
25.17	 0.381	 0.678	 -0.99	 0.377517	 0.671104	 -0.970717	 0.373581	 0.664006	 -0.951596	 0.369542	 0.656864	 -0.932513	 0.365933	 0.649916	 -0.913275	 0.362525	 0.643052	 -0.893968	 2.19141	 2.19127	 2.19131	 2.19106	 2.19126	 
25.18	 0.381	 0.678	 -0.99	 0.377459	 0.671218	 -0.970681	 0.373657	 0.664026	 -0.951561	 0.369792	 0.656744	 -0.932489	 0.366169	 0.649852	 -0.913226	 0.362666	 0.643137	 -0.893878	 2.19232	 2.19218	 2.19223	 2.19198	 2.19218	 
25.19	 0.381	 0.678	 -0.99	 0.37735	 0.671264	 -0.970687	 0.373718	 0.664034	 -0.95155	 0.370086	 0.656695	 -0.932455	 0.366436	 0.649825	 -0.913191	 0.362783	 0.643172	 -0.89385	 2.19209	 2.19196	 2.19201	 2.19177	 2.19197	 
25.2	 0.381	 0.678	 -0.99	 0.377246	 0.671228	 -0.970728	 0.373781	 0.664027	 -0.951558	 0.370379	 0.656732	 -0.932412	 0.366703	 0.649842	 -0.913169	 0.362905	 0.643143	 -0.893881	 2.19087	 2.19075	 2.19082	 2.19057	 2.19076	 
25.21	 0.381	 0.678	 -0.99	 0.377193	 0.67112	 -0.970792	 0.373859	 0.66401	 -0.95158	 0.370629	 0.656847	 -0.93237	 0.36695	 0.649901	 -0.913163	 0.363068	 0.643061	 -0.893957	 2.18871	 2.1886	 2.18868	 2.18842	 2.1886	 
25.22	 0.381	 0.678	 -0.99	 0.377218	 0.670975	 -0.970862	 0.373951	 0.663989	 -0.951615	 0.370802	 0.657009	 -0.932347	 0.367167	 0.64999	 -0.91318	 0.363306	 0.642958	 -0.894061	 2.18557	 2.18547	 2.18555	 2.18528	 2.18546	 
25.23	 0.381	 0.678	 -0.99	 0.377334	 0.670837	 -0.97092	 0.374065	 0.663974	 -0.95166	 0.370891	 0.657175	 -0.93236	 0.367345	 0.65009	 -0.913231	 0.363622	 0.642879	 -0.894181	 2.18139	 2.1813	 2.18137	 2.18109	 2.18127	 
25.24	 0.381	 0.678	 -0.99	 0.377526	 0.670752	 -0.970954	 0.374202	 0.663973	 -0.95171	 0.370916	 0.657299	 -0.932423	 0.367489	 0.65018	 -0.913321	 0.363993	 0.642858	 -0.894309	 2.17615	 2.17605	 2.17612	 2.17584	 2.17602	 
25.25	 0.381	 0.678	 -0.99	 0.377746	 0.670755	 -0.970959	 0.374345	 0.663998	 -0.951765	 0.370913	 0.65735	 -0.932538	 0.36762	 0.650241	 -0.913455	 0.364387	 0.642918	 -0.894441	 2.16985	 2.16974	 2.16981	 2.16954	 2.16973	 
25.26	 0.381	 0.678	 -0.99	 0.37794	 0.670851	 -0.970942	 0.374481	 0.664047	 -0.951828	 0.370931	 0.657322	 -0.932701	 0.36776	 0.65027	 -0.913627	 0.36476	 0.643063	 -0.894582	 2.16257	 2.16244	 2.16251	 2.16224	 2.16244	 
25.27	 0.381	 0.678	 -0.99	 0.378059	 0.671014	 -0.970922	 0.374597	 0.664113	 -0.951901	 0.371016	 0.657235	 -0.932893	 0.367929	 0.650278	 -0.91383	 0.36507	 0.643278	 -0.894745	 2.15431	 2.15417	 2.15423	 2.15397	 2.15417	 
25.28	 0.381	 0.678	 -0.99	 0.378076	 0.671199	 -0.970918	 0.374688	 0.66419	 -0.951989	 0.371195	 0.657137	 -0.933096	 0.368141	 0.650284	 -0.914055	 0.365295	 0.643517	 -0.89495	 2.145	 2.14486	 2.14492	 2.14465	 2.14485	 
25.29	 0.381	 0.678	 -0.99	 0.377999	 0.671349	 -0.970951	 0.374758	 0.664264	 -0.9521	 0.371462	 0.657083	 -0.933294	 0.368395	 0.650312	 -0.914301	 0.365439	 0.643731	 -0.895222	 2.13449	 2.13435	 2.1344	 2.13413	 2.13432	 
25.3	 0.381	 0.678	 -0.99	 0.37787	 0.671412	 -0.971034	 0.374817	 0.664321	 -0.952238	 0.371779	 0.657117	 -0.933483	 0.36867	 0.650388	 -0.914566	 0.365534	 0.64388	 -0.895575	 2.12256	 2.12242	 2.12247	 2.12217	 2.12235	 
25.31	 0.381	 0.678	 -0.99	 0.377753	 0.671369	 -0.971164	 0.374877	 0.66436	 -0.952407	 0.372084	 0.657261	 -0.93367	 0.368939	 0.650521	 -0.914858	 0.365635	 0.643951	 -0.896013	 2.109	 2.10886	 2.10891	 2.10859	 2.10877	 
25.32	 0.381	 0.678	 -0.99	 0.377714	 0.671243	 -0.971324	 0.374952	 0.664384	 -0.952602	 0.37231	 0.657499	 -0.933871	 0.369172	 0.650708	 -0.915185	 0.365802	 0.643968	 -0.89652	 2.09374	 2.09361	 2.09366	 2.09332	 2.09349	 
25.33	 0.381	 0.678	 -0.99	 0.377797	 0.671091	 -0.971486	 0.375054	 0.664409	 -0.952816	 0.372419	 0.657776	 -0.934112	 0.369346	 0.650927	 -0.915556	 0.366066	 0.643984	 -0.89707	 2.07683	 2.0767	 2.07676	 2.07642	 2.0766	 
25.34	 0.381	 0.678	 -0.99	 0.377997	 0.670996	 -0.971618	 0.375184	 0.664454	 -0.953038	 0.372415	 0.658016	 -0.934415	 0.369461	 0.65114	 -0.91598	 0.366417	 0.644061	 -0.897635	 2.0585	 2.05837	 2.05844	 2.05811	 2.05829	 
25.35	 0.381	 0.678	 -0.99	 0.378248	 0.671022	 -0.971707	 0.375321	 0.664532	 -0.953264	 0.372353	 0.658154	 -0.934787	 0.369545	 0.651313	 -0.916454	 0.36681	 0.644254	 -0.898191	 2.03904	 2.03891	 2.03898	 2.03867	 2.03886	 
25.36	 0.381	 0.678	 -0.99	 0.378453	 0.671184	 -0.97176	 0.375441	 0.664643	 -0.953492	 0.372323	 0.658168	 -0.935217	 0.369641	 0.651432	 -0.916969	 0.367162	 0.64457	 -0.898739	 2.01876	 2.01862	 2.0187	 2.0184	 2.0186	 
25.37	 0.381	 0.678	 -0.99	 0.378526	 0.671432	 -0.971807	 0.375531	 0.664777	 -0.953724	 0.372413	 0.658106	 -0.935669	 0.369787	 0.651517	 -0.917507	 0.367393	 0.644962	 -0.899299	 1.99789	 1.99775	 1.99783	 1.99754	 1.99774	 
25.38	 0.381	 0.678	 -0.99	 0.378439	 0.67166	 -0.971888	 0.375583	 0.664909	 -0.953971	 0.372653	 0.658065	 -0.9361	 0.369998	 0.65161	 -0.918045	 0.36748	 0.645336	 -0.899905	 1.97651	 1.97637	 1.97646	 1.97616	 1.97636	 
25.39	 0.381	 0.678	 -0.99	 0.378248	 0.671758	 -0.972036	 0.375606	 0.665012	 -0.95424	 0.372984	 0.658148	 -0.936486	 0.370254	 0.65176	 -0.918573	 0.367479	 0.6456	 -0.900585	 1.95456	 1.95443	 1.95452	 1.95421	 1.95441	 
25.4	 0.381	 0.678	 -0.99	 0.378088	 0.671683	 -0.972248	 0.375633	 0.665075	 -0.954534	 0.373282	 0.658397	 -0.936832	 0.370495	 0.65199	 -0.919095	 0.367503	 0.645718	 -0.901342	 1.93185	 1.93172	 1.93181	 1.93148	 1.93168	 
25.41	 0.381	 0.678	 -0.99	 0.378091	 0.671496	 -0.972484	 0.375696	 0.665112	 -0.954847	 0.373421	 0.658753	 -0.937185	 0.370657	 0.652275	 -0.919638	 0.367658	 0.645748	 -0.902147	 1.90813	 1.908	 1.90809	 1.90775	 1.90794	 
25.42	 0.381	 0.678	 -0.99	 0.378295	 0.671351	 -0.972683	 0.375804	 0.66516	 -0.955166	 0.373365	 0.659074	 -0.937605	 0.370722	 0.652552	 -0.920233	 0.367977	 0.645825	 -0.902954	 1.8832	 1.88306	 1.88313	 1.88279	 1.88298	 
25.43	 0.381	 0.678	 -0.99	 0.378591	 0.671396	 -0.972808	 0.375931	 0.665256	 -0.955483	 0.373214	 0.659226	 -0.938128	 0.370737	 0.652756	 -0.920898	 0.368368	 0.646072	 -0.903733	 1.85697	 1.85681	 1.85688	 1.85653	 1.85673	 
25.44	 0.381	 0.678	 -0.99	 0.378782	 0.671652	 -0.97288	 0.376031	 0.665408	 -0.9558	 0.373158	 0.659191	 -0.93873	 0.370789	 0.652875	 -0.921622	 0.368662	 0.646507	 -0.9045	 1.82957	 1.82941	 1.82948	 1.82913	 1.82933	 
25.45	 0.381	 0.678	 -0.99	 0.378723	 0.671966	 -0.972973	 0.376072	 0.665579	 -0.956131	 0.373333	 0.659111	 -0.939333	 0.370947	 0.652976	 -0.92236	 0.368736	 0.646999	 -0.905305	 1.80135	 1.8012	 1.80129	 1.80095	 1.80114	 
25.46	 0.381	 0.678	 -0.99	 0.378469	 0.672109	 -0.973159	 0.376063	 0.665713	 -0.956486	 0.373684	 0.659196	 -0.939855	 0.371186	 0.653157	 -0.923064	 0.368638	 0.647352	 -0.906198	 1.77284	 1.7727	 1.77282	 1.77248	 1.77268	 
25.47	 0.381	 0.678	 -0.99	 0.378272	 0.671981	 -0.973435	 0.376061	 0.665783	 -0.956861	 0.373972	 0.65954	 -0.940287	 0.371394	 0.653465	 -0.923721	 0.368582	 0.647479	 -0.90716	 1.74453	 1.74441	 1.74454	 1.74422	 1.74443	 
25.48	 0.381	 0.678	 -0.99	 0.378366	 0.671745	 -0.973706	 0.376124	 0.665826	 -0.957229	 0.373978	 0.659984	 -0.940711	 0.371461	 0.653825	 -0.924364	 0.368761	 0.647514	 -0.908102	 1.71677	 1.71665	 1.71679	 1.71649	 1.71672	 
25.49	 0.381	 0.678	 -0.99	 0.378701	 0.671706	 -0.973863	 0.376243	 0.665913	 -0.957564	 0.373751	 0.66024	 -0.941226	 0.371406	 0.654093	 -0.925041	 0.369129	 0.647714	 -0.908935	 1.68964	 1.68952	 1.68966	 1.68936	 1.68959	 
25.5	 0.381	 0.678	 -0.99	 0.378939	 0.67199	 -0.973912	 0.376338	 0.666077	 -0.957867	 0.373607	 0.660189	 -0.941834	 0.371382	 0.654209	 -0.925758	 0.369406	 0.648181	 -0.909667	 1.66293	 1.6628	 1.66295	 1.66264	 1.66286	 
25.51	 0.381	 0.678	 -0.99	 0.378809	 0.672345	 -0.973988	 0.37634	 0.666258	 -0.958177	 0.3738	 0.66007	 -0.942416	 0.371518	 0.654287	 -0.926465	 0.369369	 0.648702	 -0.910423	 1.63629	 1.63616	 1.63629	 1.63597	 1.63619	 
25.52	 0.381	 0.678	 -0.99	 0.378472	 0.672394	 -0.974211	 0.376284	 0.666368	 -0.958526	 0.374174	 0.660239	 -0.94287	 0.371742	 0.654505	 -0.927114	 0.369153	 0.648969	 -0.911311	 1.60936	 1.60922	 1.60935	 1.609	 1.60922	 
25.53	 0.381	 0.678	 -0.99	 0.378385	 0.672122	 -0.974519	 0.37628	 0.6664	 -0.958904	 0.3743	 0.660712	 -0.943259	 0.371839	 0.654877	 -0.927739	 0.369138	 0.648975	 -0.912283	 1.58194	 1.58179	 1.5819	 1.58156	 1.58178	 
25.54	 0.381	 0.678	 -0.99	 0.378706	 0.671971	 -0.974725	 0.376372	 0.66646	 -0.959263	 0.374033	 0.661074	 -0.943757	 0.371734	 0.655201	 -0.928425	 0.369451	 0.649085	 -0.913184	 1.55406	 1.55391	 1.55402	 1.55367	 1.55391	 
25.55	 0.381	 0.678	 -0.99	 0.378997	 0.672258	 -0.974773	 0.376457	 0.666628	 -0.959586	 0.373791	 0.661027	 -0.944408	 0.371632	 0.655322	 -0.929191	 0.369728	 0.649561	 -0.91396	 1.52596	 1.52582	 1.52595	 1.5256	 1.52583	 
25.56	 0.381	 0.678	 -0.99	 0.378808	 0.672649	 -0.974853	 0.376426	 0.666824	 -0.959913	 0.373997	 0.660884	 -0.945025	 0.37175	 0.65539	 -0.92994	 0.369599	 0.650119	 -0.91476	 1.49803	 1.49791	 1.49806	 1.49772	 1.49794	 
25.57	 0.381	 0.678	 -0.99	 0.378433	 0.672596	 -0.975125	 0.376344	 0.666912	 -0.960281	 0.374371	 0.661157	 -0.945448	 0.371953	 0.655662	 -0.930583	 0.369313	 0.650305	 -0.915705	 1.47067	 1.47054	 1.4707	 1.47038	 1.47062	 
25.58	 0.381	 0.678	 -0.99	 0.378524	 0.672262	 -0.975426	 0.37637	 0.666926	 -0.96065	 0.374299	 0.661686	 -0.945826	 0.37193	 0.656065	 -0.93119	 0.369405	 0.650256	 -0.916652	 1.4441	 1.44396	 1.44412	 1.44382	 1.44409	 
25.59	 0.381	 0.678	 -0.99	 0.378946	 0.672341	 -0.975512	 0.376475	 0.667034	 -0.960957	 0.373907	 0.661817	 -0.946386	 0.371735	 0.656266	 -0.931875	 0.369762	 0.650544	 -0.917401	 1.41837	 1.41825	 1.41842	 1.41812	 1.41838	 
25.6	 0.381	 0.678	 -0.99	 0.378915	 0.672803	 -0.97552	 0.376471	 0.667237	 -0.961236	 0.373939	 0.661582	 -0.947001	 0.371749	 0.656274	 -0.932579	 0.369737	 0.65114	 -0.918067	 1.39342	 1.39332	 1.3935	 1.39317	 1.39342	 
25.61	 0.381	 0.678	 -0.99	 0.378475	 0.672848	 -0.975747	 0.376365	 0.667337	 -0.961561	 0.374357	 0.661735	 -0.947395	 0.371961	 0.656471	 -0.933163	 0.36937	 0.651383	 -0.918899	 1.36912	 1.36899	 1.36915	 1.36882	 1.36909	 
25.62	 0.381	 0.678	 -0.99	 0.378523	 0.672466	 -0.976053	 0.376377	 0.667327	 -0.961903	 0.374314	 0.662284	 -0.947704	 0.371939	 0.65687	 -0.933694	 0.3694	 0.651272	 -0.919784	 1.34527	 1.34512	 1.34528	 1.34497	 1.34523	 
25.63	 0.381	 0.678	 -0.99	 0.378976	 0.672566	 -0.976108	 0.376486	 0.667431	 -0.962178	 0.37388	 0.662373	 -0.948241	 0.371707	 0.657034	 -0.934336	 0.369753	 0.65155	 -0.920454	 1.32187	 1.32174	 1.3219	 1.32157	 1.32183	 
25.64	 0.381	 0.678	 -0.99	 0.378831	 0.673045	 -0.976112	 0.37644	 0.667627	 -0.962436	 0.373991	 0.662098	 -0.948813	 0.371745	 0.657002	 -0.93499	 0.369609	 0.652128	 -0.921069	 1.29908	 1.29897	 1.29914	 1.29881	 1.29906	 
25.65	 0.381	 0.678	 -0.99	 0.378392	 0.672911	 -0.976393	 0.376314	 0.667671	 -0.962752	 0.374367	 0.662392	 -0.949106	 0.37192	 0.657254	 -0.935488	 0.369219	 0.652194	 -0.921888	 1.27721	 1.27709	 1.27727	 1.27696	 1.27724	 
25.66	 0.381	 0.678	 -0.99	 0.37868	 0.67257	 -0.97662	 0.376365	 0.667658	 -0.963042	 0.374056	 0.662874	 -0.949416	 0.371739	 0.657604	 -0.935973	 0.369415	 0.652086	 -0.92263	 1.25661	 1.25648	 1.25666	 1.25637	 1.25666	 
25.67	 0.381	 0.678	 -0.99	 0.378974	 0.672959	 -0.976557	 0.376418	 0.667823	 -0.963242	 0.37373	 0.662664	 -0.94996	 0.371538	 0.657593	 -0.936556	 0.369603	 0.652565	 -0.923094	 1.23752	 1.23743	 1.23764	 1.23734	 1.23762	 
25.68	 0.381	 0.678	 -0.99	 0.378495	 0.673204	 -0.976671	 0.376271	 0.667948	 -0.963467	 0.374117	 0.662575	 -0.950297	 0.3717	 0.657632	 -0.937006	 0.369152	 0.652915	 -0.923656	 1.22021	 1.22012	 1.22033	 1.22005	 1.22034	 
25.69	 0.381	 0.678	 -0.99	 0.378437	 0.67276	 -0.976962	 0.376226	 0.667893	 -0.963718	 0.374107	 0.663119	 -0.950423	 0.371659	 0.657994	 -0.937319	 0.369038	 0.652692	 -0.924316	 1.2047	 1.20457	 1.20478	 1.20453	 1.20484	 
25.7	 0.381	 0.678	 -0.99	 0.378917	 0.672883	 -0.976927	 0.376321	 0.667973	 -0.963868	 0.373596	 0.663118	 -0.950812	 0.371349	 0.65807	 -0.937741	 0.369349	 0.65292	 -0.924667	 1.19084	 1.19075	 1.19096	 1.19069	 1.19098	 
25.71	 0.381	 0.678	 -0.99	 0.378596	 0.673324	 -0.976905	 0.376211	 0.668132	 -0.964003	 0.373826	 0.66281	 -0.951152	 0.371416	 0.657973	 -0.938118	 0.368999	 0.653388	 -0.924992	 1.17853	 1.17844	 1.17865	 1.17837	 1.17867	 
25.72	 0.381	 0.678	 -0.99	 0.378303	 0.672943	 -0.977184	 0.376094	 0.668078	 -0.964202	 0.374008	 0.66326	 -0.951181	 0.371461	 0.658261	 -0.938313	 0.368674	 0.653173	 -0.925527	 1.16759	 1.16747	 1.16767	 1.16741	 1.16773	 
25.73	 0.381	 0.678	 -0.99	 0.378794	 0.672869	 -0.977189	 0.376172	 0.668093	 -0.96432	 0.373447	 0.66341	 -0.951437	 0.371114	 0.658391	 -0.938606	 0.368981	 0.653198	 -0.925807	 1.15788	 1.15777	 1.15796	 1.15769	 1.158	 
25.74	 0.381	 0.678	 -0.99	 0.378608	 0.673372	 -0.977093	 0.376084	 0.668252	 -0.964398	 0.373527	 0.663009	 -0.951759	 0.371092	 0.658224	 -0.938918	 0.368728	 0.653677	 -0.925976	 1.14935	 1.14927	 1.14947	 1.14919	 1.14948	 
25.75	 0.381	 0.678	 -0.99	 0.378206	 0.673062	 -0.977342	 0.375939	 0.6682	 -0.96455	 0.373806	 0.663355	 -0.951728	 0.37118	 0.658435	 -0.939029	 0.368296	 0.653482	 -0.926395	 1.14209	 1.14197	 1.14216	 1.1419	 1.14222	 
25.76	 0.381	 0.678	 -0.99	 0.37868	 0.672876	 -0.977363	 0.376012	 0.668167	 -0.964635	 0.373259	 0.663565	 -0.951884	 0.370831	 0.658573	 -0.939216	 0.36857	 0.653377	 -0.926596	 1.13609	 1.13598	 1.13618	 1.13592	 1.13623	 
25.77	 0.381	 0.678	 -0.99	 0.378569	 0.673384	 -0.977222	 0.375939	 0.668306	 -0.964662	 0.373256	 0.663114	 -0.952158	 0.370758	 0.658353	 -0.939447	 0.368361	 0.653818	 -0.926633	 1.13145	 1.13137	 1.13158	 1.13131	 1.13161	 
25.78	 0.381	 0.678	 -0.99	 0.378121	 0.673111	 -0.977441	 0.375775	 0.668247	 -0.964764	 0.373562	 0.663386	 -0.952059	 0.37085	 0.658501	 -0.939463	 0.367876	 0.653609	 -0.926926	 1.12828	 1.12817	 1.12837	 1.12814	 1.12846	 
25.79	 0.381	 0.678	 -0.99	 0.378571	 0.672877	 -0.977452	 0.375829	 0.668189	 -0.964799	 0.373011	 0.663613	 -0.952121	 0.370486	 0.658626	 -0.939538	 0.368112	 0.653426	 -0.92701	 1.12658	 1.12648	 1.12669	 1.12645	 1.12677	 
25.8	 0.381	 0.678	 -0.99	 0.378486	 0.67338	 -0.977276	 0.375747	 0.668316	 -0.96477	 0.37295	 0.66314	 -0.952321	 0.370366	 0.65838	 -0.939663	 0.367899	 0.653835	 -0.926901	 1.12639	 1.12632	 1.12654	 1.12628	 1.12659	 
25.81	 0.381	 0.678	 -0.99	 0.378017	 0.673128	 -0.977463	 0.375565	 0.668251	 -0.964813	 0.373249	 0.66337	 -0.952138	 0.370436	 0.658493	 -0.939564	 0.367363	 0.653625	 -0.927046	 1.12781	 1.1277	 1.1279	 1.12768	 1.12801	 
25.82	 0.381	 0.678	 -0.99	 0.378448	 0.672864	 -0.977451	 0.37561	 0.668176	 -0.96479	 0.372702	 0.663604	 -0.9521	 0.370057	 0.658611	 -0.939513	 0.367548	 0.653398	 -0.926986	 1.13079	 1.1307	 1.13091	 1.13069	 1.131	 
25.83	 0.381	 0.678	 -0.99	 0.378396	 0.673354	 -0.977239	 0.375529	 0.668287	 -0.964697	 0.372592	 0.663117	 -0.952212	 0.369897	 0.65834	 -0.93952	 0.367334	 0.653767	 -0.926723	 1.1354	 1.13534	 1.13555	 1.13532	 1.13563	 
25.84	 0.381	 0.678	 -0.99	 0.3779	 0.673136	 -0.977387	 0.375328	 0.668214	 -0.964679	 0.372888	 0.663274	 -0.951951	 0.369953	 0.658388	 -0.939307	 0.366762	 0.653536	 -0.926711	 1.14171	 1.14162	 1.14183	 1.14163	 1.14195	 
25.85	 0.381	 0.678	 -0.99	 0.378282	 0.672814	 -0.97737	 0.375349	 0.668101	 -0.964603	 0.372364	 0.663508	 -0.951804	 0.369582	 0.65847	 -0.939128	 0.366903	 0.653198	 -0.926523	 1.14969	 1.14961	 1.14981	 1.14962	 1.14994	 
25.86	 0.381	 0.678	 -0.99	 0.378311	 0.673266	 -0.977118	 0.375284	 0.668175	 -0.96445	 0.37217	 0.662995	 -0.951837	 0.369375	 0.658146	 -0.939021	 0.366749	 0.653469	 -0.926104	 1.15934	 1.15928	 1.15949	 1.15928	 1.15959	 
25.87	 0.381	 0.678	 -0.99	 0.377786	 0.673138	 -0.977206	 0.375074	 0.668096	 -0.964365	 0.37249	 0.663006	 -0.951516	 0.369437	 0.658082	 -0.938706	 0.366141	 0.653251	 -0.925919	 1.17065	 1.17056	 1.17077	 1.17057	 1.1709	 
25.88	 0.381	 0.678	 -0.99	 0.37806	 0.672719	 -0.977213	 0.375065	 0.667937	 -0.964244	 0.372058	 0.663282	 -0.95123	 0.369105	 0.658156	 -0.938383	 0.366176	 0.652789	 -0.925628	 1.18347	 1.18339	 1.18359	 1.18341	 1.18373	 
25.89	 0.381	 0.678	 -0.99	 0.378249	 0.673083	 -0.976925	 0.375034	 0.667975	 -0.964031	 0.371703	 0.662822	 -0.951183	 0.368803	 0.657846	 -0.938163	 0.366129	 0.652961	 -0.925059	 1.19768	 1.19761	 1.19782	 1.19761	 1.19792	 
25.9	 0.381	 0.678	 -0.99	 0.377722	 0.673157	 -0.976908	 0.374818	 0.667942	 -0.963872	 0.372006	 0.662631	 -0.950852	 0.36884	 0.657667	 -0.937778	 0.365495	 0.652888	 -0.924678	 1.21311	 1.21303	 1.21322	 1.21303	 1.21334	 
25.91	 0.381	 0.678	 -0.99	 0.377752	 0.672669	 -0.976971	 0.374733	 0.667761	 -0.963724	 0.371775	 0.662959	 -0.950423	 0.368602	 0.657756	 -0.937324	 0.365315	 0.652351	 -0.924335	 1.22958	 1.22949	 1.22967	 1.22949	 1.2298	 
25.92	 0.381	 0.678	 -0.99	 0.378121	 0.672798	 -0.976708	 0.374736	 0.66773	 -0.963484	 0.371228	 0.662697	 -0.950278	 0.368195	 0.657538	 -0.937004	 0.365407	 0.652309	 -0.923702	 1.24693	 1.24686	 1.24704	 1.24684	 1.24715	 
25.93	 0.381	 0.678	 -0.99	 0.377771	 0.673119	 -0.976536	 0.374563	 0.667744	 -0.963257	 0.37136	 0.662246	 -0.950026	 0.368137	 0.65721	 -0.936619	 0.364909	 0.652412	 -0.923123	 1.26514	 1.26506	 1.26524	 1.26503	 1.26533	 
25.94	 0.381	 0.678	 -0.99	 0.377449	 0.672754	 -0.976618	 0.374395	 0.667584	 -0.963085	 0.371467	 0.66243	 -0.949517	 0.368071	 0.657204	 -0.936087	 0.364435	 0.651946	 -0.922731	 1.28416	 1.28406	 1.28424	 1.28405	 1.28436	 
25.95	 0.381	 0.678	 -0.99	 0.377795	 0.672486	 -0.976493	 0.374392	 0.667441	 -0.962853	 0.370942	 0.662513	 -0.949181	 0.367678	 0.657146	 -0.93563	 0.364506	 0.651554	 -0.922146	 1.30403	 1.30395	 1.30413	 1.30395	 1.30425	 
25.96	 0.381	 0.678	 -0.99	 0.377884	 0.672826	 -0.976189	 0.374326	 0.667446	 -0.962566	 0.370658	 0.662018	 -0.948989	 0.367403	 0.656785	 -0.935233	 0.364363	 0.651649	 -0.92139	 1.32486	 1.3248	 1.32498	 1.32479	 1.3251	 
25.97	 0.381	 0.678	 -0.99	 0.377416	 0.672904	 -0.976116	 0.374121	 0.667384	 -0.962323	 0.370895	 0.661759	 -0.948555	 0.367396	 0.656534	 -0.934698	 0.363762	 0.651515	 -0.920797	 1.34678	 1.34671	 1.34689	 1.34672	 1.34703	 
25.98	 0.381	 0.678	 -0.99	 0.377299	 0.672463	 -0.976148	 0.374001	 0.667188	 -0.962095	 0.370803	 0.661976	 -0.947994	 0.367225	 0.656519	 -0.934079	 0.363451	 0.650942	 -0.920261	 1.36982	 1.36975	 1.36993	 1.36978	 1.37009	 
25.99	 0.381	 0.678	 -0.99	 0.377653	 0.672324	 -0.975939	 0.373997	 0.66706	 -0.961795	 0.370268	 0.661899	 -0.947632	 0.366826	 0.656351	 -0.933543	 0.363527	 0.650605	 -0.919497	 1.394	 1.39393	 1.39411	 1.39396	 1.39427	 
26	 0.381	 0.678	 -0.99	 0.377661	 0.672644	 -0.975631	 0.37391	 0.667043	 -0.961459	 0.370056	 0.661385	 -0.947335	 0.366589	 0.655957	 -0.933024	 0.363321	 0.650641	 -0.918622	 1.4192	 1.41914	 1.41932	 1.41916	 1.41946	 
26.01	 0.381	 0.678	 -0.99	 0.377229	 0.672701	 -0.975529	 0.373714	 0.666964	 -0.961161	 0.370261	 0.661119	 -0.946821	 0.366566	 0.655685	 -0.932381	 0.362756	 0.650462	 -0.917891	 1.44524	 1.44517	 1.44534	 1.44518	 1.44548	 
26.02	 0.381	 0.678	 -0.99	 0.377062	 0.672312	 -0.975528	 0.373584	 0.666777	 -0.960881	 0.370222	 0.661276	 -0.946193	 0.366426	 0.655631	 -0.931667	 0.36241	 0.649918	 -0.917225	 1.47183	 1.47176	 1.47191	 1.47176	 1.47205	 
26.03	 0.381	 0.678	 -0.99	 0.377344	 0.672074	 -0.975354	 0.373568	 0.666625	 -0.960554	 0.369765	 0.661293	 -0.945718	 0.366075	 0.655509	 -0.931024	 0.362438	 0.649498	 -0.916406	 1.49873	 1.49866	 1.4988	 1.49863	 1.49892	 
26.04	 0.381	 0.678	 -0.99	 0.377514	 0.672276	 -0.975038	 0.373528	 0.666578	 -0.960191	 0.369419	 0.660888	 -0.945374	 0.36578	 0.65517	 -0.930447	 0.362378	 0.649436	 -0.915468	 1.52573	 1.52565	 1.52579	 1.52561	 1.52589	 
26.05	 0.381	 0.678	 -0.99	 0.377245	 0.672497	 -0.974826	 0.373383	 0.666533	 -0.959855	 0.369492	 0.660456	 -0.944935	 0.3657	 0.65481	 -0.929823	 0.361965	 0.64938	 -0.914617	 1.55273	 1.55265	 1.55278	 1.5526	 1.55287	 
26.06	 0.381	 0.678	 -0.99	 0.376891	 0.672331	 -0.974784	 0.373219	 0.666391	 -0.95956	 0.369652	 0.660382	 -0.944337	 0.365672	 0.654624	 -0.92912	 0.361491	 0.648997	 -0.913906	 1.57973	 1.57965	 1.57979	 1.57961	 1.57988	 
26.07	 0.381	 0.678	 -0.99	 0.376887	 0.671953	 -0.974733	 0.373143	 0.666196	 -0.959261	 0.369491	 0.660505	 -0.943741	 0.365491	 0.654538	 -0.928413	 0.361317	 0.648439	 -0.913182	 1.60685	 1.60677	 1.60691	 1.60675	 1.60702	 
26.08	 0.381	 0.678	 -0.99	 0.37716	 0.671796	 -0.974525	 0.37314	 0.666054	 -0.95892	 0.369078	 0.660422	 -0.943284	 0.365188	 0.654353	 -0.927769	 0.361379	 0.648069	 -0.912318	 1.6342	 1.63413	 1.63427	 1.63411	 1.63439	 
26.09	 0.381	 0.678	 -0.99	 0.377304	 0.671967	 -0.974224	 0.37311	 0.665991	 -0.958551	 0.368797	 0.660031	 -0.942904	 0.364953	 0.654017	 -0.927156	 0.361341	 0.647972	 -0.911364	 1.66186	 1.66179	 1.66193	 1.66177	 1.66205	 
26.1	 0.381	 0.678	 -0.99	 0.377115	 0.672173	 -0.973991	 0.373003	 0.665938	 -0.958194	 0.368835	 0.659609	 -0.942449	 0.36488	 0.653663	 -0.926502	 0.361035	 0.647903	 -0.910458	 1.68978	 1.6897	 1.68983	 1.68968	 1.68996	 
26.11	 0.381	 0.678	 -0.99	 0.376789	 0.67212	 -0.973891	 0.372866	 0.665826	 -0.957867	 0.36901	 0.659433	 -0.941864	 0.364881	 0.653429	 -0.925781	 0.360624	 0.64762	 -0.909657	 1.71779	 1.71772	 1.71784	 1.71768	 1.71795	 
26.12	 0.381	 0.678	 -0.99	 0.376639	 0.671826	 -0.973839	 0.372773	 0.66566	 -0.95755	 0.369025	 0.659494	 -0.941233	 0.364812	 0.653318	 -0.925034	 0.360371	 0.647144	 -0.908894	 1.74567	 1.74559	 1.74571	 1.74555	 1.74581	 
26.13	 0.381	 0.678	 -0.99	 0.376767	 0.671544	 -0.973715	 0.372749	 0.665501	 -0.957219	 0.368787	 0.659555	 -0.940673	 0.364624	 0.653217	 -0.924325	 0.360358	 0.646692	 -0.908075	 1.77317	 1.77309	 1.77321	 1.77304	 1.77329	 
26.14	 0.381	 0.678	 -0.99	 0.377007	 0.671484	 -0.973483	 0.372758	 0.665399	 -0.956866	 0.368454	 0.659416	 -0.940225	 0.364393	 0.653026	 -0.923677	 0.360446	 0.646436	 -0.907177	 1.80012	 1.80005	 1.80015	 1.79997	 1.80023	 
26.15	 0.381	 0.678	 -0.99	 0.377119	 0.671637	 -0.973207	 0.372743	 0.665349	 -0.956508	 0.368252	 0.65908	 -0.939833	 0.36423	 0.652738	 -0.923066	 0.360434	 0.646356	 -0.90626	 1.82644	 1.82636	 1.82645	 1.82627	 1.82652	 
26.16	 0.381	 0.678	 -0.99	 0.377003	 0.67182	 -0.972982	 0.372679	 0.665304	 -0.956171	 0.368277	 0.65871	 -0.93941	 0.364185	 0.65243	 -0.922453	 0.360248	 0.646297	 -0.905403	 1.85211	 1.85202	 1.85211	 1.85193	 1.85218	 
26.17	 0.381	 0.678	 -0.99	 0.376747	 0.67185	 -0.972853	 0.372584	 0.665221	 -0.955864	 0.368443	 0.658478	 -0.938914	 0.364222	 0.652187	 -0.921812	 0.359967	 0.646113	 -0.904638	 1.87717	 1.87708	 1.87717	 1.877	 1.87723	 
26.18	 0.381	 0.678	 -0.99	 0.376537	 0.671685	 -0.97279	 0.372508	 0.665093	 -0.955578	 0.368583	 0.658436	 -0.938366	 0.364256	 0.652039	 -0.921153	 0.359737	 0.64577	 -0.90394	 1.90166	 1.90157	 1.90167	 1.90148	 1.90172	 
26.19	 0.381	 0.678	 -0.99	 0.376503	 0.67142	 -0.972725	 0.372483	 0.664948	 -0.955294	 0.368577	 0.658499	 -0.937827	 0.364227	 0.651947	 -0.920505	 0.359663	 0.64535	 -0.903255	 1.92555	 1.92548	 1.92558	 1.92539	 1.92562	 
26.2	 0.381	 0.678	 -0.99	 0.376644	 0.671202	 -0.972605	 0.372505	 0.664818	 -0.955002	 0.368421	 0.658528	 -0.937352	 0.364136	 0.651843	 -0.919897	 0.359752	 0.644975	 -0.902536	 1.9488	 1.94872	 1.94882	 1.94863	 1.94887	 
26.21	 0.381	 0.678	 -0.99	 0.376858	 0.671128	 -0.972419	 0.372551	 0.664721	 -0.954704	 0.368211	 0.658421	 -0.936958	 0.364031	 0.651679	 -0.919337	 0.359922	 0.644728	 -0.901779	 1.97127	 1.97119	 1.97127	 1.97108	 1.97133	 
26.22	 0.381	 0.678	 -0.99	 0.37702	 0.671204	 -0.972197	 0.372595	 0.664658	 -0.954407	 0.368068	 0.658173	 -0.936619	 0.363965	 0.651451	 -0.918818	 0.36006	 0.644612	 -0.901014	 1.99283	 1.99273	 1.99281	 1.99262	 1.99286	 
26.23	 0.381	 0.678	 -0.99	 0.377048	 0.671356	 -0.971987	 0.372614	 0.664618	 -0.954122	 0.368067	 0.657863	 -0.936292	 0.363975	 0.651198	 -0.918319	 0.3601	 0.644571	 -0.900283	 2.01337	 2.01326	 2.01333	 2.01314	 2.01337	 
26.24	 0.381	 0.678	 -0.99	 0.376937	 0.671482	 -0.971827	 0.372603	 0.66458	 -0.953859	 0.368205	 0.657594	 -0.935939	 0.364062	 0.650974	 -0.917823	 0.360045	 0.644521	 -0.899616	 2.03283	 2.03271	 2.03278	 2.03259	 2.03282	 
26.25	 0.381	 0.678	 -0.99	 0.376757	 0.671504	 -0.971728	 0.372581	 0.664526	 -0.95362	 0.368418	 0.657439	 -0.935551	 0.364192	 0.650809	 -0.917325	 0.359941	 0.644394	 -0.899027	 2.05123	 2.05112	 2.05118	 2.05099	 2.05122	 
26.26	 0.381	 0.678	 -0.99	 0.376604	 0.671402	 -0.971676	 0.372573	 0.664446	 -0.953402	 0.368621	 0.657406	 -0.935142	 0.364321	 0.650704	 -0.916834	 0.359865	 0.644166	 -0.898504	 2.06862	 2.06852	 2.0686	 2.06839	 2.06861	 
26.27	 0.381	 0.678	 -0.99	 0.376543	 0.671213	 -0.971642	 0.372587	 0.664345	 -0.9532	 0.368743	 0.657455	 -0.934741	 0.364425	 0.650639	 -0.916362	 0.359887	 0.643865	 -0.898019	 2.0851	 2.08501	 2.08509	 2.08488	 2.08509	 
26.28	 0.381	 0.678	 -0.99	 0.3766	 0.671007	 -0.971593	 0.372629	 0.66424	 -0.953005	 0.368761	 0.657521	 -0.934377	 0.364491	 0.650586	 -0.915919	 0.360029	 0.643556	 -0.89754	 2.10072	 2.10064	 2.10073	 2.10051	 2.10072	 
26.29	 0.381	 0.678	 -0.99	 0.376759	 0.670857	 -0.971507	 0.372704	 0.664151	 -0.952809	 0.368699	 0.657544	 -0.934065	 0.364524	 0.650522	 -0.915512	 0.360262	 0.643309	 -0.89705	 2.1155	 2.11542	 2.11551	 2.11529	 2.1155	 
26.3	 0.381	 0.678	 -0.99	 0.376962	 0.670808	 -0.97138	 0.3728	 0.664094	 -0.95261	 0.368614	 0.657489	 -0.933806	 0.364548	 0.650429	 -0.915143	 0.360533	 0.643159	 -0.896548	 2.12941	 2.12932	 2.12939	 2.12918	 2.1294	 
26.31	 0.381	 0.678	 -0.99	 0.377138	 0.67086	 -0.97123	 0.372893	 0.664064	 -0.952415	 0.368562	 0.657347	 -0.933592	 0.364595	 0.650303	 -0.914809	 0.360794	 0.643105	 -0.896048	 2.14235	 2.14224	 2.14231	 2.1421	 2.14232	 
26.32	 0.381	 0.678	 -0.99	 0.377237	 0.670979	 -0.97108	 0.37297	 0.66405	 -0.952234	 0.36859	 0.657147	 -0.933404	 0.364688	 0.650158	 -0.914503	 0.361006	 0.643124	 -0.895572	 2.15422	 2.15411	 2.15417	 2.15396	 2.15418	 
26.33	 0.381	 0.678	 -0.99	 0.377243	 0.671117	 -0.970952	 0.373032	 0.664047	 -0.952069	 0.368717	 0.65694	 -0.933223	 0.364831	 0.650014	 -0.914218	 0.361146	 0.643167	 -0.895143	 2.16497	 2.16484	 2.1649	 2.16469	 2.1649	 
26.34	 0.381	 0.678	 -0.99	 0.377167	 0.671227	 -0.97086	 0.373078	 0.664049	 -0.951922	 0.36893	 0.656781	 -0.933031	 0.365021	 0.649899	 -0.913946	 0.361228	 0.643192	 -0.894775	 2.17455	 2.17442	 2.17448	 2.17426	 2.17447	 
26.35	 0.381	 0.678	 -0.99	 0.377046	 0.671265	 -0.970811	 0.373116	 0.664039	 -0.951797	 0.369189	 0.656702	 -0.932825	 0.365239	 0.64983	 -0.913685	 0.361285	 0.643172	 -0.89447	 2.18299	 2.18286	 2.18292	 2.1827	 2.1829	 
26.36	 0.381	 0.678	 -0.99	 0.376933	 0.671215	 -0.9708	 0.373159	 0.664009	 -0.951695	 0.36945	 0.656706	 -0.932613	 0.365464	 0.649803	 -0.91344	 0.361357	 0.643086	 -0.894225	 2.19031	 2.1902	 2.19026	 2.19003	 2.19022	 
26.37	 0.381	 0.678	 -0.99	 0.376874	 0.671093	 -0.970812	 0.373219	 0.66396	 -0.951611	 0.369671	 0.656775	 -0.93241	 0.365678	 0.649803	 -0.913219	 0.361483	 0.642934	 -0.894032	 2.19654	 2.19644	 2.19651	 2.19627	 2.19646	 
26.38	 0.381	 0.678	 -0.99	 0.376896	 0.670933	 -0.970828	 0.373302	 0.663902	 -0.951542	 0.369825	 0.656878	 -0.932232	 0.365867	 0.649818	 -0.913029	 0.361686	 0.642748	 -0.893876	 2.20169	 2.2016	 2.20167	 2.20142	 2.2016	 
26.39	 0.381	 0.678	 -0.99	 0.377008	 0.670781	 -0.970833	 0.373413	 0.663849	 -0.951483	 0.369907	 0.656979	 -0.932093	 0.366024	 0.649837	 -0.912877	 0.361965	 0.642574	 -0.893741	 2.20571	 2.20562	 2.20569	 2.20544	 2.20562	 
26.4	 0.381	 0.678	 -0.99	 0.377185	 0.670679	 -0.970815	 0.373539	 0.663812	 -0.951431	 0.369931	 0.657045	 -0.932004	 0.366159	 0.649849	 -0.912766	 0.362308	 0.642457	 -0.893616	 2.20854	 2.20845	 2.20851	 2.20826	 2.20845	 
26.41	 0.381	 0.678	 -0.99	 0.377384	 0.670653	 -0.970775	 0.373666	 0.663797	 -0.95139	 0.369928	 0.657052	 -0.931969	 0.366288	 0.649842	 -0.912699	 0.362688	 0.642419	 -0.893502	 2.21011	 2.21	 2.21007	 2.20981	 2.21001	 
26.42	 0.381	 0.678	 -0.99	 0.377571	 0.670709	 -0.970718	 0.373795	 0.663806	 -0.951359	 0.369944	 0.656991	 -0.931983	 0.366426	 0.64981	 -0.912679	 0.363055	 0.642458	 -0.893411	 2.21036	 2.21024	 2.21029	 2.21004	 2.21023	 
26.43	 0.381	 0.678	 -0.99	 0.377707	 0.670833	 -0.970656	 0.373917	 0.663836	 -0.951342	 0.370017	 0.65688	 -0.932034	 0.366589	 0.64976	 -0.912699	 0.363377	 0.642562	 -0.893354	 2.20922	 2.20908	 2.20913	 2.20888	 2.20908	 
26.44	 0.381	 0.678	 -0.99	 0.37776	 0.670987	 -0.970609	 0.374018	 0.663879	 -0.951344	 0.370166	 0.656751	 -0.932108	 0.366792	 0.649713	 -0.912751	 0.363638	 0.642712	 -0.893343	 2.20667	 2.20653	 2.20657	 2.20632	 2.20652	 
26.45	 0.381	 0.678	 -0.99	 0.377732	 0.671129	 -0.970591	 0.374104	 0.663924	 -0.951368	 0.370395	 0.656648	 -0.932188	 0.367031	 0.64969	 -0.912828	 0.363829	 0.642875	 -0.893389	 2.20274	 2.20259	 2.20264	 2.20238	 2.20258	 
26.46	 0.381	 0.678	 -0.99	 0.377647	 0.671222	 -0.970609	 0.37418	 0.663966	 -0.951414	 0.370684	 0.656606	 -0.932262	 0.367296	 0.649701	 -0.912925	 0.363965	 0.643004	 -0.893504	 2.1975	 2.19736	 2.19742	 2.19716	 2.19735	 
26.47	 0.381	 0.678	 -0.99	 0.37754	 0.671239	 -0.970667	 0.374249	 0.663996	 -0.951481	 0.370993	 0.656645	 -0.932329	 0.367573	 0.649751	 -0.913039	 0.364083	 0.64307	 -0.893685	 2.19111	 2.19098	 2.19104	 2.19077	 2.19096	 
26.48	 0.381	 0.678	 -0.99	 0.377457	 0.671171	 -0.970759	 0.374322	 0.664008	 -0.951569	 0.371275	 0.656768	 -0.932394	 0.367839	 0.649845	 -0.913169	 0.364227	 0.643074	 -0.893921	 2.18371	 2.18359	 2.18366	 2.18339	 2.18357	 
26.49	 0.381	 0.678	 -0.99	 0.377443	 0.671045	 -0.970865	 0.374407	 0.66401	 -0.951671	 0.371488	 0.656955	 -0.932465	 0.368073	 0.649978	 -0.913315	 0.364431	 0.64304	 -0.894191	 2.17541	 2.17531	 2.17538	 2.1751	 2.17528	 
26.5	 0.381	 0.678	 -0.99	 0.377522	 0.670907	 -0.970967	 0.374512	 0.664017	 -0.951781	 0.371609	 0.657171	 -0.932562	 0.368265	 0.65013	 -0.913488	 0.364713	 0.643006	 -0.894481	 2.16624	 2.16613	 2.16622	 2.16593	 2.16611	 
26.51	 0.381	 0.678	 -0.99	 0.37769	 0.670806	 -0.971047	 0.374637	 0.664036	 -0.951897	 0.371646	 0.65736	 -0.932703	 0.368414	 0.650279	 -0.913697	 0.365066	 0.643015	 -0.894778	 2.15608	 2.15598	 2.15606	 2.15577	 2.15595	 
26.52	 0.381	 0.678	 -0.99	 0.377912	 0.670785	 -0.971098	 0.374776	 0.664074	 -0.952021	 0.371633	 0.657475	 -0.932905	 0.368537	 0.650398	 -0.913955	 0.365458	 0.6431	 -0.895085	 2.14475	 2.14463	 2.1447	 2.14441	 2.1446	 
26.53	 0.381	 0.678	 -0.99	 0.378127	 0.670866	 -0.971124	 0.374913	 0.664135	 -0.952157	 0.371625	 0.657497	 -0.933169	 0.368661	 0.650477	 -0.914268	 0.365844	 0.643277	 -0.89541	 2.132	 2.13186	 2.13192	 2.13162	 2.13181	 
26.54	 0.381	 0.678	 -0.99	 0.378274	 0.671035	 -0.971141	 0.375034	 0.664221	 -0.95231	 0.37168	 0.657445	 -0.933484	 0.368814	 0.650527	 -0.914632	 0.366172	 0.643539	 -0.895771	 2.11763	 2.11748	 2.11752	 2.11722	 2.11741	 
26.55	 0.381	 0.678	 -0.99	 0.378311	 0.671246	 -0.971172	 0.375132	 0.664325	 -0.952484	 0.371839	 0.657369	 -0.933827	 0.369011	 0.650573	 -0.915038	 0.3664	 0.643847	 -0.896191	 2.10159	 2.10142	 2.10147	 2.10115	 2.10134	 
26.56	 0.381	 0.678	 -0.99	 0.378234	 0.671428	 -0.971243	 0.375202	 0.66443	 -0.952684	 0.372103	 0.657336	 -0.934172	 0.369253	 0.650646	 -0.915473	 0.366525	 0.644142	 -0.896689	 2.08394	 2.08378	 2.08383	 2.08351	 2.08369	 
26.57	 0.381	 0.678	 -0.99	 0.378084	 0.671511	 -0.971371	 0.375249	 0.664516	 -0.952915	 0.372427	 0.657406	 -0.9345	 0.369524	 0.650773	 -0.915923	 0.366591	 0.644365	 -0.89727	 2.06491	 2.06476	 2.06481	 2.06449	 2.06467	 
26.58	 0.381	 0.678	 -0.99	 0.377947	 0.671465	 -0.971551	 0.375294	 0.664575	 -0.953171	 0.37273	 0.657602	 -0.934809	 0.369785	 0.650965	 -0.916382	 0.366665	 0.644489	 -0.897925	 2.04478	 2.04465	 2.04471	 2.04439	 2.04457	 
26.59	 0.381	 0.678	 -0.99	 0.377914	 0.671323	 -0.971756	 0.375362	 0.664616	 -0.953442	 0.372931	 0.6579	 -0.935114	 0.369993	 0.651211	 -0.916853	 0.366816	 0.644539	 -0.898624	 2.02383	 2.02371	 2.02379	 2.02347	 2.02366	 
26.6	 0.381	 0.678	 -0.99	 0.378033	 0.671171	 -0.971946	 0.375462	 0.664661	 -0.953716	 0.372982	 0.658222	 -0.935447	 0.370124	 0.651476	 -0.917347	 0.367085	 0.644592	 -0.899327	 2.00224	 2.00212	 2.00222	 2.00191	 2.0021	 
26.61	 0.381	 0.678	 -0.99	 0.378273	 0.671113	 -0.972088	 0.375586	 0.66473	 -0.953986	 0.372909	 0.658462	 -0.935841	 0.370192	 0.651713	 -0.917877	 0.367452	 0.644738	 -0.900003	 1.98006	 1.97993	 1.98003	 1.97972	 1.97992	 
26.62	 0.381	 0.678	 -0.99	 0.378532	 0.671217	 -0.972173	 0.375713	 0.664838	 -0.954251	 0.372813	 0.658552	 -0.936308	 0.370243	 0.651883	 -0.918455	 0.367825	 0.64503	 -0.90065	 1.95718	 1.95704	 1.95714	 1.95682	 1.95702	 
26.63	 0.381	 0.678	 -0.99	 0.378676	 0.671464	 -0.97223	 0.375813	 0.664979	 -0.954521	 0.372823	 0.658508	 -0.936827	 0.370338	 0.651989	 -0.919075	 0.368095	 0.645443	 -0.9013	 1.93342	 1.93326	 1.93334	 1.93302	 1.93322	 
26.64	 0.381	 0.678	 -0.99	 0.378623	 0.671737	 -0.972313	 0.375865	 0.665129	 -0.95481	 0.373014	 0.658442	 -0.937351	 0.370519	 0.652083	 -0.919718	 0.368198	 0.645876	 -0.902006	 1.90855	 1.9084	 1.90847	 1.90813	 1.90833	 
26.65	 0.381	 0.678	 -0.99	 0.378415	 0.671883	 -0.972475	 0.375878	 0.665253	 -0.955131	 0.373346	 0.658503	 -0.937833	 0.370767	 0.652238	 -0.920362	 0.368171	 0.646205	 -0.902811	 1.88248	 1.88233	 1.8824	 1.88205	 1.88224	 
26.66	 0.381	 0.678	 -0.99	 0.37822	 0.671818	 -0.97272	 0.37589	 0.665331	 -0.955486	 0.373663	 0.658771	 -0.938266	 0.371007	 0.652496	 -0.921002	 0.368148	 0.646365	 -0.903719	 1.85524	 1.8551	 1.85519	 1.85483	 1.85501	 
26.67	 0.381	 0.678	 -0.99	 0.378219	 0.671613	 -0.972994	 0.375945	 0.665377	 -0.955859	 0.373789	 0.659174	 -0.938696	 0.371152	 0.652827	 -0.921655	 0.368282	 0.646416	 -0.904675	 1.82712	 1.82698	 1.82707	 1.82672	 1.82691	 
26.68	 0.381	 0.678	 -0.99	 0.378457	 0.671474	 -0.973214	 0.376051	 0.665439	 -0.956226	 0.37368	 0.659518	 -0.939192	 0.371178	 0.653133	 -0.922348	 0.36861	 0.646526	 -0.905598	 1.79852	 1.79838	 1.79848	 1.79815	 1.79835	 
26.69	 0.381	 0.678	 -0.99	 0.37877	 0.671581	 -0.973331	 0.376172	 0.665558	 -0.956569	 0.373491	 0.659631	 -0.939785	 0.371158	 0.653329	 -0.923088	 0.368989	 0.646843	 -0.906437	 1.76993	 1.76979	 1.7699	 1.76958	 1.7698	 
26.7	 0.381	 0.678	 -0.99	 0.378889	 0.671906	 -0.973393	 0.376246	 0.665731	 -0.956893	 0.373479	 0.65954	 -0.940419	 0.371213	 0.653426	 -0.923842	 0.369193	 0.647345	 -0.907219	 1.74171	 1.74159	 1.74172	 1.74141	 1.74163	 
26.71	 0.381	 0.678	 -0.99	 0.378701	 0.672192	 -0.97351	 0.376245	 0.665898	 -0.957223	 0.373749	 0.659491	 -0.940985	 0.3714	 0.653542	 -0.924554	 0.369128	 0.647818	 -0.908032	 1.71407	 1.71395	 1.7141	 1.71378	 1.714	 
26.72	 0.381	 0.678	 -0.99	 0.378409	 0.672186	 -0.973747	 0.376213	 0.666	 -0.957575	 0.374109	 0.659723	 -0.941424	 0.371629	 0.653798	 -0.925196	 0.368968	 0.648049	 -0.908932	 1.68689	 1.68677	 1.68691	 1.6866	 1.68682	 
26.73	 0.381	 0.678	 -0.99	 0.378367	 0.671937	 -0.974038	 0.376236	 0.666043	 -0.957938	 0.374224	 0.660187	 -0.941809	 0.371734	 0.65417	 -0.925809	 0.369007	 0.648078	 -0.909874	 1.65985	 1.65972	 1.65985	 1.65954	 1.65977	 
26.74	 0.381	 0.678	 -0.99	 0.378668	 0.671797	 -0.974239	 0.376336	 0.66611	 -0.958286	 0.374004	 0.660546	 -0.942288	 0.371667	 0.654493	 -0.926472	 0.369323	 0.6482	 -0.910749	 1.63257	 1.63243	 1.63255	 1.63222	 1.63244	 
26.75	 0.381	 0.678	 -0.99	 0.378972	 0.67203	 -0.974305	 0.376432	 0.666264	 -0.958608	 0.373768	 0.660551	 -0.942913	 0.371583	 0.654642	 -0.927218	 0.369634	 0.648634	 -0.911529	 1.60475	 1.6046	 1.60471	 1.60435	 1.60458	 
26.76	 0.381	 0.678	 -0.99	 0.378885	 0.672425	 -0.974371	 0.37643	 0.666461	 -0.958938	 0.37389	 0.660405	 -0.943553	 0.371669	 0.654714	 -0.927984	 0.369611	 0.649203	 -0.912326	 1.57634	 1.5762	 1.57632	 1.57595	 1.57617	 
26.77	 0.381	 0.678	 -0.99	 0.378516	 0.67251	 -0.974598	 0.376354	 0.666586	 -0.95931	 0.374269	 0.660554	 -0.944052	 0.371883	 0.654932	 -0.928685	 0.36935	 0.649517	 -0.913266	 1.54761	 1.54747	 1.5476	 1.54724	 1.54746	 
26.78	 0.381	 0.678	 -0.99	 0.378419	 0.672222	 -0.974924	 0.376342	 0.666619	 -0.959706	 0.374391	 0.661057	 -0.944455	 0.371967	 0.655328	 -0.929336	 0.369305	 0.649522	 -0.914286	 1.51898	 1.51883	 1.51896	 1.51863	 1.51887	 
26.79	 0.381	 0.678	 -0.99	 0.378779	 0.672087	 -0.97512	 0.376442	 0.666685	 -0.960064	 0.374081	 0.66141	 -0.944967	 0.37183	 0.655651	 -0.930033	 0.369629	 0.649651	 -0.915185	 1.49088	 1.49074	 1.49088	 1.49057	 1.49082	 
26.8	 0.381	 0.678	 -0.99	 0.379031	 0.672438	 -0.975142	 0.376516	 0.666867	 -0.960372	 0.373868	 0.661297	 -0.945622	 0.371733	 0.655734	 -0.93079	 0.369858	 0.650172	 -0.915921	 1.46361	 1.4635	 1.46367	 1.46335	 1.46359	 
26.81	 0.381	 0.678	 -0.99	 0.378733	 0.672782	 -0.975246	 0.376451	 0.667045	 -0.960688	 0.374162	 0.661183	 -0.946181	 0.37189	 0.655805	 -0.931487	 0.369631	 0.650674	 -0.916701	 1.4373	 1.43719	 1.43737	 1.43705	 1.4373	 
26.82	 0.381	 0.678	 -0.99	 0.378413	 0.672581	 -0.975553	 0.376372	 0.667086	 -0.961048	 0.374469	 0.661572	 -0.94653	 0.372055	 0.656126	 -0.932065	 0.369384	 0.650722	 -0.917628	 1.41181	 1.41168	 1.41184	 1.41153	 1.41179	 
26.83	 0.381	 0.678	 -0.99	 0.37869	 0.672295	 -0.975795	 0.37644	 0.667102	 -0.961385	 0.374211	 0.662037	 -0.946927	 0.371931	 0.656489	 -0.932656	 0.36962	 0.650699	 -0.918486	 1.38688	 1.38674	 1.38689	 1.38658	 1.38685	 
26.84	 0.381	 0.678	 -0.99	 0.379037	 0.672596	 -0.9758	 0.37653	 0.667262	 -0.96166	 0.37389	 0.66195	 -0.947535	 0.371763	 0.656571	 -0.933351	 0.369898	 0.651155	 -0.919142	 1.36231	 1.36219	 1.36235	 1.36201	 1.36226	 
26.85	 0.381	 0.678	 -0.99	 0.378732	 0.672982	 -0.975875	 0.376456	 0.667445	 -0.961947	 0.374176	 0.66178	 -0.94807	 0.371899	 0.656602	 -0.934006	 0.369629	 0.651674	 -0.91985	 1.3381	 1.33798	 1.33814	 1.33779	 1.33804	 
26.86	 0.381	 0.678	 -0.99	 0.378413	 0.672722	 -0.976194	 0.376368	 0.667465	 -0.962291	 0.374458	 0.662212	 -0.948366	 0.372033	 0.656937	 -0.934532	 0.369346	 0.651657	 -0.920747	 1.31439	 1.31426	 1.31442	 1.3141	 1.31437	 
26.87	 0.381	 0.678	 -0.99	 0.378792	 0.672488	 -0.976384	 0.376446	 0.667485	 -0.962597	 0.374068	 0.66261	 -0.948768	 0.371817	 0.657257	 -0.935098	 0.369628	 0.651658	 -0.921515	 1.29151	 1.29137	 1.29154	 1.29123	 1.29151	 
26.88	 0.381	 0.678	 -0.99	 0.378986	 0.672934	 -0.976336	 0.376478	 0.667672	 -0.96283	 0.373847	 0.662363	 -0.949363	 0.371676	 0.657239	 -0.935747	 0.369746	 0.652207	 -0.922058	 1.26978	 1.26968	 1.26987	 1.26956	 1.26983	 
26.89	 0.381	 0.678	 -0.99	 0.378497	 0.673107	 -0.976497	 0.376338	 0.667791	 -0.963096	 0.374263	 0.662369	 -0.949722	 0.371863	 0.65734	 -0.936251	 0.369299	 0.65252	 -0.922733	 1.2496	 1.2495	 1.2497	 1.24941	 1.2497	 
26.9	 0.381	 0.678	 -0.99	 0.378499	 0.672674	 -0.976794	 0.376313	 0.667752	 -0.963378	 0.374207	 0.66293	 -0.949912	 0.371806	 0.657726	 -0.93664	 0.369249	 0.65233	 -0.923472	 1.23116	 1.23104	 1.23124	 1.23098	 1.23129	 
26.91	 0.381	 0.678	 -0.99	 0.37896	 0.672832	 -0.976772	 0.3764	 0.667852	 -0.963563	 0.373711	 0.662921	 -0.95036	 0.371511	 0.657814	 -0.937135	 0.369562	 0.652612	 -0.923905	 1.21445	 1.21435	 1.21457	 1.21429	 1.21459	 
26.92	 0.381	 0.678	 -0.99	 0.378638	 0.673268	 -0.976769	 0.376292	 0.668017	 -0.963733	 0.373949	 0.662637	 -0.950748	 0.371589	 0.657743	 -0.937577	 0.369228	 0.653101	 -0.924314	 1.19942	 1.19934	 1.19955	 1.19927	 1.19956	 
26.93	 0.381	 0.678	 -0.99	 0.378345	 0.672903	 -0.977059	 0.37619	 0.667976	 -0.963961	 0.374161	 0.66309	 -0.950826	 0.371659	 0.658044	 -0.937836	 0.368912	 0.65292	 -0.924924	 1.18592	 1.18579	 1.18599	 1.18574	 1.18605	 
26.94	 0.381	 0.678	 -0.99	 0.378835	 0.672803	 -0.977095	 0.376281	 0.667993	 -0.964112	 0.373628	 0.663282	 -0.951111	 0.371335	 0.658208	 -0.938181	 0.369227	 0.652944	 -0.925293	 1.17372	 1.17361	 1.17381	 1.17353	 1.17383	 
26.95	 0.381	 0.678	 -0.99	 0.3787	 0.673316	 -0.977001	 0.376207	 0.66816	 -0.964218	 0.373663	 0.662888	 -0.951492	 0.371296	 0.658056	 -0.938561	 0.369027	 0.653452	 -0.925527	 1.16273	 1.16264	 1.16285	 1.16256	 1.16285	 
26.96	 0.381	 0.678	 -0.99	 0.378254	 0.673063	 -0.977252	 0.376049	 0.668132	 -0.964399	 0.373981	 0.6632	 -0.951521	 0.371408	 0.658261	 -0.93874	 0.368572	 0.653324	 -0.926011	 1.15301	 1.15289	 1.15308	 1.15282	 1.15313	 
26.97	 0.381	 0.678	 -0.99	 0.378697	 0.672819	 -0.977322	 0.376117	 0.668097	 -0.964519	 0.37347	 0.663493	 -0.951686	 0.371084	 0.658457	 -0.938966	 0.368831	 0.653196	 -0.926311	 1.14462	 1.14451	 1.14471	 1.14445	 1.14476	 
26.98	 0.381	 0.678	 -0.99	 0.378677	 0.673333	 -0.977176	 0.376069	 0.668249	 -0.964568	 0.373388	 0.663061	 -0.952016	 0.370974	 0.658263	 -0.939258	 0.368703	 0.653667	 -0.926398	 1.13777	 1.13769	 1.13791	 1.13764	 1.13794	 
26.99	 0.381	 0.678	 -0.99	 0.378177	 0.673144	 -0.977384	 0.375893	 0.668217	 -0.964687	 0.373745	 0.66327	 -0.951973	 0.371094	 0.658388	 -0.93933	 0.368182	 0.653546	 -0.926728	 1.13274	 1.13264	 1.13285	 1.13261	 1.13293	 
27	 0.381	 0.678	 -0.99	 0.378585	 0.672832	 -0.977446	 0.375946	 0.668143	 -0.96475	 0.373252	 0.663578	 -0.952019	 0.370768	 0.658562	 -0.939418	 0.36839	 0.65331	 -0.92689	 1.1296	 1.1295	 1.12972	 1.12949	 1.12982	 
27.01	 0.381	 0.678	 -0.99	 0.378613	 0.673329	 -0.977256	 0.375903	 0.66827	 -0.964728	 0.37311	 0.663116	 -0.952255	 0.370614	 0.658322	 -0.939578	 0.36828	 0.653716	 -0.9268	 1.12832	 1.12825	 1.12848	 1.12823	 1.12854	 
27.02	 0.381	 0.678	 -0.99	 0.37809	 0.673169	 -0.977423	 0.37571	 0.668229	 -0.964777	 0.373463	 0.663259	 -0.952117	 0.37072	 0.658388	 -0.939518	 0.367719	 0.653576	 -0.926954	 1.12877	 1.12868	 1.12889	 1.12867	 1.12899	 
27.03	 0.381	 0.678	 -0.99	 0.378463	 0.672821	 -0.977467	 0.375738	 0.668132	 -0.964782	 0.37297	 0.663567	 -0.95206	 0.370379	 0.658543	 -0.939476	 0.367877	 0.65328	 -0.92697	 1.13062	 1.13052	 1.13072	 1.1305	 1.13082	 
27.04	 0.381	 0.678	 -0.99	 0.378522	 0.673299	 -0.977247	 0.375694	 0.668242	 -0.964706	 0.372775	 0.663097	 -0.952221	 0.370183	 0.658285	 -0.939533	 0.367767	 0.653646	 -0.926745	 1.13356	 1.13348	 1.13368	 1.13342	 1.13373	 
27.05	 0.381	 0.678	 -0.99	 0.37799	 0.673177	 -0.977381	 0.375495	 0.668199	 -0.96471	 0.373128	 0.66318	 -0.952029	 0.370276	 0.658305	 -0.939394	 0.367172	 0.65351	 -0.926786	 1.13744	 1.13734	 1.13752	 1.13728	 1.1376	 
27.06	 0.381	 0.678	 -0.99	 0.378317	 0.67279	 -0.977427	 0.375505	 0.66808	 -0.964686	 0.372664	 0.663496	 -0.951905	 0.36994	 0.658444	 -0.939277	 0.367275	 0.653147	 -0.926735	 1.14215	 1.14204	 1.14222	 1.14199	 1.1423	 
27.07	 0.381	 0.678	 -0.99	 0.378433	 0.67323	 -0.977189	 0.375465	 0.668163	 -0.964582	 0.372394	 0.663022	 -0.952027	 0.369699	 0.65816	 -0.939279	 0.367203	 0.653439	 -0.926435	 1.14774	 1.14766	 1.14785	 1.14759	 1.14789	 
27.08	 0.381	 0.678	 -0.99	 0.377887	 0.67318	 -0.977282	 0.375257	 0.66812	 -0.964549	 0.372748	 0.662998	 -0.951815	 0.369787	 0.658097	 -0.939092	 0.366593	 0.653318	 -0.926378	 1.15439	 1.15429	 1.15448	 1.15425	 1.15456	 
27.09	 0.381	 0.678	 -0.99	 0.378127	 0.672735	 -0.977345	 0.375244	 0.667972	 -0.964496	 0.372361	 0.663335	 -0.9516	 0.36949	 0.658225	 -0.938882	 0.366621	 0.652873	 -0.926261	 1.16225	 1.16216	 1.16235	 1.16214	 1.16246	 
27.1	 0.381	 0.678	 -0.99	 0.37835	 0.673101	 -0.977085	 0.375227	 0.668026	 -0.964345	 0.371984	 0.662909	 -0.951649	 0.369187	 0.657956	 -0.938787	 0.366624	 0.653085	 -0.925841	 1.17154	 1.17147	 1.17168	 1.17146	 1.17177	 
27.11	 0.381	 0.678	 -0.99	 0.377815	 0.673189	 -0.977093	 0.375016	 0.668012	 -0.96424	 0.372313	 0.662741	 -0.951402	 0.369249	 0.657812	 -0.938511	 0.366	 0.653065	 -0.925595	 1.18252	 1.18245	 1.18265	 1.18245	 1.18278	 
27.12	 0.381	 0.678	 -0.99	 0.377883	 0.672699	 -0.977177	 0.374953	 0.667846	 -0.964134	 0.372072	 0.663105	 -0.951038	 0.369014	 0.657943	 -0.938144	 0.36586	 0.652565	 -0.925359	 1.19535	 1.19527	 1.19548	 1.19531	 1.19564	 
27.13	 0.381	 0.678	 -0.99	 0.378239	 0.672894	 -0.97691	 0.374958	 0.667843	 -0.96392	 0.371547	 0.662809	 -0.950955	 0.368621	 0.657722	 -0.937894	 0.365946	 0.652604	 -0.924789	 1.21012	 1.21007	 1.21029	 1.21011	 1.21043	 
27.14	 0.381	 0.678	 -0.99	 0.37781	 0.67317	 -0.976782	 0.374762	 0.667852	 -0.96372	 0.371748	 0.662412	 -0.950699	 0.368601	 0.657428	 -0.937528	 0.36539	 0.652682	 -0.924283	 1.2269	 1.22684	 1.22706	 1.22689	 1.22721	 
27.15	 0.381	 0.678	 -0.99	 0.377588	 0.672724	 -0.976874	 0.374616	 0.66767	 -0.963557	 0.371757	 0.66267	 -0.950192	 0.368486	 0.65746	 -0.937005	 0.365002	 0.652148	 -0.92391	 1.24553	 1.24545	 1.24566	 1.24551	 1.24583	 
27.16	 0.381	 0.678	 -0.99	 0.377996	 0.67259	 -0.976683	 0.374631	 0.667558	 -0.963304	 0.371178	 0.662622	 -0.94991	 0.368065	 0.657331	 -0.93657	 0.365125	 0.651855	 -0.923263	 1.26575	 1.26568	 1.26589	 1.26573	 1.26605	 
27.17	 0.381	 0.678	 -0.99	 0.377904	 0.672979	 -0.976397	 0.374521	 0.667576	 -0.963012	 0.371066	 0.662078	 -0.949682	 0.367878	 0.65694	 -0.936145	 0.364833	 0.651984	 -0.922505	 1.28726	 1.2872	 1.2874	 1.28722	 1.28753	 
27.18	 0.381	 0.678	 -0.99	 0.377424	 0.672857	 -0.976399	 0.37431	 0.667466	 -0.962781	 0.37131	 0.662012	 -0.949162	 0.367876	 0.65679	 -0.935555	 0.364222	 0.651692	 -0.921957	 1.30971	 1.30963	 1.3098	 1.30962	 1.30993	 
27.19	 0.381	 0.678	 -0.99	 0.377539	 0.672412	 -0.976378	 0.374244	 0.667273	 -0.96254	 0.370993	 0.662244	 -0.94865	 0.367586	 0.656794	 -0.934959	 0.364096	 0.651132	 -0.921373	 1.3327	 1.33261	 1.33278	 1.3326	 1.33291	 
27.2	 0.381	 0.678	 -0.99	 0.377862	 0.672522	 -0.976087	 0.374233	 0.667212	 -0.962229	 0.370484	 0.661947	 -0.948384	 0.367195	 0.656525	 -0.934485	 0.36414	 0.651019	 -0.920563	 1.35599	 1.35591	 1.35607	 1.35588	 1.35617	 
27.21	 0.381	 0.678	 -0.99	 0.377599	 0.672831	 -0.975862	 0.37408	 0.667199	 -0.961932	 0.370528	 0.661455	 -0.948054	 0.367086	 0.656146	 -0.933979	 0.363706	 0.651057	 -0.919806	 1.37947	 1.37939	 1.37954	 1.37934	 1.37964	 
27.22	 0.381	 0.678	 -0.99	 0.3772	 0.672607	 -0.975876	 0.373891	 0.667053	 -0.961692	 0.370701	 0.661458	 -0.947495	 0.36705	 0.656013	 -0.933352	 0.363166	 0.65065	 -0.919239	 1.40319	 1.40311	 1.40325	 1.40307	 1.40336	 
27.23	 0.381	 0.678	 -0.99	 0.377342	 0.672206	 -0.975821	 0.373834	 0.666861	 -0.96143	 0.370367	 0.661626	 -0.946987	 0.366758	 0.655969	 -0.932742	 0.363074	 0.6501	 -0.918599	 1.42736	 1.42728	 1.42743	 1.42726	 1.42756	 
27.24	 0.381	 0.678	 -0.99	 0.377642	 0.67228	 -0.975537	 0.37382	 0.666786	 -0.961101	 0.369886	 0.661351	 -0.946673	 0.366389	 0.655702	 -0.932214	 0.363111	 0.649944	 -0.917746	 1.45229	 1.45223	 1.45239	 1.45223	 1.45252	 
27.25	 0.381	 0.678	 -0.99	 0.377475	 0.672581	 -0.975274	 0.373694	 0.666768	 -0.960763	 0.369849	 0.660861	 -0.946306	 0.366243	 0.655324	 -0.931643	 0.362762	 0.649972	 -0.91688	 1.47831	 1.47825	 1.47842	 1.47827	 1.47857	 
27.26	 0.381	 0.678	 -0.99	 0.377065	 0.6725	 -0.975211	 0.373509	 0.666654	 -0.960459	 0.370044	 0.660722	 -0.945718	 0.366219	 0.655114	 -0.93094	 0.362218	 0.649674	 -0.916144	 1.50557	 1.50551	 1.50569	 1.50555	 1.50585	 
27.27	 0.381	 0.678	 -0.99	 0.377005	 0.672101	 -0.975174	 0.373411	 0.666455	 -0.960148	 0.369914	 0.660869	 -0.945076	 0.366039	 0.655042	 -0.930189	 0.361972	 0.6491	 -0.915397	 1.53401	 1.53396	 1.53414	 1.53401	 1.53431	 
27.28	 0.381	 0.678	 -0.99	 0.377293	 0.671922	 -0.974958	 0.3734	 0.666305	 -0.959784	 0.369465	 0.6608	 -0.944579	 0.365702	 0.654859	 -0.929496	 0.362023	 0.648699	 -0.914477	 1.56334	 1.56328	 1.56345	 1.56331	 1.56361	 
27.29	 0.381	 0.678	 -0.99	 0.377428	 0.672118	 -0.974633	 0.373357	 0.666244	 -0.959388	 0.369165	 0.660374	 -0.944174	 0.365442	 0.654496	 -0.928842	 0.361953	 0.648609	 -0.913456	 1.59301	 1.59294	 1.59309	 1.59293	 1.59322	 
27.3	 0.381	 0.678	 -0.99	 0.377181	 0.67232	 -0.974405	 0.373224	 0.666189	 -0.959017	 0.369232	 0.65995	 -0.943681	 0.365368	 0.654135	 -0.928148	 0.361572	 0.648528	 -0.912521	 1.62243	 1.62234	 1.62247	 1.62229	 1.62257	 
27.31	 0.381	 0.678	 -0.99	 0.37684	 0.672194	 -0.974332	 0.373071	 0.666058	 -0.958692	 0.369394	 0.659841	 -0.943061	 0.365345	 0.653933	 -0.927403	 0.361119	 0.648181	 -0.911732	 1.65106	 1.65097	 1.65107	 1.65088	 1.65115	 
27.32	 0.381	 0.678	 -0.99	 0.376773	 0.671846	 -0.974283	 0.372987	 0.665875	 -0.958384	 0.369307	 0.659944	 -0.942445	 0.365208	 0.653839	 -0.926676	 0.360904	 0.647654	 -0.910991	 1.67863	 1.67853	 1.67863	 1.67843	 1.67869	 
27.33	 0.381	 0.678	 -0.99	 0.376992	 0.671621	 -0.974121	 0.372976	 0.665721	 -0.958062	 0.368961	 0.659933	 -0.94196	 0.364953	 0.653693	 -0.926028	 0.360944	 0.647231	 -0.910183	 1.70517	 1.70507	 1.70518	 1.70498	 1.70524	 
27.34	 0.381	 0.678	 -0.99	 0.377205	 0.671691	 -0.973855	 0.37297	 0.665639	 -0.957721	 0.368633	 0.65965	 -0.94159	 0.364713	 0.653417	 -0.925446	 0.360994	 0.647062	 -0.909301	 1.73098	 1.73089	 1.731	 1.73081	 1.73107	 
27.35	 0.381	 0.678	 -0.99	 0.377165	 0.671909	 -0.973597	 0.37291	 0.665598	 -0.957382	 0.368556	 0.659238	 -0.941212	 0.364601	 0.653084	 -0.924862	 0.360842	 0.647028	 -0.908428	 1.75652	 1.75644	 1.75655	 1.75638	 1.75664	 
27.36	 0.381	 0.678	 -0.99	 0.3769	 0.672006	 -0.973441	 0.372801	 0.665534	 -0.957063	 0.368701	 0.65895	 -0.940729	 0.364601	 0.652816	 -0.924222	 0.360507	 0.646902	 -0.907632	 1.7822	 1.78212	 1.78224	 1.78209	 1.78235	 
27.37	 0.381	 0.678	 -0.99	 0.376643	 0.671858	 -0.973373	 0.372697	 0.665413	 -0.956759	 0.368847	 0.658895	 -0.940149	 0.364608	 0.652662	 -0.923526	 0.360183	 0.64657	 -0.906897	 1.80823	 1.80815	 1.80829	 1.80814	 1.8084	 
27.38	 0.381	 0.678	 -0.99	 0.376589	 0.671565	 -0.973307	 0.372645	 0.665255	 -0.956451	 0.368811	 0.658971	 -0.939559	 0.364535	 0.652566	 -0.92282	 0.360046	 0.646109	 -0.906155	 1.83457	 1.83451	 1.83464	 1.83449	 1.83475	 
27.39	 0.381	 0.678	 -0.99	 0.376748	 0.671331	 -0.973166	 0.372647	 0.665106	 -0.956126	 0.368584	 0.658981	 -0.93904	 0.364383	 0.652436	 -0.922145	 0.36011	 0.645691	 -0.905346	 1.86095	 1.86089	 1.86102	 1.86086	 1.86111	 
27.4	 0.381	 0.678	 -0.99	 0.376969	 0.671289	 -0.97294	 0.372669	 0.665	 -0.955786	 0.368313	 0.658811	 -0.938608	 0.364218	 0.652221	 -0.921517	 0.360244	 0.645438	 -0.904471	 1.88695	 1.88687	 1.88698	 1.88682	 1.88708	 
27.41	 0.381	 0.678	 -0.99	 0.377082	 0.671416	 -0.972683	 0.372674	 0.664939	 -0.955444	 0.368159	 0.658489	 -0.938222	 0.364115	 0.651939	 -0.920922	 0.360294	 0.645338	 -0.903589	 1.91215	 1.91206	 1.91215	 1.91198	 1.91223	 
27.42	 0.381	 0.678	 -0.99	 0.377014	 0.671584	 -0.972463	 0.372646	 0.664894	 -0.95512	 0.368192	 0.658143	 -0.937823	 0.364105	 0.651651	 -0.920338	 0.360196	 0.645279	 -0.902767	 1.93627	 1.93616	 1.93624	 1.93606	 1.9363	 
27.43	 0.381	 0.678	 -0.99	 0.376815	 0.671653	 -0.97232	 0.372593	 0.66483	 -0.954827	 0.368362	 0.657898	 -0.937379	 0.364169	 0.651415	 -0.919752	 0.360001	 0.645145	 -0.90204	 1.95918	 1.95907	 1.95915	 1.95895	 1.95919	 
27.44	 0.381	 0.678	 -0.99	 0.376611	 0.671562	 -0.972246	 0.372544	 0.664731	 -0.954562	 0.368551	 0.657809	 -0.936897	 0.364253	 0.651258	 -0.919164	 0.359816	 0.644886	 -0.901397	 1.98096	 1.98086	 1.98093	 1.98073	 1.98096	 
27.45	 0.381	 0.678	 -0.99	 0.376517	 0.671353	 -0.972196	 0.372528	 0.664611	 -0.954311	 0.368652	 0.657845	 -0.93641	 0.364304	 0.651167	 -0.918586	 0.359737	 0.644538	 -0.900797	 2.00178	 2.00169	 2.00177	 2.00158	 2.0018	 
27.46	 0.381	 0.678	 -0.99	 0.37657	 0.671124	 -0.972125	 0.372548	 0.664494	 -0.954061	 0.368619	 0.657917	 -0.935957	 0.364302	 0.651107	 -0.918031	 0.359801	 0.644192	 -0.900188	 2.02187	 2.0218	 2.0219	 2.0217	 2.02192	 
27.47	 0.381	 0.678	 -0.99	 0.376737	 0.670969	 -0.972003	 0.372594	 0.664397	 -0.953805	 0.368483	 0.657931	 -0.935562	 0.364259	 0.65103	 -0.917507	 0.359975	 0.643926	 -0.899543	 2.04144	 2.04137	 2.04147	 2.04128	 2.0415	 
27.48	 0.381	 0.678	 -0.99	 0.37694	 0.67094	 -0.971829	 0.37266	 0.664332	 -0.95354	 0.368332	 0.657828	 -0.935224	 0.36421	 0.650897	 -0.917019	 0.360181	 0.643765	 -0.898869	 2.06056	 2.06048	 2.06058	 2.06039	 2.06061	 
27.49	 0.381	 0.678	 -0.99	 0.377089	 0.671024	 -0.971631	 0.372721	 0.66429	 -0.953275	 0.368247	 0.657612	 -0.934923	 0.364201	 0.650704	 -0.916559	 0.360356	 0.643685	 -0.898191	 2.07917	 2.07908	 2.07917	 2.07898	 2.07921	 
27.5	 0.381	 0.678	 -0.99	 0.377124	 0.67116	 -0.971444	 0.372757	 0.664255	 -0.953023	 0.368278	 0.657337	 -0.934632	 0.364266	 0.650479	 -0.916113	 0.360473	 0.643645	 -0.897538	 2.09709	 2.09699	 2.09706	 2.09689	 2.09712	 
27.51	 0.381	 0.678	 -0.99	 0.377052	 0.671278	 -0.971295	 0.372774	 0.664218	 -0.952789	 0.368425	 0.657083	 -0.934328	 0.364395	 0.650268	 -0.915676	 0.360515	 0.6436	 -0.896938	 2.11406	 2.11394	 2.11401	 2.11383	 2.11406	 
27.52	 0.381	 0.678	 -0.99	 0.37692	 0.671325	 -0.971195	 0.372791	 0.664172	 -0.952578	 0.368652	 0.656912	 -0.934004	 0.364562	 0.650105	 -0.91525	 0.360501	 0.643508	 -0.896413	 2.12978	 2.12966	 2.12972	 2.12952	 2.12974	 
27.53	 0.381	 0.678	 -0.99	 0.376784	 0.671277	 -0.971141	 0.372813	 0.664112	 -0.952392	 0.368895	 0.656846	 -0.93367	 0.364742	 0.649999	 -0.914843	 0.360489	 0.643348	 -0.895967	 2.14398	 2.14386	 2.14392	 2.1437	 2.14391	 
27.54	 0.381	 0.678	 -0.99	 0.376698	 0.671144	 -0.971118	 0.372848	 0.664037	 -0.952233	 0.369096	 0.656871	 -0.933349	 0.364915	 0.649942	 -0.914469	 0.360538	 0.643129	 -0.895589	 2.1565	 2.1564	 2.15645	 2.15621	 2.1564	 
27.55	 0.381	 0.678	 -0.99	 0.376701	 0.670967	 -0.971105	 0.372907	 0.663956	 -0.952095	 0.369225	 0.656948	 -0.933062	 0.365063	 0.64992	 -0.914136	 0.36068	 0.642888	 -0.895261	 2.16731	 2.16722	 2.16727	 2.16702	 2.16721	 
27.56	 0.381	 0.678	 -0.99	 0.376801	 0.670801	 -0.971079	 0.372992	 0.663887	 -0.951971	 0.369272	 0.657035	 -0.932822	 0.36518	 0.649914	 -0.91385	 0.360913	 0.642673	 -0.894961	 2.17654	 2.17645	 2.17651	 2.17625	 2.17644	 
27.57	 0.381	 0.678	 -0.99	 0.37697	 0.670694	 -0.971027	 0.373096	 0.663841	 -0.951853	 0.369259	 0.657088	 -0.932636	 0.365273	 0.649905	 -0.913609	 0.361213	 0.642525	 -0.894671	 2.18443	 2.18434	 2.18441	 2.18416	 2.18436	 
27.58	 0.381	 0.678	 -0.99	 0.377166	 0.670667	 -0.970947	 0.373207	 0.663817	 -0.951741	 0.369223	 0.657073	 -0.932502	 0.365358	 0.649871	 -0.913408	 0.361544	 0.642457	 -0.894382	 2.1913	 2.19121	 2.19128	 2.19105	 2.19125	 
27.59	 0.381	 0.678	 -0.99	 0.377341	 0.670722	 -0.970848	 0.373316	 0.663809	 -0.951635	 0.369213	 0.656977	 -0.932408	 0.365462	 0.649798	 -0.913238	 0.361867	 0.642457	 -0.894098	 2.19743	 2.19733	 2.19741	 2.19719	 2.19741	 
27.6	 0.381	 0.678	 -0.99	 0.377457	 0.670835	 -0.970744	 0.373417	 0.66381	 -0.951535	 0.369271	 0.656818	 -0.932336	 0.365603	 0.649694	 -0.91309	 0.362151	 0.642503	 -0.893827	 2.203	 2.20288	 2.20296	 2.20276	 2.20298	 
27.61	 0.381	 0.678	 -0.99	 0.377499	 0.670971	 -0.970651	 0.373512	 0.663818	 -0.951442	 0.369417	 0.656641	 -0.932265	 0.365785	 0.649583	 -0.912952	 0.362366	 0.642575	 -0.893581	 2.20799	 2.20787	 2.20794	 2.20774	 2.20796	 
27.62	 0.381	 0.678	 -0.99	 0.377466	 0.671092	 -0.970583	 0.373593	 0.663831	 -0.951361	 0.36964	 0.656494	 -0.932184	 0.366002	 0.649493	 -0.912822	 0.362516	 0.642641	 -0.893376	 2.21226	 2.21213	 2.2122	 2.21199	 2.21219	 
27.63	 0.381	 0.678	 -0.99	 0.377371	 0.671159	 -0.970553	 0.373653	 0.663838	 -0.9513	 0.369909	 0.65641	 -0.932093	 0.366248	 0.649439	 -0.9127	 0.362631	 0.642676	 -0.893225	 2.21555	 2.21543	 2.21549	 2.21526	 2.21546	 
27.64	 0.381	 0.678	 -0.99	 0.377262	 0.671151	 -0.970562	 0.373707	 0.66383	 -0.951263	 0.370193	 0.656404	 -0.931997	 0.366505	 0.649427	 -0.912597	 0.362742	 0.642657	 -0.893137	 2.21764	 2.21751	 2.21757	 2.21733	 2.21752	 
27.65	 0.381	 0.678	 -0.99	 0.377187	 0.671073	 -0.970599	 0.373779	 0.663812	 -0.951247	 0.370458	 0.656474	 -0.931907	 0.366753	 0.649452	 -0.912522	 0.362877	 0.642581	 -0.893115	 2.21833	 2.21822	 2.21827	 2.21801	 2.2182	 
27.66	 0.381	 0.678	 -0.99	 0.377175	 0.670946	 -0.970653	 0.373864	 0.663788	 -0.95125	 0.370666	 0.656604	 -0.931838	 0.366982	 0.649514	 -0.912479	 0.363075	 0.642475	 -0.893144	 2.21757	 2.21746	 2.21752	 2.21725	 2.21742	 
27.67	 0.381	 0.678	 -0.99	 0.377241	 0.670803	 -0.970709	 0.373964	 0.663766	 -0.951271	 0.3708	 0.656763	 -0.931803	 0.367181	 0.649605	 -0.912473	 0.36335	 0.642382	 -0.893206	 2.21536	 2.21526	 2.21532	 2.21503	 2.2152	 
27.68	 0.381	 0.678	 -0.99	 0.377388	 0.670688	 -0.97075	 0.374089	 0.663757	 -0.951304	 0.370864	 0.656909	 -0.931816	 0.367344	 0.6497	 -0.912512	 0.363684	 0.642329	 -0.893294	 2.21175	 2.21165	 2.21171	 2.21142	 2.2116	 
27.69	 0.381	 0.678	 -0.99	 0.377589	 0.670636	 -0.970768	 0.374229	 0.663765	 -0.951347	 0.370881	 0.657005	 -0.931884	 0.367485	 0.649777	 -0.9126	 0.364061	 0.642336	 -0.893402	 2.20677	 2.20666	 2.20671	 2.20643	 2.20662	 
27.7	 0.381	 0.678	 -0.99	 0.377799	 0.670666	 -0.970766	 0.37437	 0.663795	 -0.951402	 0.37089	 0.65703	 -0.932009	 0.367625	 0.649825	 -0.91274	 0.364454	 0.642417	 -0.89353	 2.2004	 2.20028	 2.20033	 2.20005	 2.20024	 
27.71	 0.381	 0.678	 -0.99	 0.377972	 0.670777	 -0.970751	 0.374501	 0.663848	 -0.951471	 0.370931	 0.656988	 -0.932183	 0.36778	 0.649848	 -0.912925	 0.36482	 0.642577	 -0.893686	 2.19262	 2.19248	 2.19253	 2.19225	 2.19245	 
27.72	 0.381	 0.678	 -0.99	 0.378068	 0.670944	 -0.97074	 0.374612	 0.663921	 -0.951556	 0.371039	 0.656908	 -0.932389	 0.367966	 0.649865	 -0.913149	 0.365122	 0.642803	 -0.893879	 2.1834	 2.18326	 2.18331	 2.18303	 2.18323	 
27.73	 0.381	 0.678	 -0.99	 0.378072	 0.671124	 -0.970749	 0.374702	 0.664004	 -0.951661	 0.371233	 0.656831	 -0.93261	 0.368187	 0.649891	 -0.913403	 0.365337	 0.643053	 -0.894128	 2.17281	 2.17266	 2.17271	 2.17243	 2.17262	 
27.74	 0.381	 0.678	 -0.99	 0.377996	 0.671264	 -0.970795	 0.374776	 0.66408	 -0.951789	 0.371505	 0.656798	 -0.932829	 0.36844	 0.649939	 -0.91368	 0.365475	 0.643273	 -0.894446	 2.16094	 2.16079	 2.16085	 2.16056	 2.16075	 
27.75	 0.381	 0.678	 -0.99	 0.377874	 0.67132	 -0.970887	 0.374838	 0.664138	 -0.951942	 0.37182	 0.656843	 -0.933038	 0.368716	 0.650022	 -0.913973	 0.365578	 0.643423	 -0.894835	 2.14793	 2.14779	 2.14785	 2.14756	 2.14774	 
27.76	 0.381	 0.678	 -0.99	 0.377764	 0.671276	 -0.971019	 0.374901	 0.664174	 -0.952118	 0.372122	 0.656986	 -0.933236	 0.368989	 0.650155	 -0.914279	 0.365695	 0.643494	 -0.895287	 2.13389	 2.13377	 2.13384	 2.13354	 2.13372	 
27.77	 0.381	 0.678	 -0.99	 0.377729	 0.671154	 -0.971176	 0.374982	 0.664197	 -0.952309	 0.372352	 0.657213	 -0.933435	 0.369226	 0.650335	 -0.9146	 0.36587	 0.643511	 -0.895784	 2.11889	 2.11877	 2.11885	 2.11854	 2.11872	 
27.78	 0.381	 0.678	 -0.99	 0.377808	 0.671008	 -0.971329	 0.375087	 0.664222	 -0.95251	 0.372472	 0.657479	 -0.933659	 0.369406	 0.650541	 -0.914949	 0.366129	 0.643518	 -0.896306	 2.10289	 2.10278	 2.10286	 2.10256	 2.10274	 
27.79	 0.381	 0.678	 -0.99	 0.377992	 0.670908	 -0.971458	 0.37521	 0.664261	 -0.952717	 0.372481	 0.657712	 -0.933934	 0.369532	 0.65074	 -0.915339	 0.366478	 0.643574	 -0.896834	 2.08586	 2.08574	 2.08582	 2.08551	 2.08569	 
27.8	 0.381	 0.678	 -0.99	 0.37823	 0.670913	 -0.971548	 0.375341	 0.664325	 -0.952931	 0.372427	 0.657852	 -0.934277	 0.369627	 0.650903	 -0.91578	 0.366874	 0.643732	 -0.897359	 2.06769	 2.06755	 2.06763	 2.06732	 2.06751	 
27.81	 0.381	 0.678	 -0.99	 0.378446	 0.671048	 -0.971603	 0.375467	 0.664424	 -0.95315	 0.372394	 0.657879	 -0.934684	 0.369724	 0.651021	 -0.916271	 0.367238	 0.644012	 -0.897888	 2.0483	 2.04816	 2.04823	 2.04792	 2.04811	 
27.82	 0.381	 0.678	 -0.99	 0.378552	 0.67128	 -0.971648	 0.375569	 0.664556	 -0.953379	 0.372462	 0.657832	 -0.935129	 0.369861	 0.651112	 -0.916801	 0.367497	 0.644389	 -0.898441	 2.02768	 2.02753	 2.02759	 2.02727	 2.02746	 
27.83	 0.381	 0.678	 -0.99	 0.378504	 0.671521	 -0.971722	 0.37563	 0.664696	 -0.953627	 0.372668	 0.657793	 -0.935576	 0.370058	 0.651216	 -0.917352	 0.36762	 0.64479	 -0.89905	 2.0058	 2.00565	 2.00571	 2.00538	 2.00558	 
27.84	 0.381	 0.678	 -0.99	 0.378335	 0.671665	 -0.971858	 0.375661	 0.664818	 -0.953905	 0.372979	 0.657854	 -0.935998	 0.370304	 0.651372	 -0.917912	 0.367637	 0.645117	 -0.899744	 1.98272	 1.98256	 1.98263	 1.9823	 1.98249	 
27.85	 0.381	 0.678	 -0.99	 0.378158	 0.671645	 -0.972063	 0.375686	 0.664903	 -0.954212	 0.373297	 0.658069	 -0.936386	 0.370552	 0.651599	 -0.918477	 0.367642	 0.645305	 -0.90053	 1.9585	 1.95836	 1.95844	 1.9581	 1.95829	 
27.86	 0.381	 0.678	 -0.99	 0.378101	 0.671488	 -0.972306	 0.375738	 0.664953	 -0.954542	 0.373498	 0.65841	 -0.936765	 0.370745	 0.651885	 -0.919055	 0.36775	 0.645376	 -0.901378	 1.93333	 1.9332	 1.93328	 1.93294	 1.93313	 
27.87	 0.381	 0.678	 -0.99	 0.378238	 0.671316	 -0.972533	 0.375833	 0.664999	 -0.954879	 0.37351	 0.658764	 -0.937183	 0.370848	 0.652181	 -0.919665	 0.36802	 0.645436	 -0.902233	 1.9074	 1.90727	 1.90737	 1.90703	 1.90722	 
27.88	 0.381	 0.678	 -0.99	 0.37852	 0.671283	 -0.972691	 0.37596	 0.665078	 -0.955205	 0.373382	 0.658991	 -0.93768	 0.370877	 0.65242	 -0.920321	 0.368402	 0.645618	 -0.903047	 1.88096	 1.88082	 1.88092	 1.88059	 1.88079	 
27.89	 0.381	 0.678	 -0.99	 0.378775	 0.671465	 -0.972777	 0.376079	 0.665209	 -0.955519	 0.373273	 0.65902	 -0.938253	 0.370906	 0.652567	 -0.921021	 0.368751	 0.645983	 -0.903809	 1.85417	 1.85403	 1.85413	 1.8538	 1.85401	 
27.9	 0.381	 0.678	 -0.99	 0.378822	 0.671777	 -0.972846	 0.376145	 0.665373	 -0.955831	 0.373348	 0.658929	 -0.93885	 0.371019	 0.652655	 -0.921737	 0.36892	 0.64646	 -0.904564	 1.82715	 1.82701	 1.82711	 1.82678	 1.82699	 
27.91	 0.381	 0.678	 -0.99	 0.378628	 0.67201	 -0.972981	 0.376149	 0.665521	 -0.956162	 0.373642	 0.658916	 -0.939392	 0.371235	 0.652782	 -0.922431	 0.368882	 0.646876	 -0.905381	 1.79988	 1.79974	 1.79985	 1.79952	 1.79972	 
27.92	 0.381	 0.678	 -0.99	 0.378371	 0.671996	 -0.973218	 0.376133	 0.665615	 -0.95652	 0.373986	 0.659144	 -0.939844	 0.371472	 0.653029	 -0.923087	 0.368783	 0.647092	 -0.906292	 1.77227	 1.77213	 1.77225	 1.77191	 1.77211	 
27.93	 0.381	 0.678	 -0.99	 0.378318	 0.671778	 -0.973506	 0.376162	 0.665665	 -0.956895	 0.374132	 0.659577	 -0.940259	 0.371608	 0.653386	 -0.92373	 0.368841	 0.647151	 -0.907256	 1.74419	 1.74405	 1.74416	 1.74382	 1.74403	 
27.94	 0.381	 0.678	 -0.99	 0.378565	 0.671618	 -0.973732	 0.37626	 0.665732	 -0.957261	 0.373988	 0.659964	 -0.940743	 0.371594	 0.65373	 -0.924415	 0.369135	 0.647269	 -0.908184	 1.71558	 1.71543	 1.71554	 1.7152	 1.71541	 
27.95	 0.381	 0.678	 -0.99	 0.378896	 0.671759	 -0.973839	 0.376376	 0.665872	 -0.957605	 0.373757	 0.660074	 -0.941355	 0.371528	 0.65394	 -0.925172	 0.369488	 0.64764	 -0.909026	 1.68645	 1.6863	 1.68641	 1.68606	 1.68627	 
27.96	 0.381	 0.678	 -0.99	 0.378961	 0.672133	 -0.973899	 0.376426	 0.666069	 -0.957942	 0.37377	 0.65996	 -0.942022	 0.371575	 0.654036	 -0.925965	 0.369611	 0.6482	 -0.909844	 1.65695	 1.65681	 1.65692	 1.65657	 1.65678	 
27.97	 0.381	 0.678	 -0.99	 0.378681	 0.672376	 -0.974058	 0.376389	 0.666233	 -0.958306	 0.374098	 0.659965	 -0.942602	 0.371776	 0.654184	 -0.92672	 0.369443	 0.648644	 -0.910752	 1.62733	 1.62719	 1.62732	 1.62698	 1.62719	 
27.98	 0.381	 0.678	 -0.99	 0.378413	 0.672239	 -0.974358	 0.376347	 0.666303	 -0.958704	 0.374404	 0.660323	 -0.94305	 0.371966	 0.654505	 -0.927407	 0.369284	 0.648773	 -0.911771	 1.59786	 1.59773	 1.59787	 1.59754	 1.59777	 
27.99	 0.381	 0.678	 -0.99	 0.378545	 0.671961	 -0.974649	 0.376395	 0.666337	 -0.959096	 0.37432	 0.660812	 -0.943497	 0.371958	 0.654896	 -0.928086	 0.36945	 0.648789	 -0.912771	 1.56881	 1.56867	 1.56881	 1.56849	 1.56873	 
28	 0.381	 0.678	 -0.99	 0.378931	 0.672021	 -0.974771	 0.376502	 0.666451	 -0.959442	 0.37399	 0.660982	 -0.944089	 0.371818	 0.65513	 -0.928828	 0.369812	 0.649084	 -0.913617	 1.54029	 1.54016	 1.54031	 1.53999	 1.54023	 
28.01	 0.381	 0.678	 -0.99	 0.379008	 0.672439	 -0.974801	 0.376536	 0.666653	 -0.959757	 0.373947	 0.660817	 -0.944752	 0.371811	 0.655192	 -0.929598	 0.369905	 0.649669	 -0.914374	 1.51235	 1.51223	 1.51239	 1.51206	 1.5123	 
28.02	 0.381	 0.678	 -0.99	 0.378643	 0.672655	 -0.974968	 0.37646	 0.666808	 -0.960099	 0.374316	 0.660839	 -0.945272	 0.372009	 0.655339	 -0.930291	 0.369625	 0.650078	 -0.915234	 1.48496	 1.48484	 1.485	 1.48467	 1.4849	 
28.03	 0.381	 0.678	 -0.99	 0.378439	 0.672387	 -0.975292	 0.376416	 0.666842	 -0.960476	 0.374526	 0.661311	 -0.945636	 0.372129	 0.655711	 -0.930898	 0.369477	 0.650084	 -0.916212	 1.45802	 1.45788	 1.45803	 1.45771	 1.45796	 
28.04	 0.381	 0.678	 -0.99	 0.378776	 0.672183	 -0.975506	 0.3765	 0.666885	 -0.960824	 0.374216	 0.661714	 -0.946098	 0.371983	 0.656052	 -0.931546	 0.369771	 0.650144	 -0.917088	 1.43145	 1.43131	 1.43146	 1.43114	 1.4314	 
28.05	 0.381	 0.678	 -0.99	 0.379057	 0.672529	 -0.975518	 0.376569	 0.667061	 -0.961119	 0.373951	 0.661596	 -0.946741	 0.371849	 0.656128	 -0.932282	 0.37001	 0.650656	 -0.917787	 1.40527	 1.40515	 1.40531	 1.40498	 1.40523	 
28.06	 0.381	 0.678	 -0.99	 0.378731	 0.67288	 -0.975618	 0.37649	 0.667239	 -0.961428	 0.374255	 0.661472	 -0.947288	 0.372	 0.656193	 -0.932963	 0.36974	 0.651163	 -0.918548	 1.37963	 1.37952	 1.37968	 1.37934	 1.37959	 
28.07	 0.381	 0.678	 -0.99	 0.378434	 0.672628	 -0.975938	 0.376416	 0.667269	 -0.961784	 0.374534	 0.661911	 -0.947609	 0.372141	 0.656539	 -0.933519	 0.369487	 0.651166	 -0.919475	 1.3547	 1.35456	 1.35472	 1.3544	 1.35467	 
28.08	 0.381	 0.678	 -0.99	 0.378797	 0.672389	 -0.976143	 0.376504	 0.667294	 -0.962103	 0.374189	 0.662327	 -0.94802	 0.371959	 0.656874	 -0.934106	 0.369766	 0.651173	 -0.920284	 1.33062	 1.33048	 1.33066	 1.33036	 1.33063	 
28.09	 0.381	 0.678	 -0.99	 0.379042	 0.672797	 -0.976112	 0.376558	 0.667474	 -0.962354	 0.373941	 0.662124	 -0.94863	 0.371814	 0.656885	 -0.934782	 0.369941	 0.6517	 -0.920875	 1.30755	 1.30744	 1.30762	 1.3073	 1.30756	 
28.1	 0.381	 0.678	 -0.99	 0.378597	 0.673046	 -0.976246	 0.376433	 0.667612	 -0.962635	 0.374326	 0.662059	 -0.949061	 0.371991	 0.656956	 -0.935352	 0.369546	 0.652087	 -0.921575	 1.28558	 1.28547	 1.28566	 1.28535	 1.28562	 
28.11	 0.381	 0.678	 -0.99	 0.378475	 0.672647	 -0.976567	 0.376383	 0.667588	 -0.962949	 0.3744	 0.662602	 -0.949287	 0.372011	 0.657339	 -0.935796	 0.36941	 0.65194	 -0.922396	 1.26477	 1.26463	 1.26481	 1.26453	 1.26482	 
28.12	 0.381	 0.678	 -0.99	 0.378957	 0.67266	 -0.976621	 0.376484	 0.667665	 -0.963183	 0.373904	 0.662759	 -0.949731	 0.371727	 0.657528	 -0.936332	 0.369754	 0.652127	 -0.922967	 1.2451	 1.24498	 1.24517	 1.24487	 1.24516	 
28.13	 0.381	 0.678	 -0.99	 0.378816	 0.673167	 -0.976583	 0.376425	 0.667864	 -0.96338	 0.373981	 0.662446	 -0.950233	 0.371728	 0.657464	 -0.936883	 0.369579	 0.652708	 -0.923432	 1.22664	 1.22655	 1.22675	 1.22644	 1.22672	 
28.14	 0.381	 0.678	 -0.99	 0.378368	 0.672976	 -0.976857	 0.376281	 0.667883	 -0.963643	 0.374332	 0.66277	 -0.950414	 0.371872	 0.657721	 -0.937249	 0.36915	 0.652709	 -0.924118	 1.20951	 1.20938	 1.20958	 1.2093	 1.2096	 
28.15	 0.381	 0.678	 -0.99	 0.378749	 0.672679	 -0.977016	 0.376347	 0.667865	 -0.963864	 0.373909	 0.663179	 -0.95067	 0.371614	 0.658019	 -0.937631	 0.369388	 0.652613	 -0.924677	 1.19373	 1.19361	 1.1938	 1.19353	 1.19384	 
28.16	 0.381	 0.678	 -0.99	 0.378896	 0.673165	 -0.976905	 0.37636	 0.668039	 -0.963999	 0.373712	 0.662843	 -0.951142	 0.371463	 0.65792	 -0.938106	 0.369427	 0.653135	 -0.924981	 1.17937	 1.17928	 1.17949	 1.1792	 1.17948	 
28.17	 0.381	 0.678	 -0.99	 0.378358	 0.673186	 -0.977087	 0.376192	 0.668093	 -0.964193	 0.374142	 0.662929	 -0.951307	 0.371641	 0.658023	 -0.938401	 0.368908	 0.653258	 -0.925488	 1.16651	 1.16641	 1.16661	 1.16635	 1.16666	 
28.18	 0.381	 0.678	 -0.99	 0.378585	 0.672754	 -0.977293	 0.376205	 0.668021	 -0.964381	 0.373837	 0.663418	 -0.951419	 0.371434	 0.658333	 -0.938646	 0.36901	 0.653001	 -0.925976	 1.15515	 1.15503	 1.15522	 1.15497	 1.15528	 
28.19	 0.381	 0.678	 -0.99	 0.378868	 0.673159	 -0.977154	 0.376236	 0.668155	 -0.964466	 0.373477	 0.663112	 -0.951818	 0.371189	 0.658222	 -0.939019	 0.369148	 0.65341	 -0.926147	 1.14518	 1.1451	 1.14531	 1.14503	 1.14533	 
28.2	 0.381	 0.678	 -0.99	 0.378321	 0.67329	 -0.977269	 0.376056	 0.66822	 -0.964597	 0.373895	 0.663056	 -0.951943	 0.371348	 0.658228	 -0.939231	 0.368602	 0.65358	 -0.926491	 1.13668	 1.13658	 1.13679	 1.13652	 1.13682	 
28.21	 0.381	 0.678	 -0.99	 0.378465	 0.672813	 -0.977477	 0.376045	 0.668121	 -0.96474	 0.373657	 0.663553	 -0.951949	 0.371164	 0.65852	 -0.939357	 0.368612	 0.653248	 -0.926873	 1.12958	 1.12946	 1.12965	 1.12941	 1.12972	 
28.22	 0.381	 0.678	 -0.99	 0.378799	 0.673171	 -0.977314	 0.376082	 0.668226	 -0.964774	 0.373235	 0.663256	 -0.952271	 0.370872	 0.658394	 -0.939627	 0.368763	 0.653585	 -0.926917	 1.12384	 1.12376	 1.12397	 1.1237	 1.124	 
28.23	 0.381	 0.678	 -0.99	 0.378252	 0.673332	 -0.977391	 0.375896	 0.668285	 -0.964849	 0.373636	 0.663141	 -0.952327	 0.371009	 0.65835	 -0.939739	 0.368194	 0.653749	 -0.927118	 1.11961	 1.11951	 1.11972	 1.11946	 1.11978	 
28.24	 0.381	 0.678	 -0.99	 0.378375	 0.672843	 -0.977576	 0.375872	 0.668173	 -0.964936	 0.373402	 0.663627	 -0.952243	 0.370816	 0.65862	 -0.93975	 0.368165	 0.653377	 -0.927365	 1.11693	 1.11682	 1.11702	 1.11679	 1.11711	 
28.25	 0.381	 0.678	 -0.99	 0.378704	 0.673189	 -0.977381	 0.375896	 0.668264	 -0.96491	 0.372959	 0.663313	 -0.952479	 0.370501	 0.658467	 -0.939904	 0.368296	 0.653673	 -0.927261	 1.11586	 1.11578	 1.116	 1.11575	 1.11606	 
28.26	 0.381	 0.678	 -0.99	 0.378151	 0.673337	 -0.977433	 0.375695	 0.6683	 -0.964928	 0.373338	 0.663169	 -0.952442	 0.370614	 0.658385	 -0.939894	 0.367701	 0.653788	 -0.927316	 1.11653	 1.11644	 1.11665	 1.11642	 1.11674	 
28.27	 0.381	 0.678	 -0.99	 0.378275	 0.672839	 -0.977584	 0.375666	 0.668165	 -0.964954	 0.373087	 0.663613	 -0.95227	 0.3704	 0.658604	 -0.939785	 0.367651	 0.653359	 -0.927408	 1.1189	 1.11879	 1.119	 1.1188	 1.11912	 
28.28	 0.381	 0.678	 -0.99	 0.378597	 0.67317	 -0.977358	 0.375685	 0.668228	 -0.964867	 0.372643	 0.66326	 -0.952417	 0.370074	 0.658396	 -0.939821	 0.367754	 0.653583	 -0.927155	 1.12286	 1.12279	 1.12301	 1.12277	 1.12308	 
28.29	 0.381	 0.678	 -0.99	 0.378048	 0.673307	 -0.977384	 0.375477	 0.668235	 -0.964831	 0.373002	 0.663067	 -0.952297	 0.370167	 0.658251	 -0.9397	 0.367149	 0.653625	 -0.927073	 1.12831	 1.12823	 1.12844	 1.12821	 1.12853	 
28.3	 0.381	 0.678	 -0.99	 0.378144	 0.672799	 -0.977513	 0.37543	 0.668073	 -0.964808	 0.372755	 0.663466	 -0.952049	 0.369949	 0.658413	 -0.939491	 0.367069	 0.653131	 -0.927042	 1.13505	 1.13495	 1.13514	 1.13493	 1.13525	 
28.31	 0.381	 0.678	 -0.99	 0.378481	 0.673087	 -0.977269	 0.375447	 0.668109	 -0.964677	 0.372284	 0.663118	 -0.95212	 0.369604	 0.658184	 -0.939431	 0.367178	 0.653278	 -0.926678	 1.14288	 1.1428	 1.143	 1.14276	 1.14307	 
28.32	 0.381	 0.678	 -0.99	 0.37796	 0.673271	 -0.977249	 0.375244	 0.66812	 -0.964589	 0.372609	 0.662863	 -0.951954	 0.369672	 0.657996	 -0.939232	 0.36658	 0.653338	 -0.926465	 1.15181	 1.15172	 1.15191	 1.15168	 1.152	 
28.33	 0.381	 0.678	 -0.99	 0.377964	 0.672764	 -0.977374	 0.375167	 0.667954	 -0.964526	 0.372433	 0.663251	 -0.951623	 0.369478	 0.658147	 -0.938925	 0.366404	 0.652839	 -0.926337	 1.1619	 1.16179	 1.16199	 1.16178	 1.1621	 
28.34	 0.381	 0.678	 -0.99	 0.378356	 0.672945	 -0.977131	 0.37519	 0.667959	 -0.964353	 0.371893	 0.662993	 -0.9516	 0.369083	 0.657963	 -0.938756	 0.366528	 0.652896	 -0.925872	 1.17332	 1.17325	 1.17345	 1.17324	 1.17355	 
28.35	 0.381	 0.678	 -0.99	 0.377916	 0.673238	 -0.977023	 0.375	 0.667992	 -0.964196	 0.372123	 0.662623	 -0.951409	 0.369084	 0.657707	 -0.938479	 0.365968	 0.653028	 -0.925478	 1.18637	 1.1863	 1.1865	 1.1863	 1.18663	 
28.36	 0.381	 0.678	 -0.99	 0.377732	 0.672769	 -0.977142	 0.374864	 0.667822	 -0.964079	 0.372098	 0.662944	 -0.950966	 0.368956	 0.657799	 -0.938043	 0.365618	 0.65252	 -0.925221	 1.20122	 1.20114	 1.20135	 1.20119	 1.20152	 
28.37	 0.381	 0.678	 -0.99	 0.378161	 0.672725	 -0.976937	 0.374883	 0.667746	 -0.963862	 0.371497	 0.662844	 -0.950783	 0.368524	 0.657664	 -0.937712	 0.365763	 0.652337	 -0.924652	 1.21799	 1.21793	 1.21814	 1.21798	 1.2183	 
28.38	 0.381	 0.678	 -0.99	 0.377939	 0.673121	 -0.9767	 0.374742	 0.667776	 -0.963613	 0.371511	 0.662317	 -0.950581	 0.368406	 0.657293	 -0.937345	 0.365372	 0.652493	 -0.924008	 1.23665	 1.2366	 1.23681	 1.23664	 1.23696	 
28.39	 0.381	 0.678	 -0.99	 0.377518	 0.672842	 -0.976762	 0.37455	 0.667634	 -0.96342	 0.37171	 0.662411	 -0.950054	 0.368387	 0.657234	 -0.936783	 0.364816	 0.652085	 -0.923564	 1.25703	 1.25696	 1.25716	 1.25701	 1.25733	 
28.4	 0.381	 0.678	 -0.99	 0.377816	 0.672489	 -0.976671	 0.374533	 0.667467	 -0.963175	 0.371227	 0.662567	 -0.949637	 0.368013	 0.657207	 -0.936254	 0.364843	 0.651611	 -0.922955	 1.27879	 1.27872	 1.27892	 1.27876	 1.27908	 
28.41	 0.381	 0.678	 -0.99	 0.37798	 0.672797	 -0.976346	 0.374482	 0.667461	 -0.962859	 0.370865	 0.662095	 -0.949415	 0.367694	 0.656854	 -0.93581	 0.364756	 0.651674	 -0.922128	 1.30154	 1.30148	 1.30166	 1.30148	 1.30179	 
28.42	 0.381	 0.678	 -0.99	 0.37752	 0.672932	 -0.976237	 0.374277	 0.667412	 -0.962591	 0.37109	 0.661781	 -0.948975	 0.367679	 0.656572	 -0.935248	 0.364158	 0.651584	 -0.921465	 1.32489	 1.32482	 1.32498	 1.32479	 1.3251	 
28.43	 0.381	 0.678	 -0.99	 0.377359	 0.672496	 -0.976275	 0.374145	 0.667218	 -0.962357	 0.371039	 0.661994	 -0.948393	 0.367529	 0.656557	 -0.934608	 0.363811	 0.651016	 -0.920917	 1.34848	 1.34839	 1.34854	 1.34836	 1.34866	 
28.44	 0.381	 0.678	 -0.99	 0.377717	 0.67233	 -0.97608	 0.374144	 0.667084	 -0.962067	 0.370502	 0.661943	 -0.948031	 0.367132	 0.656405	 -0.93408	 0.363896	 0.650662	 -0.920178	 1.37213	 1.37204	 1.37219	 1.372	 1.37229	 
28.45	 0.381	 0.678	 -0.99	 0.377738	 0.672655	 -0.975776	 0.374062	 0.667068	 -0.961749	 0.370284	 0.661425	 -0.94777	 0.366895	 0.656009	 -0.933604	 0.363707	 0.650705	 -0.919347	 1.39589	 1.39581	 1.39596	 1.39576	 1.39605	 
28.46	 0.381	 0.678	 -0.99	 0.377297	 0.67271	 -0.97569	 0.373867	 0.666989	 -0.961479	 0.370502	 0.661162	 -0.947294	 0.366883	 0.65574	 -0.933013	 0.36314	 0.650526	 -0.918684	 1.42	 1.41992	 1.42007	 1.41989	 1.42018	 
28.47	 0.381	 0.678	 -0.99	 0.377148	 0.672305	 -0.975705	 0.373743	 0.666798	 -0.961225	 0.370448	 0.661335	 -0.946701	 0.366736	 0.655695	 -0.932348	 0.36281	 0.649971	 -0.918083	 1.4448	 1.44472	 1.44488	 1.44472	 1.44502	 
28.48	 0.381	 0.678	 -0.99	 0.377456	 0.672094	 -0.975523	 0.373733	 0.666653	 -0.960909	 0.369969	 0.661327	 -0.946262	 0.366372	 0.655562	 -0.931741	 0.362856	 0.649576	 -0.917288	 1.47062	 1.47056	 1.47074	 1.47059	 1.47088	 
28.49	 0.381	 0.678	 -0.99	 0.377588	 0.672335	 -0.9752	 0.373683	 0.666617	 -0.960544	 0.369657	 0.660888	 -0.945923	 0.366091	 0.655208	 -0.931165	 0.362759	 0.649549	 -0.916343	 1.49765	 1.4976	 1.49778	 1.49763	 1.49792	 
28.5	 0.381	 0.678	 -0.99	 0.377265	 0.672523	 -0.975005	 0.373523	 0.666566	 -0.960196	 0.369776	 0.660491	 -0.945435	 0.366031	 0.654868	 -0.930496	 0.362295	 0.64947	 -0.915471	 1.52581	 1.52575	 1.52592	 1.52578	 1.52608	 
28.51	 0.381	 0.678	 -0.99	 0.376941	 0.672287	 -0.974968	 0.373363	 0.666408	 -0.959878	 0.369901	 0.660487	 -0.944776	 0.365982	 0.65472	 -0.929727	 0.361838	 0.649036	 -0.914706	 1.55475	 1.55469	 1.55485	 1.55471	 1.555	 
28.52	 0.381	 0.678	 -0.99	 0.37702	 0.671916	 -0.974879	 0.373303	 0.666217	 -0.959543	 0.369651	 0.660609	 -0.944157	 0.365751	 0.654637	 -0.928972	 0.361724	 0.648488	 -0.913888	 1.58397	 1.58391	 1.58406	 1.5839	 1.58418	 
28.53	 0.381	 0.678	 -0.99	 0.377306	 0.67185	 -0.974623	 0.373298	 0.666098	 -0.959171	 0.369217	 0.660444	 -0.943701	 0.365431	 0.654412	 -0.9283	 0.361788	 0.648193	 -0.912938	 1.61294	 1.61286	 1.61299	 1.61282	 1.61309	 
28.54	 0.381	 0.678	 -0.99	 0.37736	 0.672078	 -0.974317	 0.373245	 0.666051	 -0.958793	 0.369014	 0.660001	 -0.943308	 0.36523	 0.654048	 -0.927672	 0.36167	 0.648139	 -0.911965	 1.64124	 1.64116	 1.64126	 1.64107	 1.64134	 
28.55	 0.381	 0.678	 -0.99	 0.377087	 0.672228	 -0.974129	 0.373119	 0.665984	 -0.958453	 0.369135	 0.659627	 -0.942825	 0.365199	 0.653713	 -0.927014	 0.361294	 0.648016	 -0.911114	 1.66871	 1.66861	 1.66871	 1.66851	 1.66878	 
28.56	 0.381	 0.678	 -0.99	 0.376785	 0.672066	 -0.974074	 0.372992	 0.665842	 -0.958153	 0.369296	 0.659546	 -0.942236	 0.3652	 0.65352	 -0.926315	 0.360913	 0.647632	 -0.91039	 1.69541	 1.69532	 1.69542	 1.69523	 1.69549	 
28.57	 0.381	 0.678	 -0.99	 0.37675	 0.671727	 -0.974022	 0.37293	 0.665658	 -0.957859	 0.369214	 0.659635	 -0.941653	 0.365092	 0.653416	 -0.925622	 0.360769	 0.647107	 -0.909677	 1.72166	 1.72158	 1.7217	 1.72151	 1.72178	 
28.58	 0.381	 0.678	 -0.99	 0.376967	 0.671516	 -0.97386	 0.372931	 0.665509	 -0.957537	 0.368898	 0.659614	 -0.941172	 0.364872	 0.653266	 -0.924977	 0.360843	 0.646699	 -0.908868	 1.74781	 1.74774	 1.74787	 1.7477	 1.74797	 
28.59	 0.381	 0.678	 -0.99	 0.37718	 0.671573	 -0.973595	 0.372935	 0.665427	 -0.957187	 0.368594	 0.659349	 -0.940778	 0.364657	 0.653004	 -0.924369	 0.360913	 0.646527	 -0.907965	 1.77413	 1.77407	 1.7742	 1.77404	 1.77431	 
28.6	 0.381	 0.678	 -0.99	 0.377171	 0.671776	 -0.973328	 0.372893	 0.665382	 -0.956831	 0.36851	 0.658952	 -0.940374	 0.36455	 0.65268	 -0.923751	 0.360799	 0.646483	 -0.90705	 1.8007	 1.80063	 1.80076	 1.80061	 1.80087	 
28.61	 0.381	 0.678	 -0.99	 0.376945	 0.671892	 -0.973147	 0.372804	 0.665319	 -0.956492	 0.36864	 0.658639	 -0.939884	 0.364555	 0.652397	 -0.923088	 0.360516	 0.646365	 -0.906203	 1.82735	 1.82727	 1.82739	 1.82724	 1.82749	 
28.62	 0.381	 0.678	 -0.99	 0.376684	 0.671792	 -0.973058	 0.372708	 0.665207	 -0.956177	 0.368811	 0.658533	 -0.939311	 0.364593	 0.652213	 -0.922387	 0.360226	 0.646069	 -0.905435	 1.85374	 1.85366	 1.85376	 1.8536	 1.85384	 
28.63	 0.381	 0.678	 -0.99	 0.376574	 0.671533	 -0.972997	 0.372649	 0.665061	 -0.955875	 0.368846	 0.658585	 -0.938726	 0.364577	 0.652113	 -0.921687	 0.360083	 0.645649	 -0.904701	 1.87948	 1.87939	 1.87949	 1.8793	 1.87953	 
28.64	 0.381	 0.678	 -0.99	 0.376673	 0.671278	 -0.972891	 0.372647	 0.664919	 -0.955572	 0.3687	 0.658643	 -0.938204	 0.36448	 0.652024	 -0.92103	 0.360122	 0.645245	 -0.903951	 1.90425	 1.90417	 1.90426	 1.90405	 1.90428	 
28.65	 0.381	 0.678	 -0.99	 0.376892	 0.671168	 -0.972709	 0.372686	 0.664814	 -0.955261	 0.368465	 0.658571	 -0.937776	 0.364343	 0.651877	 -0.920437	 0.360263	 0.644968	 -0.90317	 1.9279	 1.92782	 1.92789	 1.92769	 1.92792	 
28.66	 0.381	 0.678	 -0.99	 0.377074	 0.671232	 -0.972479	 0.372725	 0.664751	 -0.954951	 0.368283	 0.658337	 -0.937421	 0.364243	 0.651653	 -0.919895	 0.360393	 0.644836	 -0.902377	 1.95046	 1.95036	 1.95043	 1.95024	 1.95048	 
28.67	 0.381	 0.678	 -0.99	 0.37711	 0.67139	 -0.972256	 0.372736	 0.664709	 -0.954653	 0.368252	 0.658014	 -0.937083	 0.364229	 0.651386	 -0.919377	 0.360425	 0.644785	 -0.901611	 1.97206	 1.97195	 1.97203	 1.97185	 1.97209	 
28.68	 0.381	 0.678	 -0.99	 0.376997	 0.671523	 -0.972083	 0.372721	 0.664665	 -0.954373	 0.368381	 0.65772	 -0.936712	 0.364298	 0.651136	 -0.918855	 0.36034	 0.644719	 -0.900906	 1.99292	 1.99281	 1.99289	 1.99271	 1.99295	 
28.69	 0.381	 0.678	 -0.99	 0.376806	 0.671541	 -0.971976	 0.372692	 0.6646	 -0.954113	 0.368592	 0.657548	 -0.936291	 0.364411	 0.65095	 -0.918315	 0.360199	 0.644566	 -0.900268	 2.01317	 2.01307	 2.01316	 2.01298	 2.01321	 
28.7	 0.381	 0.678	 -0.99	 0.376639	 0.67142	 -0.971918	 0.372666	 0.664507	 -0.953871	 0.368781	 0.657516	 -0.935835	 0.364525	 0.650837	 -0.917765	 0.360099	 0.644311	 -0.899678	 2.03287	 2.03278	 2.03287	 2.03269	 2.03292	 
28.71	 0.381	 0.678	 -0.99	 0.376586	 0.671213	 -0.97187	 0.372674	 0.664397	 -0.953636	 0.368876	 0.657571	 -0.935382	 0.364601	 0.650769	 -0.917225	 0.360103	 0.643984	 -0.899114	 2.05194	 2.05187	 2.05196	 2.05177	 2.05199	 
28.72	 0.381	 0.678	 -0.99	 0.376672	 0.671003	 -0.971797	 0.372724	 0.664287	 -0.953403	 0.368861	 0.65763	 -0.934969	 0.364631	 0.650703	 -0.916718	 0.360231	 0.643655	 -0.898552	 2.07023	 2.07016	 2.07025	 2.07005	 2.07027	 
28.73	 0.381	 0.678	 -0.99	 0.376847	 0.670865	 -0.971685	 0.372793	 0.664193	 -0.953175	 0.368764	 0.657623	 -0.934622	 0.364639	 0.650611	 -0.916255	 0.360466	 0.643394	 -0.897976	 2.08753	 2.08745	 2.08753	 2.08732	 2.08755	 
28.74	 0.381	 0.678	 -0.99	 0.377039	 0.670839	 -0.971537	 0.372867	 0.664128	 -0.952951	 0.368655	 0.65752	 -0.934338	 0.364653	 0.650481	 -0.915838	 0.360741	 0.643241	 -0.897395	 2.10365	 2.10356	 2.10363	 2.10342	 2.10365	 
28.75	 0.381	 0.678	 -0.99	 0.377193	 0.670917	 -0.971368	 0.372946	 0.664093	 -0.952735	 0.368606	 0.657331	 -0.9341	 0.364693	 0.650319	 -0.915465	 0.360972	 0.643189	 -0.896833	 2.11849	 2.11839	 2.11845	 2.11824	 2.11846	 
28.76	 0.381	 0.678	 -0.99	 0.37726	 0.671051	 -0.971207	 0.373018	 0.664075	 -0.952532	 0.368663	 0.657097	 -0.933884	 0.364785	 0.650142	 -0.915123	 0.36113	 0.643193	 -0.896314	 2.13203	 2.1319	 2.13196	 2.13175	 2.13196	 
28.77	 0.381	 0.678	 -0.99	 0.377222	 0.671179	 -0.97108	 0.373067	 0.66406	 -0.952352	 0.368825	 0.656874	 -0.933668	 0.36494	 0.649972	 -0.914802	 0.361224	 0.643196	 -0.895855	 2.1443	 2.14417	 2.14422	 2.14401	 2.14422	 
28.78	 0.381	 0.678	 -0.99	 0.377112	 0.671249	 -0.970999	 0.373103	 0.664034	 -0.952196	 0.369065	 0.656715	 -0.933438	 0.365142	 0.649835	 -0.914493	 0.361276	 0.643157	 -0.895462	 2.15539	 2.15526	 2.15531	 2.1551	 2.15532	 
28.79	 0.381	 0.678	 -0.99	 0.376986	 0.671232	 -0.97096	 0.373142	 0.663994	 -0.952059	 0.369332	 0.65665	 -0.933192	 0.365358	 0.649752	 -0.914193	 0.361315	 0.643059	 -0.895133	 2.16537	 2.16526	 2.16532	 2.16511	 2.16531	 
28.8	 0.381	 0.678	 -0.99	 0.376893	 0.671134	 -0.970951	 0.373188	 0.663945	 -0.95194	 0.369571	 0.65668	 -0.93294	 0.365567	 0.64972	 -0.913906	 0.36139	 0.642905	 -0.894854	 2.17433	 2.17423	 2.1743	 2.17407	 2.17427	 
28.81	 0.381	 0.678	 -0.99	 0.37687	 0.670981	 -0.970955	 0.373249	 0.663886	 -0.951836	 0.369742	 0.656771	 -0.932702	 0.365752	 0.649724	 -0.91364	 0.361541	 0.642713	 -0.89461	 2.18227	 2.18218	 2.18226	 2.18202	 2.18221	 
28.82	 0.381	 0.678	 -0.99	 0.376939	 0.670815	 -0.970953	 0.373334	 0.663826	 -0.951742	 0.369834	 0.656876	 -0.932497	 0.365906	 0.649738	 -0.913406	 0.361779	 0.642519	 -0.894387	 2.18921	 2.18912	 2.1892	 2.18895	 2.18914	 
28.83	 0.381	 0.678	 -0.99	 0.377089	 0.670685	 -0.970928	 0.373442	 0.663775	 -0.951656	 0.369861	 0.656952	 -0.932338	 0.366036	 0.649744	 -0.913211	 0.362093	 0.642362	 -0.894172	 2.19509	 2.195	 2.19508	 2.19483	 2.19502	 
28.84	 0.381	 0.678	 -0.99	 0.377287	 0.670627	 -0.970877	 0.373569	 0.663744	 -0.951574	 0.369855	 0.656972	 -0.93223	 0.366152	 0.649732	 -0.913056	 0.362448	 0.642278	 -0.893964	 2.19988	 2.19979	 2.19986	 2.19961	 2.19981	 
28.85	 0.381	 0.678	 -0.99	 0.37749	 0.670654	 -0.970802	 0.373703	 0.663741	 -0.951497	 0.369855	 0.656925	 -0.93217	 0.366268	 0.649698	 -0.912943	 0.362798	 0.642281	 -0.893766	 2.20355	 2.20344	 2.2035	 2.20325	 2.20345	 
28.86	 0.381	 0.678	 -0.99	 0.377644	 0.670757	 -0.970718	 0.373823	 0.663759	 -0.951433	 0.369897	 0.656819	 -0.932147	 0.366407	 0.649644	 -0.912866	 0.363119	 0.642356	 -0.89359	 2.20604	 2.20591	 2.20597	 2.20573	 2.20593	 
28.87	 0.381	 0.678	 -0.99	 0.377717	 0.670899	 -0.970643	 0.37392	 0.663789	 -0.951385	 0.37001	 0.656678	 -0.93215	 0.366589	 0.649576	 -0.91282	 0.363391	 0.642473	 -0.893451	 2.20733	 2.2072	 2.20725	 2.20702	 2.20722	 
28.88	 0.381	 0.678	 -0.99	 0.377713	 0.671043	 -0.970591	 0.374008	 0.663821	 -0.951356	 0.370208	 0.656543	 -0.932161	 0.366807	 0.649514	 -0.9128	 0.363591	 0.642596	 -0.893366	 2.20743	 2.20729	 2.20734	 2.2071	 2.2073	 
28.89	 0.381	 0.678	 -0.99	 0.377643	 0.671148	 -0.970574	 0.374083	 0.663852	 -0.951347	 0.370473	 0.656456	 -0.932168	 0.367056	 0.649481	 -0.912799	 0.363733	 0.642698	 -0.893344	 2.2063	 2.20616	 2.20621	 2.20597	 2.20616	 
28.9	 0.381	 0.678	 -0.99	 0.377532	 0.671185	 -0.970597	 0.374141	 0.663873	 -0.951363	 0.370768	 0.65645	 -0.932168	 0.367325	 0.649495	 -0.912813	 0.363855	 0.642758	 -0.893384	 2.20393	 2.20379	 2.20384	 2.20359	 2.20378	 
28.91	 0.381	 0.678	 -0.99	 0.377435	 0.671142	 -0.970656	 0.374207	 0.663881	 -0.951401	 0.371055	 0.656529	 -0.932167	 0.36759	 0.649558	 -0.912848	 0.363983	 0.642764	 -0.893489	 2.20026	 2.20013	 2.20019	 2.19992	 2.20011	 
28.92	 0.381	 0.678	 -0.99	 0.3774	 0.671033	 -0.970737	 0.374294	 0.663879	 -0.951457	 0.371298	 0.65668	 -0.932177	 0.367831	 0.649657	 -0.912911	 0.364153	 0.642722	 -0.893653	 2.19524	 2.19513	 2.19519	 2.19491	 2.19509	 
28.93	 0.381	 0.678	 -0.99	 0.377446	 0.670893	 -0.970825	 0.374399	 0.663872	 -0.951533	 0.371464	 0.656868	 -0.932216	 0.368044	 0.64978	 -0.913012	 0.364403	 0.64266	 -0.89386	 2.18882	 2.18872	 2.18878	 2.18849	 2.18867	 
28.94	 0.381	 0.678	 -0.99	 0.377577	 0.67077	 -0.970904	 0.374519	 0.663875	 -0.951623	 0.371543	 0.657053	 -0.932303	 0.36822	 0.649909	 -0.913159	 0.364733	 0.642623	 -0.894096	 2.18096	 2.18085	 2.18092	 2.18062	 2.1808	 
28.95	 0.381	 0.678	 -0.99	 0.377774	 0.670706	 -0.97096	 0.374652	 0.663896	 -0.951725	 0.371557	 0.657194	 -0.932447	 0.368363	 0.65003	 -0.913355	 0.365119	 0.642655	 -0.89435	 2.17166	 2.17154	 2.17161	 2.17131	 2.17149	 
28.96	 0.381	 0.678	 -0.99	 0.377992	 0.670734	 -0.970989	 0.374789	 0.663943	 -0.951837	 0.371546	 0.657259	 -0.932653	 0.368492	 0.650123	 -0.913603	 0.36552	 0.642777	 -0.894619	 2.16097	 2.16085	 2.16091	 2.16062	 2.1608	 
28.97	 0.381	 0.678	 -0.99	 0.378178	 0.670855	 -0.971	 0.37492	 0.664013	 -0.951959	 0.371568	 0.657241	 -0.932909	 0.368633	 0.65018	 -0.913898	 0.365887	 0.642981	 -0.894908	 2.14903	 2.14889	 2.14895	 2.14867	 2.14886	 
28.98	 0.381	 0.678	 -0.99	 0.378281	 0.671039	 -0.971009	 0.375035	 0.664098	 -0.952095	 0.37167	 0.657164	 -0.933198	 0.368808	 0.65021	 -0.914228	 0.366179	 0.643242	 -0.895228	 2.13599	 2.13584	 2.1359	 2.13562	 2.13582	 
28.99	 0.381	 0.678	 -0.99	 0.378274	 0.671232	 -0.971039	 0.375122	 0.664188	 -0.952246	 0.371873	 0.657084	 -0.933492	 0.369029	 0.650241	 -0.914578	 0.366377	 0.643515	 -0.895592	 2.122	 2.12186	 2.12192	 2.12164	 2.12184	 
29	 0.381	 0.678	 -0.99	 0.378171	 0.671372	 -0.971109	 0.375184	 0.664271	 -0.952416	 0.372161	 0.657063	 -0.933769	 0.369288	 0.650304	 -0.914933	 0.36649	 0.643753	 -0.896012	 2.10719	 2.10705	 2.10712	 2.10684	 2.10703	 
29.01	 0.381	 0.678	 -0.99	 0.37803	 0.67141	 -0.971227	 0.375239	 0.664335	 -0.952604	 0.372485	 0.65715	 -0.934018	 0.369558	 0.650424	 -0.915289	 0.366557	 0.643913	 -0.896495	 2.0916	 2.09147	 2.09155	 2.09126	 2.09145	 
29.02	 0.381	 0.678	 -0.99	 0.377926	 0.671335	 -0.971386	 0.375299	 0.664379	 -0.952812	 0.372768	 0.657353	 -0.934249	 0.369807	 0.650601	 -0.915651	 0.366651	 0.643984	 -0.897035	 2.07518	 2.07506	 2.07514	 2.07484	 2.07503	 
29.03	 0.381	 0.678	 -0.99	 0.377924	 0.671186	 -0.971564	 0.375374	 0.664407	 -0.953036	 0.372943	 0.657633	 -0.93449	 0.370008	 0.650822	 -0.916032	 0.366838	 0.644002	 -0.897615	 2.05779	 2.05767	 2.05776	 2.05744	 2.05762	 
29.04	 0.381	 0.678	 -0.99	 0.378057	 0.671043	 -0.971728	 0.375476	 0.664441	 -0.953272	 0.372981	 0.657918	 -0.934775	 0.370143	 0.651057	 -0.916453	 0.367138	 0.644042	 -0.898215	 2.03918	 2.03905	 2.03913	 2.03881	 2.03898	 
29.05	 0.381	 0.678	 -0.99	 0.378296	 0.670999	 -0.971851	 0.375605	 0.664505	 -0.953514	 0.372918	 0.658127	 -0.935135	 0.370219	 0.651268	 -0.916934	 0.367509	 0.644184	 -0.89882	 2.01905	 2.01892	 2.01898	 2.01865	 2.01883	 
29.06	 0.381	 0.678	 -0.99	 0.378544	 0.671106	 -0.97193	 0.375733	 0.664612	 -0.953765	 0.372841	 0.658212	 -0.935579	 0.370282	 0.651433	 -0.917484	 0.367877	 0.644472	 -0.899435	 1.99718	 1.99702	 1.99708	 1.99673	 1.99692	 
29.07	 0.381	 0.678	 -0.99	 0.378684	 0.671344	 -0.97199	 0.375833	 0.664755	 -0.954034	 0.372857	 0.658186	 -0.93609	 0.370386	 0.651552	 -0.918096	 0.368152	 0.644883	 -0.900083	 1.97347	 1.9733	 1.97335	 1.973	 1.97318	 
29.08	 0.381	 0.678	 -0.99	 0.378649	 0.671612	 -0.972076	 0.375891	 0.664909	 -0.954328	 0.373036	 0.658136	 -0.93662	 0.370563	 0.651661	 -0.918748	 0.368276	 0.645324	 -0.9008	 1.9481	 1.94793	 1.94798	 1.94763	 1.94782	 
29.09	 0.381	 0.678	 -0.99	 0.378468	 0.671775	 -0.97223	 0.375915	 0.66504	 -0.954652	 0.373352	 0.658188	 -0.937119	 0.370804	 0.651817	 -0.919407	 0.368269	 0.645678	 -0.901609	 1.92153	 1.92138	 1.92145	 1.92111	 1.9213	 
29.1	 0.381	 0.678	 -0.99	 0.378269	 0.671748	 -0.97246	 0.37593	 0.665128	 -0.955	 0.373678	 0.658421	 -0.937561	 0.371051	 0.652061	 -0.920047	 0.368248	 0.645872	 -0.902498	 1.89443	 1.89431	 1.89441	 1.89407	 1.89427	 
29.11	 0.381	 0.678	 -0.99	 0.37822	 0.671568	 -0.972724	 0.375974	 0.665178	 -0.955356	 0.373852	 0.658797	 -0.937968	 0.371223	 0.652374	 -0.920668	 0.36835	 0.645936	 -0.90341	 1.86751	 1.8674	 1.86753	 1.86722	 1.86742	 
29.12	 0.381	 0.678	 -0.99	 0.378401	 0.671399	 -0.972947	 0.37607	 0.665229	 -0.955695	 0.373804	 0.659159	 -0.938398	 0.371282	 0.652679	 -0.921288	 0.368633	 0.646006	 -0.904271	 1.84129	 1.84119	 1.84133	 1.84104	 1.84125	 
29.13	 0.381	 0.678	 -0.99	 0.378709	 0.671422	 -0.973074	 0.376194	 0.665321	 -0.956003	 0.373627	 0.659333	 -0.938898	 0.371271	 0.652893	 -0.92193	 0.369012	 0.646233	 -0.905031	 1.81591	 1.81579	 1.81593	 1.81565	 1.81588	 
29.14	 0.381	 0.678	 -0.99	 0.378912	 0.671677	 -0.973126	 0.376289	 0.665467	 -0.956287	 0.37354	 0.659285	 -0.939456	 0.371294	 0.652997	 -0.922591	 0.369294	 0.646653	 -0.905715	 1.79107	 1.79094	 1.79108	 1.79078	 1.79101	 
29.15	 0.381	 0.678	 -0.99	 0.378838	 0.671998	 -0.973194	 0.376313	 0.665632	 -0.956575	 0.373701	 0.659182	 -0.940001	 0.371433	 0.653075	 -0.923249	 0.369336	 0.647134	 -0.906414	 1.76613	 1.766	 1.76612	 1.76581	 1.76602	 
29.16	 0.381	 0.678	 -0.99	 0.378561	 0.672129	 -0.973367	 0.376285	 0.66576	 -0.956896	 0.374047	 0.659272	 -0.940466	 0.371656	 0.653254	 -0.923882	 0.369195	 0.647468	 -0.907224	 1.74035	 1.74021	 1.7403	 1.73995	 1.74016	 
29.17	 0.381	 0.678	 -0.99	 0.378371	 0.671976	 -0.973644	 0.376275	 0.665826	 -0.957259	 0.374305	 0.659645	 -0.94087	 0.371832	 0.653581	 -0.924508	 0.369113	 0.647579	 -0.908161	 1.71308	 1.71292	 1.71299	 1.71262	 1.71283	 
29.18	 0.381	 0.678	 -0.99	 0.378504	 0.671741	 -0.973918	 0.376339	 0.665876	 -0.957643	 0.374253	 0.660104	 -0.941323	 0.371853	 0.65396	 -0.925187	 0.369294	 0.647638	 -0.909142	 1.68406	 1.68389	 1.68396	 1.68357	 1.68378	 
29.19	 0.381	 0.678	 -0.99	 0.378858	 0.67176	 -0.974077	 0.376455	 0.665988	 -0.958018	 0.373989	 0.660329	 -0.941926	 0.371764	 0.654231	 -0.925963	 0.369653	 0.647914	 -0.910069	 1.65352	 1.65335	 1.65342	 1.65304	 1.65324	 
29.2	 0.381	 0.678	 -0.99	 0.379035	 0.672107	 -0.974145	 0.376526	 0.66618	 -0.958381	 0.373884	 0.660249	 -0.942639	 0.371747	 0.654349	 -0.926812	 0.369863	 0.648462	 -0.910947	 1.62208	 1.62191	 1.62201	 1.62164	 1.62185	 
29.21	 0.381	 0.678	 -0.99	 0.378808	 0.672434	 -0.974278	 0.376495	 0.66637	 -0.958761	 0.374149	 0.660186	 -0.943294	 0.371912	 0.654472	 -0.927635	 0.369735	 0.648991	 -0.911882	 1.59057	 1.59043	 1.59057	 1.59021	 1.59043	 
29.22	 0.381	 0.678	 -0.99	 0.378478	 0.672371	 -0.974569	 0.376432	 0.666465	 -0.959171	 0.374499	 0.66049	 -0.943784	 0.372119	 0.654774	 -0.928364	 0.369517	 0.649193	 -0.912929	 1.55977	 1.55965	 1.55981	 1.55948	 1.55971	 
29.23	 0.381	 0.678	 -0.99	 0.378541	 0.67207	 -0.974883	 0.376459	 0.666497	 -0.959575	 0.374472	 0.66101	 -0.944223	 0.372134	 0.655186	 -0.929047	 0.369617	 0.649197	 -0.913963	 1.53015	 1.53002	 1.53018	 1.52989	 1.53014	 
29.24	 0.381	 0.678	 -0.99	 0.378941	 0.67208	 -0.975021	 0.376571	 0.666601	 -0.959923	 0.374128	 0.66123	 -0.944795	 0.371982	 0.655446	 -0.929777	 0.369981	 0.649452	 -0.91482	 1.50175	 1.50163	 1.5018	 1.50151	 1.50176	 
29.25	 0.381	 0.678	 -0.99	 0.379053	 0.672502	 -0.97504	 0.376613	 0.666802	 -0.960229	 0.374053	 0.661056	 -0.945455	 0.371955	 0.655499	 -0.930539	 0.370093	 0.650034	 -0.915556	 1.47436	 1.47425	 1.47443	 1.47411	 1.47435	 
29.26	 0.381	 0.678	 -0.99	 0.378676	 0.672728	 -0.975201	 0.376529	 0.666956	 -0.960563	 0.374425	 0.661061	 -0.945967	 0.372151	 0.655633	 -0.931219	 0.369796	 0.650445	 -0.916395	 1.44764	 1.44752	 1.44769	 1.44736	 1.4476	 
29.27	 0.381	 0.678	 -0.99	 0.378474	 0.672438	 -0.975529	 0.376478	 0.66698	 -0.960937	 0.374614	 0.661546	 -0.946318	 0.372253	 0.65601	 -0.931811	 0.369641	 0.650429	 -0.917363	 1.42126	 1.42111	 1.42126	 1.42094	 1.42119	 
29.28	 0.381	 0.678	 -0.99	 0.378842	 0.672258	 -0.975727	 0.376562	 0.667028	 -0.961278	 0.374259	 0.661923	 -0.946787	 0.372074	 0.656337	 -0.932458	 0.369947	 0.650507	 -0.918217	 1.39509	 1.39494	 1.39508	 1.39476	 1.39502	 
29.29	 0.381	 0.678	 -0.99	 0.379074	 0.672656	 -0.975723	 0.376619	 0.667217	 -0.961565	 0.374035	 0.661756	 -0.947437	 0.371952	 0.656386	 -0.933194	 0.370127	 0.651057	 -0.918899	 1.3692	 1.36909	 1.36925	 1.3689	 1.36915	 
29.3	 0.381	 0.678	 -0.99	 0.378681	 0.672942	 -0.975856	 0.376523	 0.66738	 -0.961878	 0.374403	 0.661692	 -0.947943	 0.372131	 0.656478	 -0.93385	 0.369785	 0.651507	 -0.91968	 1.34393	 1.34382	 1.34397	 1.34364	 1.3439	 
29.31	 0.381	 0.678	 -0.99	 0.378484	 0.672606	 -0.976189	 0.37647	 0.667385	 -0.962231	 0.37458	 0.662206	 -0.948239	 0.372214	 0.656862	 -0.934384	 0.369602	 0.651439	 -0.920603	 1.31955	 1.31942	 1.31959	 1.31929	 1.31957	 
29.32	 0.381	 0.678	 -0.99	 0.378926	 0.67249	 -0.976327	 0.376567	 0.667439	 -0.962525	 0.374137	 0.662503	 -0.948693	 0.371971	 0.657136	 -0.934979	 0.369938	 0.651547	 -0.921333	 1.29636	 1.29623	 1.29642	 1.29612	 1.2964	 
29.33	 0.381	 0.678	 -0.99	 0.378987	 0.672983	 -0.976284	 0.376566	 0.667641	 -0.962759	 0.374041	 0.662222	 -0.949283	 0.371896	 0.657105	 -0.935625	 0.369952	 0.652142	 -0.92188	 1.27452	 1.27443	 1.27463	 1.27432	 1.27459	 
29.34	 0.381	 0.678	 -0.99	 0.378489	 0.673027	 -0.976495	 0.376424	 0.667731	 -0.963038	 0.374468	 0.662351	 -0.949597	 0.372091	 0.657274	 -0.936108	 0.369501	 0.652358	 -0.922596	 1.25419	 1.25408	 1.25427	 1.25399	 1.25428	 
29.35	 0.381	 0.678	 -0.99	 0.378624	 0.672611	 -0.976766	 0.376434	 0.667698	 -0.963318	 0.374293	 0.662902	 -0.949818	 0.371975	 0.65766	 -0.936517	 0.369561	 0.65219	 -0.923323	 1.23535	 1.23523	 1.23542	 1.23516	 1.23546	 
29.36	 0.381	 0.678	 -0.99	 0.379027	 0.672886	 -0.976716	 0.376507	 0.66783	 -0.963503	 0.373852	 0.662792	 -0.950308	 0.371708	 0.657699	 -0.937044	 0.369829	 0.652573	 -0.92375	 1.21796	 1.21786	 1.21807	 1.21778	 1.21807	 
29.37	 0.381	 0.678	 -0.99	 0.37861	 0.673243	 -0.976765	 0.376372	 0.667979	 -0.963697	 0.374171	 0.662589	 -0.950672	 0.37183	 0.657673	 -0.937488	 0.36942	 0.653004	 -0.924224	 1.20202	 1.20192	 1.20213	 1.20184	 1.20213	 
29.38	 0.381	 0.678	 -0.99	 0.378431	 0.672821	 -0.977063	 0.376298	 0.667926	 -0.963938	 0.374276	 0.663102	 -0.950769	 0.371845	 0.65801	 -0.937772	 0.3692	 0.652785	 -0.924868	 1.18747	 1.18734	 1.18753	 1.18727	 1.18758	 
29.39	 0.381	 0.678	 -0.99	 0.378935	 0.672842	 -0.977059	 0.376398	 0.667976	 -0.96409	 0.373743	 0.663186	 -0.951115	 0.371522	 0.658123	 -0.938164	 0.369527	 0.652916	 -0.925232	 1.17422	 1.17411	 1.17431	 1.17403	 1.17432	 
29.4	 0.381	 0.678	 -0.99	 0.378682	 0.673325	 -0.977005	 0.376299	 0.668141	 -0.964216	 0.373896	 0.662829	 -0.951482	 0.371548	 0.657994	 -0.938552	 0.369234	 0.653407	 -0.925524	 1.16224	 1.16215	 1.16235	 1.16206	 1.16236	 
29.41	 0.381	 0.678	 -0.99	 0.378323	 0.67298	 -0.97728	 0.376161	 0.668093	 -0.964413	 0.37413	 0.663238	 -0.951511	 0.371618	 0.658255	 -0.938745	 0.368855	 0.653214	 -0.926052	 1.15153	 1.15141	 1.1516	 1.15134	 1.15165	 
29.42	 0.381	 0.678	 -0.99	 0.378813	 0.672853	 -0.977306	 0.376241	 0.668093	 -0.964534	 0.373575	 0.663431	 -0.951744	 0.371272	 0.658407	 -0.939023	 0.369155	 0.653192	 -0.926344	 1.14203	 1.14192	 1.14212	 1.14185	 1.14216	 
29.43	 0.381	 0.678	 -0.99	 0.37866	 0.673367	 -0.977195	 0.376162	 0.668252	 -0.964606	 0.373623	 0.663016	 -0.952073	 0.371232	 0.65823	 -0.939335	 0.368922	 0.653678	 -0.926495	 1.13378	 1.1337	 1.1339	 1.13362	 1.13391	 
29.44	 0.381	 0.678	 -0.99	 0.378238	 0.673067	 -0.977442	 0.376006	 0.668201	 -0.964755	 0.373909	 0.663351	 -0.952037	 0.371317	 0.658435	 -0.939437	 0.368466	 0.65349	 -0.926903	 1.12689	 1.12677	 1.12696	 1.12671	 1.12703	 
29.45	 0.381	 0.678	 -0.99	 0.378715	 0.67288	 -0.977461	 0.376076	 0.66817	 -0.964831	 0.373351	 0.663566	 -0.95218	 0.370957	 0.658577	 -0.939609	 0.368734	 0.653386	 -0.927087	 1.12141	 1.12131	 1.12151	 1.12126	 1.12158	 
29.46	 0.381	 0.678	 -0.99	 0.378587	 0.673392	 -0.977315	 0.375998	 0.668313	 -0.964847	 0.373362	 0.663116	 -0.952437	 0.370887	 0.658359	 -0.939819	 0.368502	 0.653833	 -0.927099	 1.11752	 1.11744	 1.11765	 1.11739	 1.1177	 
29.47	 0.381	 0.678	 -0.99	 0.378153	 0.673091	 -0.977535	 0.375832	 0.668246	 -0.964938	 0.373644	 0.663414	 -0.95231	 0.370962	 0.658521	 -0.939803	 0.368022	 0.653602	 -0.927362	 1.11537	 1.11527	 1.11548	 1.11526	 1.11558	 
29.48	 0.381	 0.678	 -0.99	 0.378621	 0.672894	 -0.977518	 0.375887	 0.668194	 -0.964952	 0.373066	 0.663597	 -0.952364	 0.37058	 0.65862	 -0.939852	 0.368267	 0.653444	 -0.927385	 1.11504	 1.11495	 1.11516	 1.11494	 1.11526	 
29.49	 0.381	 0.678	 -0.99	 0.378479	 0.673392	 -0.977343	 0.375794	 0.668312	 -0.964903	 0.373066	 0.663113	 -0.95252	 0.370492	 0.658356	 -0.93993	 0.368003	 0.653829	 -0.927235	 1.11653	 1.11647	 1.11669	 1.11645	 1.11676	 
29.5	 0.381	 0.678	 -0.99	 0.378054	 0.673075	 -0.977532	 0.375627	 0.668218	 -0.964928	 0.373331	 0.663376	 -0.952291	 0.370546	 0.658469	 -0.93978	 0.367504	 0.653534	 -0.927338	 1.11981	 1.11971	 1.11992	 1.11971	 1.12004	 
29.51	 0.381	 0.678	 -0.99	 0.378516	 0.67287	 -0.97748	 0.375677	 0.668142	 -0.964877	 0.37275	 0.66352	 -0.952254	 0.370151	 0.658518	 -0.939706	 0.36772	 0.653316	 -0.927203	 1.12464	 1.12455	 1.12476	 1.12454	 1.12486	 
29.52	 0.381	 0.678	 -0.99	 0.378374	 0.67335	 -0.977278	 0.37557	 0.668237	 -0.964774	 0.372719	 0.663009	 -0.952327	 0.370034	 0.658213	 -0.939672	 0.367441	 0.653641	 -0.926914	 1.13081	 1.13073	 1.13094	 1.1307	 1.13101	 
29.53	 0.381	 0.678	 -0.99	 0.377931	 0.673051	 -0.977439	 0.375385	 0.668133	 -0.964749	 0.372972	 0.663222	 -0.95203	 0.37007	 0.658279	 -0.939428	 0.366913	 0.653324	 -0.926889	 1.13815	 1.13805	 1.13823	 1.13802	 1.13833	 
29.54	 0.381	 0.678	 -0.99	 0.37836	 0.672802	 -0.977381	 0.375419	 0.668038	 -0.964659	 0.372404	 0.663383	 -0.951912	 0.369673	 0.658322	 -0.939258	 0.367087	 0.653048	 -0.926658	 1.14649	 1.14639	 1.14658	 1.14636	 1.14668	 
29.55	 0.381	 0.678	 -0.99	 0.37829	 0.67327	 -0.977146	 0.375325	 0.668122	 -0.964511	 0.372295	 0.66287	 -0.951933	 0.369505	 0.658009	 -0.939147	 0.366844	 0.653349	 -0.926255	 1.15586	 1.15579	 1.15598	 1.15575	 1.15605	 
29.56	 0.381	 0.678	 -0.99	 0.3778	 0.673057	 -0.977263	 0.375122	 0.668034	 -0.964439	 0.372576	 0.662988	 -0.951595	 0.369543	 0.658016	 -0.938829	 0.366256	 0.653089	 -0.926107	 1.16647	 1.16637	 1.16656	 1.16635	 1.16667	 
29.57	 0.381	 0.678	 -0.99	 0.378149	 0.672709	 -0.977233	 0.375132	 0.667903	 -0.964314	 0.372075	 0.66322	 -0.951358	 0.369173	 0.658081	 -0.938541	 0.366346	 0.652706	 -0.925801	 1.17849	 1.17841	 1.17861	 1.17842	 1.17873	 
29.58	 0.381	 0.678	 -0.99	 0.378237	 0.673123	 -0.976952	 0.375075	 0.667956	 -0.964108	 0.371811	 0.66272	 -0.951316	 0.368917	 0.657753	 -0.938331	 0.366219	 0.652923	 -0.92525	 1.19219	 1.19213	 1.19234	 1.19215	 1.19246	 
29.59	 0.381	 0.678	 -0.99	 0.377703	 0.673088	 -0.976977	 0.374855	 0.667891	 -0.96396	 0.372118	 0.66262	 -0.950947	 0.36896	 0.657614	 -0.937926	 0.365587	 0.652751	 -0.924902	 1.20775	 1.20768	 1.20789	 1.20772	 1.20804	 
29.6	 0.381	 0.678	 -0.99	 0.377846	 0.672615	 -0.977003	 0.374802	 0.667704	 -0.963794	 0.371789	 0.66291	 -0.950533	 0.368675	 0.657671	 -0.937467	 0.365505	 0.652204	 -0.924506	 1.22514	 1.22507	 1.22528	 1.22512	 1.22545	 
29.61	 0.381	 0.678	 -0.99	 0.378155	 0.672836	 -0.976705	 0.374797	 0.667684	 -0.963527	 0.37131	 0.662537	 -0.950378	 0.368305	 0.657378	 -0.937117	 0.36555	 0.652211	 -0.923803	 1.24421	 1.24416	 1.24437	 1.2442	 1.24451	 
29.62	 0.381	 0.678	 -0.99	 0.377728	 0.673075	 -0.976565	 0.374604	 0.667669	 -0.963282	 0.371516	 0.662141	 -0.950038	 0.368285	 0.657065	 -0.93665	 0.364986	 0.652224	 -0.923189	 1.26476	 1.26469	 1.26489	 1.26472	 1.26504	 
29.63	 0.381	 0.678	 -0.99	 0.377502	 0.672645	 -0.97663	 0.374455	 0.667484	 -0.963075	 0.371521	 0.66237	 -0.949477	 0.368163	 0.657073	 -0.936048	 0.364586	 0.651686	 -0.92271	 1.28647	 1.28639	 1.28657	 1.28641	 1.28673	 
29.64	 0.381	 0.678	 -0.99	 0.377881	 0.672472	 -0.976442	 0.374454	 0.66736	 -0.962796	 0.370955	 0.662353	 -0.949129	 0.367742	 0.656955	 -0.935541	 0.364675	 0.651356	 -0.921999	 1.30909	 1.30902	 1.3092	 1.30903	 1.30934	 
29.65	 0.381	 0.678	 -0.99	 0.377865	 0.672835	 -0.976135	 0.37436	 0.667367	 -0.962478	 0.370761	 0.661826	 -0.948873	 0.367508	 0.656571	 -0.93507	 0.364437	 0.651458	 -0.921171	 1.33248	 1.33241	 1.33258	 1.3324	 1.3327	 
29.66	 0.381	 0.678	 -0.99	 0.37739	 0.672821	 -0.976083	 0.374151	 0.66728	 -0.962215	 0.371002	 0.661648	 -0.948361	 0.367501	 0.656356	 -0.934459	 0.363825	 0.65124	 -0.920534	 1.35655	 1.35648	 1.35664	 1.35646	 1.35677	 
29.67	 0.381	 0.678	 -0.99	 0.377357	 0.672372	 -0.976086	 0.374048	 0.66708	 -0.961959	 0.370824	 0.66187	 -0.947781	 0.367284	 0.656343	 -0.9338	 0.363581	 0.650659	 -0.919923	 1.3813	 1.38123	 1.38139	 1.38122	 1.38152	 
29.68	 0.381	 0.678	 -0.99	 0.377706	 0.672306	 -0.975841	 0.37404	 0.66697	 -0.961634	 0.370286	 0.661724	 -0.947416	 0.366883	 0.656142	 -0.933239	 0.363655	 0.650387	 -0.919087	 1.4068	 1.40673	 1.4069	 1.40673	 1.40703	 
29.69	 0.381	 0.678	 -0.99	 0.377649	 0.67263	 -0.975539	 0.373937	 0.666953	 -0.961285	 0.370136	 0.661206	 -0.947082	 0.366677	 0.655745	 -0.932681	 0.363393	 0.650427	 -0.918183	 1.43312	 1.43306	 1.43323	 1.43307	 1.43336	 
29.7	 0.381	 0.678	 -0.99	 0.377217	 0.672631	 -0.975449	 0.373744	 0.666856	 -0.960977	 0.370345	 0.660981	 -0.946525	 0.366656	 0.655488	 -0.931997	 0.362825	 0.650191	 -0.91743	 1.46035	 1.46028	 1.46046	 1.4603	 1.4606	 
29.71	 0.381	 0.678	 -0.99	 0.377096	 0.672227	 -0.975431	 0.373628	 0.666655	 -0.960676	 0.370268	 0.661128	 -0.945877	 0.366496	 0.655413	 -0.931252	 0.362515	 0.649609	 -0.916715	 1.48846	 1.48839	 1.48856	 1.48842	 1.48872	 
29.72	 0.381	 0.678	 -0.99	 0.377387	 0.672012	 -0.975233	 0.373616	 0.666494	 -0.960323	 0.369807	 0.66109	 -0.94538	 0.366144	 0.655243	 -0.930569	 0.362551	 0.649175	 -0.915828	 1.51732	 1.51726	 1.51742	 1.51728	 1.51757	 
29.73	 0.381	 0.678	 -0.99	 0.377535	 0.672215	 -0.974905	 0.37357	 0.666433	 -0.959933	 0.369482	 0.660655	 -0.944992	 0.365862	 0.654873	 -0.929933	 0.362476	 0.649085	 -0.91482	 1.54668	 1.54661	 1.54676	 1.5466	 1.54689	 
29.74	 0.381	 0.678	 -0.99	 0.377263	 0.672419	 -0.974682	 0.373424	 0.666377	 -0.959565	 0.369558	 0.660224	 -0.9445	 0.365785	 0.654505	 -0.929242	 0.362064	 0.649001	 -0.91389	 1.57612	 1.57604	 1.57618	 1.57601	 1.5763	 
29.75	 0.381	 0.678	 -0.99	 0.376916	 0.672256	 -0.97462	 0.373263	 0.666236	 -0.959239	 0.369712	 0.660146	 -0.94386	 0.365754	 0.654317	 -0.92848	 0.361598	 0.648621	 -0.913101	 1.6052	 1.60511	 1.60523	 1.60506	 1.60534	 
29.76	 0.381	 0.678	 -0.99	 0.376899	 0.67189	 -0.97456	 0.373185	 0.666047	 -0.95892	 0.369566	 0.660267	 -0.943234	 0.365582	 0.654234	 -0.927735	 0.361415	 0.648079	 -0.91233	 1.63356	 1.63347	 1.63359	 1.6334	 1.63367	 
29.77	 0.381	 0.678	 -0.99	 0.377159	 0.671717	 -0.974362	 0.373181	 0.665906	 -0.958578	 0.369173	 0.660207	 -0.942759	 0.365292	 0.654064	 -0.927077	 0.361471	 0.6477	 -0.911466	 1.66106	 1.66097	 1.66108	 1.66088	 1.66115	 
29.78	 0.381	 0.678	 -0.99	 0.377326	 0.671861	 -0.974072	 0.37316	 0.66584	 -0.958221	 0.368877	 0.65985	 -0.942389	 0.365057	 0.653747	 -0.926483	 0.361464	 0.647586	 -0.910544	 1.68783	 1.68774	 1.68784	 1.68765	 1.68791	 
29.79	 0.381	 0.678	 -0.99	 0.377183	 0.672077	 -0.973834	 0.373069	 0.665794	 -0.957879	 0.368884	 0.659427	 -0.941976	 0.364977	 0.653399	 -0.925872	 0.361211	 0.647534	 -0.909673	 1.71423	 1.71414	 1.71424	 1.71407	 1.71433	 
29.8	 0.381	 0.678	 -0.99	 0.376867	 0.672075	 -0.973722	 0.372941	 0.665698	 -0.957565	 0.369061	 0.659213	 -0.941439	 0.364988	 0.653154	 -0.925196	 0.360825	 0.647306	 -0.908897	 1.74073	 1.74065	 1.74077	 1.74062	 1.74088	 
29.81	 0.381	 0.678	 -0.99	 0.376674	 0.67182	 -0.973672	 0.372843	 0.665543	 -0.957258	 0.36913	 0.659242	 -0.940825	 0.364952	 0.653031	 -0.92447	 0.360548	 0.646871	 -0.908154	 1.76774	 1.76767	 1.76781	 1.76767	 1.76793	 
29.82	 0.381	 0.678	 -0.99	 0.376746	 0.671517	 -0.973569	 0.372812	 0.665376	 -0.956929	 0.368957	 0.659314	 -0.940241	 0.364802	 0.65293	 -0.923746	 0.360498	 0.646394	 -0.907348	 1.79541	 1.79536	 1.7955	 1.79536	 1.79563	 
29.83	 0.381	 0.678	 -0.99	 0.376977	 0.671389	 -0.973358	 0.372824	 0.665249	 -0.956568	 0.368644	 0.65922	 -0.939743	 0.364588	 0.652746	 -0.923056	 0.360588	 0.646055	 -0.906438	 1.82358	 1.82353	 1.82366	 1.82352	 1.82379	 
29.84	 0.381	 0.678	 -0.99	 0.377144	 0.671479	 -0.973079	 0.372826	 0.665173	 -0.956189	 0.368402	 0.658918	 -0.939307	 0.364415	 0.652459	 -0.922393	 0.360638	 0.6459	 -0.905468	 1.85179	 1.85172	 1.85184	 1.85169	 1.85196	 
29.85	 0.381	 0.678	 -0.99	 0.377107	 0.671659	 -0.972821	 0.372783	 0.665118	 -0.955822	 0.368361	 0.658533	 -0.938864	 0.364351	 0.652138	 -0.921734	 0.360542	 0.645828	 -0.904524	 1.87942	 1.87933	 1.87943	 1.87927	 1.87952	 
29.86	 0.381	 0.678	 -0.99	 0.376897	 0.671755	 -0.972645	 0.372705	 0.665049	 -0.955485	 0.368496	 0.658239	 -0.93837	 0.364383	 0.651865	 -0.921066	 0.360319	 0.645699	 -0.903674	 1.9059	 1.9058	 1.90587	 1.90569	 1.90593	 
29.87	 0.381	 0.678	 -0.99	 0.376666	 0.671678	 -0.97255	 0.372635	 0.664948	 -0.955181	 0.368677	 0.658123	 -0.937832	 0.364444	 0.651684	 -0.920402	 0.36008	 0.645431	 -0.902935	 1.93083	 1.93071	 1.93078	 1.93057	 1.9308	 
29.88	 0.381	 0.678	 -0.99	 0.376554	 0.671459	 -0.972491	 0.372604	 0.664818	 -0.954902	 0.368769	 0.658151	 -0.937297	 0.364469	 0.651576	 -0.919766	 0.359949	 0.645051	 -0.902271	 1.95409	 1.95399	 1.95406	 1.95384	 1.95406	 
29.89	 0.381	 0.678	 -0.99	 0.37661	 0.67121	 -0.972414	 0.372615	 0.664682	 -0.954637	 0.368712	 0.658212	 -0.936817	 0.364437	 0.651491	 -0.919178	 0.359983	 0.644658	 -0.901625	 1.97589	 1.9758	 1.97587	 1.97565	 1.97587	 
29.9	 0.381	 0.678	 -0.99	 0.376792	 0.671052	 -0.972282	 0.372659	 0.664571	 -0.95437	 0.368547	 0.658198	 -0.936415	 0.364364	 0.65138	 -0.918642	 0.360142	 0.644353	 -0.900957	 1.99659	 1.99651	 1.99659	 1.99638	 1.9966	 
29.91	 0.381	 0.678	 -0.99	 0.376997	 0.671041	 -0.972094	 0.372716	 0.664502	 -0.954094	 0.368372	 0.658059	 -0.936075	 0.364289	 0.651216	 -0.918143	 0.360327	 0.644183	 -0.900256	 2.01666	 2.01658	 2.01667	 2.01648	 2.01671	 
29.92	 0.381	 0.678	 -0.99	 0.377121	 0.67115	 -0.971882	 0.372757	 0.664462	 -0.953815	 0.368281	 0.657813	 -0.935759	 0.364262	 0.651008	 -0.917656	 0.360456	 0.644127	 -0.899534	 2.03651	 2.03643	 2.03653	 2.03636	 2.03659	 
29.93	 0.381	 0.678	 -0.99	 0.377113	 0.671298	 -0.971686	 0.37277	 0.66443	 -0.953538	 0.368322	 0.657527	 -0.935428	 0.364303	 0.650783	 -0.917159	 0.360488	 0.644108	 -0.89882	 2.0564	 2.05631	 2.05642	 2.05627	 2.0565	 
29.94	 0.381	 0.678	 -0.99	 0.376997	 0.671401	 -0.971532	 0.372768	 0.664388	 -0.953268	 0.368481	 0.657282	 -0.935053	 0.364405	 0.650569	 -0.916643	 0.360433	 0.644038	 -0.898143	 2.07636	 2.07626	 2.07637	 2.07621	 2.07645	 
29.95	 0.381	 0.678	 -0.99	 0.37683	 0.671402	 -0.971427	 0.372755	 0.664322	 -0.953012	 0.368697	 0.657131	 -0.934636	 0.364546	 0.650395	 -0.916109	 0.360358	 0.643872	 -0.897513	 2.09612	 2.09603	 2.09612	 2.09596	 2.09618	 
29.96	 0.381	 0.678	 -0.99	 0.376686	 0.671291	 -0.971364	 0.372747	 0.664228	 -0.952775	 0.368897	 0.657085	 -0.934198	 0.364696	 0.650274	 -0.915574	 0.360333	 0.643622	 -0.896928	 2.11521	 2.11512	 2.11521	 2.11501	 2.11523	 
29.97	 0.381	 0.678	 -0.99	 0.376634	 0.671108	 -0.971314	 0.372773	 0.664123	 -0.952553	 0.369032	 0.657116	 -0.933775	 0.36482	 0.650196	 -0.915066	 0.360387	 0.643321	 -0.89639	 2.13304	 2.13295	 2.13302	 2.1328	 2.133	 
29.98	 0.381	 0.678	 -0.99	 0.376696	 0.670916	 -0.971257	 0.37284	 0.664024	 -0.952346	 0.369086	 0.657173	 -0.933399	 0.364909	 0.650136	 -0.914612	 0.360535	 0.643019	 -0.895898	 2.14903	 2.14894	 2.14898	 2.14874	 2.14894	 
29.99	 0.381	 0.678	 -0.99	 0.376846	 0.670766	 -0.971181	 0.372929	 0.66394	 -0.952161	 0.369067	 0.657203	 -0.933098	 0.364975	 0.650075	 -0.914227	 0.360775	 0.642771	 -0.895447	 2.16279	 2.16269	 2.16272	 2.16246	 2.16266	 
