Time	 Node0px 	 Node0py 	 Node0pz 	 Node1px 	 Node1py 	 Node1pz 	 Node2px 	 Node2py 	 Node2pz 	 Node3px 	 Node3py 	 Node3pz 	 Node4px 	 Node4py 	 Node4pz 	 Node5px 	 Node5py 	 Node5pz 	 Seg0Te 	 Seg1Te 	 Seg2Te 	 Seg3Te 	 Seg4Te 	 
(s)	 (m) 	(m) 	(m) 	(m) 	(m) 	(m) 	(m) 	(m) 	(m) 	(m) 	(m) 	(m) 	(m) 	(m) 	(m) 	(m) 	(m) 	(m) 	(N) 	(N) 	(N) 	(N) 	(N) 	
0	 -0.781	 0	 -0.99	 -0.773927	 -8.43411e-005	 -0.973531	 -0.766743	 -0.000211662	 -0.95711	 -0.759579	 -0.000413995	 -0.940682	 -0.752485	 -0.000535713	 -0.924222	 -0.745371	 -0.000544385	 -0.907771	 1.75822	 1.7582	 1.75817	 1.75815	 1.75815	 
0.01	 -0.781	 0	 -0.99	 -0.773843	 -7.60417e-005	 -0.973561	 -0.766726	 -0.000241128	 -0.957105	 -0.75963	 -0.000397668	 -0.94064	 -0.752492	 -0.0004904	 -0.924193	 -0.745326	 -0.000584387	 -0.907758	 1.75909	 1.75908	 1.75909	 1.75909	 1.75906	 
0.02	 -0.781	 0	 -0.99	 -0.773781	 -0.000133858	 -0.973588	 -0.766733	 -0.000257502	 -0.957101	 -0.759669	 -0.000344524	 -0.940622	 -0.752488	 -0.000462467	 -0.924194	 -0.745314	 -0.000635558	 -0.907762	 1.7592	 1.75915	 1.75909	 1.75911	 1.75926	 
0.03	 -0.781	 0	 -0.99	 -0.773845	 -0.000205041	 -0.973557	 -0.766707	 -0.000240763	 -0.957105	 -0.759627	 -0.000302915	 -0.940628	 -0.752495	 -0.000483248	 -0.924175	 -0.745277	 -0.000644623	 -0.907759	 1.75969	 1.75969	 1.7597	 1.75969	 1.75972	 
0.04	 -0.781	 0	 -0.99	 -0.773899	 -0.000148958	 -0.973531	 -0.766746	 -0.000259707	 -0.957084	 -0.759584	 -0.000327218	 -0.940641	 -0.752459	 -0.000450296	 -0.924183	 -0.745347	 -0.000638714	 -0.90772	 1.75996	 1.75993	 1.75991	 1.75986	 1.75986	 
0.05	 -0.781	 0	 -0.99	 -0.773896	 -9.11275e-005	 -0.973532	 -0.766739	 -0.000251528	 -0.957088	 -0.75951	 -0.000392755	 -0.940676	 -0.752378	 -0.000487253	 -0.924221	 -0.745362	 -0.00060032	 -0.907717	 1.75989	 1.75986	 1.75984	 1.7598	 1.7598	 
0.06	 -0.781	 0	 -0.99	 -0.773915	 -8.09141e-005	 -0.973526	 -0.766706	 -0.000207986	 -0.957107	 -0.759529	 -0.000414958	 -0.940675	 -0.752443	 -0.000536885	 -0.924202	 -0.745334	 -0.000538214	 -0.90774	 1.75957	 1.75955	 1.75951	 1.75948	 1.75947	 
0.07	 -0.781	 0	 -0.99	 -0.773838	 -6.50579e-005	 -0.973563	 -0.76671	 -0.000239081	 -0.957113	 -0.759598	 -0.000403285	 -0.940655	 -0.752455	 -0.000486252	 -0.924211	 -0.745293	 -0.00056891	 -0.907775	 1.75908	 1.75905	 1.75902	 1.75898	 1.75895	 
0.08	 -0.781	 0	 -0.99	 -0.773776	 -0.000127189	 -0.973595	 -0.766725	 -0.000252807	 -0.957114	 -0.759651	 -0.000344868	 -0.940644	 -0.752452	 -0.000458565	 -0.924228	 -0.745263	 -0.000621597	 -0.907808	 1.75855	 1.75851	 1.75849	 1.75845	 1.75841	 
0.09	 -0.781	 0	 -0.99	 -0.773834	 -0.000204644	 -0.973574	 -0.766697	 -0.000231992	 -0.957134	 -0.759627	 -0.000289102	 -0.940666	 -0.752491	 -0.000472139	 -0.924228	 -0.745256	 -0.000634354	 -0.907832	 1.75796	 1.75793	 1.75791	 1.75786	 1.75787	 
0.1	 -0.781	 0	 -0.99	 -0.773879	 -0.000155425	 -0.973559	 -0.766725	 -0.000262166	 -0.957131	 -0.759568	 -0.000319047	 -0.940705	 -0.752439	 -0.000444749	 -0.924267	 -0.745322	 -0.000647601	 -0.907825	 1.75732	 1.7573	 1.75729	 1.75724	 1.75725	 
0.11	 -0.781	 0	 -0.99	 -0.773916	 -9.35514e-005	 -0.973547	 -0.766771	 -0.000245457	 -0.95712	 -0.759543	 -0.000377244	 -0.94073	 -0.752408	 -0.00047427	 -0.924299	 -0.745388	 -0.000595551	 -0.907819	 1.75669	 1.75667	 1.75665	 1.75663	 1.75662	 
0.12	 -0.781	 0	 -0.99	 -0.773933	 -8.06455e-005	 -0.973544	 -0.766716	 -0.000208397	 -0.957155	 -0.759527	 -0.000419685	 -0.940754	 -0.752442	 -0.000542251	 -0.924307	 -0.745338	 -0.000537591	 -0.907868	 1.75596	 1.75593	 1.7559	 1.75587	 1.75587	 
0.13	 -0.781	 0	 -0.99	 -0.773855	 -5.36906e-005	 -0.973585	 -0.766734	 -0.000236132	 -0.957161	 -0.759623	 -0.000410257	 -0.940733	 -0.752487	 -0.000487815	 -0.924315	 -0.745338	 -0.000563004	 -0.907904	 1.75496	 1.75493	 1.75489	 1.75485	 1.75481	 
0.14	 -0.781	 0	 -0.99	 -0.773779	 -0.00012287	 -0.973628	 -0.76674	 -0.000254465	 -0.957178	 -0.759676	 -0.000354708	 -0.940739	 -0.752482	 -0.000467367	 -0.924356	 -0.745299	 -0.000624239	 -0.907969	 1.75363	 1.7536	 1.75356	 1.75351	 1.75347	 
0.15	 -0.781	 0	 -0.99	 -0.773842	 -0.000212269	 -0.973615	 -0.766722	 -0.000237475	 -0.957212	 -0.759674	 -0.000292998	 -0.940779	 -0.752546	 -0.000479415	 -0.924381	 -0.74531	 -0.000642698	 -0.908031	 1.75181	 1.75177	 1.75173	 1.75166	 1.75168	 
0.16	 -0.781	 0	 -0.99	 -0.773892	 -0.000163302	 -0.97361	 -0.766762	 -0.000266606	 -0.957229	 -0.759629	 -0.00031502	 -0.94085	 -0.752516	 -0.000444125	 -0.924463	 -0.745409	 -0.00066045	 -0.908074	 1.74937	 1.74934	 1.74931	 1.74924	 1.74925	 
0.17	 -0.781	 0	 -0.99	 -0.773929	 -9.75622e-005	 -0.973615	 -0.766799	 -0.00024921	 -0.957255	 -0.759592	 -0.00037755	 -0.94093	 -0.752487	 -0.000477789	 -0.92456	 -0.745505	 -0.000606601	 -0.908137	 1.74643	 1.7464	 1.74637	 1.74633	 1.74632	 
0.18	 -0.781	 0	 -0.99	 -0.773967	 -7.85037e-005	 -0.973622	 -0.766769	 -0.000206516	 -0.957316	 -0.7596	 -0.000423273	 -0.940999	 -0.752548	 -0.00054695	 -0.924631	 -0.745483	 -0.000535591	 -0.908267	 1.74307	 1.74305	 1.743	 1.74296	 1.74295	 
0.19	 -0.781	 0	 -0.99	 -0.773907	 -4.73669e-005	 -0.973674	 -0.766825	 -0.000232514	 -0.957344	 -0.759743	 -0.000412513	 -0.941015	 -0.752635	 -0.000486144	 -0.924696	 -0.745513	 -0.000553507	 -0.908384	 1.73945	 1.73941	 1.73938	 1.73933	 1.73929	 
0.2	 -0.781	 0	 -0.99	 -0.773816	 -0.00012032	 -0.97374	 -0.766824	 -0.000256609	 -0.957397	 -0.759801	 -0.000355404	 -0.941066	 -0.752637	 -0.000464224	 -0.924798	 -0.745487	 -0.000623474	 -0.908525	 1.73586	 1.73583	 1.73581	 1.73577	 1.73573	 
0.21	 -0.781	 0	 -0.99	 -0.773881	 -0.000215507	 -0.973737	 -0.76681	 -0.000232222	 -0.957451	 -0.759814	 -0.000282208	 -0.941133	 -0.752733	 -0.000473731	 -0.924854	 -0.745536	 -0.000642113	 -0.908624	 1.73248	 1.73245	 1.73245	 1.73239	 1.73242	 
0.22	 -0.781	 0	 -0.99	 -0.773941	 -0.00016626	 -0.973732	 -0.766847	 -0.000261799	 -0.957479	 -0.759759	 -0.000307859	 -0.941223	 -0.752701	 -0.000440574	 -0.924955	 -0.745642	 -0.00065622	 -0.908688	 1.72938	 1.72936	 1.72936	 1.72932	 1.72935	 
0.23	 -0.781	 0	 -0.99	 -0.773983	 -8.90964e-005	 -0.973733	 -0.766901	 -0.00025259	 -0.957494	 -0.759727	 -0.000382844	 -0.941296	 -0.75266	 -0.000473458	 -0.925051	 -0.745733	 -0.000601339	 -0.908745	 1.72667	 1.72665	 1.72666	 1.72664	 1.72665	 
0.24	 -0.781	 0	 -0.99	 -0.774025	 -6.96569e-005	 -0.973732	 -0.766887	 -0.000197685	 -0.957536	 -0.759766	 -0.000420187	 -0.941333	 -0.752753	 -0.000539361	 -0.925082	 -0.745731	 -0.000515838	 -0.908835	 1.72421	 1.72419	 1.72417	 1.72416	 1.72417	 
0.25	 -0.781	 0	 -0.99	 -0.773934	 -5.4456e-005	 -0.973789	 -0.766883	 -0.000231109	 -0.957572	 -0.759857	 -0.000413471	 -0.941345	 -0.7528	 -0.000493567	 -0.92513	 -0.745707	 -0.000552393	 -0.908932	 1.72179	 1.72177	 1.72175	 1.72172	 1.72168	 
0.26	 -0.781	 0	 -0.99	 -0.773846	 -0.000121519	 -0.973845	 -0.766911	 -0.000258589	 -0.957595	 -0.759945	 -0.000339624	 -0.941359	 -0.752823	 -0.000444693	 -0.92519	 -0.745717	 -0.000626481	 -0.909016	 1.71939	 1.71936	 1.71932	 1.71929	 1.71924	 
0.27	 -0.781	 0	 -0.99	 -0.773918	 -0.000224831	 -0.973833	 -0.766889	 -0.000235124	 -0.957642	 -0.759925	 -0.000274743	 -0.941423	 -0.752883	 -0.000468433	 -0.925239	 -0.745742	 -0.000645656	 -0.909098	 1.7168	 1.71676	 1.71674	 1.71667	 1.71668	 
0.28	 -0.781	 0	 -0.99	 -0.774013	 -0.000166565	 -0.973811	 -0.76694	 -0.000251055	 -0.95766	 -0.759882	 -0.000304885	 -0.941501	 -0.752883	 -0.000441354	 -0.925319	 -0.745868	 -0.000635082	 -0.909143	 1.71397	 1.71393	 1.71393	 1.71385	 1.71386	 
0.29	 -0.781	 0	 -0.99	 -0.774036	 -6.32053e-005	 -0.973822	 -0.766997	 -0.000248963	 -0.957677	 -0.759852	 -0.000390862	 -0.941579	 -0.752826	 -0.000462533	 -0.925428	 -0.745955	 -0.000580102	 -0.909211	 1.71103	 1.711	 1.71099	 1.71095	 1.71097	 
0.3	 -0.781	 0	 -0.99	 -0.774052	 -5.6604e-005	 -0.973837	 -0.766978	 -0.000191262	 -0.95773	 -0.759909	 -0.000420585	 -0.941621	 -0.75293	 -0.000530397	 -0.925472	 -0.745955	 -0.000495965	 -0.909321	 1.70793	 1.70791	 1.70788	 1.70785	 1.70787	 
0.31	 -0.781	 0	 -0.99	 -0.773974	 -7.1516e-005	 -0.973894	 -0.766972	 -0.000217902	 -0.957778	 -0.760026	 -0.000389733	 -0.941638	 -0.753021	 -0.000486331	 -0.925523	 -0.74593	 -0.000540043	 -0.909446	 1.70474	 1.70472	 1.7047	 1.70466	 1.70463	 
0.32	 -0.781	 0	 -0.99	 -0.773889	 -0.000132156	 -0.973954	 -0.767014	 -0.000263526	 -0.957806	 -0.760112	 -0.000312029	 -0.941669	 -0.753038	 -0.000414529	 -0.925608	 -0.745973	 -0.00063363	 -0.909543	 1.70158	 1.70156	 1.70152	 1.70149	 1.70145	 
0.33	 -0.781	 0	 -0.99	 -0.773971	 -0.000226311	 -0.973942	 -0.766994	 -0.000238575	 -0.957861	 -0.760054	 -0.000265714	 -0.941764	 -0.753059	 -0.000453647	 -0.925692	 -0.746011	 -0.000646536	 -0.909643	 1.69834	 1.6983	 1.69828	 1.6982	 1.6982	 
0.34	 -0.781	 0	 -0.99	 -0.774106	 -0.000158396	 -0.973907	 -0.767047	 -0.000231581	 -0.957885	 -0.760017	 -0.000312776	 -0.94185	 -0.753097	 -0.000456819	 -0.925769	 -0.746152	 -0.000602888	 -0.909699	 1.69505	 1.69501	 1.695	 1.69492	 1.6949	 
0.35	 -0.781	 0	 -0.99	 -0.774092	 -3.17791e-005	 -0.973936	 -0.767097	 -0.000250104	 -0.957911	 -0.760001	 -0.000420156	 -0.94193	 -0.753033	 -0.000470166	 -0.925892	 -0.746223	 -0.000562532	 -0.909787	 1.69175	 1.69172	 1.69171	 1.69165	 1.69169	 
0.36	 -0.781	 0	 -0.99	 -0.774069	 -4.51482e-005	 -0.97397	 -0.767099	 -0.000199249	 -0.957958	 -0.760112	 -0.000427722	 -0.941954	 -0.75316	 -0.000523863	 -0.925934	 -0.746229	 -0.000502297	 -0.909905	 1.68833	 1.6883	 1.68829	 1.68824	 1.68828	 
0.37	 -0.781	 0	 -0.99	 -0.774009	 -0.000116225	 -0.974021	 -0.767066	 -0.000213951	 -0.958022	 -0.760218	 -0.000361233	 -0.941982	 -0.753272	 -0.000493696	 -0.925984	 -0.746183	 -0.000557901	 -0.910049	 1.68487	 1.68485	 1.68484	 1.68482	 1.68482	 
0.38	 -0.781	 0	 -0.99	 -0.773951	 -0.000162331	 -0.974072	 -0.767114	 -0.000279078	 -0.958052	 -0.760264	 -0.000293002	 -0.942037	 -0.753253	 -0.000406695	 -0.926092	 -0.746238	 -0.000670803	 -0.910151	 1.68141	 1.6814	 1.68136	 1.68135	 1.68134	 
0.39	 -0.781	 0	 -0.99	 -0.774062	 -0.000203826	 -0.97405	 -0.767157	 -0.000245307	 -0.958084	 -0.760225	 -0.00026896	 -0.94213	 -0.753282	 -0.000433874	 -0.926182	 -0.746365	 -0.000647615	 -0.910223	 1.67785	 1.67782	 1.6778	 1.67774	 1.67771	 
0.4	 -0.781	 0	 -0.99	 -0.774197	 -0.000136139	 -0.974016	 -0.767155	 -0.000210845	 -0.958135	 -0.760151	 -0.000347208	 -0.942239	 -0.753315	 -0.000494536	 -0.926269	 -0.746456	 -0.000560297	 -0.91031	 1.67435	 1.67431	 1.67427	 1.67423	 1.67418	 
0.41	 -0.781	 0	 -0.99	 -0.774157	 -7.06076e-007	 -0.974057	 -0.767215	 -0.000231445	 -0.958159	 -0.760208	 -0.000435706	 -0.942289	 -0.753314	 -0.000471956	 -0.92637	 -0.746523	 -0.000518109	 -0.910405	 1.67086	 1.67083	 1.67081	 1.67073	 1.67076	 
0.42	 -0.781	 0	 -0.99	 -0.774055	 -4.16708e-005	 -0.974126	 -0.767212	 -0.000218756	 -0.958209	 -0.760326	 -0.000412381	 -0.942311	 -0.753382	 -0.000487259	 -0.926438	 -0.746485	 -0.000521564	 -0.910544	 1.66742	 1.66738	 1.66739	 1.66731	 1.66733	 
0.43	 -0.781	 0	 -0.99	 -0.774045	 -0.000177181	 -0.974155	 -0.767181	 -0.000209757	 -0.958269	 -0.76043	 -0.000303083	 -0.942335	 -0.753535	 -0.000477058	 -0.926464	 -0.746471	 -0.000580783	 -0.910667	 1.66418	 1.66415	 1.66416	 1.66412	 1.66417	 
0.44	 -0.781	 0	 -0.99	 -0.774057	 -0.000196777	 -0.974172	 -0.767217	 -0.000272655	 -0.958298	 -0.760405	 -0.000266302	 -0.942413	 -0.753501	 -0.00040688	 -0.926567	 -0.746551	 -0.000682576	 -0.910744	 1.66106	 1.66104	 1.66104	 1.66101	 1.66106	 
0.45	 -0.781	 0	 -0.99	 -0.774151	 -0.000147532	 -0.974152	 -0.767287	 -0.000265167	 -0.95831	 -0.760334	 -0.000318853	 -0.942507	 -0.753452	 -0.000435204	 -0.926674	 -0.746704	 -0.000646457	 -0.910784	 1.65808	 1.65806	 1.65806	 1.65804	 1.65804	 
0.46	 -0.781	 0	 -0.99	 -0.774267	 -9.05067e-005	 -0.974122	 -0.767287	 -0.000201504	 -0.958351	 -0.760311	 -0.000412618	 -0.942579	 -0.753518	 -0.000545989	 -0.926727	 -0.746742	 -0.00053231	 -0.910868	 1.65531	 1.6553	 1.65526	 1.65525	 1.65522	 
0.47	 -0.781	 0	 -0.99	 -0.774193	 -2.10041e-005	 -0.974173	 -0.7673	 -0.000225057	 -0.958384	 -0.760419	 -0.000460766	 -0.942591	 -0.753583	 -0.000529783	 -0.926778	 -0.746727	 -0.000533739	 -0.910972	 1.65256	 1.65252	 1.65251	 1.65244	 1.65242	 
0.48	 -0.781	 0	 -0.99	 -0.774036	 -8.12283e-005	 -0.974261	 -0.767311	 -0.000268908	 -0.958419	 -0.760543	 -0.000393099	 -0.942594	 -0.753609	 -0.000472717	 -0.926842	 -0.746706	 -0.000627284	 -0.911078	 1.64991	 1.64988	 1.64984	 1.64979	 1.64973	 
0.49	 -0.781	 0	 -0.99	 -0.77408	 -0.000235867	 -0.974261	 -0.767297	 -0.000245624	 -0.958462	 -0.760578	 -0.000278951	 -0.942635	 -0.753717	 -0.000480205	 -0.926871	 -0.746748	 -0.000676216	 -0.911154	 1.6473	 1.64727	 1.64726	 1.64717	 1.6472	 
0.5	 -0.781	 0	 -0.99	 -0.774203	 -0.000222682	 -0.974227	 -0.767309	 -0.000264525	 -0.958494	 -0.760474	 -0.000299728	 -0.942736	 -0.753689	 -0.000480208	 -0.926958	 -0.746834	 -0.000693639	 -0.911211	 1.64465	 1.6446	 1.64461	 1.64452	 1.64455	 
0.51	 -0.781	 0	 -0.99	 -0.774259	 -6.76451e-005	 -0.97422	 -0.767409	 -0.000276264	 -0.958489	 -0.760447	 -0.000413061	 -0.942806	 -0.753634	 -0.000481457	 -0.927058	 -0.746991	 -0.000633388	 -0.911237	 1.642	 1.64198	 1.64198	 1.64192	 1.64198	 
0.52	 -0.781	 0	 -0.99	 -0.774246	 -3.28026e-005	 -0.974245	 -0.767399	 -0.000218926	 -0.958532	 -0.760504	 -0.000476245	 -0.942842	 -0.75371	 -0.000568758	 -0.927105	 -0.746996	 -0.000542425	 -0.911334	 1.63922	 1.63919	 1.63918	 1.63913	 1.6392	 
0.53	 -0.781	 0	 -0.99	 -0.774169	 -0.000101511	 -0.974301	 -0.767346	 -0.000222074	 -0.958599	 -0.760628	 -0.000431274	 -0.942853	 -0.753841	 -0.000572693	 -0.927135	 -0.746907	 -0.000585918	 -0.911482	 1.63615	 1.63612	 1.63612	 1.63608	 1.6361	 
0.54	 -0.781	 0	 -0.99	 -0.774092	 -0.000165277	 -0.97436	 -0.767414	 -0.000296133	 -0.95862	 -0.760746	 -0.000330224	 -0.942875	 -0.75388	 -0.000453079	 -0.927216	 -0.746967	 -0.000718399	 -0.91158	 1.63277	 1.63276	 1.6327	 1.63269	 1.63267	 
0.55	 -0.781	 0	 -0.99	 -0.774177	 -0.000227554	 -0.974351	 -0.767461	 -0.000293729	 -0.958656	 -0.760692	 -0.000295456	 -0.942983	 -0.753866	 -0.00046289	 -0.927336	 -0.747095	 -0.000742478	 -0.911667	 1.62881	 1.62876	 1.62874	 1.62866	 1.62865	 
0.56	 -0.781	 0	 -0.99	 -0.774365	 -0.000172081	 -0.974303	 -0.767475	 -0.000230987	 -0.958714	 -0.760616	 -0.000368085	 -0.943114	 -0.753937	 -0.000547637	 -0.927436	 -0.74724	 -0.000628794	 -0.911766	 1.62431	 1.62427	 1.6242	 1.62414	 1.62406	 
0.57	 -0.781	 0	 -0.99	 -0.774338	 -1.50771e-005	 -0.974349	 -0.7675	 -0.000244677	 -0.958776	 -0.760642	 -0.000484576	 -0.943212	 -0.753942	 -0.000545505	 -0.927579	 -0.747303	 -0.00056484	 -0.911919	 1.61928	 1.61922	 1.61918	 1.61907	 1.61908	 
0.58	 -0.781	 0	 -0.99	 -0.774206	 -1.3847e-005	 -0.974445	 -0.767566	 -0.000245632	 -0.958825	 -0.760855	 -0.000447456	 -0.943236	 -0.754061	 -0.000495659	 -0.927682	 -0.747344	 -0.000561057	 -0.912095	 1.61383	 1.61377	 1.61375	 1.61363	 1.61363	 
0.59	 -0.781	 0	 -0.99	 -0.774186	 -0.000194441	 -0.974494	 -0.767531	 -0.000222463	 -0.958918	 -0.760956	 -0.000301657	 -0.943309	 -0.754198	 -0.000484319	 -0.92778	 -0.747303	 -0.000611912	 -0.912309	 1.60834	 1.60831	 1.6083	 1.60822	 1.60828	 
0.6	 -0.781	 0	 -0.99	 -0.774284	 -0.000237625	 -0.97449	 -0.767571	 -0.00024467	 -0.958977	 -0.760937	 -0.00023026	 -0.94343	 -0.754246	 -0.000411156	 -0.927909	 -0.747438	 -0.00065424	 -0.912439	 1.60306	 1.60302	 1.60305	 1.60297	 1.60306	 
0.61	 -0.781	 0	 -0.99	 -0.774379	 -9.97003e-005	 -0.974482	 -0.767685	 -0.000253884	 -0.958996	 -0.760882	 -0.000309433	 -0.943556	 -0.754199	 -0.000383503	 -0.928065	 -0.747675	 -0.000593573	 -0.912506	 1.59826	 1.59825	 1.59829	 1.59825	 1.59832	 
0.62	 -0.781	 0	 -0.99	 -0.774417	 -1.90325e-005	 -0.974494	 -0.767685	 -0.000186323	 -0.959054	 -0.760884	 -0.000416145	 -0.943644	 -0.754247	 -0.000492263	 -0.928162	 -0.747727	 -0.000461284	 -0.912629	 1.59421	 1.59419	 1.59421	 1.59422	 1.59429	 
0.63	 -0.781	 0	 -0.99	 -0.774348	 -4.75447e-005	 -0.974549	 -0.767638	 -0.00016505	 -0.959123	 -0.761022	 -0.000400735	 -0.943657	 -0.754397	 -0.0005107	 -0.928195	 -0.747643	 -0.000446798	 -0.912787	 1.59077	 1.59075	 1.59079	 1.59077	 1.59083	 
0.64	 -0.781	 0	 -0.99	 -0.774217	 -0.000125297	 -0.974626	 -0.767665	 -0.000248996	 -0.959152	 -0.761148	 -0.000293714	 -0.943663	 -0.754425	 -0.000388228	 -0.928262	 -0.747628	 -0.000593059	 -0.912895	 1.58801	 1.58801	 1.588	 1.58803	 1.588	 
0.65	 -0.781	 0	 -0.99	 -0.774274	 -0.000209655	 -0.974618	 -0.767728	 -0.000264105	 -0.959158	 -0.761125	 -0.000220395	 -0.943723	 -0.754409	 -0.000357889	 -0.928336	 -0.747748	 -0.000654646	 -0.912928	 1.58569	 1.58566	 1.58566	 1.58563	 1.58564	 
0.66	 -0.781	 0	 -0.99	 -0.774474	 -0.000177308	 -0.974547	 -0.767722	 -0.000199275	 -0.95919	 -0.760987	 -0.000291568	 -0.943827	 -0.75442	 -0.000463263	 -0.928391	 -0.747855	 -0.000552606	 -0.912955	 1.58363	 1.58361	 1.58357	 1.58354	 1.58347	 
0.67	 -0.781	 0	 -0.99	 -0.774497	 -9.24655e-006	 -0.974549	 -0.767745	 -0.000192071	 -0.959207	 -0.760998	 -0.000423712	 -0.943864	 -0.754446	 -0.000487141	 -0.928435	 -0.74792	 -0.000459839	 -0.912995	 1.58179	 1.58174	 1.58173	 1.58165	 1.58165	 
0.68	 -0.781	 0	 -0.99	 -0.774313	 2.08276e-005	 -0.974641	 -0.76777	 -0.000228143	 -0.959223	 -0.761153	 -0.000429425	 -0.943836	 -0.754464	 -0.000445807	 -0.928479	 -0.74786	 -0.000498971	 -0.913086	 1.57994	 1.57991	 1.57989	 1.57978	 1.57977	 
0.69	 -0.781	 0	 -0.99	 -0.774251	 -0.000172392	 -0.974682	 -0.767735	 -0.000217976	 -0.959262	 -0.761258	 -0.000280119	 -0.943826	 -0.754569	 -0.000435864	 -0.928482	 -0.747791	 -0.000580975	 -0.913177	 1.57824	 1.5782	 1.5782	 1.57811	 1.57813	 
0.7	 -0.781	 0	 -0.99	 -0.774374	 -0.0002624	 -0.974641	 -0.767728	 -0.000220971	 -0.959288	 -0.761193	 -0.000201126	 -0.943888	 -0.754608	 -0.000409518	 -0.928511	 -0.747867	 -0.000627427	 -0.913202	 1.57664	 1.57659	 1.57661	 1.57649	 1.5766	 
0.71	 -0.781	 0	 -0.99	 -0.774477	 -0.000103469	 -0.974606	 -0.767815	 -0.000247739	 -0.959271	 -0.761086	 -0.000309324	 -0.943966	 -0.754512	 -0.000387979	 -0.928594	 -0.748056	 -0.000580668	 -0.913172	 1.57512	 1.5751	 1.57511	 1.57504	 1.57511	 
0.72	 -0.781	 0	 -0.99	 -0.77447	 1.84044e-005	 -0.974617	 -0.76784	 -0.000206865	 -0.959279	 -0.76109	 -0.000437119	 -0.943993	 -0.754491	 -0.00047055	 -0.92864	 -0.748082	 -0.000464502	 -0.913206	 1.57389	 1.57385	 1.57389	 1.57383	 1.57394	 
0.73	 -0.781	 0	 -0.99	 -0.774396	 -5.50661e-005	 -0.974657	 -0.767781	 -0.000161607	 -0.95932	 -0.76124	 -0.000399433	 -0.943952	 -0.754656	 -0.000517457	 -0.928602	 -0.747958	 -0.000443655	 -0.913299	 1.57269	 1.57267	 1.5727	 1.57264	 1.57275	 
0.74	 -0.781	 0	 -0.99	 -0.774292	 -0.000169132	 -0.97471	 -0.767758	 -0.00023324	 -0.959344	 -0.761327	 -0.000272181	 -0.943935	 -0.754694	 -0.000411162	 -0.928612	 -0.747895	 -0.000597445	 -0.913362	 1.57176	 1.57174	 1.57176	 1.57177	 1.5718	 
0.75	 -0.781	 0	 -0.99	 -0.774328	 -0.000199158	 -0.9747	 -0.767826	 -0.000283507	 -0.959327	 -0.761256	 -0.000222374	 -0.943983	 -0.754598	 -0.000340441	 -0.928677	 -0.748019	 -0.000682099	 -0.91334	 1.57093	 1.57091	 1.57091	 1.57088	 1.57096	 
0.76	 -0.781	 0	 -0.99	 -0.774518	 -0.000138153	 -0.974624	 -0.767851	 -0.000206131	 -0.959326	 -0.761131	 -0.000308873	 -0.944052	 -0.754596	 -0.000446325	 -0.928699	 -0.748161	 -0.00054276	 -0.913303	 1.5702	 1.57019	 1.57017	 1.57017	 1.57012	 
0.77	 -0.781	 0	 -0.99	 -0.77455	 -1.84949e-005	 -0.974613	 -0.767816	 -0.000163273	 -0.959349	 -0.761132	 -0.000433518	 -0.944065	 -0.754646	 -0.000525937	 -0.928694	 -0.74813	 -0.000422152	 -0.913336	 1.56973	 1.5697	 1.56968	 1.56964	 1.56965	 
0.78	 -0.781	 0	 -0.99	 -0.774347	 5.21171e-006	 -0.974703	 -0.76783	 -0.00022206	 -0.95935	 -0.761305	 -0.000410633	 -0.944	 -0.754677	 -0.000436191	 -0.928693	 -0.748047	 -0.000489111	 -0.913387	 1.56924	 1.56922	 1.56919	 1.56912	 1.56906	 
0.79	 -0.781	 0	 -0.99	 -0.774245	 -0.000168065	 -0.97475	 -0.76782	 -0.000251085	 -0.959358	 -0.761377	 -0.000257555	 -0.943973	 -0.754689	 -0.000377819	 -0.928694	 -0.747992	 -0.000612427	 -0.913421	 1.56907	 1.56902	 1.569	 1.56894	 1.56891	 
0.8	 -0.781	 0	 -0.99	 -0.77443	 -0.000272865	 -0.974672	 -0.767817	 -0.000209419	 -0.959361	 -0.761281	 -0.00018629	 -0.944016	 -0.754735	 -0.000405135	 -0.928679	 -0.74808	 -0.000609623	 -0.913387	 1.56892	 1.56888	 1.56887	 1.56874	 1.56878	 
0.81	 -0.781	 0	 -0.99	 -0.774558	 -0.000104204	 -0.974616	 -0.767839	 -0.000215138	 -0.95935	 -0.76112	 -0.000327711	 -0.944086	 -0.754626	 -0.000430726	 -0.928724	 -0.748174	 -0.00053009	 -0.913345	 1.56894	 1.56889	 1.5689	 1.56879	 1.56879	 
0.82	 -0.781	 0	 -0.99	 -0.774479	 6.58176e-005	 -0.974647	 -0.767899	 -0.000213934	 -0.959322	 -0.761189	 -0.000452495	 -0.944053	 -0.7546	 -0.000440869	 -0.928731	 -0.748203	 -0.000443967	 -0.913326	 1.56914	 1.5691	 1.56911	 1.56899	 1.56913	 
0.83	 -0.781	 0	 -0.99	 -0.774347	 -5.23061e-005	 -0.974703	 -0.767836	 -0.000179623	 -0.959345	 -0.761342	 -0.00037935	 -0.943981	 -0.754722	 -0.000475885	 -0.92867	 -0.748054	 -0.000460198	 -0.913379	 1.56933	 1.56929	 1.56933	 1.56922	 1.5693	 
0.84	 -0.781	 0	 -0.99	 -0.77432	 -0.000233983	 -0.974713	 -0.767768	 -0.000211242	 -0.959368	 -0.761373	 -0.00022774	 -0.943957	 -0.754785	 -0.000425474	 -0.928629	 -0.747964	 -0.000596531	 -0.913403	 1.56985	 1.56981	 1.56986	 1.5698	 1.56994	 
0.85	 -0.781	 0	 -0.99	 -0.7744	 -0.000201116	 -0.974673	 -0.767846	 -0.000271918	 -0.959326	 -0.761267	 -0.000213512	 -0.94399	 -0.754675	 -0.000336161	 -0.928659	 -0.748118	 -0.000662035	 -0.913316	 1.57037	 1.57035	 1.57038	 1.57031	 1.57044	 
0.86	 -0.781	 0	 -0.99	 -0.774516	 -6.96483e-005	 -0.974617	 -0.767889	 -0.000231738	 -0.959296	 -0.761125	 -0.00035559	 -0.944035	 -0.754562	 -0.000427006	 -0.928686	 -0.748217	 -0.000539262	 -0.913245	 1.57116	 1.57114	 1.57118	 1.57117	 1.57123	 
0.87	 -0.781	 0	 -0.99	 -0.774536	 -8.72529e-006	 -0.974601	 -0.767844	 -0.000148847	 -0.959302	 -0.761178	 -0.000445364	 -0.943993	 -0.754663	 -0.000543076	 -0.928616	 -0.74813	 -0.000400377	 -0.913247	 1.57216	 1.57215	 1.57213	 1.57212	 1.57222	 
0.88	 -0.781	 0	 -0.99	 -0.774344	 -5.09175e-005	 -0.974676	 -0.767787	 -0.000202965	 -0.95931	 -0.761314	 -0.000383783	 -0.943909	 -0.754705	 -0.000466134	 -0.928565	 -0.747963	 -0.000496708	 -0.913279	 1.57322	 1.5732	 1.57322	 1.5732	 1.57316	 
0.89	 -0.781	 0	 -0.99	 -0.774243	 -0.000172017	 -0.974711	 -0.767832	 -0.000272979	 -0.959273	 -0.761388	 -0.00022998	 -0.943849	 -0.754687	 -0.000334883	 -0.928535	 -0.747992	 -0.00065416	 -0.913221	 1.57467	 1.57465	 1.57461	 1.57461	 1.5746	 
0.9	 -0.781	 0	 -0.99	 -0.774415	 -0.000249729	 -0.974627	 -0.767818	 -0.000231353	 -0.959257	 -0.761213	 -0.000205472	 -0.943891	 -0.754629	 -0.000398493	 -0.928518	 -0.748061	 -0.000637277	 -0.913139	 1.57607	 1.57603	 1.57602	 1.57593	 1.57591	 
0.91	 -0.781	 0	 -0.99	 -0.774589	 -0.000106248	 -0.97454	 -0.76781	 -0.000182784	 -0.959237	 -0.761068	 -0.000353457	 -0.943919	 -0.754598	 -0.000489267	 -0.928484	 -0.748122	 -0.000495114	 -0.913052	 1.5778	 1.57776	 1.57773	 1.57768	 1.5776	 
0.92	 -0.781	 0	 -0.99	 -0.774461	 7.10346e-005	 -0.97458	 -0.767837	 -0.000212076	 -0.959199	 -0.761143	 -0.000474332	 -0.943849	 -0.754554	 -0.00046695	 -0.928452	 -0.748076	 -0.0004446	 -0.913007	 1.57961	 1.57956	 1.57956	 1.57941	 1.57948	 
0.93	 -0.781	 0	 -0.99	 -0.774257	 -4.33762e-005	 -0.974654	 -0.767788	 -0.000223924	 -0.959193	 -0.761282	 -0.000385974	 -0.943746	 -0.754581	 -0.000449284	 -0.928383	 -0.747901	 -0.000520851	 -0.913012	 1.58153	 1.58147	 1.58149	 1.58137	 1.58135	 
0.94	 -0.781	 0	 -0.99	 -0.774291	 -0.000267119	 -0.974626	 -0.767729	 -0.000208162	 -0.959187	 -0.7613	 -0.000202838	 -0.943692	 -0.754671	 -0.000427114	 -0.928284	 -0.747828	 -0.000614287	 -0.912968	 1.58369	 1.58365	 1.58368	 1.58356	 1.58372	 
0.95	 -0.781	 0	 -0.99	 -0.774424	 -0.000227894	 -0.974553	 -0.767762	 -0.000249574	 -0.959142	 -0.761135	 -0.000210165	 -0.943716	 -0.754556	 -0.000370807	 -0.92827	 -0.747938	 -0.000646783	 -0.912842	 1.58579	 1.58574	 1.58579	 1.58566	 1.58578	 
0.96	 -0.781	 0	 -0.99	 -0.774494	 -2.5245e-005	 -0.974505	 -0.767839	 -0.000240725	 -0.959076	 -0.761019	 -0.000373766	 -0.943718	 -0.754412	 -0.000404799	 -0.928266	 -0.748055	 -0.000530854	 -0.91271	 1.58809	 1.58806	 1.58812	 1.58805	 1.5882	 
0.97	 -0.781	 0	 -0.99	 -0.774452	 1.78156e-005	 -0.974507	 -0.767765	 -0.000160199	 -0.959075	 -0.761051	 -0.000460482	 -0.943656	 -0.754457	 -0.000531447	 -0.928183	 -0.747916	 -0.000401403	 -0.912687	 1.59037	 1.59034	 1.59036	 1.59031	 1.59047	 
0.98	 -0.781	 0	 -0.99	 -0.774304	 -8.19002e-005	 -0.974554	 -0.767683	 -0.000175687	 -0.959077	 -0.761201	 -0.000363859	 -0.943541	 -0.754572	 -0.00048581	 -0.928066	 -0.747734	 -0.000474174	 -0.912683	 1.59264	 1.59262	 1.59267	 1.59263	 1.5927	 
0.99	 -0.781	 0	 -0.99	 -0.774193	 -0.000185597	 -0.974586	 -0.767703	 -0.000276098	 -0.959034	 -0.761218	 -0.000221397	 -0.943481	 -0.754481	 -0.000333187	 -0.928035	 -0.747702	 -0.000663687	 -0.912611	 1.59516	 1.59516	 1.59512	 1.59515	 1.59518	 
1	 -0.781	 0	 -0.99	 -0.774343	 -0.000230242	 -0.974503	 -0.767731	 -0.00025284	 -0.958985	 -0.761048	 -0.000200988	 -0.943497	 -0.754375	 -0.000359952	 -0.928006	 -0.747798	 -0.00065105	 -0.912476	 1.59771	 1.59768	 1.5977	 1.59763	 1.59764	 
1.01	 -0.781	 0	 -0.99	 -0.774547	 -0.000115695	 -0.974393	 -0.767711	 -0.00016764	 -0.95895	 -0.760896	 -0.000340503	 -0.943499	 -0.754364	 -0.000489775	 -0.927926	 -0.747838	 -0.000476327	 -0.912351	 1.60081	 1.6008	 1.60074	 1.60073	 1.60064	 
1.02	 -0.781	 0	 -0.99	 -0.774434	 6.43102e-005	 -0.974415	 -0.767701	 -0.000192433	 -0.958904	 -0.760943	 -0.000474839	 -0.943404	 -0.754321	 -0.000486806	 -0.927843	 -0.747753	 -0.000422724	 -0.91226	 1.60434	 1.60429	 1.6043	 1.60418	 1.60423	 
1.03	 -0.781	 0	 -0.99	 -0.774183	 -5.54225e-006	 -0.974493	 -0.76766	 -0.000231319	 -0.958862	 -0.761078	 -0.000403626	 -0.943255	 -0.754299	 -0.000435302	 -0.927732	 -0.74757	 -0.000517851	 -0.912189	 1.6085	 1.60846	 1.60847	 1.60836	 1.60833	 
1.04	 -0.781	 0	 -0.99	 -0.774181	 -0.000255734	 -0.974461	 -0.767577	 -0.000213352	 -0.958827	 -0.761084	 -0.000214957	 -0.943147	 -0.754356	 -0.000431234	 -0.927568	 -0.747443	 -0.000621708	 -0.912069	 1.61342	 1.61338	 1.61343	 1.61331	 1.61345	 
1.05	 -0.781	 0	 -0.99	 -0.774327	 -0.000270482	 -0.97436	 -0.767573	 -0.000247004	 -0.958752	 -0.760899	 -0.000194583	 -0.943109	 -0.754243	 -0.000392991	 -0.927461	 -0.747483	 -0.000670037	 -0.911858	 1.61878	 1.61873	 1.6188	 1.61866	 1.61881	 
1.06	 -0.781	 0	 -0.99	 -0.774398	 -6.0209e-005	 -0.974286	 -0.76764	 -0.000263171	 -0.95864	 -0.760727	 -0.000358737	 -0.94306	 -0.754032	 -0.000403095	 -0.927385	 -0.747575	 -0.000583776	 -0.911611	 1.62455	 1.62453	 1.62459	 1.62453	 1.62469	 
1.07	 -0.781	 0	 -0.99	 -0.774379	 2.48276e-005	 -0.974252	 -0.767582	 -0.000176341	 -0.958581	 -0.760719	 -0.000475639	 -0.94294	 -0.754035	 -0.000534906	 -0.927218	 -0.747469	 -0.000422991	 -0.911447	 1.63041	 1.63038	 1.63041	 1.63038	 1.63054	 
1.08	 -0.781	 0	 -0.99	 -0.774232	 -4.56781e-005	 -0.974275	 -0.767463	 -0.000172514	 -0.958551	 -0.760824	 -0.000431576	 -0.942773	 -0.754106	 -0.000544629	 -0.927027	 -0.747204	 -0.000459614	 -0.911361	 1.63595	 1.63592	 1.63596	 1.6359	 1.636	 
1.09	 -0.781	 0	 -0.99	 -0.774064	 -0.000149386	 -0.974311	 -0.767474	 -0.000276764	 -0.958473	 -0.760902	 -0.00028066	 -0.942628	 -0.754038	 -0.000379367	 -0.926908	 -0.747103	 -0.000658005	 -0.911221	 1.64123	 1.64123	 1.64116	 1.64118	 1.64115	 
1.1	 -0.781	 0	 -0.99	 -0.774143	 -0.000267952	 -0.974244	 -0.767466	 -0.000276471	 -0.95841	 -0.760747	 -0.000192084	 -0.942594	 -0.753914	 -0.000372399	 -0.926828	 -0.747122	 -0.00071553	 -0.911047	 1.64589	 1.64582	 1.64581	 1.64569	 1.64573	 
1.11	 -0.781	 0	 -0.99	 -0.774385	 -0.00020899	 -0.974111	 -0.76744	 -0.000199168	 -0.958362	 -0.760543	 -0.000278574	 -0.942593	 -0.753881	 -0.000477724	 -0.926725	 -0.747187	 -0.000580735	 -0.91087	 1.65004	 1.65	 1.64993	 1.64983	 1.64973	 
1.12	 -0.781	 0	 -0.99	 -0.774358	 3.29513e-005	 -0.974094	 -0.767451	 -0.000219083	 -0.958304	 -0.760478	 -0.000468232	 -0.942542	 -0.753757	 -0.000491458	 -0.926671	 -0.747163	 -0.000483485	 -0.910746	 1.65383	 1.65375	 1.65375	 1.65359	 1.65367	 
1.13	 -0.781	 0	 -0.99	 -0.774165	 6.68057e-005	 -0.974152	 -0.767445	 -0.000215743	 -0.958257	 -0.760623	 -0.000490779	 -0.942406	 -0.753761	 -0.000493495	 -0.92657	 -0.747027	 -0.000463646	 -0.91068	 1.65721	 1.65714	 1.65717	 1.65698	 1.6571	 
1.14	 -0.781	 0	 -0.99	 -0.774067	 -0.000164237	 -0.974172	 -0.767318	 -0.000193349	 -0.958263	 -0.760703	 -0.000329284	 -0.942298	 -0.753856	 -0.000508727	 -0.926434	 -0.746791	 -0.000552648	 -0.910662	 1.66048	 1.66045	 1.6605	 1.6604	 1.66056	 
1.15	 -0.781	 0	 -0.99	 -0.774064	 -0.000270877	 -0.97415	 -0.767296	 -0.000276369	 -0.958226	 -0.760628	 -0.000208769	 -0.94226	 -0.753772	 -0.000396843	 -0.926375	 -0.746758	 -0.000719783	 -0.910559	 1.66381	 1.66377	 1.66382	 1.66376	 1.66395	 
1.16	 -0.781	 0	 -0.99	 -0.774174	 -0.000198572	 -0.974078	 -0.76738	 -0.000300152	 -0.958142	 -0.760462	 -0.000247251	 -0.942259	 -0.7536	 -0.000365534	 -0.926352	 -0.746913	 -0.000717991	 -0.910373	 1.66708	 1.66706	 1.66711	 1.66705	 1.66719	 
1.17	 -0.781	 0	 -0.99	 -0.774334	 -0.000100891	 -0.973984	 -0.767328	 -0.000197873	 -0.958114	 -0.760289	 -0.000400944	 -0.94226	 -0.753547	 -0.000541028	 -0.926277	 -0.746897	 -0.00052963	 -0.910254	 1.67064	 1.67065	 1.6706	 1.67064	 1.6706	 
1.18	 -0.781	 0	 -0.99	 -0.774263	 3.5694e-005	 -0.973987	 -0.767279	 -0.000185633	 -0.958083	 -0.760335	 -0.000515665	 -0.942163	 -0.753558	 -0.000574327	 -0.926169	 -0.746756	 -0.000446625	 -0.910185	 1.67432	 1.67426	 1.67427	 1.67417	 1.67421	 
1.19	 -0.781	 0	 -0.99	 -0.773993	 1.68694e-005	 -0.974077	 -0.767273	 -0.000257802	 -0.958033	 -0.760492	 -0.000457614	 -0.942014	 -0.753514	 -0.00047129	 -0.926079	 -0.746585	 -0.000556825	 -0.910124	 1.67808	 1.67805	 1.67801	 1.6779	 1.67784	 
1.2	 -0.781	 0	 -0.99	 -0.773948	 -0.000236924	 -0.97407	 -0.767198	 -0.000242783	 -0.958008	 -0.760517	 -0.000262414	 -0.941917	 -0.75355	 -0.0004603	 -0.92595	 -0.746442	 -0.000664796	 -0.910044	 1.68207	 1.68201	 1.68204	 1.6819	 1.68199	 
1.21	 -0.781	 0	 -0.99	 -0.774092	 -0.000321776	 -0.973979	 -0.767154	 -0.000254921	 -0.957969	 -0.760338	 -0.000187598	 -0.941906	 -0.753471	 -0.000430165	 -0.925868	 -0.746434	 -0.000722029	 -0.909903	 1.68608	 1.68601	 1.68607	 1.68589	 1.68609	 
1.22	 -0.781	 0	 -0.99	 -0.774183	 -0.000126001	 -0.973909	 -0.767234	 -0.000287188	 -0.957876	 -0.760152	 -0.000312311	 -0.941899	 -0.753259	 -0.000390615	 -0.925841	 -0.746575	 -0.00066062	 -0.909696	 1.69005	 1.69003	 1.69009	 1.68999	 1.69019	 
1.23	 -0.781	 0	 -0.99	 -0.774224	 8.78972e-007	 -0.973862	 -0.767199	 -0.000195151	 -0.957833	 -0.760074	 -0.000462804	 -0.941849	 -0.753211	 -0.000530536	 -0.925748	 -0.746526	 -0.000470202	 -0.909571	 1.69416	 1.69414	 1.69416	 1.69416	 1.69428	 
1.24	 -0.781	 0	 -0.99	 -0.774126	 1.46528e-005	 -0.973876	 -0.767097	 -0.00015447	 -0.957821	 -0.760168	 -0.000490886	 -0.941724	 -0.7533	 -0.00057924	 -0.925598	 -0.746309	 -0.000408383	 -0.909526	 1.69802	 1.69798	 1.69801	 1.69794	 1.69806	 
1.25	 -0.781	 0	 -0.99	 -0.773877	 -4.67911e-005	 -0.973958	 -0.76709	 -0.000257847	 -0.957772	 -0.760303	 -0.000379336	 -0.941585	 -0.753246	 -0.000424678	 -0.925515	 -0.746145	 -0.000577426	 -0.909465	 1.70176	 1.70176	 1.70168	 1.70167	 1.70155	 
1.26	 -0.781	 0	 -0.99	 -0.773869	 -0.000256707	 -0.973937	 -0.767071	 -0.000265014	 -0.957729	 -0.760279	 -0.000203716	 -0.941519	 -0.753211	 -0.000385231	 -0.925429	 -0.746092	 -0.000694178	 -0.909363	 1.70538	 1.7053	 1.7053	 1.70517	 1.7052	 
1.27	 -0.781	 0	 -0.99	 -0.774079	 -0.000320756	 -0.973823	 -0.76701	 -0.00023075	 -0.957708	 -0.76005	 -0.000182787	 -0.941545	 -0.753147	 -0.000435489	 -0.925361	 -0.74611	 -0.000680658	 -0.909235	 1.70868	 1.70862	 1.70862	 1.70842	 1.70851	 
1.28	 -0.781	 0	 -0.99	 -0.774164	 -7.82347e-005	 -0.973761	 -0.767088	 -0.000258809	 -0.957626	 -0.759907	 -0.000350205	 -0.941536	 -0.752985	 -0.000414317	 -0.925335	 -0.746242	 -0.000595557	 -0.909057	 1.71195	 1.7119	 1.71196	 1.71182	 1.71197	 
1.29	 -0.781	 0	 -0.99	 -0.774121	 5.86619e-005	 -0.973754	 -0.767078	 -0.000201238	 -0.957581	 -0.759898	 -0.000495712	 -0.941468	 -0.752928	 -0.000515625	 -0.925261	 -0.746171	 -0.000445778	 -0.908963	 1.71542	 1.71536	 1.71544	 1.71536	 1.71558	 
1.3	 -0.781	 0	 -0.99	 -0.77401	 -1.1695e-005	 -0.973776	 -0.766945	 -0.000154472	 -0.957585	 -0.759993	 -0.000478406	 -0.941348	 -0.753022	 -0.000585391	 -0.925116	 -0.745897	 -0.000418191	 -0.908951	 1.71897	 1.71895	 1.71902	 1.71896	 1.71914	 
1.31	 -0.781	 0	 -0.99	 -0.773806	 -9.80124e-005	 -0.973837	 -0.766942	 -0.000257281	 -0.957531	 -0.760123	 -0.000337338	 -0.941206	 -0.753003	 -0.00041942	 -0.92501	 -0.745773	 -0.000607316	 -0.908864	 1.723	 1.723	 1.72297	 1.72301	 1.72295	 
1.32	 -0.781	 0	 -0.99	 -0.773793	 -0.000265333	 -0.973813	 -0.766926	 -0.0002897	 -0.957477	 -0.760034	 -0.000196416	 -0.941151	 -0.752893	 -0.000370267	 -0.924935	 -0.745749	 -0.000739748	 -0.908723	 1.72739	 1.72732	 1.72734	 1.72725	 1.72729	 
1.33	 -0.781	 0	 -0.99	 -0.774037	 -0.000314279	 -0.973675	 -0.766878	 -0.000226589	 -0.957433	 -0.759807	 -0.00019676	 -0.941153	 -0.752845	 -0.000452114	 -0.924828	 -0.745782	 -0.000677524	 -0.908547	 1.73183	 1.73179	 1.73177	 1.7316	 1.73162	 
1.34	 -0.781	 0	 -0.99	 -0.774114	 -6.62448e-005	 -0.973607	 -0.766926	 -0.000252642	 -0.957346	 -0.759651	 -0.000382064	 -0.941123	 -0.752668	 -0.000448363	 -0.924772	 -0.745848	 -0.000581498	 -0.908353	 1.73639	 1.73633	 1.73638	 1.73622	 1.73634	 
1.35	 -0.781	 0	 -0.99	 -0.774027	 7.91687e-005	 -0.973612	 -0.766925	 -0.000214726	 -0.957282	 -0.759673	 -0.000522426	 -0.941019	 -0.752608	 -0.000523561	 -0.924671	 -0.745772	 -0.000458319	 -0.908224	 1.7409	 1.74084	 1.74091	 1.74078	 1.74103	 
1.36	 -0.781	 0	 -0.99	 -0.773912	 -1.85394e-005	 -0.973632	 -0.766787	 -0.000157972	 -0.95728	 -0.75978	 -0.000482965	 -0.94088	 -0.752724	 -0.000599503	 -0.924499	 -0.745501	 -0.000439016	 -0.908189	 1.74501	 1.74499	 1.74505	 1.74495	 1.74516	 
1.37	 -0.781	 0	 -0.99	 -0.773722	 -0.000116147	 -0.973687	 -0.766771	 -0.000262983	 -0.957233	 -0.759887	 -0.000340972	 -0.94075	 -0.752697	 -0.000439569	 -0.924399	 -0.745368	 -0.000632554	 -0.90811	 1.74897	 1.74896	 1.74892	 1.74894	 1.7489	 
1.38	 -0.781	 0	 -0.99	 -0.773715	 -0.000270145	 -0.973666	 -0.766779	 -0.000303485	 -0.957179	 -0.759806	 -0.000203725	 -0.940708	 -0.752576	 -0.000376307	 -0.92435	 -0.745355	 -0.000766791	 -0.907991	 1.7526	 1.75252	 1.75251	 1.7524	 1.75245	 
1.39	 -0.781	 0	 -0.99	 -0.773966	 -0.000325525	 -0.973535	 -0.766736	 -0.000234267	 -0.957153	 -0.759588	 -0.000200535	 -0.940735	 -0.752544	 -0.00046486	 -0.924275	 -0.745401	 -0.000701447	 -0.907858	 1.7557	 1.75565	 1.75561	 1.75541	 1.75543	 
1.4	 -0.781	 0	 -0.99	 -0.774047	 -7.93532e-005	 -0.973477	 -0.766784	 -0.000260277	 -0.95709	 -0.759436	 -0.000384351	 -0.940739	 -0.752385	 -0.000461437	 -0.924259	 -0.74549	 -0.000607411	 -0.907713	 1.75859	 1.75852	 1.75857	 1.75839	 1.75851	 
1.41	 -0.781	 0	 -0.99	 -0.773973	 7.60596e-005	 -0.973488	 -0.766797	 -0.000221215	 -0.957044	 -0.759462	 -0.000530159	 -0.94067	 -0.752334	 -0.000533237	 -0.924202	 -0.745444	 -0.000473898	 -0.907632	 1.7614	 1.76133	 1.76141	 1.76129	 1.76154	 
1.42	 -0.781	 0	 -0.99	 -0.773857	 -8.37216e-006	 -0.97352	 -0.766648	 -0.000162152	 -0.957069	 -0.759553	 -0.000507814	 -0.940571	 -0.752441	 -0.000618334	 -0.924078	 -0.745178	 -0.00043699	 -0.90765	 1.76397	 1.76396	 1.76402	 1.76393	 1.76414	 
1.43	 -0.781	 0	 -0.99	 -0.773651	 -9.29013e-005	 -0.973592	 -0.766636	 -0.000264995	 -0.957039	 -0.759685	 -0.000371523	 -0.940458	 -0.752432	 -0.000456907	 -0.924007	 -0.745054	 -0.000624664	 -0.907614	 1.76662	 1.76661	 1.76657	 1.76658	 1.76651	 
1.44	 -0.781	 0	 -0.99	 -0.773635	 -0.000264887	 -0.973583	 -0.766652	 -0.000299129	 -0.956998	 -0.759647	 -0.000211937	 -0.940423	 -0.752353	 -0.000386147	 -0.923974	 -0.745043	 -0.000761877	 -0.907536	 1.7691	 1.76902	 1.76902	 1.76889	 1.76893	 
1.45	 -0.781	 0	 -0.99	 -0.77388	 -0.000349355	 -0.973463	 -0.766608	 -0.000242093	 -0.95699	 -0.759435	 -0.000183693	 -0.940473	 -0.752319	 -0.000458755	 -0.923935	 -0.745077	 -0.00072119	 -0.907452	 1.77099	 1.77092	 1.77089	 1.77067	 1.77074	 
1.46	 -0.781	 0	 -0.99	 -0.773986	 -0.000108601	 -0.973405	 -0.76669	 -0.000270434	 -0.956933	 -0.759296	 -0.000346747	 -0.940504	 -0.752178	 -0.00043208	 -0.923955	 -0.745228	 -0.000633953	 -0.907334	 1.77232	 1.77225	 1.77231	 1.77211	 1.77225	 
1.47	 -0.781	 0	 -0.99	 -0.773945	 5.4691e-005	 -0.973416	 -0.766689	 -0.000218751	 -0.956922	 -0.759279	 -0.000512392	 -0.940496	 -0.752125	 -0.00053206	 -0.923955	 -0.745216	 -0.000483978	 -0.907309	 1.7732	 1.77313	 1.77318	 1.77308	 1.77332	 
1.48	 -0.781	 0	 -0.99	 -0.773858	 1.83028e-005	 -0.973452	 -0.766574	 -0.000151641	 -0.956967	 -0.759399	 -0.000524307	 -0.940437	 -0.752273	 -0.000624102	 -0.923884	 -0.745013	 -0.000413677	 -0.907388	 1.77336	 1.77333	 1.77336	 1.77325	 1.77345	 
1.49	 -0.781	 0	 -0.99	 -0.773631	 -4.08549e-005	 -0.973553	 -0.766588	 -0.000258564	 -0.956966	 -0.759577	 -0.000411532	 -0.940364	 -0.75228	 -0.000464388	 -0.923886	 -0.744895	 -0.000586305	 -0.907449	 1.77317	 1.77316	 1.77309	 1.77305	 1.77295	 
1.5	 -0.781	 0	 -0.99	 -0.77359	 -0.000251101	 -0.973576	 -0.766587	 -0.000288563	 -0.956973	 -0.759583	 -0.000231804	 -0.940371	 -0.752253	 -0.000402087	 -0.923913	 -0.744872	 -0.000729795	 -0.907478	 1.7728	 1.77271	 1.77271	 1.77256	 1.77258	 
1.51	 -0.781	 0	 -0.99	 -0.773813	 -0.000368853	 -0.973484	 -0.766547	 -0.000247055	 -0.957001	 -0.759409	 -0.000162644	 -0.94046	 -0.752261	 -0.000444552	 -0.923928	 -0.744942	 -0.000732366	 -0.90747	 1.77212	 1.77204	 1.77206	 1.77182	 1.77198	 
1.52	 -0.781	 0	 -0.99	 -0.773932	 -0.000147748	 -0.973435	 -0.76665	 -0.000287509	 -0.956963	 -0.759268	 -0.000304952	 -0.940534	 -0.752124	 -0.000401868	 -0.924002	 -0.745155	 -0.000673741	 -0.907396	 1.77142	 1.77138	 1.77147	 1.7713	 1.77151	 
1.53	 -0.781	 0	 -0.99	 -0.773956	 1.5731e-005	 -0.973426	 -0.766657	 -0.000221819	 -0.956964	 -0.759214	 -0.000486243	 -0.940567	 -0.752071	 -0.000529189	 -0.924036	 -0.745171	 -0.000501879	 -0.9074	 1.77114	 1.7711	 1.77118	 1.77115	 1.77134	 
1.54	 -0.781	 0	 -0.99	 -0.773898	 3.51958e-005	 -0.973452	 -0.76657	 -0.000149684	 -0.957004	 -0.759334	 -0.000538362	 -0.940518	 -0.75222	 -0.000626411	 -0.923976	 -0.745003	 -0.000398282	 -0.907479	 1.77096	 1.77093	 1.77098	 1.7709	 1.77108	 
1.55	 -0.781	 0	 -0.99	 -0.773633	 9.2634e-006	 -0.973569	 -0.766573	 -0.000254827	 -0.957006	 -0.759516	 -0.000457577	 -0.94044	 -0.752211	 -0.000481104	 -0.923982	 -0.744867	 -0.000556968	 -0.907543	 1.77089	 1.77087	 1.77082	 1.77076	 1.77064	 
1.56	 -0.781	 0	 -0.99	 -0.773571	 -0.000225334	 -0.973598	 -0.766564	 -0.000270729	 -0.957011	 -0.759579	 -0.000257016	 -0.940414	 -0.752244	 -0.000425696	 -0.923971	 -0.744824	 -0.000700531	 -0.907568	 1.77089	 1.77079	 1.77081	 1.77064	 1.77067	 
1.57	 -0.781	 0	 -0.99	 -0.773767	 -0.000375259	 -0.973517	 -0.766526	 -0.00024864	 -0.957033	 -0.759435	 -0.000150933	 -0.940484	 -0.752264	 -0.000436564	 -0.923974	 -0.744882	 -0.000743318	 -0.907555	 1.77049	 1.7704	 1.77046	 1.77021	 1.77043	 
1.58	 -0.781	 0	 -0.99	 -0.773892	 -0.000185405	 -0.973465	 -0.766638	 -0.000303541	 -0.956994	 -0.759277	 -0.000268098	 -0.940568	 -0.752105	 -0.000378216	 -0.924061	 -0.745108	 -0.00071481	 -0.907481	 1.76962	 1.76958	 1.76967	 1.76949	 1.76973	 
1.59	 -0.781	 0	 -0.99	 -0.773978	 -2.58565e-005	 -0.973434	 -0.766657	 -0.000222063	 -0.957	 -0.759199	 -0.000449694	 -0.940627	 -0.752065	 -0.000518954	 -0.92411	 -0.745165	 -0.00052217	 -0.907492	 1.76866	 1.76862	 1.76866	 1.76864	 1.76876	 
1.6	 -0.781	 0	 -0.99	 -0.773937	 4.22502e-005	 -0.973461	 -0.766577	 -0.000153122	 -0.957055	 -0.759293	 -0.000546724	 -0.940618	 -0.752196	 -0.000626731	 -0.924095	 -0.74503	 -0.000394134	 -0.907602	 1.76728	 1.76722	 1.76724	 1.76714	 1.76727	 
1.61	 -0.781	 0	 -0.99	 -0.773663	 5.31334e-005	 -0.973594	 -0.766601	 -0.000248328	 -0.957072	 -0.759516	 -0.000492808	 -0.940558	 -0.752224	 -0.000489254	 -0.924134	 -0.744932	 -0.000521339	 -0.907711	 1.76547	 1.76544	 1.76537	 1.76523	 1.76514	 
1.62	 -0.781	 0	 -0.99	 -0.773576	 -0.000197638	 -0.973649	 -0.766575	 -0.000255324	 -0.957112	 -0.759616	 -0.000284655	 -0.940557	 -0.752298	 -0.000445288	 -0.924159	 -0.744869	 -0.000662959	 -0.907812	 1.76352	 1.76342	 1.76346	 1.76325	 1.76329	 
1.63	 -0.781	 0	 -0.99	 -0.773745	 -0.000373783	 -0.973592	 -0.766544	 -0.000249475	 -0.957157	 -0.759507	 -0.000147654	 -0.940651	 -0.752336	 -0.000430639	 -0.924206	 -0.74493	 -0.000742845	 -0.907865	 1.76131	 1.76122	 1.76128	 1.76105	 1.76133	 
1.64	 -0.781	 0	 -0.99	 -0.773885	 -0.000212618	 -0.973546	 -0.76668	 -0.000311087	 -0.95713	 -0.759365	 -0.000235904	 -0.940762	 -0.752191	 -0.00035785	 -0.924333	 -0.745187	 -0.00074237	 -0.907833	 1.75884	 1.75881	 1.75891	 1.75875	 1.75902	 
1.65	 -0.781	 0	 -0.99	 -0.774013	 -5.82368e-005	 -0.973505	 -0.766706	 -0.000223493	 -0.95715	 -0.759269	 -0.000419674	 -0.940854	 -0.752167	 -0.000509603	 -0.924408	 -0.745289	 -0.000543057	 -0.907867	 1.7567	 1.75667	 1.75671	 1.75672	 1.75679	 
1.66	 -0.781	 0	 -0.99	 -0.773989	 4.42577e-005	 -0.97353	 -0.766637	 -0.000153755	 -0.957211	 -0.75935	 -0.000546876	 -0.940867	 -0.752293	 -0.000625515	 -0.924417	 -0.745189	 -0.000396046	 -0.907989	 1.7546	 1.75455	 1.75457	 1.75448	 1.75459	 
1.67	 -0.781	 0	 -0.99	 -0.773712	 8.02277e-005	 -0.973667	 -0.766672	 -0.000240856	 -0.957229	 -0.759595	 -0.000511749	 -0.940806	 -0.752341	 -0.000494677	 -0.92446	 -0.745108	 -0.000500308	 -0.908104	 1.75237	 1.75233	 1.75228	 1.75212	 1.75206	 
1.68	 -0.781	 0	 -0.99	 -0.773603	 -0.000178941	 -0.973733	 -0.76663	 -0.000250088	 -0.957279	 -0.759705	 -0.000305158	 -0.940804	 -0.752419	 -0.000458571	 -0.924489	 -0.745015	 -0.000647178	 -0.908226	 1.75019	 1.75009	 1.75014	 1.74993	 1.74998	 
1.69	 -0.781	 0	 -0.99	 -0.773773	 -0.000372743	 -0.973677	 -0.766626	 -0.000246093	 -0.957315	 -0.759646	 -0.000142562	 -0.940881	 -0.752498	 -0.000425745	 -0.924523	 -0.745096	 -0.000738253	 -0.908277	 1.74781	 1.74772	 1.7478	 1.74756	 1.74786	 
1.7	 -0.781	 0	 -0.99	 -0.773916	 -0.00022796	 -0.973632	 -0.766757	 -0.000314675	 -0.957295	 -0.759486	 -0.000220837	 -0.941007	 -0.752336	 -0.000348466	 -0.924668	 -0.745348	 -0.000751454	 -0.908261	 1.74499	 1.74495	 1.74504	 1.74487	 1.74515	 
1.71	 -0.781	 0	 -0.99	 -0.774056	 -6.56477e-005	 -0.973591	 -0.766787	 -0.000225391	 -0.957324	 -0.75938	 -0.00040684	 -0.941119	 -0.752313	 -0.000497763	 -0.924763	 -0.745479	 -0.000546143	 -0.908307	 1.74215	 1.74211	 1.74214	 1.74213	 1.74221	 
1.72	 -0.781	 0	 -0.99	 -0.774036	 4.87759e-005	 -0.973622	 -0.766718	 -0.000145026	 -0.9574	 -0.759467	 -0.000541164	 -0.941152	 -0.75246	 -0.000620657	 -0.924794	 -0.745408	 -0.000382797	 -0.908455	 1.73899	 1.73893	 1.73893	 1.73883	 1.73894	 
1.73	 -0.781	 0	 -0.99	 -0.773754	 8.6399e-005	 -0.973771	 -0.766753	 -0.000234025	 -0.957439	 -0.759727	 -0.000512131	 -0.941116	 -0.752526	 -0.000493328	 -0.92487	 -0.745337	 -0.000485671	 -0.908618	 1.73529	 1.73525	 1.73518	 1.73501	 1.73494	 
1.74	 -0.781	 0	 -0.99	 -0.773651	 -0.000173805	 -0.973846	 -0.766744	 -0.000251535	 -0.957499	 -0.759872	 -0.000296673	 -0.941136	 -0.752625	 -0.000440335	 -0.924938	 -0.745271	 -0.00064084	 -0.908789	 1.73143	 1.73133	 1.73136	 1.73114	 1.73118	 
1.75	 -0.781	 0	 -0.99	 -0.773837	 -0.000383094	 -0.973796	 -0.766739	 -0.000243253	 -0.957561	 -0.759805	 -0.000131965	 -0.941254	 -0.752712	 -0.000421142	 -0.92502	 -0.745373	 -0.000733978	 -0.908894	 1.72728	 1.72719	 1.72725	 1.727	 1.7273	 
1.76	 -0.781	 0	 -0.99	 -0.773993	 -0.000226008	 -0.973757	 -0.766869	 -0.000308145	 -0.957565	 -0.759646	 -0.000224912	 -0.941416	 -0.752578	 -0.000356271	 -0.9252	 -0.745665	 -0.000743325	 -0.908919	 1.72278	 1.72273	 1.72284	 1.72265	 1.72294	 
1.77	 -0.781	 0	 -0.99	 -0.774118	 -3.24359e-005	 -0.973733	 -0.76693	 -0.000228652	 -0.9576	 -0.759585	 -0.000429023	 -0.941538	 -0.75258	 -0.000497261	 -0.925323	 -0.745836	 -0.000541149	 -0.908998	 1.71855	 1.7185	 1.71857	 1.71855	 1.7187	 
1.78	 -0.781	 0	 -0.99	 -0.774091	 5.18395e-005	 -0.973775	 -0.766864	 -0.000141116	 -0.957691	 -0.759709	 -0.000553895	 -0.941578	 -0.75276	 -0.000637865	 -0.925371	 -0.745748	 -0.000378723	 -0.909191	 1.71427	 1.71423	 1.71425	 1.71417	 1.71435	 
1.79	 -0.781	 0	 -0.99	 -0.77382	 5.13328e-005	 -0.973925	 -0.766901	 -0.000235343	 -0.957739	 -0.759991	 -0.000493958	 -0.941548	 -0.752857	 -0.000500983	 -0.925453	 -0.745675	 -0.000507566	 -0.909381	 1.70986	 1.70983	 1.70979	 1.70968	 1.70959	 
1.8	 -0.781	 0	 -0.99	 -0.773718	 -0.000198252	 -0.974002	 -0.766918	 -0.000278815	 -0.957794	 -0.760123	 -0.00026816	 -0.941583	 -0.752936	 -0.000410176	 -0.925543	 -0.74568	 -0.000695095	 -0.909537	 1.70566	 1.70556	 1.70558	 1.7054	 1.7054	 
1.81	 -0.781	 0	 -0.99	 -0.773953	 -0.000400887	 -0.973933	 -0.766907	 -0.000246699	 -0.957861	 -0.760006	 -0.000128347	 -0.941727	 -0.753017	 -0.000431646	 -0.925635	 -0.745822	 -0.000751963	 -0.909632	 1.70126	 1.70117	 1.70121	 1.70093	 1.70115	 
1.82	 -0.781	 0	 -0.99	 -0.774149	 -0.000198824	 -0.973877	 -0.767041	 -0.000284004	 -0.957865	 -0.759858	 -0.000262628	 -0.941886	 -0.752924	 -0.000394769	 -0.925799	 -0.746124	 -0.000696012	 -0.909656	 1.6967	 1.69663	 1.69675	 1.6965	 1.69672	 
1.83	 -0.781	 0	 -0.99	 -0.774176	 4.68345e-005	 -0.973895	 -0.767098	 -0.000237189	 -0.957903	 -0.75983	 -0.000494935	 -0.941995	 -0.752883	 -0.000502958	 -0.925942	 -0.746242	 -0.000505818	 -0.909759	 1.69245	 1.69238	 1.6925	 1.69239	 1.69268	 
1.84	 -0.781	 0	 -0.99	 -0.774097	 5.65679e-005	 -0.97396	 -0.767021	 -0.000135394	 -0.957997	 -0.760027	 -0.000551358	 -0.942002	 -0.75312	 -0.000634186	 -0.925965	 -0.746122	 -0.000367732	 -0.909967	 1.68802	 1.688	 1.68806	 1.68795	 1.68825	 
1.85	 -0.781	 0	 -0.99	 -0.773863	 -4.19278e-005	 -0.974095	 -0.767024	 -0.00022498	 -0.95806	 -0.760285	 -0.000413629	 -0.941983	 -0.753245	 -0.000489032	 -0.926035	 -0.746025	 -0.000541384	 -0.910167	 1.68364	 1.68361	 1.68363	 1.68359	 1.68356	 
1.86	 -0.781	 0	 -0.99	 -0.773814	 -0.00024504	 -0.974149	 -0.767101	 -0.000311999	 -0.95809	 -0.760353	 -0.000197995	 -0.942047	 -0.753243	 -0.000338641	 -0.926161	 -0.74612	 -0.000757666	 -0.910286	 1.67943	 1.67937	 1.67936	 1.67926	 1.67929	 
1.87	 -0.781	 0	 -0.99	 -0.774119	 -0.000374921	 -0.974049	 -0.767117	 -0.000243941	 -0.958148	 -0.760172	 -0.000133384	 -0.942222	 -0.753281	 -0.000412946	 -0.926276	 -0.746318	 -0.0007264	 -0.910362	 1.67486	 1.67479	 1.67477	 1.67452	 1.67457	 
1.88	 -0.781	 0	 -0.99	 -0.774318	 -0.000129646	 -0.973993	 -0.767189	 -0.000224728	 -0.958181	 -0.760032	 -0.00033929	 -0.942382	 -0.753247	 -0.000467178	 -0.92642	 -0.746557	 -0.000573739	 -0.910419	 1.67033	 1.67022	 1.67028	 1.67003	 1.67007	 
1.89	 -0.781	 0	 -0.99	 -0.774199	 0.000149184	 -0.974076	 -0.76726	 -0.000225237	 -0.958215	 -0.760142	 -0.00055916	 -0.942433	 -0.753244	 -0.000501667	 -0.926552	 -0.746623	 -0.000437294	 -0.91055	 1.66588	 1.66579	 1.66587	 1.66561	 1.66595	 
1.9	 -0.781	 0	 -0.99	 -0.774033	 3.47355e-005	 -0.97418	 -0.767186	 -0.0001578	 -0.958309	 -0.7604	 -0.000501708	 -0.942413	 -0.75348	 -0.00057558	 -0.926574	 -0.746459	 -0.000406188	 -0.910777	 1.66129	 1.66123	 1.66137	 1.66114	 1.66144	 
1.91	 -0.781	 0	 -0.99	 -0.773935	 -0.000211881	 -0.974254	 -0.767153	 -0.000217978	 -0.958382	 -0.760563	 -0.000272502	 -0.942429	 -0.753625	 -0.000462933	 -0.926626	 -0.746382	 -0.000609788	 -0.910958	 1.65729	 1.65724	 1.65737	 1.65732	 1.65756	 
1.92	 -0.781	 0	 -0.99	 -0.774001	 -0.000296557	 -0.974252	 -0.767281	 -0.000332544	 -0.95838	 -0.760504	 -0.000141826	 -0.942533	 -0.753534	 -0.000297059	 -0.926771	 -0.746607	 -0.000808419	 -0.910994	 1.65361	 1.6536	 1.65366	 1.6536	 1.65386	 
1.93	 -0.781	 0	 -0.99	 -0.774286	 -0.000244024	 -0.974152	 -0.767334	 -0.000259705	 -0.958404	 -0.760291	 -0.000241076	 -0.942698	 -0.753493	 -0.000424813	 -0.926885	 -0.746853	 -0.000686781	 -0.911006	 1.65022	 1.65019	 1.65023	 1.65017	 1.65016	 
1.94	 -0.781	 0	 -0.99	 -0.774418	 -2.65175e-005	 -0.974114	 -0.76732	 -0.00016784	 -0.958453	 -0.760248	 -0.000484765	 -0.942784	 -0.753571	 -0.000603108	 -0.926939	 -0.746922	 -0.00045818	 -0.911083	 1.64744	 1.64738	 1.64735	 1.64728	 1.64728	 
1.95	 -0.781	 0	 -0.99	 -0.774153	 0.000145467	 -0.974249	 -0.767347	 -0.000229505	 -0.958485	 -0.760481	 -0.000604022	 -0.942747	 -0.753618	 -0.000563599	 -0.927005	 -0.746838	 -0.000459787	 -0.911227	 1.64438	 1.64431	 1.64431	 1.64405	 1.64413	 
1.96	 -0.781	 0	 -0.99	 -0.773934	 -7.4684e-005	 -0.974369	 -0.767325	 -0.00026556	 -0.958541	 -0.760722	 -0.000421986	 -0.94271	 -0.753749	 -0.000507594	 -0.927039	 -0.746712	 -0.000625047	 -0.911398	 1.64118	 1.64107	 1.64112	 1.64087	 1.64087	 
1.97	 -0.781	 0	 -0.99	 -0.774067	 -0.000388823	 -0.97434	 -0.767306	 -0.000259688	 -0.958603	 -0.760723	 -0.000176232	 -0.942789	 -0.75389	 -0.000478959	 -0.927086	 -0.746776	 -0.000779946	 -0.911506	 1.63751	 1.63741	 1.63748	 1.63718	 1.63751	 
1.98	 -0.781	 0	 -0.99	 -0.774284	 -0.000303984	 -0.974278	 -0.767417	 -0.000320521	 -0.95862	 -0.760525	 -0.000219227	 -0.942972	 -0.75377	 -0.000416322	 -0.927267	 -0.747068	 -0.000818695	 -0.911541	 1.63277	 1.63268	 1.63277	 1.63249	 1.63276	 
1.99	 -0.781	 0	 -0.99	 -0.774409	 -1.58825e-005	 -0.974261	 -0.767542	 -0.000278913	 -0.958642	 -0.760462	 -0.000461297	 -0.943117	 -0.753727	 -0.000496303	 -0.92744	 -0.747328	 -0.000616748	 -0.911621	 1.62745	 1.62737	 1.62748	 1.62733	 1.62762	 
2	 -0.781	 0	 -0.99	 -0.774355	 7.01079e-005	 -0.974328	 -0.767483	 -0.000157617	 -0.958755	 -0.760634	 -0.000592784	 -0.943177	 -0.753947	 -0.000666885	 -0.927523	 -0.747255	 -0.00040872	 -0.911872	 1.62126	 1.62121	 1.62124	 1.62111	 1.62141	 
2.01	 -0.781	 0	 -0.99	 -0.774122	 -3.71506e-005	 -0.974477	 -0.767459	 -0.000203156	 -0.958862	 -0.760943	 -0.000459504	 -0.943185	 -0.754163	 -0.000561649	 -0.92762	 -0.747148	 -0.000521683	 -0.912159	 1.61449	 1.61443	 1.61451	 1.61441	 1.61449	 
2.02	 -0.781	 0	 -0.99	 -0.774033	 -0.000233215	 -0.974566	 -0.767554	 -0.00032112	 -0.958919	 -0.761059	 -0.000207481	 -0.94328	 -0.754185	 -0.000335927	 -0.927804	 -0.747278	 -0.000771129	 -0.912348	 1.6079	 1.60788	 1.60783	 1.6078	 1.60785	 
2.03	 -0.781	 0	 -0.99	 -0.774336	 -0.000345296	 -0.974482	 -0.767624	 -0.000269783	 -0.958982	 -0.760885	 -0.000132242	 -0.943494	 -0.754202	 -0.000367691	 -0.927984	 -0.747562	 -0.000744168	 -0.912458	 1.60126	 1.6012	 1.60124	 1.60104	 1.60107	 
2.04	 -0.781	 0	 -0.99	 -0.774608	 -0.00013011	 -0.974406	 -0.767673	 -0.000176085	 -0.959046	 -0.76075	 -0.000347063	 -0.943681	 -0.754245	 -0.000506584	 -0.928136	 -0.747782	 -0.000498883	 -0.912572	 1.59551	 1.59544	 1.59542	 1.5953	 1.59521	 
2.05	 -0.781	 0	 -0.99	 -0.774432	 0.000165872	 -0.974516	 -0.767724	 -0.000195899	 -0.959097	 -0.760919	 -0.000566012	 -0.943719	 -0.754281	 -0.00050892	 -0.928267	 -0.747801	 -0.00037382	 -0.912746	 1.59039	 1.59031	 1.59037	 1.59008	 1.59028	 
2.06	 -0.781	 0	 -0.99	 -0.774154	 4.0327e-005	 -0.974668	 -0.767701	 -0.000211213	 -0.959169	 -0.761226	 -0.000447182	 -0.943678	 -0.754455	 -0.000462269	 -0.928315	 -0.747667	 -0.000462682	 -0.912959	 1.58599	 1.58589	 1.58598	 1.58572	 1.58577	 
2.07	 -0.781	 0	 -0.99	 -0.774189	 -0.00032713	 -0.974681	 -0.767642	 -0.000214373	 -0.959245	 -0.761281	 -0.000158026	 -0.943731	 -0.754602	 -0.000419053	 -0.928354	 -0.747629	 -0.000652784	 -0.913106	 1.58245	 1.58237	 1.5825	 1.58225	 1.5826	 
2.08	 -0.781	 0	 -0.99	 -0.774431	 -0.000334882	 -0.9746	 -0.767747	 -0.000270746	 -0.959246	 -0.761095	 -0.000119502	 -0.943878	 -0.754516	 -0.000336275	 -0.928481	 -0.747904	 -0.000728303	 -0.9131	 1.57916	 1.57907	 1.57922	 1.57895	 1.57924	 
2.09	 -0.781	 0	 -0.99	 -0.774576	 -2.28833e-005	 -0.974555	 -0.767875	 -0.00025792	 -0.95923	 -0.76096	 -0.000375632	 -0.943998	 -0.754394	 -0.000393581	 -0.928614	 -0.748165	 -0.000552868	 -0.913087	 1.57636	 1.5763	 1.57647	 1.57631	 1.57667	 
2.1	 -0.781	 0	 -0.99	 -0.774503	 0.000110224	 -0.974605	 -0.767817	 -0.000144981	 -0.959293	 -0.761095	 -0.000554138	 -0.943999	 -0.754544	 -0.000578857	 -0.928627	 -0.74807	 -0.000336368	 -0.913222	 1.5737	 1.57365	 1.57375	 1.57363	 1.57396	 
2.11	 -0.781	 0	 -0.99	 -0.774277	 -4.64883e-005	 -0.974721	 -0.767734	 -0.000157186	 -0.959365	 -0.761374	 -0.000421269	 -0.943933	 -0.754758	 -0.000542022	 -0.928608	 -0.747858	 -0.000435907	 -0.913406	 1.57102	 1.57097	 1.57114	 1.57103	 1.57128	 
2.12	 -0.781	 0	 -0.99	 -0.774191	 -0.000250927	 -0.974778	 -0.767805	 -0.00029797	 -0.959372	 -0.761449	 -0.000170186	 -0.943954	 -0.754735	 -0.000311716	 -0.928688	 -0.747928	 -0.000727932	 -0.913468	 1.56868	 1.56868	 1.56868	 1.56869	 1.56884	 
2.13	 -0.781	 0	 -0.99	 -0.774451	 -0.000295663	 -0.974683	 -0.767892	 -0.000292648	 -0.959369	 -0.761222	 -0.000136514	 -0.944102	 -0.754627	 -0.000310959	 -0.928803	 -0.748192	 -0.000741574	 -0.913441	 1.56616	 1.56609	 1.5662	 1.56605	 1.56621	 
2.14	 -0.781	 0	 -0.99	 -0.77471	 -9.57825e-005	 -0.974588	 -0.76789	 -0.000157881	 -0.959402	 -0.761063	 -0.000371494	 -0.944222	 -0.754662	 -0.000520354	 -0.928856	 -0.748338	 -0.000458757	 -0.913459	 1.56405	 1.56404	 1.56395	 1.56396	 1.56388	 
2.15	 -0.781	 0	 -0.99	 -0.774528	 0.000138227	 -0.974679	 -0.767885	 -0.000150558	 -0.959434	 -0.761258	 -0.000556187	 -0.944184	 -0.75476	 -0.000553373	 -0.928875	 -0.748263	 -0.000333409	 -0.913566	 1.56191	 1.5618	 1.56187	 1.56164	 1.56176	 
2.16	 -0.781	 0	 -0.99	 -0.774201	 1.8891e-005	 -0.974834	 -0.767891	 -0.000241034	 -0.959461	 -0.761555	 -0.000405688	 -0.944098	 -0.754849	 -0.000410228	 -0.928893	 -0.748121	 -0.000517636	 -0.913698	 1.55998	 1.55993	 1.55987	 1.55972	 1.55961	 
2.17	 -0.781	 0	 -0.99	 -0.774277	 -0.000337271	 -0.974816	 -0.767866	 -0.000253111	 -0.959496	 -0.761534	 -0.00012239	 -0.944142	 -0.75491	 -0.000356054	 -0.928916	 -0.748136	 -0.000705711	 -0.913756	 1.55826	 1.55815	 1.55822	 1.55793	 1.55811	 
2.18	 -0.781	 0	 -0.99	 -0.774619	 -0.000341629	 -0.974682	 -0.767917	 -0.000224805	 -0.959499	 -0.761281	 -0.000138713	 -0.944286	 -0.754857	 -0.000394416	 -0.928987	 -0.748377	 -0.000662588	 -0.913711	 1.55656	 1.55646	 1.55649	 1.5562	 1.55627	 
2.19	 -0.781	 0	 -0.99	 -0.774688	 3.89527e-005	 -0.97466	 -0.768016	 -0.000222179	 -0.959475	 -0.761198	 -0.000441608	 -0.944355	 -0.754752	 -0.000443723	 -0.929072	 -0.748562	 -0.000467936	 -0.913683	 1.55512	 1.55503	 1.55514	 1.55485	 1.55513	 
2.2	 -0.781	 0	 -0.99	 -0.774451	 0.000168758	 -0.97477	 -0.767983	 -0.00018558	 -0.95951	 -0.761416	 -0.000565989	 -0.944291	 -0.75485	 -0.000514592	 -0.92907	 -0.748421	 -0.000359025	 -0.913789	 1.55376	 1.55365	 1.55376	 1.55346	 1.55374	 
2.21	 -0.781	 0	 -0.99	 -0.774289	 -0.000139284	 -0.974849	 -0.767883	 -0.000169007	 -0.959567	 -0.761658	 -0.000324195	 -0.94421	 -0.755085	 -0.000492087	 -0.929	 -0.748221	 -0.000493402	 -0.913916	 1.55252	 1.55246	 1.55262	 1.55238	 1.55274	 
2.22	 -0.781	 0	 -0.99	 -0.774378	 -0.000360998	 -0.97482	 -0.767922	 -0.000263926	 -0.959566	 -0.761589	 -9.88223e-005	 -0.94426	 -0.755052	 -0.000337306	 -0.929041	 -0.748322	 -0.000728128	 -0.913909	 1.55163	 1.55155	 1.55169	 1.55151	 1.55187	 
2.23	 -0.781	 0	 -0.99	 -0.77461	 -0.000197706	 -0.974725	 -0.768064	 -0.000300048	 -0.959515	 -0.761348	 -0.000210699	 -0.944378	 -0.754857	 -0.000308728	 -0.929144	 -0.748629	 -0.000691547	 -0.913803	 1.55074	 1.5507	 1.55087	 1.5507	 1.55107	 
2.24	 -0.781	 0	 -0.99	 -0.774704	 4.81143e-005	 -0.974687	 -0.768052	 -0.000176775	 -0.959527	 -0.761286	 -0.000483446	 -0.944418	 -0.754873	 -0.000519791	 -0.929154	 -0.748671	 -0.000402334	 -0.913801	 1.55039	 1.55035	 1.55043	 1.55041	 1.55064	 
2.25	 -0.781	 0	 -0.99	 -0.774501	 6.59911e-005	 -0.974774	 -0.767951	 -0.000120724	 -0.959572	 -0.761534	 -0.000527476	 -0.944316	 -0.755075	 -0.000599776	 -0.929074	 -0.748437	 -0.00032521	 -0.913909	 1.55006	 1.55001	 1.55016	 1.55002	 1.55034	 
2.26	 -0.781	 0	 -0.99	 -0.774253	 -0.00013245	 -0.974882	 -0.767956	 -0.000249646	 -0.959571	 -0.76174	 -0.000288054	 -0.944227	 -0.755115	 -0.000387958	 -0.929054	 -0.748319	 -0.000602893	 -0.913959	 1.55019	 1.55019	 1.55019	 1.55023	 1.55023	 
2.27	 -0.781	 0	 -0.99	 -0.774385	 -0.000320199	 -0.974824	 -0.768026	 -0.000314152	 -0.959536	 -0.761596	 -0.000100046	 -0.944279	 -0.755004	 -0.000272227	 -0.929091	 -0.748481	 -0.000781131	 -0.91388	 1.55057	 1.5505	 1.5506	 1.55046	 1.55067	 
2.28	 -0.781	 0	 -0.99	 -0.774738	 -0.000230319	 -0.974669	 -0.768047	 -0.000202476	 -0.959518	 -0.761327	 -0.000236307	 -0.944381	 -0.75496	 -0.000437442	 -0.929094	 -0.748682	 -0.00058455	 -0.91377	 1.55119	 1.55118	 1.55113	 1.55107	 1.55097	 
2.29	 -0.781	 0	 -0.99	 -0.774719	 7.59242e-005	 -0.974667	 -0.768023	 -0.000146326	 -0.959513	 -0.761329	 -0.000521429	 -0.944361	 -0.75496	 -0.000566991	 -0.929066	 -0.748641	 -0.000359315	 -0.913751	 1.55231	 1.5522	 1.55227	 1.55208	 1.55218	 
2.3	 -0.781	 0	 -0.99	 -0.774358	 0.00013491	 -0.974812	 -0.768014	 -0.000211744	 -0.9595	 -0.761624	 -0.000521788	 -0.944208	 -0.755023	 -0.000475494	 -0.929003	 -0.74845	 -0.000423928	 -0.913786	 1.55353	 1.55348	 1.55345	 1.55323	 1.55322	 
2.31	 -0.781	 0	 -0.99	 -0.774239	 -0.000212564	 -0.974853	 -0.767952	 -0.000249586	 -0.959502	 -0.761723	 -0.00022622	 -0.944127	 -0.755086	 -0.000383391	 -0.928927	 -0.74831	 -0.000648461	 -0.913788	 1.55525	 1.55514	 1.55523	 1.55498	 1.55508	 
2.32	 -0.781	 0	 -0.99	 -0.774525	 -0.000412312	 -0.974719	 -0.767952	 -0.000234242	 -0.959475	 -0.761495	 -7.71132e-005	 -0.944182	 -0.755044	 -0.000378093	 -0.92889	 -0.748437	 -0.0007235	 -0.913665	 1.55719	 1.5571	 1.55715	 1.55685	 1.55706	 
2.33	 -0.781	 0	 -0.99	 -0.774726	 -0.000118277	 -0.974615	 -0.768044	 -0.000236636	 -0.959403	 -0.761264	 -0.00030945	 -0.944233	 -0.754862	 -0.000408121	 -0.928903	 -0.748647	 -0.000575297	 -0.913494	 1.55932	 1.55922	 1.55935	 1.55907	 1.55928	 
2.34	 -0.781	 0	 -0.99	 -0.774586	 0.000175495	 -0.974656	 -0.76805	 -0.000201462	 -0.959367	 -0.761342	 -0.000566133	 -0.944152	 -0.754832	 -0.000499449	 -0.928848	 -0.748582	 -0.000382161	 -0.913435	 1.5618	 1.56171	 1.56182	 1.56156	 1.56193	 
2.35	 -0.781	 0	 -0.99	 -0.774349	 1.17351e-005	 -0.974739	 -0.767914	 -0.000152753	 -0.959388	 -0.761586	 -0.000466022	 -0.943993	 -0.755019	 -0.000552514	 -0.928698	 -0.748273	 -0.000404411	 -0.913478	 1.56406	 1.564	 1.56416	 1.56391	 1.56426	 
2.36	 -0.781	 0	 -0.99	 -0.774285	 -0.000295953	 -0.974752	 -0.767861	 -0.000231285	 -0.959376	 -0.761626	 -0.000182131	 -0.943922	 -0.755044	 -0.000411218	 -0.928615	 -0.748161	 -0.000662829	 -0.913438	 1.56668	 1.56661	 1.56676	 1.56664	 1.56698	 
2.37	 -0.781	 0	 -0.99	 -0.774462	 -0.000304744	 -0.974658	 -0.767976	 -0.000320747	 -0.959292	 -0.7614	 -0.000118743	 -0.943964	 -0.754838	 -0.000276545	 -0.92863	 -0.748398	 -0.000781185	 -0.91325	 1.56904	 1.56901	 1.56914	 1.56897	 1.56936	 
2.38	 -0.781	 0	 -0.99	 -0.774677	 -8.65591e-005	 -0.974547	 -0.767994	 -0.000231829	 -0.959247	 -0.76116	 -0.000352343	 -0.944014	 -0.754709	 -0.000437152	 -0.928614	 -0.748525	 -0.00054829	 -0.913104	 1.57161	 1.57157	 1.57166	 1.57164	 1.57179	 
2.39	 -0.781	 0	 -0.99	 -0.774612	 8.6634e-005	 -0.974554	 -0.767903	 -0.00011741	 -0.959246	 -0.761252	 -0.000552572	 -0.943918	 -0.754821	 -0.000615089	 -0.928491	 -0.748352	 -0.00031046	 -0.91308	 1.57439	 1.57435	 1.57441	 1.57434	 1.57459	 
2.4	 -0.781	 0	 -0.99	 -0.774277	 3.35988e-005	 -0.974676	 -0.767857	 -0.000198508	 -0.959225	 -0.761514	 -0.000457975	 -0.943742	 -0.754879	 -0.000490375	 -0.92838	 -0.748099	 -0.000450835	 -0.913082	 1.57728	 1.57725	 1.57729	 1.57723	 1.57722	 
2.41	 -0.781	 0	 -0.99	 -0.77418	 -0.000237307	 -0.974695	 -0.767863	 -0.000301632	 -0.959173	 -0.761532	 -0.00018261	 -0.943658	 -0.754807	 -0.000313678	 -0.92831	 -0.748041	 -0.000727122	 -0.912985	 1.58094	 1.58088	 1.5809	 1.58082	 1.58088	 
2.42	 -0.781	 0	 -0.99	 -0.774495	 -0.000380137	 -0.974533	 -0.767851	 -0.000248452	 -0.959122	 -0.761237	 -9.96498e-005	 -0.943698	 -0.754713	 -0.000368911	 -0.928238	 -0.748163	 -0.000726232	 -0.912791	 1.58482	 1.58476	 1.58478	 1.58457	 1.58463	 
2.43	 -0.781	 0	 -0.99	 -0.774693	 -0.000110555	 -0.974414	 -0.767862	 -0.000190009	 -0.959052	 -0.761011	 -0.000349892	 -0.943699	 -0.754589	 -0.000483968	 -0.928162	 -0.748263	 -0.000509569	 -0.912586	 1.5894	 1.5893	 1.58936	 1.58916	 1.58917	 
2.44	 -0.781	 0	 -0.99	 -0.774473	 0.000192778	 -0.974471	 -0.767864	 -0.000199721	 -0.958982	 -0.761122	 -0.000581227	 -0.943549	 -0.754527	 -0.00050473	 -0.92805	 -0.748135	 -0.000372616	 -0.912465	 1.5943	 1.59421	 1.59428	 1.59398	 1.59426	 
2.45	 -0.781	 0	 -0.99	 -0.774197	 2.68263e-005	 -0.974554	 -0.767745	 -0.000188843	 -0.95896	 -0.761333	 -0.000456223	 -0.94335	 -0.754621	 -0.00050287	 -0.927866	 -0.747812	 -0.000444651	 -0.912423	 1.59919	 1.59909	 1.59923	 1.59894	 1.59913	 
2.46	 -0.781	 0	 -0.99	 -0.774201	 -0.00032493	 -0.974519	 -0.767663	 -0.000215215	 -0.958923	 -0.761327	 -0.000159443	 -0.943244	 -0.754659	 -0.000419128	 -0.927706	 -0.747673	 -0.000656407	 -0.912305	 1.60426	 1.60417	 1.60431	 1.60409	 1.6045	 
2.47	 -0.781	 0	 -0.99	 -0.774381	 -0.000328543	 -0.974409	 -0.767741	 -0.000301156	 -0.958823	 -0.761065	 -0.000109566	 -0.943254	 -0.754426	 -0.000300519	 -0.927669	 -0.747842	 -0.000771336	 -0.912065	 1.60882	 1.60876	 1.60889	 1.60867	 1.60905	 
2.48	 -0.781	 0	 -0.99	 -0.774548	 -7.57406e-005	 -0.974304	 -0.767782	 -0.000253554	 -0.958742	 -0.760826	 -0.000343289	 -0.943262	 -0.754238	 -0.00040386	 -0.927622	 -0.747965	 -0.000577915	 -0.911853	 1.61328	 1.61322	 1.61337	 1.61327	 1.61355	 
2.49	 -0.781	 0	 -0.99	 -0.774503	 8.64597e-005	 -0.974291	 -0.767675	 -0.000125034	 -0.958725	 -0.760868	 -0.000549386	 -0.943154	 -0.754314	 -0.000606572	 -0.927469	 -0.747773	 -0.000322615	 -0.911779	 1.61766	 1.61764	 1.61767	 1.61762	 1.61788	 
2.5	 -0.781	 0	 -0.99	 -0.774195	 5.07967e-005	 -0.974391	 -0.767596	 -0.00017613	 -0.958696	 -0.761101	 -0.000494527	 -0.942959	 -0.754377	 -0.000534848	 -0.927316	 -0.747485	 -0.000408661	 -0.911745	 1.62196	 1.6219	 1.622	 1.62189	 1.62198	 
2.51	 -0.781	 0	 -0.99	 -0.774024	 -0.000185307	 -0.974432	 -0.767594	 -0.000297891	 -0.95863	 -0.761162	 -0.000237746	 -0.942829	 -0.754299	 -0.000339323	 -0.927211	 -0.747375	 -0.00069354	 -0.911624	 1.62695	 1.62691	 1.62689	 1.62685	 1.62685	 
2.52	 -0.781	 0	 -0.99	 -0.774273	 -0.000397459	 -0.974289	 -0.767568	 -0.000269038	 -0.958565	 -0.760905	 -8.79613e-005	 -0.942823	 -0.754206	 -0.000356245	 -0.927099	 -0.747448	 -0.000762044	 -0.911403	 1.6322	 1.63212	 1.63218	 1.63194	 1.63208	 
2.53	 -0.781	 0	 -0.99	 -0.774527	 -0.000219861	 -0.974138	 -0.767569	 -0.000219011	 -0.958482	 -0.76061	 -0.000268736	 -0.942825	 -0.754044	 -0.000458818	 -0.927003	 -0.747543	 -0.000603572	 -0.911153	 1.63804	 1.63796	 1.63801	 1.63779	 1.63781	 
2.54	 -0.781	 0	 -0.99	 -0.774419	 0.000137901	 -0.974137	 -0.767599	 -0.000220488	 -0.95838	 -0.760611	 -0.000550404	 -0.942695	 -0.753911	 -0.000499521	 -0.926883	 -0.747479	 -0.00042778	 -0.910958	 1.64425	 1.64415	 1.64427	 1.64399	 1.64433	 
2.55	 -0.781	 0	 -0.99	 -0.774163	 0.000116811	 -0.974203	 -0.767483	 -0.000173175	 -0.958341	 -0.760799	 -0.000555414	 -0.942483	 -0.753987	 -0.000559177	 -0.926676	 -0.747162	 -0.000379605	 -0.910873	 1.65024	 1.65015	 1.65029	 1.65001	 1.6503	 
2.56	 -0.781	 0	 -0.99	 -0.774022	 -0.00018508	 -0.974223	 -0.767356	 -0.00018751	 -0.958311	 -0.760899	 -0.000298328	 -0.942312	 -0.754067	 -0.000492442	 -0.926472	 -0.746902	 -0.000556186	 -0.910775	 1.65612	 1.65605	 1.65622	 1.65605	 1.65642	 
2.57	 -0.781	 0	 -0.99	 -0.774061	 -0.000325936	 -0.974169	 -0.767401	 -0.000307685	 -0.958215	 -0.760754	 -0.000108001	 -0.942257	 -0.753883	 -0.000296373	 -0.926395	 -0.746964	 -0.000788382	 -0.910558	 1.66156	 1.66152	 1.66158	 1.66148	 1.66179	 
2.58	 -0.781	 0	 -0.99	 -0.774308	 -0.000263983	 -0.974027	 -0.767444	 -0.000284824	 -0.958126	 -0.760454	 -0.000173464	 -0.942279	 -0.753681	 -0.000336557	 -0.926339	 -0.747111	 -0.000718198	 -0.910318	 1.66642	 1.66635	 1.66647	 1.66633	 1.66649	 
2.59	 -0.781	 0	 -0.99	 -0.774467	 -5.86417e-005	 -0.973925	 -0.767387	 -0.0001568	 -0.958084	 -0.760298	 -0.000416752	 -0.942248	 -0.753646	 -0.000543014	 -0.926224	 -0.74707	 -0.000433575	 -0.910167	 1.67128	 1.67124	 1.67118	 1.67114	 1.67112	 
2.6	 -0.781	 0	 -0.99	 -0.774216	 0.000164336	 -0.973997	 -0.767335	 -0.00017692	 -0.95804	 -0.76042	 -0.00059003	 -0.942098	 -0.753602	 -0.000552156	 -0.926111	 -0.74685	 -0.000347107	 -0.910096	 1.67583	 1.67573	 1.67579	 1.67553	 1.67567	 
2.61	 -0.781	 0	 -0.99	 -0.773912	 4.44993e-005	 -0.974094	 -0.767275	 -0.000227276	 -0.957999	 -0.760629	 -0.000458659	 -0.941906	 -0.753633	 -0.000462833	 -0.925962	 -0.746599	 -0.000482973	 -0.910035	 1.68058	 1.68048	 1.68052	 1.68027	 1.68029	 
2.62	 -0.781	 0	 -0.99	 -0.773931	 -0.000319246	 -0.974053	 -0.767167	 -0.000226128	 -0.957971	 -0.760584	 -0.000176002	 -0.941814	 -0.753655	 -0.000428506	 -0.925806	 -0.746437	 -0.000668312	 -0.909924	 1.68566	 1.68556	 1.6857	 1.68543	 1.68579	 
2.63	 -0.781	 0	 -0.99	 -0.774113	 -0.000374827	 -0.973937	 -0.767204	 -0.000291279	 -0.95788	 -0.760326	 -9.97113e-005	 -0.94181	 -0.753451	 -0.000336595	 -0.92574	 -0.746538	 -0.000783117	 -0.909689	 1.69089	 1.69081	 1.69095	 1.69072	 1.69106	 
2.64	 -0.781	 0	 -0.99	 -0.774271	 -0.00013878	 -0.973827	 -0.767268	 -0.000286274	 -0.957772	 -0.760072	 -0.000291934	 -0.9418	 -0.753212	 -0.000374872	 -0.925683	 -0.746661	 -0.000659143	 -0.909437	 1.69637	 1.69631	 1.6965	 1.69636	 1.6967	 
2.65	 -0.781	 0	 -0.99	 -0.774299	 4.3841e-005	 -0.973775	 -0.76717	 -0.00015228	 -0.957735	 -0.760014	 -0.00052034	 -0.94171	 -0.753212	 -0.000591804	 -0.925527	 -0.746502	 -0.000388857	 -0.909306	 1.70202	 1.702	 1.70201	 1.70199	 1.70216	 
2.66	 -0.781	 0	 -0.99	 -0.774035	 0.000121525	 -0.97385	 -0.76708	 -0.000157103	 -0.957697	 -0.760188	 -0.000573193	 -0.941521	 -0.753244	 -0.000587953	 -0.925362	 -0.746211	 -0.000359152	 -0.909243	 1.70725	 1.70716	 1.70726	 1.70707	 1.70721	 
2.67	 -0.781	 0	 -0.99	 -0.773756	 -3.12931e-005	 -0.973936	 -0.76705	 -0.000257032	 -0.957642	 -0.76034	 -0.000381566	 -0.941348	 -0.753203	 -0.000416013	 -0.925238	 -0.746005	 -0.000570821	 -0.909156	 1.71233	 1.71227	 1.71222	 1.71209	 1.712	 
2.68	 -0.781	 0	 -0.99	 -0.77385	 -0.000359681	 -0.973864	 -0.766973	 -0.0002492	 -0.957607	 -0.760218	 -0.000121376	 -0.941298	 -0.753176	 -0.000380763	 -0.925115	 -0.745931	 -0.000720907	 -0.909022	 1.71702	 1.7169	 1.71698	 1.71667	 1.71694	 
2.69	 -0.781	 0	 -0.99	 -0.774089	 -0.00036987	 -0.973729	 -0.766992	 -0.000261722	 -0.957535	 -0.759935	 -0.000104085	 -0.941323	 -0.753009	 -0.000355735	 -0.925058	 -0.746051	 -0.000736953	 -0.908808	 1.72143	 1.72133	 1.72143	 1.72114	 1.72137	 
2.7	 -0.781	 0	 -0.99	 -0.774186	 -7.23295e-005	 -0.973651	 -0.76706	 -0.000268564	 -0.957437	 -0.759735	 -0.000338425	 -0.94131	 -0.752784	 -0.000382361	 -0.925019	 -0.746158	 -0.000590139	 -0.908592	 1.72605	 1.72598	 1.72617	 1.72598	 1.72637	 
2.71	 -0.781	 0	 -0.99	 -0.774151	 8.99431e-005	 -0.973629	 -0.766966	 -0.000150853	 -0.957405	 -0.759738	 -0.000543046	 -0.941202	 -0.752802	 -0.000574876	 -0.924868	 -0.745971	 -0.000347551	 -0.908489	 1.73116	 1.73114	 1.73121	 1.73117	 1.73143	 
2.72	 -0.781	 0	 -0.99	 -0.7739	 9.34177e-005	 -0.973697	 -0.766855	 -0.000147831	 -0.957372	 -0.759912	 -0.000548731	 -0.941006	 -0.752861	 -0.000583223	 -0.924682	 -0.745663	 -0.000348759	 -0.908422	 1.73667	 1.7366	 1.73675	 1.73662	 1.73681	 
2.73	 -0.781	 0	 -0.99	 -0.773643	 -6.15819e-005	 -0.973767	 -0.766835	 -0.000265481	 -0.957297	 -0.760035	 -0.000355029	 -0.940823	 -0.752795	 -0.000404507	 -0.924538	 -0.745479	 -0.000599842	 -0.908288	 1.74286	 1.74283	 1.74279	 1.74273	 1.74266	 
2.74	 -0.781	 0	 -0.99	 -0.773756	 -0.0003645	 -0.973675	 -0.76678	 -0.000262212	 -0.95723	 -0.759899	 -0.000119896	 -0.940745	 -0.752747	 -0.000380459	 -0.924379	 -0.745422	 -0.000756705	 -0.908091	 1.74913	 1.74902	 1.74912	 1.74884	 1.74908	 
2.75	 -0.781	 0	 -0.99	 -0.773996	 -0.000378504	 -0.973527	 -0.766776	 -0.000267644	 -0.957145	 -0.759596	 -0.000123862	 -0.940745	 -0.752563	 -0.00039127	 -0.924285	 -0.745497	 -0.0007682	 -0.90784	 1.75514	 1.75503	 1.75512	 1.75483	 1.75504	 
2.76	 -0.781	 0	 -0.99	 -0.774081	 -8.23991e-005	 -0.973448	 -0.766841	 -0.000282476	 -0.957036	 -0.759401	 -0.000357667	 -0.94071	 -0.752336	 -0.000413945	 -0.924221	 -0.745592	 -0.00063485	 -0.907597	 1.76069	 1.76061	 1.76077	 1.76054	 1.76093	 
2.77	 -0.781	 0	 -0.99	 -0.774044	 7.862e-005	 -0.973428	 -0.76674	 -0.000168671	 -0.957009	 -0.759387	 -0.000561569	 -0.940614	 -0.752342	 -0.00060357	 -0.92408	 -0.74541	 -0.000396877	 -0.907498	 1.76565	 1.7656	 1.76563	 1.76555	 1.76579	 
2.78	 -0.781	 0	 -0.99	 -0.773805	 0.000100877	 -0.973501	 -0.766633	 -0.000159809	 -0.956995	 -0.759553	 -0.00058311	 -0.940452	 -0.7524	 -0.000615875	 -0.923936	 -0.74512	 -0.000371693	 -0.907476	 1.76974	 1.76965	 1.76975	 1.76956	 1.76974	 
2.79	 -0.781	 0	 -0.99	 -0.773543	 -3.15433e-005	 -0.973591	 -0.766621	 -0.000267162	 -0.956951	 -0.759701	 -0.000402641	 -0.94031	 -0.752352	 -0.000436267	 -0.923854	 -0.744935	 -0.000584789	 -0.90743	 1.77344	 1.77338	 1.77331	 1.77319	 1.7731	 
2.8	 -0.781	 0	 -0.99	 -0.773624	 -0.000348393	 -0.973535	 -0.766553	 -0.000260094	 -0.956933	 -0.7596	 -0.000150138	 -0.940282	 -0.752329	 -0.00040256	 -0.92377	 -0.744852	 -0.000736516	 -0.90735	 1.77671	 1.77659	 1.77668	 1.77638	 1.77664	 
2.81	 -0.781	 0	 -0.99	 -0.773842	 -0.000394097	 -0.973417	 -0.766567	 -0.000275955	 -0.956882	 -0.75934	 -0.000100111	 -0.940325	 -0.752175	 -0.000368917	 -0.923744	 -0.744955	 -0.000784939	 -0.907189	 1.77985	 1.77974	 1.77986	 1.77958	 1.77986	 
2.82	 -0.781	 0	 -0.99	 -0.773964	 -0.000140581	 -0.973337	 -0.766644	 -0.000287911	 -0.956797	 -0.759133	 -0.000288663	 -0.940341	 -0.751965	 -0.000376786	 -0.923735	 -0.745102	 -0.000676828	 -0.906999	 1.78321	 1.78314	 1.78334	 1.78316	 1.78354	 
2.83	 -0.781	 0	 -0.99	 -0.774	 3.06363e-005	 -0.973294	 -0.766559	 -0.000163666	 -0.956781	 -0.759074	 -0.000506669	 -0.94029	 -0.75197	 -0.000581632	 -0.923628	 -0.744985	 -0.000420404	 -0.906915	 1.78702	 1.78701	 1.78703	 1.78702	 1.78718	 
2.84	 -0.781	 0	 -0.99	 -0.773784	 0.000138878	 -0.973359	 -0.766489	 -0.000157286	 -0.956756	 -0.759232	 -0.00060037	 -0.940138	 -0.752011	 -0.00060748	 -0.923501	 -0.744749	 -0.000355663	 -0.906882	 1.79083	 1.79073	 1.79084	 1.79064	 1.79081	 
2.85	 -0.781	 0	 -0.99	 -0.773497	 4.74802e-005	 -0.973459	 -0.766466	 -0.000245698	 -0.956716	 -0.759418	 -0.000479599	 -0.939978	 -0.751999	 -0.000479947	 -0.923402	 -0.744542	 -0.000522206	 -0.906842	 1.79456	 1.79449	 1.79447	 1.79428	 1.79424	 
2.86	 -0.781	 0	 -0.99	 -0.773513	 -0.000293042	 -0.973431	 -0.766375	 -0.000240589	 -0.956707	 -0.759397	 -0.000221859	 -0.939914	 -0.752039	 -0.00045915	 -0.923289	 -0.744408	 -0.00068801	 -0.906784	 1.79785	 1.79774	 1.79787	 1.79757	 1.79789	 
2.87	 -0.781	 0	 -0.99	 -0.773662	 -0.000396617	 -0.973347	 -0.766404	 -0.000301816	 -0.956656	 -0.759204	 -0.000105628	 -0.939939	 -0.751904	 -0.000362693	 -0.923268	 -0.744511	 -0.000824186	 -0.906641	 1.80053	 1.80044	 1.80055	 1.80032	 1.80064	 
2.88	 -0.781	 0	 -0.99	 -0.773833	 -0.000248742	 -0.973255	 -0.766478	 -0.000319153	 -0.956591	 -0.758963	 -0.000215685	 -0.939997	 -0.751698	 -0.000359691	 -0.923294	 -0.744683	 -0.000771965	 -0.906486	 1.80262	 1.80255	 1.8027	 1.80252	 1.80282	 
2.89	 -0.781	 0	 -0.99	 -0.773983	 -8.23608e-005	 -0.973177	 -0.766428	 -0.000187525	 -0.956589	 -0.758842	 -0.000426368	 -0.940017	 -0.751699	 -0.000563406	 -0.923249	 -0.744667	 -0.000507782	 -0.906433	 1.80444	 1.80441	 1.80435	 1.8043	 1.80429	 
2.9	 -0.781	 0	 -0.99	 -0.773812	 0.000146929	 -0.973242	 -0.766407	 -0.00018374	 -0.956581	 -0.758956	 -0.000608409	 -0.939943	 -0.7517	 -0.000592846	 -0.923215	 -0.744536	 -0.000386846	 -0.906448	 1.80563	 1.8055	 1.80557	 1.80528	 1.80545	 
2.91	 -0.781	 0	 -0.99	 -0.773531	 0.000130353	 -0.97336	 -0.76637	 -0.000217782	 -0.956588	 -0.759174	 -0.00057083	 -0.939831	 -0.751752	 -0.000540434	 -0.923172	 -0.74434	 -0.000443323	 -0.906508	 1.80632	 1.80621	 1.80626	 1.80595	 1.80607	 
2.92	 -0.781	 0	 -0.99	 -0.773457	 -0.000183539	 -0.973391	 -0.766261	 -0.000203944	 -0.956628	 -0.759261	 -0.00033008	 -0.939782	 -0.751865	 -0.000523279	 -0.923108	 -0.744155	 -0.000584499	 -0.906574	 1.80667	 1.80658	 1.80675	 1.80648	 1.80687	 
2.93	 -0.781	 0	 -0.99	 -0.773493	 -0.000338231	 -0.973376	 -0.766304	 -0.000309037	 -0.956608	 -0.759174	 -0.000142624	 -0.939816	 -0.75176	 -0.000353601	 -0.923149	 -0.744231	 -0.000804401	 -0.906536	 1.80688	 1.80682	 1.80688	 1.80678	 1.80705	 
2.94	 -0.781	 0	 -0.99	 -0.773703	 -0.000342933	 -0.973283	 -0.766372	 -0.000321614	 -0.956577	 -0.758951	 -0.000129792	 -0.939912	 -0.751618	 -0.000332612	 -0.92321	 -0.744419	 -0.000821226	 -0.906453	 1.80683	 1.80675	 1.80687	 1.80669	 1.80689	 
2.95	 -0.781	 0	 -0.99	 -0.773948	 -0.000214278	 -0.973175	 -0.76636	 -0.000210445	 -0.956585	 -0.758764	 -0.000297769	 -0.939999	 -0.7516	 -0.000500907	 -0.923223	 -0.74451	 -0.000602029	 -0.906416	 1.80687	 1.80682	 1.80677	 1.80664	 1.80656	 
2.96	 -0.781	 0	 -0.99	 -0.773857	 0.000103858	 -0.973214	 -0.76639	 -0.000214309	 -0.956573	 -0.758796	 -0.000548676	 -0.93999	 -0.751537	 -0.000534558	 -0.923255	 -0.744501	 -0.000448105	 -0.906425	 1.80671	 1.8066	 1.8067	 1.80638	 1.80665	 
2.97	 -0.781	 0	 -0.99	 -0.773637	 0.000169915	 -0.973312	 -0.76634	 -0.000185807	 -0.956599	 -0.758996	 -0.000614801	 -0.939908	 -0.751629	 -0.000582365	 -0.923223	 -0.744323	 -0.000382508	 -0.906511	 1.80638	 1.80627	 1.80639	 1.80611	 1.80639	 
2.98	 -0.781	 0	 -0.99	 -0.773479	 -5.38811e-005	 -0.973385	 -0.766229	 -0.00017371	 -0.956651	 -0.759164	 -0.000452472	 -0.939839	 -0.751771	 -0.00058338	 -0.923167	 -0.744088	 -0.000479831	 -0.906625	 1.80597	 1.8059	 1.80609	 1.80589	 1.80625	 
2.99	 -0.781	 0	 -0.99	 -0.773395	 -0.000232158	 -0.973427	 -0.766279	 -0.00030526	 -0.956637	 -0.759205	 -0.00023516	 -0.939829	 -0.751712	 -0.000379118	 -0.923205	 -0.7441	 -0.000743996	 -0.906637	 1.8057	 1.80567	 1.80566	 1.80564	 1.80573	 
3	 -0.781	 0	 -0.99	 -0.773592	 -0.000392602	 -0.973345	 -0.766312	 -0.000313878	 -0.956631	 -0.759028	 -0.000102949	 -0.939919	 -0.751643	 -0.00034687	 -0.923253	 -0.744246	 -0.000832361	 -0.906596	 1.80509	 1.80497	 1.80506	 1.80481	 1.80497	 
3.01	 -0.781	 0	 -0.99	 -0.773866	 -0.000330779	 -0.973231	 -0.766318	 -0.000248284	 -0.956643	 -0.75879	 -0.000193446	 -0.940045	 -0.751589	 -0.000446689	 -0.923307	 -0.744413	 -0.000709313	 -0.906557	 1.80415	 1.80405	 1.80405	 1.80379	 1.80382	 
3.02	 -0.781	 0	 -0.99	 -0.77388	 8.23003e-006	 -0.973232	 -0.766397	 -0.000255194	 -0.956626	 -0.75874	 -0.000454424	 -0.940098	 -0.751485	 -0.000472374	 -0.92339	 -0.74453	 -0.000548511	 -0.906553	 1.80275	 1.80265	 1.80279	 1.80249	 1.80285	 
3.03	 -0.781	 0	 -0.99	 -0.773771	 0.000143219	 -0.973292	 -0.766355	 -0.000172933	 -0.95667	 -0.758883	 -0.000608846	 -0.940075	 -0.75159	 -0.000603875	 -0.923396	 -0.7444	 -0.000371718	 -0.906672	 1.80095	 1.80086	 1.80097	 1.80078	 1.80109	 
3.04	 -0.781	 0	 -0.99	 -0.773567	 5.74858e-005	 -0.973398	 -0.766271	 -0.000156993	 -0.956736	 -0.759108	 -0.00054911	 -0.94002	 -0.751746	 -0.000617112	 -0.923387	 -0.744182	 -0.000400285	 -0.906844	 1.79874	 1.79866	 1.79882	 1.79863	 1.79889	 
3.05	 -0.781	 0	 -0.99	 -0.773376	 -0.000102823	 -0.973501	 -0.766306	 -0.000277978	 -0.956758	 -0.759263	 -0.000338551	 -0.940003	 -0.751761	 -0.000417844	 -0.923449	 -0.744155	 -0.000653925	 -0.906944	 1.79652	 1.79647	 1.79642	 1.79634	 1.7963	 
3.06	 -0.781	 0	 -0.99	 -0.773521	 -0.000377496	 -0.973457	 -0.766304	 -0.000282354	 -0.956796	 -0.759168	 -0.000117827	 -0.940099	 -0.751781	 -0.000378055	 -0.923515	 -0.744251	 -0.000795792	 -0.906998	 1.79393	 1.7938	 1.79389	 1.79358	 1.79378	 
3.07	 -0.781	 0	 -0.99	 -0.773797	 -0.000392925	 -0.973356	 -0.766358	 -0.000271316	 -0.956813	 -0.758955	 -0.000119101	 -0.940253	 -0.751723	 -0.000395086	 -0.923622	 -0.74447	 -0.000778801	 -0.907001	 1.79107	 1.79095	 1.79103	 1.79072	 1.7909	 
3.08	 -0.781	 0	 -0.99	 -0.773911	 -9.56268e-005	 -0.973325	 -0.766476	 -0.000284056	 -0.956802	 -0.758848	 -0.000350669	 -0.940365	 -0.75161	 -0.00041471	 -0.923755	 -0.744689	 -0.000641356	 -0.907009	 1.78804	 1.78795	 1.78813	 1.78787	 1.78826	 
3.09	 -0.781	 0	 -0.99	 -0.773901	 8.07526e-005	 -0.973351	 -0.766436	 -0.000173747	 -0.956865	 -0.758915	 -0.000565907	 -0.940407	 -0.751716	 -0.000603836	 -0.923801	 -0.74464	 -0.000403791	 -0.907142	 1.78492	 1.78487	 1.78492	 1.78482	 1.78506	 
3.1	 -0.781	 0	 -0.99	 -0.773686	 0.000118633	 -0.97347	 -0.766386	 -0.000158828	 -0.956937	 -0.759163	 -0.000605924	 -0.940372	 -0.751876	 -0.000632872	 -0.923832	 -0.744479	 -0.000370542	 -0.907341	 1.78136	 1.78126	 1.78138	 1.78116	 1.78136	 
3.11	 -0.781	 0	 -0.99	 -0.77344	 -1.20175e-005	 -0.973609	 -0.766412	 -0.000264422	 -0.956985	 -0.759394	 -0.000436	 -0.940357	 -0.751942	 -0.000468708	 -0.923919	 -0.744411	 -0.000586992	 -0.907518	 1.77745	 1.77738	 1.77733	 1.77716	 1.7771	 
3.12	 -0.781	 0	 -0.99	 -0.773535	 -0.000341822	 -0.973602	 -0.766401	 -0.000266687	 -0.957056	 -0.759391	 -0.000170143	 -0.940456	 -0.752041	 -0.00042399	 -0.924009	 -0.74447	 -0.000759246	 -0.907661	 1.77281	 1.77268	 1.77277	 1.77243	 1.77268	 
3.13	 -0.781	 0	 -0.99	 -0.773785	 -0.000414579	 -0.973532	 -0.766476	 -0.00028925	 -0.957101	 -0.759213	 -9.95059e-005	 -0.94065	 -0.751996	 -0.000380984	 -0.924182	 -0.744723	 -0.000822081	 -0.90774	 1.7674	 1.76727	 1.76737	 1.76705	 1.76732	 
3.14	 -0.781	 0	 -0.99	 -0.773955	 -0.000166633	 -0.973497	 -0.766604	 -0.000303102	 -0.957128	 -0.759069	 -0.000289874	 -0.940841	 -0.75189	 -0.000389843	 -0.924397	 -0.745014	 -0.000706786	 -0.907823	 1.7614	 1.76131	 1.76149	 1.76123	 1.76161	 
3.15	 -0.781	 0	 -0.99	 -0.774015	 3.43327e-005	 -0.973515	 -0.766588	 -0.000178178	 -0.957225	 -0.759107	 -0.000525432	 -0.940963	 -0.752012	 -0.000590064	 -0.924526	 -0.745051	 -0.000431633	 -0.908031	 1.75521	 1.75517	 1.75519	 1.75511	 1.75527	 
3.16	 -0.781	 0	 -0.99	 -0.773807	 0.000139427	 -0.973652	 -0.766564	 -0.000155982	 -0.957328	 -0.759373	 -0.000615326	 -0.940984	 -0.75219	 -0.000626693	 -0.924633	 -0.744944	 -0.000352062	 -0.908309	 1.74874	 1.74863	 1.74874	 1.74851	 1.74869	 
3.17	 -0.781	 0	 -0.99	 -0.773543	 2.70758e-005	 -0.973815	 -0.766596	 -0.000248832	 -0.957408	 -0.759654	 -0.000460654	 -0.940998	 -0.752302	 -0.000473276	 -0.924768	 -0.744879	 -0.000540176	 -0.90857	 1.74241	 1.74234	 1.74231	 1.74212	 1.74208	 
3.18	 -0.781	 0	 -0.99	 -0.773621	 -0.00032086	 -0.973827	 -0.766594	 -0.000254765	 -0.957497	 -0.759695	 -0.000173572	 -0.941111	 -0.752433	 -0.000414336	 -0.924886	 -0.74494	 -0.000724392	 -0.908767	 1.73622	 1.73611	 1.73624	 1.73591	 1.73619	 
3.19	 -0.781	 0	 -0.99	 -0.773877	 -0.000417271	 -0.973758	 -0.766672	 -0.000281835	 -0.957548	 -0.759518	 -8.38181e-005	 -0.941316	 -0.752396	 -0.000365595	 -0.925073	 -0.745208	 -0.000806261	 -0.90886	 1.73027	 1.73016	 1.73029	 1.73	 1.73029	 
3.2	 -0.781	 0	 -0.99	 -0.774062	 -0.000161704	 -0.973714	 -0.766812	 -0.00029413	 -0.957565	 -0.759376	 -0.00027978	 -0.941499	 -0.7523	 -0.000378518	 -0.925272	 -0.745525	 -0.000692009	 -0.908918	 1.72462	 1.72454	 1.72475	 1.72452	 1.72492	 
3.21	 -0.781	 0	 -0.99	 -0.774105	 5.67774e-005	 -0.973732	 -0.766797	 -0.000174273	 -0.957647	 -0.759424	 -0.000530999	 -0.941594	 -0.752419	 -0.000580939	 -0.925373	 -0.745559	 -0.000416742	 -0.90909	 1.71946	 1.71941	 1.71947	 1.71941	 1.71962	 
3.22	 -0.781	 0	 -0.99	 -0.773885	 0.000128113	 -0.973864	 -0.766752	 -0.000148757	 -0.957739	 -0.759695	 -0.000607047	 -0.941583	 -0.752607	 -0.000630035	 -0.925437	 -0.745418	 -0.000343884	 -0.909335	 1.71433	 1.71423	 1.71438	 1.71417	 1.7144	 
3.23	 -0.781	 0	 -0.99	 -0.773629	 -1.22123e-005	 -0.974015	 -0.76679	 -0.000256875	 -0.957798	 -0.759971	 -0.000424063	 -0.941571	 -0.752714	 -0.000453218	 -0.925536	 -0.745364	 -0.000561938	 -0.909544	 1.70936	 1.7093	 1.70927	 1.70913	 1.70908	 
3.24	 -0.781	 0	 -0.99	 -0.773734	 -0.000347158	 -0.974008	 -0.766802	 -0.000278046	 -0.957866	 -0.759964	 -0.000143485	 -0.941684	 -0.752802	 -0.000380612	 -0.925646	 -0.745465	 -0.000759051	 -0.909688	 1.70419	 1.70405	 1.70416	 1.70383	 1.70406	 
3.25	 -0.781	 0	 -0.99	 -0.774043	 -0.000412949	 -0.973913	 -0.766879	 -0.000267238	 -0.957913	 -0.759762	 -9.28825e-005	 -0.941892	 -0.752782	 -0.000379636	 -0.925814	 -0.74576	 -0.000776411	 -0.909756	 1.69864	 1.69852	 1.6986	 1.69827	 1.69846	 
3.26	 -0.781	 0	 -0.99	 -0.774192	 -9.25034e-005	 -0.973887	 -0.767012	 -0.000269128	 -0.957936	 -0.759653	 -0.000340841	 -0.942066	 -0.752702	 -0.0004079	 -0.926016	 -0.746055	 -0.000616059	 -0.909835	 1.69272	 1.69261	 1.69278	 1.69247	 1.69287	 
3.27	 -0.781	 0	 -0.99	 -0.77414	 0.000135509	 -0.973953	 -0.76701	 -0.000170468	 -0.958027	 -0.7598	 -0.000576777	 -0.942139	 -0.752854	 -0.000570197	 -0.926129	 -0.74606	 -0.000366684	 -0.910054	 1.68654	 1.68645	 1.68655	 1.68637	 1.68667	 
3.28	 -0.781	 0	 -0.99	 -0.773922	 8.14634e-005	 -0.974095	 -0.766958	 -0.000133503	 -0.958141	 -0.760126	 -0.000547291	 -0.942134	 -0.753117	 -0.000605779	 -0.926199	 -0.745909	 -0.000345204	 -0.910353	 1.67995	 1.67986	 1.68003	 1.67981	 1.68014	 
3.29	 -0.781	 0	 -0.99	 -0.773746	 -0.000128598	 -0.974222	 -0.76702	 -0.000258268	 -0.958211	 -0.760351	 -0.00029566	 -0.942176	 -0.75322	 -0.000391535	 -0.926343	 -0.745942	 -0.000619148	 -0.910577	 1.67348	 1.67345	 1.67344	 1.67337	 1.6734	 
3.3	 -0.781	 0	 -0.99	 -0.773935	 -0.000370723	 -0.974186	 -0.767097	 -0.000301073	 -0.958269	 -0.76026	 -7.4943e-005	 -0.942353	 -0.753241	 -0.000296567	 -0.926517	 -0.74619	 -0.000794573	 -0.910701	 1.66707	 1.66695	 1.66708	 1.66682	 1.66701	 
3.31	 -0.781	 0	 -0.99	 -0.774291	 -0.00033321	 -0.974074	 -0.76716	 -0.000228247	 -0.95833	 -0.760039	 -0.000151068	 -0.942581	 -0.753252	 -0.000404142	 -0.926689	 -0.746502	 -0.000672125	 -0.910781	 1.66103	 1.66095	 1.66096	 1.66073	 1.66074	 
3.32	 -0.781	 0	 -0.99	 -0.774332	 3.69045e-005	 -0.974092	 -0.76725	 -0.000205557	 -0.958367	 -0.760044	 -0.000465229	 -0.942698	 -0.753246	 -0.000488961	 -0.926847	 -0.746682	 -0.00045484	 -0.910896	 1.65558	 1.65546	 1.65562	 1.6553	 1.65557	 
3.33	 -0.781	 0	 -0.99	 -0.774097	 0.000204792	 -0.974228	 -0.767251	 -0.000185359	 -0.958437	 -0.760327	 -0.000617346	 -0.942679	 -0.753405	 -0.000549847	 -0.926917	 -0.746587	 -0.000348565	 -0.911108	 1.65076	 1.65066	 1.65079	 1.6505	 1.65078	 
3.34	 -0.781	 0	 -0.99	 -0.773914	 -6.43462e-005	 -0.97434	 -0.767167	 -0.000178021	 -0.958532	 -0.760591	 -0.000423144	 -0.942652	 -0.753641	 -0.00054987	 -0.926932	 -0.746409	 -0.000481047	 -0.911337	 1.64643	 1.64636	 1.64658	 1.64631	 1.64672	 
3.35	 -0.781	 0	 -0.99	 -0.77395	 -0.000342345	 -0.974355	 -0.767228	 -0.000285391	 -0.958563	 -0.760613	 -0.000152792	 -0.942725	 -0.75367	 -0.000384467	 -0.92703	 -0.746536	 -0.000773	 -0.911423	 1.64264	 1.64258	 1.6427	 1.64257	 1.64287	 
3.36	 -0.781	 0	 -0.99	 -0.774211	 -0.000339323	 -0.974268	 -0.767364	 -0.000346565	 -0.958559	 -0.760398	 -0.000142211	 -0.942901	 -0.753549	 -0.000329104	 -0.927194	 -0.746876	 -0.000858039	 -0.911416	 1.63866	 1.63858	 1.63876	 1.63855	 1.6389	 
3.37	 -0.781	 0	 -0.99	 -0.774454	 -0.00012762	 -0.974193	 -0.767395	 -0.00023503	 -0.958608	 -0.760258	 -0.00040226	 -0.943059	 -0.753575	 -0.000545641	 -0.92731	 -0.747067	 -0.000604988	 -0.911488	 1.63442	 1.63437	 1.63436	 1.63428	 1.63432	 
3.38	 -0.781	 0	 -0.99	 -0.774325	 0.000117344	 -0.974283	 -0.767387	 -0.000172257	 -0.958683	 -0.76046	 -0.000644194	 -0.943082	 -0.753732	 -0.000679794	 -0.92739	 -0.747022	 -0.000405201	 -0.91169	 1.62936	 1.62922	 1.62931	 1.62904	 1.62924	 
3.39	 -0.781	 0	 -0.99	 -0.773991	 8.56815e-005	 -0.974472	 -0.767402	 -0.000251654	 -0.958766	 -0.760816	 -0.000570924	 -0.943058	 -0.753893	 -0.000566666	 -0.927495	 -0.746913	 -0.000535401	 -0.911957	 1.62329	 1.6232	 1.62315	 1.6229	 1.62288	 
3.4	 -0.781	 0	 -0.99	 -0.773986	 -0.00027479	 -0.974527	 -0.767417	 -0.000292973	 -0.958858	 -0.760939	 -0.00024258	 -0.943151	 -0.754051	 -0.000442818	 -0.927623	 -0.746979	 -0.000772739	 -0.912179	 1.61637	 1.61622	 1.61631	 1.61595	 1.61613	 
3.41	 -0.781	 0	 -0.99	 -0.774316	 -0.000446015	 -0.97444	 -0.767498	 -0.000279031	 -0.958933	 -0.760756	 -9.33926e-005	 -0.943393	 -0.754076	 -0.000409511	 -0.927831	 -0.747303	 -0.000830684	 -0.91231	 1.60878	 1.60866	 1.60871	 1.60835	 1.60854	 
3.42	 -0.781	 0	 -0.99	 -0.774537	 -0.000136242	 -0.974397	 -0.767655	 -0.0002638	 -0.958974	 -0.760629	 -0.000325257	 -0.943615	 -0.754021	 -0.000433693	 -0.928075	 -0.747668	 -0.000641422	 -0.912428	 1.60094	 1.60081	 1.60098	 1.60063	 1.60094	 
3.43	 -0.781	 0	 -0.99	 -0.774441	 0.000174378	 -0.97449	 -0.767694	 -0.000192272	 -0.959065	 -0.760815	 -0.000594787	 -0.943699	 -0.754159	 -0.000545601	 -0.928231	 -0.747712	 -0.000379517	 -0.912673	 1.59351	 1.5934	 1.59354	 1.59328	 1.59363	 
3.44	 -0.781	 0	 -0.99	 -0.774201	 5.63192e-005	 -0.974643	 -0.767616	 -0.000141825	 -0.959195	 -0.761167	 -0.000514411	 -0.943692	 -0.754462	 -0.000581131	 -0.928294	 -0.74754	 -0.00036656	 -0.912992	 1.58653	 1.58645	 1.58667	 1.58641	 1.58683	 
3.45	 -0.781	 0	 -0.99	 -0.77412	 -0.000255079	 -0.974724	 -0.767647	 -0.000238687	 -0.959269	 -0.761316	 -0.000197681	 -0.943755	 -0.754576	 -0.000389339	 -0.928415	 -0.747588	 -0.000649882	 -0.913186	 1.58064	 1.58059	 1.58074	 1.58063	 1.5809	 
3.46	 -0.781	 0	 -0.99	 -0.774359	 -0.000352581	 -0.974657	 -0.767785	 -0.000323181	 -0.959281	 -0.761128	 -7.12891e-005	 -0.943942	 -0.754471	 -0.000256092	 -0.928604	 -0.747928	 -0.000804669	 -0.913223	 1.57552	 1.57546	 1.57565	 1.57547	 1.57584	 
3.47	 -0.781	 0	 -0.99	 -0.774662	 -0.000149861	 -0.974557	 -0.767854	 -0.000223302	 -0.959314	 -0.76094	 -0.000295578	 -0.944119	 -0.754462	 -0.000425114	 -0.928734	 -0.74819	 -0.00056438	 -0.913263	 1.57124	 1.57119	 1.57128	 1.57121	 1.57131	 
3.48	 -0.781	 0	 -0.99	 -0.774577	 0.00011694	 -0.974618	 -0.767827	 -0.000125299	 -0.959378	 -0.761094	 -0.000571545	 -0.944135	 -0.754604	 -0.000605518	 -0.928781	 -0.748132	 -0.000303008	 -0.913422	 1.56754	 1.56745	 1.56757	 1.56741	 1.56763	 
3.49	 -0.781	 0	 -0.99	 -0.774219	 9.40136e-005	 -0.974798	 -0.767814	 -0.000198261	 -0.959436	 -0.761446	 -0.000513	 -0.944059	 -0.754753	 -0.000507197	 -0.928818	 -0.747961	 -0.000420288	 -0.913622	 1.56401	 1.56395	 1.56399	 1.56382	 1.56385	 
3.5	 -0.781	 0	 -0.99	 -0.774174	 -0.000249649	 -0.974843	 -0.767835	 -0.000286627	 -0.959475	 -0.761538	 -0.000185929	 -0.944089	 -0.754827	 -0.000339502	 -0.928881	 -0.747995	 -0.000714837	 -0.91373	 1.56073	 1.56062	 1.56071	 1.56048	 1.5606	 
3.51	 -0.781	 0	 -0.99	 -0.774536	 -0.000419206	 -0.974713	 -0.767891	 -0.000259241	 -0.9595	 -0.761287	 -6.6244e-005	 -0.944269	 -0.754802	 -0.00035337	 -0.928991	 -0.748279	 -0.000759411	 -0.91373	 1.55732	 1.55722	 1.55726	 1.55696	 1.55708	 
3.52	 -0.781	 0	 -0.99	 -0.774748	 -0.000103378	 -0.974644	 -0.767982	 -0.000203256	 -0.959508	 -0.761135	 -0.000345269	 -0.944409	 -0.754742	 -0.000462533	 -0.929113	 -0.74853	 -0.000522031	 -0.913742	 1.55393	 1.55379	 1.5539	 1.55358	 1.55373	 
3.53	 -0.781	 0	 -0.99	 -0.77453	 0.000217037	 -0.97476	 -0.768006	 -0.000181312	 -0.959547	 -0.761368	 -0.000604101	 -0.944383	 -0.754839	 -0.000523723	 -0.929169	 -0.74848	 -0.000333434	 -0.913882	 1.5506	 1.55048	 1.55057	 1.55023	 1.55051	 
3.54	 -0.781	 0	 -0.99	 -0.774265	 1.98709e-005	 -0.974897	 -0.767935	 -0.000180339	 -0.959622	 -0.761697	 -0.000438814	 -0.944309	 -0.755079	 -0.000493003	 -0.929157	 -0.748281	 -0.000437674	 -0.914082	 1.54729	 1.54717	 1.54733	 1.547	 1.54726	 
3.55	 -0.781	 0	 -0.99	 -0.774343	 -0.000365871	 -0.974888	 -0.767939	 -0.000230567	 -0.959663	 -0.761698	 -0.000101115	 -0.94437	 -0.755157	 -0.000372208	 -0.929206	 -0.748351	 -0.000700484	 -0.914158	 1.54443	 1.54433	 1.54449	 1.54421	 1.54458	 
3.56	 -0.781	 0	 -0.99	 -0.77464	 -0.000328496	 -0.974778	 -0.768077	 -0.000284749	 -0.95964	 -0.761437	 -0.000106196	 -0.944535	 -0.755005	 -0.000306351	 -0.929343	 -0.748708	 -0.000748951	 -0.914097	 1.54175	 1.54166	 1.54185	 1.54156	 1.54193	 
3.57	 -0.781	 0	 -0.99	 -0.774766	 3.10133e-005	 -0.974737	 -0.768154	 -0.000223392	 -0.959637	 -0.76136	 -0.000437522	 -0.944617	 -0.754972	 -0.000448651	 -0.929418	 -0.748891	 -0.000483403	 -0.914093	 1.53971	 1.53961	 1.5398	 1.5396	 1.53997	 
3.58	 -0.781	 0	 -0.99	 -0.774557	 0.000149778	 -0.974837	 -0.768067	 -0.000131996	 -0.959697	 -0.761623	 -0.000598646	 -0.94454	 -0.755186	 -0.00061087	 -0.929375	 -0.748691	 -0.000304192	 -0.914235	 1.538	 1.53794	 1.5381	 1.5379	 1.53828	 
3.59	 -0.781	 0	 -0.99	 -0.774307	 -0.000107017	 -0.974954	 -0.768016	 -0.000196339	 -0.959736	 -0.761891	 -0.000364029	 -0.94445	 -0.755349	 -0.000499397	 -0.929339	 -0.748522	 -0.000523556	 -0.914351	 1.53681	 1.53674	 1.53693	 1.53679	 1.53707	 
3.6	 -0.781	 0	 -0.99	 -0.774407	 -0.000353953	 -0.974919	 -0.768103	 -0.000325599	 -0.959711	 -0.761793	 -9.93345e-005	 -0.944506	 -0.755263	 -0.000295577	 -0.929395	 -0.748712	 -0.000820988	 -0.914299	 1.53612	 1.53607	 1.53618	 1.53606	 1.53636	 
3.61	 -0.781	 0	 -0.99	 -0.774754	 -0.000264754	 -0.974773	 -0.768184	 -0.000287289	 -0.959681	 -0.761499	 -0.000202163	 -0.94464	 -0.755145	 -0.000371531	 -0.929457	 -0.749002	 -0.000723285	 -0.914189	 1.53568	 1.53561	 1.53576	 1.53561	 1.53582	 
3.62	 -0.781	 0	 -0.99	 -0.774816	 3.85677e-005	 -0.974745	 -0.768163	 -0.000156905	 -0.959691	 -0.761491	 -0.000525571	 -0.944647	 -0.755203	 -0.000599443	 -0.929436	 -0.749005	 -0.000395186	 -0.914187	 1.53576	 1.5357	 1.53575	 1.53566	 1.53581	 
3.63	 -0.781	 0	 -0.99	 -0.774471	 0.00013299	 -0.974889	 -0.768116	 -0.000172833	 -0.959708	 -0.761812	 -0.000591896	 -0.944507	 -0.755339	 -0.000590484	 -0.929372	 -0.748776	 -0.000369963	 -0.914278	 1.53586	 1.53578	 1.53589	 1.53569	 1.53585	 
3.64	 -0.781	 0	 -0.99	 -0.774279	 -0.000154791	 -0.97497	 -0.768116	 -0.000285957	 -0.959704	 -0.761992	 -0.000291208	 -0.944421	 -0.755401	 -0.000389876	 -0.929334	 -0.748686	 -0.000667521	 -0.914305	 1.53636	 1.53629	 1.53632	 1.53618	 1.53622	 
3.65	 -0.781	 0	 -0.99	 -0.774562	 -0.000418884	 -0.974848	 -0.768144	 -0.000297189	 -0.959684	 -0.761756	 -7.47023e-005	 -0.944507	 -0.755336	 -0.000339708	 -0.929346	 -0.748874	 -0.000812364	 -0.914207	 1.53687	 1.53676	 1.53686	 1.53658	 1.53677	 
3.66	 -0.781	 0	 -0.99	 -0.774865	 -0.000215718	 -0.974714	 -0.768199	 -0.000220267	 -0.959651	 -0.761494	 -0.000279884	 -0.944605	 -0.755237	 -0.000469431	 -0.92937	 -0.749101	 -0.00060568	 -0.914085	 1.53758	 1.53748	 1.53752	 1.5373	 1.53734	 
3.67	 -0.781	 0	 -0.99	 -0.774709	 0.000164834	 -0.974771	 -0.768211	 -0.00018931	 -0.959633	 -0.761612	 -0.000600341	 -0.944539	 -0.755238	 -0.000562409	 -0.929346	 -0.74904	 -0.000379139	 -0.914079	 1.53844	 1.53831	 1.53843	 1.53811	 1.53837	 
3.68	 -0.781	 0	 -0.99	 -0.774372	 9.97067e-005	 -0.974907	 -0.768137	 -0.000209899	 -0.95965	 -0.761925	 -0.000534385	 -0.944384	 -0.755387	 -0.000527782	 -0.929254	 -0.748769	 -0.000449137	 -0.914157	 1.53943	 1.53931	 1.53941	 1.53911	 1.53925	 
3.69	 -0.781	 0	 -0.99	 -0.77437	 -0.000315374	 -0.974901	 -0.768084	 -0.000246072	 -0.959653	 -0.761958	 -0.000182423	 -0.94434	 -0.755464	 -0.000425346	 -0.929183	 -0.748698	 -0.000708736	 -0.914143	 1.54072	 1.54061	 1.54078	 1.54045	 1.54081	 
3.7	 -0.781	 0	 -0.99	 -0.774666	 -0.000404118	 -0.974766	 -0.768163	 -0.000285639	 -0.959599	 -0.761667	 -9.42505e-005	 -0.944429	 -0.755301	 -0.000362919	 -0.929207	 -0.748946	 -0.000802964	 -0.913983	 1.54223	 1.54212	 1.54226	 1.54197	 1.54224	 
3.71	 -0.781	 0	 -0.99	 -0.774822	 -4.50553e-005	 -0.974683	 -0.76825	 -0.00025855	 -0.959534	 -0.761491	 -0.000397635	 -0.944465	 -0.755152	 -0.000447708	 -0.929216	 -0.749126	 -0.000585714	 -0.913837	 1.5441	 1.54399	 1.5442	 1.54392	 1.54433	 
3.72	 -0.781	 0	 -0.99	 -0.774635	 0.000174287	 -0.974745	 -0.768171	 -0.000169663	 -0.959536	 -0.761665	 -0.000626184	 -0.944347	 -0.755256	 -0.000604928	 -0.92911	 -0.748918	 -0.000359665	 -0.913845	 1.54631	 1.54622	 1.54636	 1.54615	 1.54648	 
3.73	 -0.781	 0	 -0.99	 -0.774363	 -4.41594e-005	 -0.974844	 -0.768057	 -0.000173665	 -0.959547	 -0.761925	 -0.000445066	 -0.944181	 -0.75542	 -0.00056801	 -0.928968	 -0.748629	 -0.000479588	 -0.913878	 1.54874	 1.54866	 1.54888	 1.54866	 1.54906	 
3.74	 -0.781	 0	 -0.99	 -0.774372	 -0.000336233	 -0.974823	 -0.768086	 -0.000295161	 -0.959497	 -0.761865	 -0.000136431	 -0.944146	 -0.755334	 -0.000353909	 -0.928925	 -0.748669	 -0.000789566	 -0.913764	 1.55158	 1.55152	 1.55163	 1.55152	 1.5518	 
3.75	 -0.781	 0	 -0.99	 -0.774674	 -0.000310209	 -0.974674	 -0.768174	 -0.000315151	 -0.959417	 -0.761549	 -0.000141085	 -0.944215	 -0.755138	 -0.000320621	 -0.928922	 -0.748927	 -0.000796969	 -0.913551	 1.55444	 1.55437	 1.55456	 1.55437	 1.55471	 
3.76	 -0.781	 0	 -0.99	 -0.77483	 -2.80307e-005	 -0.974584	 -0.768154	 -0.000185076	 -0.959382	 -0.76141	 -0.000441835	 -0.944211	 -0.755106	 -0.000535722	 -0.928851	 -0.748963	 -0.000473079	 -0.913424	 1.55762	 1.55758	 1.55761	 1.55755	 1.55767	 
3.77	 -0.781	 0	 -0.99	 -0.774561	 0.000148158	 -0.974674	 -0.768072	 -0.000140111	 -0.959371	 -0.761631	 -0.000610394	 -0.944051	 -0.755197	 -0.000623147	 -0.928723	 -0.748704	 -0.000322163	 -0.913421	 1.56071	 1.56062	 1.56076	 1.56055	 1.5608	 
3.78	 -0.781	 0	 -0.99	 -0.774252	 -3.4645e-005	 -0.974783	 -0.768035	 -0.00024497	 -0.959343	 -0.761866	 -0.000399149	 -0.943883	 -0.755244	 -0.000448968	 -0.928612	 -0.748487	 -0.000555945	 -0.913401	 1.56395	 1.5639	 1.5639	 1.56378	 1.56379	 
3.79	 -0.781	 0	 -0.99	 -0.774378	 -0.0003667	 -0.974708	 -0.768027	 -0.000303279	 -0.959299	 -0.761717	 -0.000103041	 -0.943873	 -0.755169	 -0.000327149	 -0.928549	 -0.748529	 -0.000797204	 -0.913268	 1.56725	 1.56713	 1.56726	 1.567	 1.56722	 
3.8	 -0.781	 0	 -0.99	 -0.774728	 -0.000347842	 -0.974536	 -0.768053	 -0.000247783	 -0.959239	 -0.761375	 -0.000150851	 -0.943943	 -0.75502	 -0.000404245	 -0.928513	 -0.748722	 -0.000707644	 -0.913061	 1.57076	 1.57068	 1.5707	 1.57048	 1.57054	 
3.81	 -0.781	 0	 -0.99	 -0.774745	 3.9639e-005	 -0.974498	 -0.768076	 -0.000199203	 -0.959172	 -0.761292	 -0.000484064	 -0.943896	 -0.754907	 -0.00051515	 -0.928449	 -0.748739	 -0.00044597	 -0.912912	 1.57466	 1.57454	 1.5747	 1.57439	 1.57466	 
3.82	 -0.781	 0	 -0.99	 -0.774431	 0.000201799	 -0.974598	 -0.768007	 -0.000186666	 -0.959139	 -0.761532	 -0.000612551	 -0.943701	 -0.754971	 -0.000545527	 -0.928296	 -0.748465	 -0.000350743	 -0.912867	 1.57912	 1.57902	 1.57912	 1.57885	 1.57907	 
3.83	 -0.781	 0	 -0.99	 -0.774232	 -0.000114218	 -0.974647	 -0.767884	 -0.000199605	 -0.959116	 -0.76169	 -0.000348005	 -0.943521	 -0.755071	 -0.000483395	 -0.928104	 -0.748181	 -0.000530706	 -0.912804	 1.58418	 1.58409	 1.5843	 1.58401	 1.58438	 
3.84	 -0.781	 0	 -0.99	 -0.774359	 -0.000403008	 -0.974554	 -0.767884	 -0.000268952	 -0.959034	 -0.761509	 -7.74091e-005	 -0.943472	 -0.754944	 -0.000348858	 -0.927992	 -0.748217	 -0.000768939	 -0.912582	 1.59005	 1.58996	 1.59011	 1.58991	 1.59025	 
3.85	 -0.781	 0	 -0.99	 -0.774612	 -0.000267321	 -0.9744	 -0.767969	 -0.000299434	 -0.958906	 -0.761182	 -0.000170074	 -0.943473	 -0.754684	 -0.000324329	 -0.927918	 -0.748419	 -0.00073937	 -0.912269	 1.59632	 1.59624	 1.59646	 1.59623	 1.59665	 
3.86	 -0.781	 0	 -0.99	 -0.774674	 3.68659e-005	 -0.974325	 -0.767928	 -0.000197959	 -0.958828	 -0.761066	 -0.000480649	 -0.943382	 -0.754604	 -0.00051655	 -0.927763	 -0.748357	 -0.000450582	 -0.912054	 1.6031	 1.60304	 1.60315	 1.60305	 1.6033	 
3.87	 -0.781	 0	 -0.99	 -0.774417	 0.000134934	 -0.974384	 -0.767798	 -0.000129526	 -0.958785	 -0.761255	 -0.000601614	 -0.943157	 -0.754691	 -0.000631606	 -0.927533	 -0.748024	 -0.000317138	 -0.911953	 1.6098	 1.60973	 1.60989	 1.6097	 1.61004	 
3.88	 -0.781	 0	 -0.99	 -0.774121	 -5.05755e-005	 -0.974463	 -0.767737	 -0.000230053	 -0.958719	 -0.761433	 -0.000395783	 -0.942941	 -0.754687	 -0.000471845	 -0.927347	 -0.747768	 -0.000553064	 -0.911829	 1.61643	 1.61638	 1.61641	 1.61631	 1.61638	 
3.89	 -0.781	 0	 -0.99	 -0.774199	 -0.000340586	 -0.974387	 -0.767729	 -0.000314343	 -0.958631	 -0.76128	 -0.000121778	 -0.942867	 -0.754558	 -0.000325155	 -0.927219	 -0.747769	 -0.000811048	 -0.911605	 1.62282	 1.62271	 1.62281	 1.6226	 1.62281	 
3.9	 -0.781	 0	 -0.99	 -0.774529	 -0.000375492	 -0.974204	 -0.767726	 -0.000263902	 -0.958545	 -0.760924	 -0.000130987	 -0.942886	 -0.754389	 -0.000396921	 -0.927117	 -0.747894	 -0.00075337	 -0.911332	 1.62898	 1.62889	 1.62891	 1.62869	 1.62877	 
3.91	 -0.781	 0	 -0.99	 -0.774602	 -3.99685e-005	 -0.974126	 -0.767731	 -0.00021325	 -0.958453	 -0.76076	 -0.000431751	 -0.942824	 -0.754227	 -0.000511171	 -0.927008	 -0.7479	 -0.000508627	 -0.911106	 1.63518	 1.63506	 1.63519	 1.6349	 1.63512	 
3.92	 -0.781	 0	 -0.99	 -0.774336	 0.000204049	 -0.974191	 -0.767666	 -0.000196352	 -0.95839	 -0.760908	 -0.000631927	 -0.942626	 -0.754208	 -0.00056034	 -0.926833	 -0.747636	 -0.000360496	 -0.910986	 1.64162	 1.64152	 1.64163	 1.64136	 1.64162	 
3.93	 -0.781	 0	 -0.99	 -0.774083	 4.83183e-007	 -0.974251	 -0.767521	 -0.000183259	 -0.958352	 -0.76109	 -0.0004678	 -0.942401	 -0.754297	 -0.000542693	 -0.926599	 -0.747276	 -0.000446502	 -0.910895	 1.64832	 1.64823	 1.64843	 1.64816	 1.64852	 
3.94	 -0.781	 0	 -0.99	 -0.774063	 -0.000317234	 -0.974211	 -0.767473	 -0.000252117	 -0.958272	 -0.76102	 -0.0001636	 -0.942276	 -0.754211	 -0.000392881	 -0.92643	 -0.747166	 -0.000700198	 -0.910687	 1.65553	 1.65545	 1.6556	 1.65544	 1.65576	 
3.95	 -0.781	 0	 -0.99	 -0.774267	 -0.000358891	 -0.974072	 -0.767528	 -0.000321105	 -0.958144	 -0.76071	 -8.34252e-005	 -0.942249	 -0.753949	 -0.000281673	 -0.926331	 -0.747306	 -0.000813628	 -0.910369	 1.66276	 1.66269	 1.66285	 1.66267	 1.66304	 
3.96	 -0.781	 0	 -0.99	 -0.774488	 -0.000163662	 -0.973926	 -0.767509	 -0.000235073	 -0.95805	 -0.760431	 -0.00029248	 -0.942217	 -0.753788	 -0.000430326	 -0.926197	 -0.747347	 -0.000600085	 -0.910095	 1.66996	 1.6699	 1.66997	 1.66987	 1.67	 
3.97	 -0.781	 0	 -0.99	 -0.774399	 9.60586e-005	 -0.973913	 -0.767432	 -0.000143441	 -0.957984	 -0.760449	 -0.000556813	 -0.942065	 -0.753764	 -0.000597072	 -0.926015	 -0.747148	 -0.000350288	 -0.909936	 1.67681	 1.67671	 1.67679	 1.67659	 1.67679	 
3.98	 -0.781	 0	 -0.99	 -0.774048	 0.000162833	 -0.974018	 -0.767361	 -0.000192142	 -0.957927	 -0.760666	 -0.000588073	 -0.941841	 -0.75376	 -0.00054814	 -0.92584	 -0.746832	 -0.000386732	 -0.909849	 1.68301	 1.68292	 1.68294	 1.68271	 1.6828	 
3.99	 -0.781	 0	 -0.99	 -0.773889	 -0.000131127	 -0.974047	 -0.767267	 -0.000244622	 -0.957886	 -0.760742	 -0.000330734	 -0.941684	 -0.753768	 -0.000450017	 -0.925673	 -0.746594	 -0.000608354	 -0.909749	 1.68868	 1.68855	 1.68866	 1.68836	 1.68856	 
4	 -0.781	 0	 -0.99	 -0.774049	 -0.000420585	 -0.973944	 -0.767235	 -0.000271041	 -0.957825	 -0.760538	 -9.08833e-005	 -0.941657	 -0.753663	 -0.000383939	 -0.925568	 -0.746605	 -0.000789718	 -0.909558	 1.69395	 1.69384	 1.69394	 1.69366	 1.69395	 
4.01	 -0.781	 0	 -0.99	 -0.774264	 -0.000316772	 -0.973815	 -0.767292	 -0.000309164	 -0.957727	 -0.760219	 -0.00015976	 -0.941684	 -0.753401	 -0.00035134	 -0.925533	 -0.746761	 -0.000783908	 -0.909309	 1.69891	 1.69881	 1.69898	 1.69871	 1.69908	 
4.02	 -0.781	 0	 -0.99	 -0.774351	 -3.17482e-005	 -0.973739	 -0.767273	 -0.00023798	 -0.957662	 -0.760056	 -0.000430565	 -0.941646	 -0.75327	 -0.00048727	 -0.925443	 -0.746738	 -0.000539513	 -0.909133	 1.70406	 1.70399	 1.70412	 1.70399	 1.70425	 
4.03	 -0.781	 0	 -0.99	 -0.774185	 0.000128768	 -0.973771	 -0.767152	 -0.000141999	 -0.957636	 -0.760149	 -0.000611024	 -0.941493	 -0.753302	 -0.000636419	 -0.925277	 -0.746443	 -0.000327802	 -0.909066	 1.70942	 1.70935	 1.70948	 1.70933	 1.70961	 
4.04	 -0.781	 0	 -0.99	 -0.773856	 8.57674e-005	 -0.973871	 -0.767077	 -0.000198613	 -0.957589	 -0.760347	 -0.00053014	 -0.941286	 -0.753294	 -0.000536547	 -0.925119	 -0.746127	 -0.000428355	 -0.909001	 1.71508	 1.71501	 1.71508	 1.71494	 1.71503	 
4.05	 -0.781	 0	 -0.99	 -0.773759	 -0.000195856	 -0.973872	 -0.767017	 -0.000268556	 -0.957529	 -0.760344	 -0.00024783	 -0.941157	 -0.75323	 -0.00038515	 -0.924974	 -0.745957	 -0.000669361	 -0.908862	 1.72111	 1.72101	 1.72112	 1.7209	 1.72106	 
4.06	 -0.781	 0	 -0.99	 -0.773976	 -0.000430957	 -0.973736	 -0.766979	 -0.000262618	 -0.957457	 -0.760072	 -5.55368e-005	 -0.941139	 -0.753091	 -0.000353199	 -0.924856	 -0.745979	 -0.000781524	 -0.90863	 1.72734	 1.72725	 1.72734	 1.72708	 1.72733	 
4.07	 -0.781	 0	 -0.99	 -0.774177	 -0.000275548	 -0.973603	 -0.767022	 -0.000273117	 -0.957346	 -0.759766	 -0.000174913	 -0.941133	 -0.752836	 -0.000357375	 -0.92478	 -0.746094	 -0.000713738	 -0.90835	 1.73368	 1.73358	 1.73375	 1.73348	 1.7338	 
4.08	 -0.781	 0	 -0.99	 -0.774198	 2.52787e-005	 -0.973545	 -0.766998	 -0.000221291	 -0.957262	 -0.759647	 -0.00045631	 -0.941046	 -0.752703	 -0.000480041	 -0.924651	 -0.746022	 -0.000487446	 -0.908144	 1.74026	 1.74018	 1.74033	 1.74016	 1.74046	 
4.09	 -0.781	 0	 -0.99	 -0.774016	 0.000139461	 -0.973575	 -0.766867	 -0.000136974	 -0.957223	 -0.759755	 -0.000610333	 -0.940859	 -0.752746	 -0.000629552	 -0.924444	 -0.745707	 -0.000316394	 -0.908043	 1.74682	 1.74676	 1.74688	 1.74672	 1.74703	 
4.1	 -0.781	 0	 -0.99	 -0.773706	 6.53431e-005	 -0.973663	 -0.766786	 -0.00020068	 -0.957166	 -0.759931	 -0.000521835	 -0.940643	 -0.752735	 -0.000543878	 -0.924263	 -0.745403	 -0.000444783	 -0.907943	 1.75333	 1.75327	 1.75333	 1.75319	 1.75329	 
4.11	 -0.781	 0	 -0.99	 -0.773613	 -0.000203486	 -0.973659	 -0.766729	 -0.000284227	 -0.9571	 -0.759913	 -0.000263812	 -0.940512	 -0.752658	 -0.000403712	 -0.924114	 -0.745249	 -0.000699264	 -0.907785	 1.75975	 1.75964	 1.75972	 1.7595	 1.75964	 
4.12	 -0.781	 0	 -0.99	 -0.773825	 -0.000438186	 -0.973526	 -0.766695	 -0.000280617	 -0.957029	 -0.759656	 -8.11754e-005	 -0.940491	 -0.752528	 -0.000382908	 -0.923996	 -0.745264	 -0.000816525	 -0.907562	 1.76583	 1.76572	 1.7658	 1.76552	 1.76576	 
4.13	 -0.781	 0	 -0.99	 -0.774022	 -0.000304324	 -0.973398	 -0.766739	 -0.000294799	 -0.956925	 -0.759358	 -0.000180331	 -0.940495	 -0.752277	 -0.000379003	 -0.923937	 -0.745371	 -0.000766921	 -0.907306	 1.77157	 1.77146	 1.77161	 1.77133	 1.77164	 
4.14	 -0.781	 0	 -0.99	 -0.774069	 -1.80641e-005	 -0.973335	 -0.766717	 -0.000239098	 -0.956854	 -0.759213	 -0.000438519	 -0.940439	 -0.752133	 -0.000488686	 -0.923838	 -0.745317	 -0.000546119	 -0.907125	 1.77722	 1.77714	 1.77727	 1.7771	 1.77738	 
4.15	 -0.781	 0	 -0.99	 -0.77392	 0.000129418	 -0.973359	 -0.766596	 -0.000141015	 -0.956826	 -0.759289	 -0.00060642	 -0.940289	 -0.752161	 -0.000635174	 -0.923669	 -0.745038	 -0.000340318	 -0.907047	 1.78272	 1.78265	 1.78275	 1.78258	 1.78285	 
4.16	 -0.781	 0	 -0.99	 -0.773605	 0.000120198	 -0.973458	 -0.766519	 -0.00019048	 -0.956784	 -0.759469	 -0.00056519	 -0.940097	 -0.752146	 -0.000559523	 -0.923524	 -0.744737	 -0.000411382	 -0.906989	 1.78804	 1.78796	 1.78801	 1.78783	 1.78793	 
4.17	 -0.781	 0	 -0.99	 -0.773472	 -0.00013138	 -0.973481	 -0.766453	 -0.00025455	 -0.956741	 -0.759513	 -0.00032362	 -0.939967	 -0.752116	 -0.000435997	 -0.923391	 -0.744541	 -0.000625551	 -0.906895	 1.79313	 1.79302	 1.7931	 1.79285	 1.79301	 
4.18	 -0.781	 0	 -0.99	 -0.773618	 -0.000408163	 -0.973387	 -0.76641	 -0.000267465	 -0.956694	 -0.759323	 -9.92268e-005	 -0.939949	 -0.752021	 -0.000388046	 -0.9233	 -0.744525	 -0.000783772	 -0.906738	 1.79777	 1.79765	 1.79776	 1.79748	 1.79778	 
4.19	 -0.781	 0	 -0.99	 -0.773808	 -0.000356638	 -0.973274	 -0.766464	 -0.000314782	 -0.956611	 -0.759039	 -0.000121174	 -0.939984	 -0.751786	 -0.000337985	 -0.923284	 -0.744667	 -0.000820578	 -0.906529	 1.80176	 1.80166	 1.8018	 1.80154	 1.80189	 
4.2	 -0.781	 0	 -0.99	 -0.773954	 -0.00013825	 -0.973184	 -0.766462	 -0.000258354	 -0.956562	 -0.758842	 -0.000335685	 -0.939997	 -0.751656	 -0.00045294	 -0.923241	 -0.744707	 -0.000634572	 -0.906385	 1.80525	 1.80517	 1.80526	 1.80511	 1.80531	 
4.21	 -0.781	 0	 -0.99	 -0.773896	 7.08517e-005	 -0.973187	 -0.76639	 -0.000162586	 -0.956551	 -0.758862	 -0.000563751	 -0.939929	 -0.751664	 -0.000619396	 -0.923157	 -0.744548	 -0.000402227	 -0.90635	 1.80819	 1.80809	 1.80815	 1.80796	 1.80813	 
4.22	 -0.781	 0	 -0.99	 -0.7736	 0.000185912	 -0.973299	 -0.766344	 -0.000194924	 -0.95654	 -0.759057	 -0.000637202	 -0.939794	 -0.751669	 -0.000591532	 -0.92309	 -0.744305	 -0.000390819	 -0.906374	 1.8105	 1.81039	 1.81044	 1.81017	 1.81031	 
4.23	 -0.781	 0	 -0.99	 -0.77341	 -1.66318e-005	 -0.97337	 -0.766256	 -0.000220264	 -0.956551	 -0.759197	 -0.000459133	 -0.93969	 -0.751728	 -0.000530795	 -0.923008	 -0.744067	 -0.000528601	 -0.906412	 1.81235	 1.81223	 1.81235	 1.81205	 1.81228	 
4.24	 -0.781	 0	 -0.99	 -0.773431	 -0.000316942	 -0.973352	 -0.766209	 -0.000257957	 -0.956548	 -0.759135	 -0.000199168	 -0.93968	 -0.751692	 -0.000441295	 -0.922976	 -0.743998	 -0.000727784	 -0.906383	 1.81401	 1.8139	 1.81404	 1.81381	 1.81413	 
4.25	 -0.781	 0	 -0.99	 -0.773583	 -0.000385888	 -0.973274	 -0.766267	 -0.000336111	 -0.9565	 -0.758909	 -9.49132e-005	 -0.939746	 -0.7515	 -0.00031715	 -0.923014	 -0.744142	 -0.000862954	 -0.906265	 1.8155	 1.81541	 1.81555	 1.81536	 1.81567	 
4.26	 -0.781	 0	 -0.99	 -0.773826	 -0.000295294	 -0.973156	 -0.766271	 -0.000277078	 -0.956477	 -0.758648	 -0.000196958	 -0.93983	 -0.751377	 -0.000402226	 -0.923027	 -0.744254	 -0.000732376	 -0.906163	 1.81698	 1.81691	 1.81698	 1.81682	 1.81694	 
4.27	 -0.781	 0	 -0.99	 -0.77388	 -4.48558e-005	 -0.973121	 -0.766255	 -0.00019597	 -0.956464	 -0.758563	 -0.000438846	 -0.939839	 -0.751315	 -0.000536358	 -0.923016	 -0.74423	 -0.000490944	 -0.906123	 1.81843	 1.81832	 1.81841	 1.81817	 1.81831	 
4.28	 -0.781	 0	 -0.99	 -0.773664	 0.000195432	 -0.973206	 -0.766233	 -0.000193763	 -0.956458	 -0.758702	 -0.000623479	 -0.939755	 -0.751304	 -0.000559529	 -0.922989	 -0.744062	 -0.000366442	 -0.906154	 1.81959	 1.81948	 1.81958	 1.81929	 1.81953	 
4.29	 -0.781	 0	 -0.99	 -0.773445	 0.000101398	 -0.973297	 -0.766124	 -0.000164202	 -0.956492	 -0.758895	 -0.000560139	 -0.93965	 -0.751421	 -0.000585817	 -0.922911	 -0.743792	 -0.000381102	 -0.906242	 1.82035	 1.82025	 1.8204	 1.82013	 1.82045	 
4.3	 -0.781	 0	 -0.99	 -0.773315	 -0.000143862	 -0.973353	 -0.76608	 -0.000219843	 -0.956505	 -0.758984	 -0.000330234	 -0.939599	 -0.751445	 -0.000477638	 -0.922886	 -0.74366	 -0.0005855	 -0.906284	 1.82087	 1.82078	 1.82089	 1.82072	 1.82096	 
4.31	 -0.781	 0	 -0.99	 -0.773384	 -0.000332801	 -0.973323	 -0.76612	 -0.000317283	 -0.956487	 -0.75887	 -0.000125327	 -0.939646	 -0.751336	 -0.000321261	 -0.922931	 -0.743741	 -0.000809593	 -0.906248	 1.82099	 1.8209	 1.82097	 1.82078	 1.82099	 
4.32	 -0.781	 0	 -0.99	 -0.773665	 -0.000412726	 -0.973202	 -0.766133	 -0.000282872	 -0.956488	 -0.758613	 -8.8328e-005	 -0.939768	 -0.751249	 -0.000364355	 -0.922983	 -0.743894	 -0.000796852	 -0.906196	 1.8206	 1.82049	 1.82053	 1.82028	 1.82041	 
4.33	 -0.781	 0	 -0.99	 -0.773822	 -0.000194685	 -0.973137	 -0.766182	 -0.000248546	 -0.956478	 -0.758445	 -0.000285069	 -0.939863	 -0.751141	 -0.000439629	 -0.923056	 -0.744034	 -0.000636119	 -0.906164	 1.81969	 1.81957	 1.81968	 1.81937	 1.81958	 
4.34	 -0.781	 0	 -0.99	 -0.773755	 0.000102209	 -0.973174	 -0.766189	 -0.000215808	 -0.956494	 -0.758485	 -0.000542325	 -0.939876	 -0.751124	 -0.000524411	 -0.923102	 -0.744003	 -0.000442073	 -0.906223	 1.81837	 1.81827	 1.81839	 1.81813	 1.81844	 
4.35	 -0.781	 0	 -0.99	 -0.773573	 0.000148735	 -0.973267	 -0.766101	 -0.000143845	 -0.956556	 -0.758683	 -0.000622283	 -0.939825	 -0.751265	 -0.000633842	 -0.923088	 -0.743779	 -0.000326206	 -0.906382	 1.81663	 1.81654	 1.81668	 1.81645	 1.81677	 
4.36	 -0.781	 0	 -0.99	 -0.773332	 3.0855e-005	 -0.973389	 -0.766073	 -0.000201694	 -0.956598	 -0.758896	 -0.000491484	 -0.939772	 -0.751335	 -0.000537555	 -0.923114	 -0.743608	 -0.000469993	 -0.906531	 1.81467	 1.81459	 1.81466	 1.8145	 1.81462	 
4.37	 -0.781	 0	 -0.99	 -0.773293	 -0.000220721	 -0.973424	 -0.766075	 -0.000284481	 -0.956629	 -0.758921	 -0.000240843	 -0.939807	 -0.751334	 -0.000391214	 -0.923176	 -0.743597	 -0.000711746	 -0.906618	 1.81254	 1.81243	 1.81251	 1.81227	 1.81242	 
4.38	 -0.781	 0	 -0.99	 -0.773524	 -0.000438249	 -0.973341	 -0.766089	 -0.000278704	 -0.956659	 -0.758738	 -6.98433e-005	 -0.939939	 -0.751304	 -0.000369461	 -0.92326	 -0.743745	 -0.000811613	 -0.906639	 1.81013	 1.81001	 1.8101	 1.8098	 1.81003	 
4.39	 -0.781	 0	 -0.99	 -0.773736	 -0.000313747	 -0.973263	 -0.766179	 -0.000293884	 -0.956655	 -0.758526	 -0.000162049	 -0.94009	 -0.751169	 -0.000362406	 -0.923394	 -0.743986	 -0.00076355	 -0.906624	 1.80744	 1.80733	 1.80749	 1.80719	 1.80751	 
4.4	 -0.781	 0	 -0.99	 -0.773824	 -4.23503e-005	 -0.973242	 -0.766209	 -0.000239259	 -0.956681	 -0.758455	 -0.000413784	 -0.940184	 -0.751138	 -0.000475898	 -0.923488	 -0.744077	 -0.0005511	 -0.906681	 1.80471	 1.80462	 1.80475	 1.80456	 1.80482	 
4.41	 -0.781	 0	 -0.99	 -0.773719	 0.000124619	 -0.973309	 -0.766158	 -0.000146082	 -0.956745	 -0.7586	 -0.000603051	 -0.940182	 -0.75126	 -0.000630353	 -0.923518	 -0.743951	 -0.000346136	 -0.90684	 1.80184	 1.80175	 1.80185	 1.80165	 1.80189	 
4.42	 -0.781	 0	 -0.99	 -0.773434	 0.000146928	 -0.973459	 -0.766142	 -0.000190065	 -0.956798	 -0.758868	 -0.000594589	 -0.94013	 -0.751357	 -0.000574567	 -0.923565	 -0.743787	 -0.000401753	 -0.907026	 1.79874	 1.79865	 1.7987	 1.79847	 1.79858	 
4.43	 -0.781	 0	 -0.99	 -0.773309	 -0.000100371	 -0.97354	 -0.766115	 -0.000243817	 -0.956858	 -0.759015	 -0.00036333	 -0.940134	 -0.751457	 -0.000469779	 -0.923615	 -0.743704	 -0.000606455	 -0.907185	 1.79542	 1.7953	 1.79541	 1.79512	 1.7953	 
4.44	 -0.781	 0	 -0.99	 -0.77345	 -0.000390582	 -0.973505	 -0.76613	 -0.000266642	 -0.956903	 -0.758935	 -0.00011653	 -0.940246	 -0.751479	 -0.000399199	 -0.923708	 -0.743816	 -0.000784859	 -0.907265	 1.79184	 1.79173	 1.79186	 1.79157	 1.79187	 
4.45	 -0.781	 0	 -0.99	 -0.773672	 -0.000372989	 -0.973433	 -0.766238	 -0.000320003	 -0.956909	 -0.758729	 -0.000104133	 -0.94042	 -0.751352	 -0.000328711	 -0.923873	 -0.744096	 -0.000839122	 -0.907277	 1.78795	 1.78785	 1.78801	 1.78775	 1.78809	 
4.46	 -0.781	 0	 -0.99	 -0.773873	 -0.000168727	 -0.97337	 -0.766291	 -0.000261123	 -0.956944	 -0.75859	 -0.000307827	 -0.940571	 -0.751325	 -0.000440084	 -0.924002	 -0.744285	 -0.000645918	 -0.907337	 1.78394	 1.78386	 1.78396	 1.78378	 1.78397	 
4.47	 -0.781	 0	 -0.99	 -0.773844	 6.54913e-005	 -0.973412	 -0.766278	 -0.000167047	 -0.95701	 -0.758677	 -0.000554699	 -0.940626	 -0.751422	 -0.00060465	 -0.924083	 -0.744268	 -0.000396071	 -0.907497	 1.77974	 1.77964	 1.77972	 1.77951	 1.77968	 
4.48	 -0.781	 0	 -0.99	 -0.773567	 0.000190608	 -0.973569	 -0.766276	 -0.000190844	 -0.957078	 -0.758959	 -0.000637802	 -0.9406	 -0.751541	 -0.000585918	 -0.924163	 -0.744146	 -0.000369262	 -0.907716	 1.77517	 1.77506	 1.77512	 1.77484	 1.77499	 
4.49	 -0.781	 0	 -0.99	 -0.773394	 -2.09212e-005	 -0.973683	 -0.766239	 -0.000217994	 -0.957166	 -0.759186	 -0.000445119	 -0.940604	 -0.75171	 -0.000516566	 -0.924229	 -0.744034	 -0.000522467	 -0.907946	 1.77018	 1.77006	 1.77018	 1.76986	 1.77008	 
4.5	 -0.781	 0	 -0.99	 -0.773465	 -0.000335771	 -0.973693	 -0.766259	 -0.000256304	 -0.957235	 -0.759194	 -0.000166566	 -0.940716	 -0.75178	 -0.000419113	 -0.924354	 -0.744126	 -0.000738565	 -0.908102	 1.76476	 1.76465	 1.76477	 1.7645	 1.76481	 
4.51	 -0.781	 0	 -0.99	 -0.773689	 -0.000388074	 -0.973636	 -0.766385	 -0.000324998	 -0.957265	 -0.759025	 -8.35436e-005	 -0.94092	 -0.751693	 -0.000313574	 -0.924564	 -0.744439	 -0.000855537	 -0.908178	 1.75873	 1.75863	 1.75876	 1.75851	 1.75883	 
4.52	 -0.781	 0	 -0.99	 -0.773947	 -0.000226589	 -0.973567	 -0.766457	 -0.000266897	 -0.957327	 -0.758865	 -0.000249796	 -0.941135	 -0.751684	 -0.000416624	 -0.924758	 -0.744703	 -0.000689933	 -0.908296	 1.75218	 1.75208	 1.75216	 1.75196	 1.75213	 
4.53	 -0.781	 0	 -0.99	 -0.773962	 3.63809e-005	 -0.97361	 -0.766472	 -0.000171531	 -0.957423	 -0.758936	 -0.000519059	 -0.94126	 -0.75179	 -0.000584636	 -0.924918	 -0.744772	 -0.000423022	 -0.908521	 1.7451	 1.74499	 1.74505	 1.74481	 1.74496	 
4.54	 -0.781	 0	 -0.99	 -0.773697	 0.000200222	 -0.973782	 -0.766488	 -0.000185204	 -0.957527	 -0.759243	 -0.000639163	 -0.941289	 -0.751948	 -0.000582566	 -0.92507	 -0.744698	 -0.000355791	 -0.90883	 1.73742	 1.7373	 1.73736	 1.73705	 1.73722	 
4.55	 -0.781	 0	 -0.99	 -0.773511	 -3.02668e-006	 -0.973925	 -0.766466	 -0.000212599	 -0.957653	 -0.759522	 -0.000455856	 -0.941337	 -0.752164	 -0.000513718	 -0.925204	 -0.74461	 -0.000494606	 -0.909161	 1.72932	 1.72919	 1.72931	 1.72898	 1.72921	 
4.56	 -0.781	 0	 -0.99	 -0.773587	 -0.000335853	 -0.973953	 -0.766504	 -0.000253871	 -0.957755	 -0.759563	 -0.00015953	 -0.941496	 -0.752272	 -0.000405297	 -0.925393	 -0.744738	 -0.000717452	 -0.909402	 1.72106	 1.72095	 1.72109	 1.72081	 1.72112	 
4.57	 -0.781	 0	 -0.99	 -0.773835	 -0.000388699	 -0.973902	 -0.766645	 -0.000317757	 -0.957812	 -0.759399	 -7.47799e-005	 -0.941747	 -0.752208	 -0.000301148	 -0.925659	 -0.745101	 -0.000828186	 -0.909539	 1.71271	 1.71261	 1.71277	 1.71251	 1.71285	 
4.58	 -0.781	 0	 -0.99	 -0.774088	 -0.000185701	 -0.973847	 -0.766733	 -0.000258661	 -0.95789	 -0.75926	 -0.000270591	 -0.941987	 -0.752215	 -0.000407586	 -0.925892	 -0.745397	 -0.000645264	 -0.909699	 1.70455	 1.70446	 1.70459	 1.7044	 1.70462	 
4.59	 -0.781	 0	 -0.99	 -0.774078	 7.84905e-005	 -0.973907	 -0.76675	 -0.000151952	 -0.957996	 -0.759391	 -0.000543272	 -0.942103	 -0.752373	 -0.000589478	 -0.926052	 -0.745454	 -0.000369901	 -0.909959	 1.69666	 1.69657	 1.69666	 1.69646	 1.69665	 
4.6	 -0.781	 0	 -0.99	 -0.773787	 0.000179078	 -0.974092	 -0.766763	 -0.000173629	 -0.958103	 -0.759741	 -0.000611427	 -0.942114	 -0.752566	 -0.000574746	 -0.926189	 -0.745365	 -0.000352011	 -0.910277	 1.68893	 1.68883	 1.68892	 1.68866	 1.68881	 
4.61	 -0.781	 0	 -0.99	 -0.773628	 -7.46887e-005	 -0.974218	 -0.766767	 -0.000237491	 -0.958209	 -0.759995	 -0.00037113	 -0.942161	 -0.752762	 -0.000455864	 -0.926317	 -0.745341	 -0.000570784	 -0.910559	 1.68146	 1.68134	 1.68145	 1.68117	 1.68133	 
4.62	 -0.781	 0	 -0.99	 -0.77381	 -0.000404553	 -0.974192	 -0.766819	 -0.000269979	 -0.958291	 -0.759946	 -9.35878e-005	 -0.942338	 -0.752847	 -0.000373926	 -0.926488	 -0.745558	 -0.000780242	 -0.910725	 1.67419	 1.67407	 1.67421	 1.6739	 1.67419	 
4.63	 -0.781	 0	 -0.99	 -0.774106	 -0.000356522	 -0.974111	 -0.766965	 -0.000297584	 -0.958327	 -0.75975	 -0.000123896	 -0.942577	 -0.752782	 -0.000347686	 -0.92672	 -0.745951	 -0.000785779	 -0.910804	 1.66706	 1.66695	 1.66711	 1.66682	 1.66713	 
4.64	 -0.781	 0	 -0.99	 -0.774244	 -3.24175e-005	 -0.974096	 -0.767056	 -0.000243458	 -0.958385	 -0.759715	 -0.000417585	 -0.942743	 -0.752813	 -0.000466417	 -0.926903	 -0.746186	 -0.000543818	 -0.910944	 1.66023	 1.66013	 1.66029	 1.66007	 1.66039	 
4.65	 -0.781	 0	 -0.99	 -0.7741	 0.000154193	 -0.974206	 -0.767027	 -0.000145953	 -0.958492	 -0.75997	 -0.000621082	 -0.942774	 -0.753041	 -0.000624119	 -0.926993	 -0.746117	 -0.000318442	 -0.911211	 1.65362	 1.65354	 1.65367	 1.65347	 1.65377	 
4.66	 -0.781	 0	 -0.99	 -0.773822	 4.64099e-005	 -0.974376	 -0.76702	 -0.000181375	 -0.958587	 -0.76032	 -0.000502898	 -0.942755	 -0.753259	 -0.000548528	 -0.927079	 -0.74601	 -0.000424269	 -0.911488	 1.64725	 1.64716	 1.64729	 1.64709	 1.6473	 
4.67	 -0.781	 0	 -0.99	 -0.773803	 -0.000248373	 -0.974431	 -0.767085	 -0.000287351	 -0.958647	 -0.76042	 -0.00019193	 -0.942841	 -0.753343	 -0.000346801	 -0.927217	 -0.746133	 -0.000718203	 -0.911656	 1.6412	 1.64111	 1.6412	 1.641	 1.64116	 
4.68	 -0.781	 0	 -0.99	 -0.774137	 -0.000416581	 -0.974327	 -0.767175	 -0.000284692	 -0.958693	 -0.760223	 -5.28949e-005	 -0.943055	 -0.753345	 -0.000319851	 -0.927387	 -0.746464	 -0.000797918	 -0.911724	 1.63525	 1.63514	 1.63525	 1.63498	 1.63516	 
4.69	 -0.781	 0	 -0.99	 -0.774394	 -0.000187387	 -0.974254	 -0.767276	 -0.000218708	 -0.958732	 -0.760077	 -0.000276095	 -0.943247	 -0.753335	 -0.000441266	 -0.92756	 -0.746771	 -0.000591654	 -0.911797	 1.62945	 1.62933	 1.62942	 1.62914	 1.62929	 
4.7	 -0.781	 0	 -0.99	 -0.774272	 0.000167228	 -0.974347	 -0.767324	 -0.000184405	 -0.958794	 -0.760262	 -0.000586726	 -0.943294	 -0.753444	 -0.000545471	 -0.927681	 -0.746818	 -0.000370059	 -0.911985	 1.6236	 1.62347	 1.62359	 1.62327	 1.62355	 
4.71	 -0.781	 0	 -0.99	 -0.774	 0.000129876	 -0.974511	 -0.767283	 -0.000177687	 -0.9589	 -0.760627	 -0.000572506	 -0.943263	 -0.753708	 -0.000569141	 -0.927739	 -0.746667	 -0.000386958	 -0.912269	 1.61749	 1.61737	 1.6175	 1.61718	 1.61744	 
4.72	 -0.781	 0	 -0.99	 -0.773936	 -0.000237049	 -0.974587	 -0.767284	 -0.000235618	 -0.958991	 -0.760796	 -0.000264155	 -0.943325	 -0.75388	 -0.000465713	 -0.927847	 -0.746681	 -0.000652425	 -0.912495	 1.61108	 1.61096	 1.61113	 1.61083	 1.61117	 
4.73	 -0.781	 0	 -0.99	 -0.774174	 -0.000415327	 -0.974534	 -0.767416	 -0.000327123	 -0.959033	 -0.760646	 -8.76965e-005	 -0.943538	 -0.75383	 -0.000337832	 -0.928065	 -0.747023	 -0.000863993	 -0.912594	 1.60419	 1.60408	 1.6042	 1.60394	 1.60425	 
4.74	 -0.781	 0	 -0.99	 -0.774472	 -0.000213116	 -0.974454	 -0.767538	 -0.000298367	 -0.959085	 -0.760463	 -0.000280407	 -0.943778	 -0.753796	 -0.000422107	 -0.928292	 -0.747381	 -0.000725211	 -0.9127	 1.5968	 1.59668	 1.59684	 1.59659	 1.59688	 
4.75	 -0.781	 0	 -0.99	 -0.774461	 8.35995e-005	 -0.974513	 -0.767544	 -0.000181988	 -0.959192	 -0.760591	 -0.000594344	 -0.943892	 -0.753959	 -0.000636936	 -0.928445	 -0.74743	 -0.000425648	 -0.912955	 1.58911	 1.58902	 1.58909	 1.5889	 1.58911	 
4.76	 -0.781	 0	 -0.99	 -0.774149	 0.000115461	 -0.974705	 -0.767529	 -0.000181647	 -0.959312	 -0.760981	 -0.000615305	 -0.943891	 -0.754206	 -0.000638968	 -0.928564	 -0.747303	 -0.000416349	 -0.913294	 1.58116	 1.58106	 1.58119	 1.58094	 1.58116	 
4.77	 -0.781	 0	 -0.99	 -0.774021	 -0.000179365	 -0.97482	 -0.767574	 -0.000289682	 -0.959405	 -0.761196	 -0.000304546	 -0.943962	 -0.754355	 -0.000435048	 -0.92872	 -0.747354	 -0.000710474	 -0.913552	 1.57349	 1.5734	 1.57347	 1.57328	 1.5734	 
4.78	 -0.781	 0	 -0.99	 -0.77433	 -0.000423417	 -0.974738	 -0.767677	 -0.000315427	 -0.959464	 -0.761041	 -8.06353e-005	 -0.944183	 -0.754383	 -0.00034638	 -0.928915	 -0.747695	 -0.000859184	 -0.913663	 1.56622	 1.56611	 1.56626	 1.56598	 1.5662	 
4.79	 -0.781	 0	 -0.99	 -0.774654	 -0.000230809	 -0.974642	 -0.767793	 -0.000236378	 -0.959507	 -0.760864	 -0.000266027	 -0.944401	 -0.754383	 -0.000458498	 -0.929101	 -0.74806	 -0.000645923	 -0.913734	 1.55979	 1.55969	 1.55978	 1.55955	 1.55967	 
4.8	 -0.781	 0	 -0.99	 -0.774548	 0.000151708	 -0.974725	 -0.767849	 -0.00017818	 -0.95956	 -0.761053	 -0.000589902	 -0.94444	 -0.754506	 -0.00056903	 -0.929207	 -0.748128	 -0.000373391	 -0.913901	 1.55425	 1.55413	 1.55429	 1.554	 1.55427	 
4.81	 -0.781	 0	 -0.99	 -0.774235	 0.000130698	 -0.974895	 -0.767823	 -0.000189057	 -0.959639	 -0.761449	 -0.00055342	 -0.944368	 -0.754763	 -0.000537242	 -0.929228	 -0.747976	 -0.000402592	 -0.914133	 1.5496	 1.5495	 1.54963	 1.54936	 1.54956	 
4.82	 -0.781	 0	 -0.99	 -0.774216	 -0.000272747	 -0.974933	 -0.767822	 -0.000240903	 -0.959695	 -0.761572	 -0.000197538	 -0.944395	 -0.754919	 -0.000408415	 -0.929271	 -0.748007	 -0.000675231	 -0.91426	 1.5457	 1.5456	 1.5458	 1.54549	 1.54584	 
4.83	 -0.781	 0	 -0.99	 -0.774532	 -0.000418377	 -0.974822	 -0.767941	 -0.00028147	 -0.959693	 -0.761347	 -5.68817e-005	 -0.944565	 -0.754848	 -0.000329037	 -0.929399	 -0.748366	 -0.000798758	 -0.914228	 1.5423	 1.5422	 1.54234	 1.54207	 1.54234	 
4.84	 -0.781	 0	 -0.99	 -0.774744	 -8.88394e-005	 -0.974751	 -0.768053	 -0.000245901	 -0.959689	 -0.761197	 -0.000343931	 -0.9447	 -0.754783	 -0.000423444	 -0.929518	 -0.748657	 -0.000581979	 -0.914215	 1.5391	 1.53898	 1.53918	 1.53888	 1.53926	 
4.85	 -0.781	 0	 -0.99	 -0.77458	 0.000186532	 -0.974842	 -0.768026	 -0.000161007	 -0.959746	 -0.761431	 -0.000616274	 -0.944669	 -0.754962	 -0.000582565	 -0.929533	 -0.748567	 -0.000329196	 -0.914366	 1.53597	 1.53586	 1.53598	 1.53574	 1.53604	 
4.86	 -0.781	 0	 -0.99	 -0.774297	 -1.63631e-008	 -0.974988	 -0.767962	 -0.000169831	 -0.959818	 -0.761774	 -0.000463097	 -0.944589	 -0.755202	 -0.000548425	 -0.92952	 -0.748372	 -0.000434636	 -0.914564	 1.53271	 1.53261	 1.53281	 1.53254	 1.53291	 
4.87	 -0.781	 0	 -0.99	 -0.774338	 -0.000340519	 -0.974996	 -0.768022	 -0.000282144	 -0.959839	 -0.761779	 -0.000125175	 -0.944652	 -0.755217	 -0.00034493	 -0.929603	 -0.748509	 -0.000754186	 -0.91462	 1.52963	 1.52955	 1.52967	 1.52948	 1.52974	 
4.88	 -0.781	 0	 -0.99	 -0.774685	 -0.000330727	 -0.974867	 -0.768148	 -0.000307099	 -0.959825	 -0.761504	 -0.000116882	 -0.94483	 -0.755102	 -0.000307069	 -0.929732	 -0.748882	 -0.000779241	 -0.914562	 1.52672	 1.52662	 1.52681	 1.52657	 1.52692	 
4.89	 -0.781	 0	 -0.99	 -0.774831	 -1.62863e-006	 -0.974819	 -0.768179	 -0.000190812	 -0.959846	 -0.761441	 -0.000448568	 -0.944911	 -0.755139	 -0.000513444	 -0.929786	 -0.749025	 -0.000457272	 -0.914583	 1.52443	 1.52436	 1.52445	 1.52432	 1.52452	 
4.9	 -0.781	 0	 -0.99	 -0.774549	 0.000159622	 -0.97495	 -0.768129	 -0.000134935	 -0.959889	 -0.761763	 -0.000610827	 -0.944808	 -0.75534	 -0.000615987	 -0.929746	 -0.748843	 -0.00030536	 -0.914717	 1.52278	 1.52269	 1.52288	 1.52266	 1.52297	 
4.91	 -0.781	 0	 -0.99	 -0.774295	 -9.19372e-005	 -0.975066	 -0.768118	 -0.000238998	 -0.959906	 -0.762028	 -0.000356286	 -0.944711	 -0.755468	 -0.000448164	 -0.929713	 -0.748724	 -0.00057352	 -0.914796	 1.52206	 1.522	 1.5221	 1.52197	 1.5221	 
4.92	 -0.781	 0	 -0.99	 -0.774506	 -0.00039148	 -0.974977	 -0.768183	 -0.000321981	 -0.959877	 -0.761871	 -8.18066e-005	 -0.944773	 -0.75542	 -0.000308491	 -0.929729	 -0.748937	 -0.000833206	 -0.914705	 1.52214	 1.52205	 1.52222	 1.522	 1.52227	 
4.93	 -0.781	 0	 -0.99	 -0.774863	 -0.000275914	 -0.97482	 -0.768252	 -0.000258622	 -0.959837	 -0.761582	 -0.000226662	 -0.944881	 -0.755328	 -0.000431345	 -0.929748	 -0.749222	 -0.000690937	 -0.914555	 1.52293	 1.52286	 1.52293	 1.52276	 1.52289	 
4.94	 -0.781	 0	 -0.99	 -0.774799	 9.63268e-005	 -0.974835	 -0.768257	 -0.000178565	 -0.959816	 -0.761655	 -0.00058205	 -0.944826	 -0.755362	 -0.000609127	 -0.9297	 -0.749206	 -0.000405363	 -0.914517	 1.52416	 1.52405	 1.5242	 1.52395	 1.52419	 
4.95	 -0.781	 0	 -0.99	 -0.774434	 0.000136194	 -0.974979	 -0.768207	 -0.000208776	 -0.959819	 -0.762004	 -0.00060048	 -0.944649	 -0.755519	 -0.000582202	 -0.929594	 -0.748961	 -0.000436274	 -0.914571	 1.52557	 1.52548	 1.52555	 1.52532	 1.52545	 
4.96	 -0.781	 0	 -0.99	 -0.774362	 -0.000245454	 -0.975002	 -0.768178	 -0.000284623	 -0.959811	 -0.762101	 -0.000255369	 -0.944575	 -0.755603	 -0.000433118	 -0.929517	 -0.748895	 -0.000732418	 -0.914552	 1.52695	 1.52683	 1.52698	 1.52667	 1.52692	 
4.97	 -0.781	 0	 -0.99	 -0.774691	 -0.000442979	 -0.974857	 -0.768245	 -0.000299681	 -0.959766	 -0.761826	 -9.0103e-005	 -0.944664	 -0.755502	 -0.00038537	 -0.929525	 -0.749156	 -0.000847997	 -0.914399	 1.52821	 1.5281	 1.52819	 1.5279	 1.5281	 
4.98	 -0.781	 0	 -0.99	 -0.774903	 -0.000128551	 -0.974756	 -0.76833	 -0.000251192	 -0.959712	 -0.76163	 -0.000367308	 -0.944724	 -0.755382	 -0.000489019	 -0.929543	 -0.749379	 -0.000621374	 -0.914262	 1.52931	 1.52918	 1.52934	 1.52902	 1.5293	 
4.99	 -0.781	 0	 -0.99	 -0.774696	 0.000192608	 -0.974833	 -0.768303	 -0.000195437	 -0.959708	 -0.761833	 -0.000648395	 -0.944617	 -0.755476	 -0.000600438	 -0.929472	 -0.749241	 -0.000387737	 -0.914277	 1.53049	 1.53037	 1.53049	 1.5302	 1.53048	 
5	 -0.781	 0	 -0.99	 -0.774405	 9.90156e-006	 -0.974947	 -0.768205	 -0.000200008	 -0.959729	 -0.762131	 -0.000491293	 -0.94446	 -0.755664	 -0.000562929	 -0.929353	 -0.748972	 -0.000491078	 -0.914342	 1.53178	 1.53168	 1.53186	 1.53156	 1.53189	 
5.01	 -0.781	 0	 -0.99	 -0.774461	 -0.000366716	 -0.974914	 -0.768214	 -0.000274472	 -0.959701	 -0.762083	 -0.00014126	 -0.944439	 -0.75565	 -0.00040222	 -0.929306	 -0.749016	 -0.000780956	 -0.914261	 1.53362	 1.53352	 1.53368	 1.53345	 1.53376	 
5.02	 -0.781	 0	 -0.99	 -0.774775	 -0.000347529	 -0.974764	 -0.768321	 -0.000310231	 -0.959621	 -0.76177	 -0.000133882	 -0.944519	 -0.755458	 -0.000349252	 -0.929317	 -0.749314	 -0.000815087	 -0.91405	 1.53596	 1.53587	 1.53608	 1.53583	 1.53619	 
5.03	 -0.781	 0	 -0.99	 -0.774887	 7.28072e-006	 -0.974693	 -0.76834	 -0.000228203	 -0.959568	 -0.761658	 -0.000469235	 -0.944502	 -0.755399	 -0.000514451	 -0.929254	 -0.749387	 -0.000524213	 -0.913906	 1.53911	 1.53903	 1.5392	 1.53902	 1.53932	 
5.04	 -0.781	 0	 -0.99	 -0.774622	 0.000155943	 -0.974775	 -0.768241	 -0.000152509	 -0.959554	 -0.761909	 -0.000636986	 -0.944316	 -0.755545	 -0.000647788	 -0.929085	 -0.749112	 -0.000350327	 -0.913883	 1.5429	 1.54282	 1.543	 1.5428	 1.54315	 
5.05	 -0.781	 0	 -0.99	 -0.774355	 -9.44325e-005	 -0.974857	 -0.768181	 -0.000226247	 -0.959517	 -0.76213	 -0.000399277	 -0.944128	 -0.755626	 -0.00051998	 -0.928925	 -0.748889	 -0.000576588	 -0.913821	 1.54732	 1.54725	 1.54741	 1.54725	 1.5475	 
5.06	 -0.781	 0	 -0.99	 -0.774488	 -0.000377072	 -0.974769	 -0.768223	 -0.000333096	 -0.95943	 -0.761965	 -0.00011544	 -0.94409	 -0.755504	 -0.000337936	 -0.928835	 -0.749003	 -0.000860139	 -0.913602	 1.55222	 1.55215	 1.5523	 1.55212	 1.5524	 
5.07	 -0.781	 0	 -0.99	 -0.774828	 -0.00030474	 -0.97459	 -0.768268	 -0.000292288	 -0.959338	 -0.761627	 -0.000199489	 -0.944121	 -0.755343	 -0.00040585	 -0.928756	 -0.749221	 -0.000766758	 -0.913326	 1.5574	 1.55731	 1.55743	 1.55726	 1.55745	 
5.08	 -0.781	 0	 -0.99	 -0.774845	 3.26875e-005	 -0.974542	 -0.768244	 -0.00018387	 -0.959271	 -0.761586	 -0.000530988	 -0.944027	 -0.755315	 -0.000599466	 -0.928617	 -0.749184	 -0.000451976	 -0.91315	 1.56277	 1.56268	 1.56278	 1.56259	 1.56279	 
5.09	 -0.781	 0	 -0.99	 -0.774495	 0.000166868	 -0.974649	 -0.768175	 -0.000184099	 -0.959224	 -0.761866	 -0.000632512	 -0.943797	 -0.7554	 -0.00061135	 -0.928429	 -0.748899	 -0.000387772	 -0.913077	 1.56813	 1.56803	 1.56813	 1.5679	 1.56809	 
5.1	 -0.781	 0	 -0.99	 -0.774296	 -0.000122762	 -0.974695	 -0.76811	 -0.000262968	 -0.959175	 -0.762014	 -0.00035124	 -0.943618	 -0.755452	 -0.000460051	 -0.928253	 -0.748697	 -0.000640072	 -0.912972	 1.57351	 1.57341	 1.57352	 1.57328	 1.57346	 
5.11	 -0.781	 0	 -0.99	 -0.774517	 -0.000429457	 -0.974567	 -0.768117	 -0.000297159	 -0.959096	 -0.761786	 -8.54007e-005	 -0.943596	 -0.755348	 -0.000369344	 -0.928143	 -0.748798	 -0.000835914	 -0.91274	 1.57888	 1.57878	 1.57889	 1.57862	 1.57887	 
5.12	 -0.781	 0	 -0.99	 -0.7748	 -0.000284394	 -0.97441	 -0.768179	 -0.000271635	 -0.958993	 -0.76147	 -0.00021685	 -0.943613	 -0.755147	 -0.000421187	 -0.928073	 -0.749001	 -0.000723042	 -0.912462	 1.58426	 1.58415	 1.58428	 1.584	 1.58424	 
5.13	 -0.781	 0	 -0.99	 -0.774749	 9.81305e-005	 -0.974389	 -0.768171	 -0.000214319	 -0.958918	 -0.761457	 -0.000553105	 -0.943503	 -0.755082	 -0.000547715	 -0.927945	 -0.748939	 -0.000454688	 -0.91229	 1.58975	 1.58964	 1.58979	 1.58952	 1.58984	 
5.14	 -0.781	 0	 -0.99	 -0.774447	 0.000154616	 -0.974475	 -0.768051	 -0.000170443	 -0.958887	 -0.761706	 -0.00061718	 -0.943281	 -0.755201	 -0.000611623	 -0.927736	 -0.748605	 -0.00037394	 -0.912229	 1.59531	 1.59522	 1.59537	 1.59512	 1.59543	 
5.15	 -0.781	 0	 -0.99	 -0.774263	 -0.000158329	 -0.974512	 -0.76797	 -0.000220932	 -0.958839	 -0.761828	 -0.000332074	 -0.943104	 -0.755241	 -0.000495066	 -0.927553	 -0.748384	 -0.000602037	 -0.912117	 1.60107	 1.60098	 1.60116	 1.60094	 1.60128	 
5.16	 -0.781	 0	 -0.99	 -0.774413	 -0.000389623	 -0.974409	 -0.768009	 -0.000313995	 -0.958738	 -0.761612	 -8.71979e-005	 -0.943065	 -0.755066	 -0.000325365	 -0.927454	 -0.748488	 -0.000839022	 -0.911862	 1.60707	 1.60699	 1.60712	 1.60695	 1.60724	 
5.17	 -0.781	 0	 -0.99	 -0.774705	 -0.000275751	 -0.974242	 -0.768045	 -0.000287332	 -0.958634	 -0.761277	 -0.000190154	 -0.94307	 -0.754867	 -0.000368733	 -0.927359	 -0.748654	 -0.000736432	 -0.911569	 1.61332	 1.61323	 1.61339	 1.6132	 1.61348	 
5.18	 -0.781	 0	 -0.99	 -0.774727	 2.86853e-005	 -0.974184	 -0.767994	 -0.000173973	 -0.958559	 -0.761203	 -0.000495704	 -0.942961	 -0.754811	 -0.000558283	 -0.927193	 -0.748562	 -0.000422069	 -0.911367	 1.62004	 1.61997	 1.62007	 1.61992	 1.62011	 
5.19	 -0.781	 0	 -0.99	 -0.7744	 0.000174459	 -0.974267	 -0.767904	 -0.000157856	 -0.958494	 -0.761419	 -0.000614126	 -0.942718	 -0.754842	 -0.000589422	 -0.926975	 -0.748239	 -0.000323601	 -0.911244	 1.62723	 1.62715	 1.62729	 1.62708	 1.62731	 
5.2	 -0.781	 0	 -0.99	 -0.774149	 -4.65353e-005	 -0.974317	 -0.767815	 -0.000232341	 -0.958419	 -0.76156	 -0.000386113	 -0.942489	 -0.754846	 -0.000448351	 -0.926747	 -0.747956	 -0.000535777	 -0.911081	 1.63517	 1.63509	 1.63519	 1.63501	 1.63517	 
5.21	 -0.781	 0	 -0.99	 -0.774272	 -0.000380592	 -0.974206	 -0.76777	 -0.000273657	 -0.958314	 -0.761366	 -9.19113e-005	 -0.942381	 -0.754726	 -0.000343485	 -0.926548	 -0.74792	 -0.000759642	 -0.910788	 1.64387	 1.64377	 1.64393	 1.64369	 1.64398	 
5.22	 -0.781	 0	 -0.99	 -0.774538	 -0.000365896	 -0.974027	 -0.767793	 -0.000274205	 -0.958169	 -0.760999	 -0.000108314	 -0.942331	 -0.754467	 -0.000348956	 -0.926385	 -0.748043	 -0.000751873	 -0.910398	 1.65335	 1.65327	 1.65341	 1.65319	 1.65344	 
5.23	 -0.781	 0	 -0.99	 -0.774606	 -3.05123e-005	 -0.973924	 -0.767784	 -0.000233976	 -0.958026	 -0.760811	 -0.000407871	 -0.942193	 -0.754274	 -0.000459	 -0.926175	 -0.748011	 -0.000531451	 -0.910047	 1.66352	 1.66343	 1.66363	 1.6634	 1.66376	 
5.24	 -0.781	 0	 -0.99	 -0.7744	 0.000167958	 -0.973933	 -0.76766	 -0.000161423	 -0.957927	 -0.760908	 -0.000622266	 -0.941928	 -0.754274	 -0.000605911	 -0.925875	 -0.747677	 -0.000340591	 -0.909806	 1.67412	 1.67405	 1.67419	 1.67402	 1.67431	 
5.25	 -0.781	 0	 -0.99	 -0.774095	 4.39203e-005	 -0.973985	 -0.767531	 -0.00018004	 -0.957828	 -0.761081	 -0.000526276	 -0.941627	 -0.754287	 -0.000585661	 -0.925566	 -0.747292	 -0.00043706	 -0.909588	 1.68474	 1.68466	 1.68483	 1.68464	 1.68494	 
5.26	 -0.781	 0	 -0.99	 -0.774	 -0.000232676	 -0.973953	 -0.767484	 -0.000290307	 -0.957702	 -0.761037	 -0.000250215	 -0.941424	 -0.754162	 -0.000411758	 -0.925323	 -0.74713	 -0.000733176	 -0.909291	 1.69512	 1.69504	 1.69511	 1.69496	 1.69514	 
5.27	 -0.781	 0	 -0.99	 -0.774226	 -0.000418297	 -0.973791	 -0.767466	 -0.00032046	 -0.957572	 -0.760722	 -9.37807e-005	 -0.941348	 -0.753959	 -0.000358031	 -0.925133	 -0.747173	 -0.000868836	 -0.908932	 1.70476	 1.70465	 1.70475	 1.7045	 1.70473	 
5.28	 -0.781	 0	 -0.99	 -0.774458	 -0.000287146	 -0.973631	 -0.767462	 -0.000267262	 -0.957449	 -0.760401	 -0.00023493	 -0.941295	 -0.753743	 -0.000452484	 -0.924974	 -0.747234	 -0.000725799	 -0.908593	 1.71357	 1.71346	 1.71351	 1.71326	 1.71341	 
5.29	 -0.781	 0	 -0.99	 -0.774401	 5.38233e-005	 -0.973595	 -0.767432	 -0.000224568	 -0.957348	 -0.760329	 -0.000528957	 -0.941158	 -0.753603	 -0.000549012	 -0.924807	 -0.747114	 -0.00049079	 -0.908359	 1.72146	 1.72134	 1.72146	 1.72116	 1.72146	 
5.3	 -0.781	 0	 -0.99	 -0.774143	 0.000177946	 -0.973652	 -0.767308	 -0.000178984	 -0.957298	 -0.760478	 -0.000645509	 -0.940944	 -0.753626	 -0.000616613	 -0.924594	 -0.746767	 -0.000364183	 -0.908247	 1.7286	 1.7285	 1.7286	 1.72835	 1.72861	 
5.31	 -0.781	 0	 -0.99	 -0.773898	 -1.6266e-005	 -0.973708	 -0.767189	 -0.000190949	 -0.957252	 -0.760616	 -0.000469926	 -0.940742	 -0.753645	 -0.000559107	 -0.924395	 -0.746436	 -0.000478473	 -0.908149	 1.73522	 1.73511	 1.73527	 1.73504	 1.73536	 
5.32	 -0.781	 0	 -0.99	 -0.773862	 -0.000273847	 -0.97368	 -0.767164	 -0.000286276	 -0.957173	 -0.760531	 -0.000193873	 -0.940639	 -0.753507	 -0.000376057	 -0.924269	 -0.746339	 -0.000739099	 -0.907964	 1.74165	 1.74158	 1.74165	 1.74149	 1.74169	 
5.33	 -0.781	 0	 -0.99	 -0.774094	 -0.000403519	 -0.973538	 -0.767159	 -0.000306269	 -0.957084	 -0.760218	 -7.02264e-005	 -0.940633	 -0.753305	 -0.000320675	 -0.924172	 -0.746403	 -0.000831714	 -0.907711	 1.74799	 1.74789	 1.74801	 1.74779	 1.74803	 
5.34	 -0.781	 0	 -0.99	 -0.774309	 -0.000263235	 -0.9734	 -0.767148	 -0.000243266	 -0.956996	 -0.759919	 -0.000219404	 -0.940622	 -0.753106	 -0.000424252	 -0.924073	 -0.746444	 -0.000672225	 -0.907462	 1.7545	 1.75441	 1.75448	 1.75427	 1.75441	 
5.35	 -0.781	 0	 -0.99	 -0.774245	 6.19028e-005	 -0.973377	 -0.767115	 -0.000205354	 -0.956914	 -0.759853	 -0.000504699	 -0.940508	 -0.752965	 -0.00052131	 -0.923941	 -0.74631	 -0.000454352	 -0.907276	 1.76119	 1.76108	 1.76124	 1.76097	 1.76127	 
5.36	 -0.781	 0	 -0.99	 -0.773998	 0.000186323	 -0.97343	 -0.766995	 -0.000167213	 -0.956864	 -0.759985	 -0.000630209	 -0.940303	 -0.752972	 -0.000596228	 -0.923738	 -0.745964	 -0.000341062	 -0.907171	 1.7682	 1.76812	 1.76825	 1.76804	 1.76831	 
5.37	 -0.781	 0	 -0.99	 -0.773748	 1.3439e-005	 -0.973484	 -0.766865	 -0.000180235	 -0.956812	 -0.760108	 -0.000488462	 -0.94009	 -0.752973	 -0.000563242	 -0.923524	 -0.745612	 -0.000448733	 -0.907054	 1.77559	 1.7755	 1.77569	 1.77549	 1.77581	 
5.38	 -0.781	 0	 -0.99	 -0.773673	 -0.00023517	 -0.973462	 -0.766821	 -0.00027896	 -0.95672	 -0.760038	 -0.00023213	 -0.939949	 -0.752831	 -0.000395758	 -0.923359	 -0.745464	 -0.000710736	 -0.906839	 1.7835	 1.78343	 1.78352	 1.7834	 1.78359	 
5.39	 -0.781	 0	 -0.99	 -0.773866	 -0.000409655	 -0.973322	 -0.766793	 -0.000309146	 -0.956614	 -0.759741	 -7.77104e-005	 -0.939897	 -0.752625	 -0.000334269	 -0.923209	 -0.745468	 -0.000838888	 -0.906543	 1.79176	 1.79166	 1.7918	 1.79159	 1.79183	 
5.4	 -0.781	 0	 -0.99	 -0.774086	 -0.000330601	 -0.973167	 -0.766778	 -0.000267993	 -0.956498	 -0.759413	 -0.000169373	 -0.939854	 -0.752392	 -0.000405179	 -0.923065	 -0.745498	 -0.00074107	 -0.906224	 1.80034	 1.80025	 1.80034	 1.80013	 1.8003	 
5.41	 -0.781	 0	 -0.99	 -0.77409	 -2.34422e-005	 -0.9731	 -0.766751	 -0.000235088	 -0.956384	 -0.759262	 -0.000434187	 -0.939734	 -0.752202	 -0.000490391	 -0.922898	 -0.745402	 -0.000544372	 -0.905952	 1.809	 1.8089	 1.80907	 1.80881	 1.80913	 
5.42	 -0.781	 0	 -0.99	 -0.773912	 0.00015924	 -0.973114	 -0.766629	 -0.000170544	 -0.956314	 -0.759312	 -0.00062056	 -0.93953	 -0.752165	 -0.000608865	 -0.922669	 -0.745087	 -0.000369896	 -0.905779	 1.81757	 1.81749	 1.8176	 1.81741	 1.81767	 
5.43	 -0.781	 0	 -0.99	 -0.773633	 0.000110735	 -0.973175	 -0.766501	 -0.000166838	 -0.956251	 -0.759448	 -0.000587945	 -0.939296	 -0.752151	 -0.00061521	 -0.922441	 -0.744715	 -0.000393533	 -0.905647	 1.82572	 1.82563	 1.82576	 1.82555	 1.82582	 
5.44	 -0.781	 0	 -0.99	 -0.773453	 -8.99208e-005	 -0.9732	 -0.766429	 -0.000254486	 -0.956176	 -0.759479	 -0.000378635	 -0.939121	 -0.752061	 -0.000473122	 -0.922265	 -0.744471	 -0.000617215	 -0.905485	 1.8333	 1.8332	 1.83324	 1.83306	 1.83319	 
5.45	 -0.781	 0	 -0.99	 -0.773543	 -0.000362173	 -0.973116	 -0.766367	 -0.000290913	 -0.956107	 -0.759289	 -0.000145561	 -0.939058	 -0.751925	 -0.000395193	 -0.922132	 -0.744387	 -0.000803347	 -0.905286	 1.83993	 1.8398	 1.8399	 1.83962	 1.83987	 
5.46	 -0.781	 0	 -0.99	 -0.773743	 -0.000420653	 -0.97299	 -0.76637	 -0.000305518	 -0.956026	 -0.758982	 -9.447e-005	 -0.939068	 -0.751699	 -0.000369999	 -0.922068	 -0.744451	 -0.000847322	 -0.905056	 1.84557	 1.84545	 1.84554	 1.84528	 1.84551	 
5.47	 -0.781	 0	 -0.99	 -0.773888	 -0.000219431	 -0.972891	 -0.766376	 -0.000291496	 -0.955954	 -0.758731	 -0.000263479	 -0.939076	 -0.751491	 -0.00041192	 -0.922022	 -0.74449	 -0.000720359	 -0.904868	 1.85025	 1.85015	 1.85028	 1.85002	 1.85032	 
5.48	 -0.781	 0	 -0.99	 -0.773885	 7.66214e-006	 -0.972863	 -0.766305	 -0.000198596	 -0.955928	 -0.758658	 -0.000498242	 -0.939025	 -0.751424	 -0.00056556	 -0.92194	 -0.744345	 -0.000473761	 -0.904789	 1.85421	 1.85413	 1.85418	 1.85399	 1.85416	 
5.49	 -0.781	 0	 -0.99	 -0.773653	 0.000171902	 -0.972939	 -0.766231	 -0.000170995	 -0.955913	 -0.758779	 -0.000637679	 -0.938903	 -0.751404	 -0.000613738	 -0.921855	 -0.744082	 -0.000349754	 -0.904785	 1.85748	 1.85737	 1.85747	 1.8572	 1.85742	 
5.5	 -0.781	 0	 -0.99	 -0.773395	 0.000114386	 -0.973032	 -0.766138	 -0.000199897	 -0.955915	 -0.758933	 -0.000563835	 -0.938776	 -0.751419	 -0.000553317	 -0.92177	 -0.743789	 -0.000416321	 -0.904813	 1.86026	 1.86015	 1.86023	 1.85997	 1.86015	 
5.51	 -0.781	 0	 -0.99	 -0.773305	 -0.000162367	 -0.973055	 -0.766051	 -0.00022213	 -0.955917	 -0.758949	 -0.000319148	 -0.938715	 -0.751405	 -0.000473867	 -0.921704	 -0.743597	 -0.000584265	 -0.90481	 1.86267	 1.86255	 1.8627	 1.86244	 1.86275	 
5.52	 -0.781	 0	 -0.99	 -0.773375	 -0.000355907	 -0.97301	 -0.766057	 -0.000294206	 -0.955884	 -0.758786	 -0.000110422	 -0.938737	 -0.751248	 -0.000333611	 -0.921707	 -0.743611	 -0.000777598	 -0.904725	 1.86491	 1.86481	 1.8649	 1.86472	 1.86496	 
5.53	 -0.781	 0	 -0.99	 -0.773598	 -0.00038855	 -0.972898	 -0.766068	 -0.000301659	 -0.955848	 -0.758504	 -7.25138e-005	 -0.938814	 -0.75107	 -0.000308385	 -0.921725	 -0.743702	 -0.000801589	 -0.90461	 1.86699	 1.86689	 1.867	 1.86678	 1.86701	 
5.54	 -0.781	 0	 -0.99	 -0.773772	 -0.000238548	 -0.972807	 -0.766061	 -0.000234271	 -0.955823	 -0.758278	 -0.00023065	 -0.938872	 -0.750928	 -0.000417518	 -0.921732	 -0.743741	 -0.00063397	 -0.904521	 1.869	 1.86891	 1.86898	 1.86875	 1.86889	 
5.55	 -0.781	 0	 -0.99	 -0.773714	 5.43773e-005	 -0.972816	 -0.766044	 -0.000203345	 -0.955803	 -0.758242	 -0.000484206	 -0.93885	 -0.750828	 -0.000500932	 -0.921723	 -0.743651	 -0.00044974	 -0.904493	 1.87083	 1.87073	 1.87087	 1.87058	 1.87087	 
5.56	 -0.781	 0	 -0.99	 -0.773523	 0.000181577	 -0.972887	 -0.765948	 -0.000157943	 -0.955821	 -0.758363	 -0.000621938	 -0.938761	 -0.750861	 -0.000595819	 -0.92166	 -0.743387	 -0.000332056	 -0.904547	 1.8725	 1.87242	 1.87253	 1.87231	 1.87256	 
5.57	 -0.781	 0	 -0.99	 -0.773282	 9.04416e-005	 -0.972983	 -0.76586	 -0.000167861	 -0.955838	 -0.758527	 -0.00055687	 -0.938656	 -0.750899	 -0.000590514	 -0.921601	 -0.743109	 -0.000398889	 -0.904617	 1.87396	 1.87387	 1.874	 1.87378	 1.87404	 
5.58	 -0.781	 0	 -0.99	 -0.773151	 -0.000115576	 -0.973035	 -0.765824	 -0.000258064	 -0.955839	 -0.758575	 -0.00035048	 -0.938609	 -0.750857	 -0.000457212	 -0.921585	 -0.742964	 -0.000633265	 -0.904641	 1.8752	 1.87511	 1.87517	 1.87497	 1.87512	 
5.59	 -0.781	 0	 -0.99	 -0.773268	 -0.00037269	 -0.972979	 -0.765798	 -0.000289425	 -0.955839	 -0.758424	 -0.000134353	 -0.938657	 -0.75078	 -0.000393323	 -0.921597	 -0.742966	 -0.000811039	 -0.904615	 1.87596	 1.87583	 1.87595	 1.87567	 1.87593	 
5.6	 -0.781	 0	 -0.99	 -0.773474	 -0.000416793	 -0.972887	 -0.765835	 -0.000306354	 -0.95582	 -0.758171	 -9.22946e-005	 -0.938764	 -0.750612	 -0.000366362	 -0.921665	 -0.743099	 -0.000855011	 -0.904548	 1.87615	 1.87604	 1.87614	 1.87588	 1.87613	 
5.61	 -0.781	 0	 -0.99	 -0.773636	 -0.000227588	 -0.972816	 -0.765865	 -0.000288392	 -0.955812	 -0.757966	 -0.00025273	 -0.938866	 -0.750467	 -0.000410247	 -0.921741	 -0.743199	 -0.000727498	 -0.904517	 1.87573	 1.87562	 1.87575	 1.8755	 1.87578	 
5.62	 -0.781	 0	 -0.99	 -0.773654	 -5.27463e-006	 -0.972814	 -0.765827	 -0.000196506	 -0.955844	 -0.757928	 -0.000481885	 -0.938908	 -0.750451	 -0.000558628	 -0.92178	 -0.743134	 -0.000479332	 -0.904583	 1.87472	 1.87462	 1.87468	 1.87447	 1.87463	 
5.63	 -0.781	 0	 -0.99	 -0.773442	 0.00017688	 -0.97292	 -0.765785	 -0.000174194	 -0.955887	 -0.75808	 -0.000634543	 -0.938878	 -0.750478	 -0.000601837	 -0.921818	 -0.742957	 -0.000348206	 -0.904723	 1.87299	 1.87288	 1.87297	 1.87268	 1.87289	 
5.64	 -0.781	 0	 -0.99	 -0.773205	 0.000128497	 -0.973043	 -0.765714	 -0.000191264	 -0.955953	 -0.758279	 -0.000579068	 -0.938839	 -0.750564	 -0.000563635	 -0.921847	 -0.742735	 -0.000392578	 -0.904907	 1.87064	 1.87053	 1.87061	 1.87033	 1.87053	 
5.65	 -0.781	 0	 -0.99	 -0.773108	 -0.000134992	 -0.973109	 -0.765665	 -0.000217314	 -0.956016	 -0.758367	 -0.000347689	 -0.93886	 -0.750621	 -0.000488385	 -0.921903	 -0.742616	 -0.000562092	 -0.905065	 1.86774	 1.86762	 1.86776	 1.86749	 1.86779	 
5.66	 -0.781	 0	 -0.99	 -0.773178	 -0.000338416	 -0.973103	 -0.765703	 -0.000299155	 -0.956047	 -0.758277	 -0.000132912	 -0.93897	 -0.750544	 -0.00034537	 -0.922031	 -0.742704	 -0.00078107	 -0.905145	 1.86449	 1.86439	 1.86447	 1.86426	 1.86448	 
5.67	 -0.781	 0	 -0.99	 -0.773423	 -0.000407264	 -0.973019	 -0.765745	 -0.000305411	 -0.95608	 -0.758054	 -7.34084e-005	 -0.939147	 -0.750456	 -0.000328403	 -0.922175	 -0.742892	 -0.000829988	 -0.905191	 1.86088	 1.86076	 1.86087	 1.86062	 1.86083	 
5.68	 -0.781	 0	 -0.99	 -0.773623	 -0.000262926	 -0.972957	 -0.765787	 -0.000250974	 -0.956118	 -0.757876	 -0.000224504	 -0.939314	 -0.750383	 -0.000426175	 -0.922322	 -0.743057	 -0.000684204	 -0.905257	 1.85698	 1.85687	 1.85695	 1.85669	 1.85685	 
5.69	 -0.781	 0	 -0.99	 -0.773605	 3.58378e-005	 -0.972993	 -0.765813	 -0.000219294	 -0.956167	 -0.757887	 -0.000486199	 -0.939403	 -0.750366	 -0.00051235	 -0.922453	 -0.743089	 -0.000488739	 -0.905395	 1.8527	 1.85258	 1.85272	 1.85243	 1.85271	 
5.7	 -0.781	 0	 -0.99	 -0.77344	 0.000173044	 -0.9731	 -0.76576	 -0.000162498	 -0.956258	 -0.758076	 -0.000632443	 -0.93942	 -0.750493	 -0.000612907	 -0.922531	 -0.742938	 -0.000341328	 -0.90563	 1.84802	 1.84792	 1.84803	 1.84778	 1.84803	 
5.71	 -0.781	 0	 -0.99	 -0.773205	 9.41506e-005	 -0.973244	 -0.76572	 -0.00017342	 -0.95635	 -0.75832	 -0.000562683	 -0.93942	 -0.750622	 -0.000588452	 -0.922621	 -0.742772	 -0.000396691	 -0.905891	 1.84286	 1.84275	 1.84287	 1.84262	 1.84285	 
5.72	 -0.781	 0	 -0.99	 -0.773102	 -0.000127203	 -0.973334	 -0.765727	 -0.000257496	 -0.95643	 -0.758437	 -0.000332458	 -0.939489	 -0.750681	 -0.000440825	 -0.922759	 -0.742743	 -0.000625956	 -0.906113	 1.83721	 1.8371	 1.83716	 1.83692	 1.83707	 
5.73	 -0.781	 0	 -0.99	 -0.773265	 -0.000387805	 -0.973307	 -0.765757	 -0.000285504	 -0.956508	 -0.75834	 -0.00010471	 -0.939667	 -0.750689	 -0.000365524	 -0.922936	 -0.742881	 -0.00079705	 -0.906278	 1.83093	 1.8308	 1.83091	 1.8306	 1.83084	 
5.74	 -0.781	 0	 -0.99	 -0.773515	 -0.000401196	 -0.973243	 -0.765849	 -0.000296381	 -0.956564	 -0.758142	 -8.84689e-005	 -0.939905	 -0.750607	 -0.000347318	 -0.92317	 -0.743152	 -0.00081484	 -0.906402	 1.82408	 1.82396	 1.82406	 1.82377	 1.82401	 
5.75	 -0.781	 0	 -0.99	 -0.773685	 -0.000165263	 -0.973217	 -0.765925	 -0.000267578	 -0.956634	 -0.758029	 -0.000297064	 -0.940115	 -0.750571	 -0.000418781	 -0.923396	 -0.743362	 -0.000651414	 -0.906568	 1.81678	 1.81667	 1.8168	 1.81653	 1.81681	 
5.76	 -0.781	 0	 -0.99	 -0.773663	 7.14297e-005	 -0.97328	 -0.765924	 -0.000176927	 -0.956745	 -0.758128	 -0.000544492	 -0.940238	 -0.750684	 -0.000579903	 -0.923566	 -0.743371	 -0.000405806	 -0.906837	 1.8092	 1.8091	 1.80919	 1.80896	 1.80916	 
5.77	 -0.781	 0	 -0.99	 -0.77342	 0.000180059	 -0.973446	 -0.765913	 -0.000166768	 -0.956862	 -0.758409	 -0.000639433	 -0.94028	 -0.750841	 -0.00061208	 -0.923722	 -0.743263	 -0.000339879	 -0.907169	 1.80136	 1.80124	 1.80136	 1.80108	 1.80129	 
5.78	 -0.781	 0	 -0.99	 -0.773221	 2.77045e-005	 -0.973596	 -0.765902	 -0.000218816	 -0.956984	 -0.758665	 -0.000483521	 -0.940336	 -0.751009	 -0.000520184	 -0.923877	 -0.74318	 -0.000495902	 -0.907497	 1.79336	 1.79325	 1.79334	 1.79307	 1.79324	 
5.79	 -0.781	 0	 -0.99	 -0.77327	 -0.000291719	 -0.973635	 -0.765924	 -0.000257243	 -0.957092	 -0.75871	 -0.000200785	 -0.94049	 -0.751108	 -0.000422174	 -0.924066	 -0.743271	 -0.000715399	 -0.907752	 1.7852	 1.78508	 1.78522	 1.78493	 1.78522	 
5.8	 -0.781	 0	 -0.99	 -0.7735	 -0.000417026	 -0.973591	 -0.766036	 -0.00030608	 -0.957161	 -0.758565	 -6.49445e-005	 -0.940735	 -0.751068	 -0.000328578	 -0.924323	 -0.743577	 -0.000845496	 -0.907912	 1.77691	 1.7768	 1.77692	 1.77667	 1.77694	 
5.81	 -0.781	 0	 -0.99	 -0.773762	 -0.00026666	 -0.973531	 -0.766139	 -0.000281182	 -0.957235	 -0.758406	 -0.000191265	 -0.940991	 -0.751046	 -0.000370183	 -0.924576	 -0.74389	 -0.000733613	 -0.908073	 1.76847	 1.76836	 1.7685	 1.76825	 1.76851	 
5.82	 -0.781	 0	 -0.99	 -0.77383	 -2.08575e-007	 -0.97356	 -0.766176	 -0.000181356	 -0.957342	 -0.758447	 -0.000458282	 -0.941161	 -0.751147	 -0.000535201	 -0.92478	 -0.744015	 -0.000459134	 -0.908325	 1.75992	 1.75982	 1.7599	 1.75967	 1.75984	 
5.83	 -0.781	 0	 -0.99	 -0.773615	 0.000194062	 -0.973721	 -0.766191	 -0.000155967	 -0.957463	 -0.758733	 -0.000626821	 -0.941223	 -0.751323	 -0.000592362	 -0.924956	 -0.743965	 -0.000322625	 -0.908667	 1.75109	 1.75096	 1.75107	 1.75078	 1.75099	 
5.84	 -0.781	 0	 -0.99	 -0.773387	 7.96566e-005	 -0.973892	 -0.766182	 -0.000195975	 -0.9576	 -0.759051	 -0.000514582	 -0.941276	 -0.751543	 -0.000526663	 -0.92512	 -0.743879	 -0.00043378	 -0.909037	 1.74194	 1.74182	 1.74192	 1.74162	 1.74181	 
5.85	 -0.781	 0	 -0.99	 -0.773399	 -0.000259401	 -0.973958	 -0.766209	 -0.000246658	 -0.957726	 -0.759156	 -0.000223558	 -0.941433	 -0.751688	 -0.000425397	 -0.92533	 -0.743972	 -0.000673856	 -0.909342	 1.73237	 1.73225	 1.73239	 1.73207	 1.73237	 
5.86	 -0.781	 0	 -0.99	 -0.773636	 -0.000421349	 -0.973924	 -0.766332	 -0.00031085	 -0.957816	 -0.759028	 -6.88348e-005	 -0.941709	 -0.751675	 -0.000330197	 -0.925626	 -0.744315	 -0.000843127	 -0.909551	 1.72229	 1.72217	 1.72228	 1.722	 1.72226	 
5.87	 -0.781	 0	 -0.99	 -0.773921	 -0.000269021	 -0.97387	 -0.766453	 -0.000295544	 -0.957915	 -0.758871	 -0.000213793	 -0.942014	 -0.751668	 -0.000388834	 -0.925939	 -0.744677	 -0.000747486	 -0.909773	 1.71155	 1.71142	 1.71156	 1.71127	 1.71154	 
5.88	 -0.781	 0	 -0.99	 -0.773983	 1.69364e-005	 -0.973923	 -0.766503	 -0.000197482	 -0.958058	 -0.75895	 -0.00051149	 -0.942228	 -0.751808	 -0.000578174	 -0.926208	 -0.744827	 -0.000475452	 -0.910116	 1.70016	 1.70004	 1.70011	 1.69986	 1.70004	 
5.89	 -0.781	 0	 -0.99	 -0.773743	 0.000178967	 -0.974118	 -0.766523	 -0.000172168	 -0.958224	 -0.759299	 -0.000658637	 -0.942333	 -0.752044	 -0.000641721	 -0.926452	 -0.74479	 -0.000368339	 -0.910571	 1.68801	 1.68788	 1.68798	 1.68767	 1.68788	 
5.9	 -0.781	 0	 -0.99	 -0.77353	 5.01161e-006	 -0.974309	 -0.766542	 -0.000232471	 -0.958399	 -0.759637	 -0.000478562	 -0.942454	 -0.752294	 -0.000532013	 -0.926705	 -0.744775	 -0.000545204	 -0.911039	 1.67533	 1.6752	 1.67527	 1.67498	 1.67513	 
5.91	 -0.781	 0	 -0.99	 -0.773646	 -0.000345949	 -0.974352	 -0.766614	 -0.000282869	 -0.958555	 -0.759695	 -0.000159207	 -0.942707	 -0.752449	 -0.000403903	 -0.927009	 -0.745003	 -0.000787769	 -0.911406	 1.66231	 1.66218	 1.66232	 1.66198	 1.66225	 
5.92	 -0.781	 0	 -0.99	 -0.773976	 -0.00041274	 -0.974296	 -0.766773	 -0.000298383	 -0.95867	 -0.759537	 -8.65125e-005	 -0.943059	 -0.752463	 -0.000355207	 -0.927377	 -0.745458	 -0.00083022	 -0.911666	 1.64936	 1.64924	 1.64937	 1.64907	 1.64931	 
5.93	 -0.781	 0	 -0.99	 -0.774185	 -0.00010441	 -0.974289	 -0.766913	 -0.000249914	 -0.958786	 -0.759493	 -0.000349241	 -0.943351	 -0.752524	 -0.000442351	 -0.92771	 -0.745822	 -0.000597904	 -0.91195	 1.63683	 1.63672	 1.6369	 1.63661	 1.63693	 
5.94	 -0.781	 0	 -0.99	 -0.774076	 0.000166902	 -0.974422	 -0.766939	 -0.000158916	 -0.958944	 -0.759767	 -0.000608573	 -0.943484	 -0.75278	 -0.000589995	 -0.927934	 -0.745871	 -0.000333818	 -0.912351	 1.62508	 1.62498	 1.62512	 1.6249	 1.62517	 
5.95	 -0.781	 0	 -0.99	 -0.773805	 8.0165e-005	 -0.974624	 -0.766939	 -0.00016092	 -0.9591	 -0.760176	 -0.000530778	 -0.943532	 -0.753084	 -0.000568443	 -0.928109	 -0.745803	 -0.000381855	 -0.912773	 1.6142	 1.61411	 1.6143	 1.61406	 1.61436	 
5.96	 -0.781	 0	 -0.99	 -0.773773	 -0.000241561	 -0.974712	 -0.767016	 -0.00026718	 -0.95921	 -0.760339	 -0.000208115	 -0.943672	 -0.753236	 -0.000375058	 -0.928326	 -0.745961	 -0.000690229	 -0.913062	 1.60431	 1.60424	 1.60437	 1.60418	 1.60439	 
5.97	 -0.781	 0	 -0.99	 -0.774103	 -0.000406799	 -0.97463	 -0.767147	 -0.000307604	 -0.959282	 -0.760171	 -5.67253e-005	 -0.943944	 -0.753254	 -0.000301773	 -0.928581	 -0.746371	 -0.000827187	 -0.913208	 1.59515	 1.59505	 1.59523	 1.59497	 1.59524	 
5.98	 -0.781	 0	 -0.99	 -0.774391	 -0.000182774	 -0.974562	 -0.767261	 -0.000228555	 -0.959356	 -0.760045	 -0.000290106	 -0.944192	 -0.753294	 -0.000449887	 -0.928816	 -0.746731	 -0.000606345	 -0.913359	 1.5865	 1.5864	 1.58649	 1.58627	 1.58643	 
5.99	 -0.781	 0	 -0.99	 -0.774266	 0.000156025	 -0.974678	 -0.767311	 -0.000164565	 -0.959458	 -0.760288	 -0.000603569	 -0.944271	 -0.753477	 -0.00059089	 -0.928984	 -0.746792	 -0.000351492	 -0.913642	 1.57785	 1.57772	 1.57786	 1.57755	 1.5778	 
6	 -0.781	 0	 -0.99	 -0.773965	 0.00011414	 -0.974879	 -0.767308	 -0.00019414	 -0.95959	 -0.760707	 -0.000553284	 -0.944278	 -0.753765	 -0.000547423	 -0.929116	 -0.746696	 -0.000415256	 -0.914011	 1.56884	 1.56872	 1.5688	 1.56851	 1.56868	 
6.01	 -0.781	 0	 -0.99	 -0.773974	 -0.000275341	 -0.974947	 -0.767352	 -0.000261792	 -0.95971	 -0.760853	 -0.000199467	 -0.94442	 -0.753954	 -0.000398247	 -0.929309	 -0.746826	 -0.000701318	 -0.914306	 1.5591	 1.55897	 1.55911	 1.55876	 1.55903	 
6.02	 -0.781	 0	 -0.99	 -0.774322	 -0.000424425	 -0.974868	 -0.767502	 -0.000286804	 -0.959796	 -0.760671	 -5.83125e-005	 -0.94473	 -0.753957	 -0.000332045	 -0.929613	 -0.747274	 -0.000806339	 -0.914487	 1.54855	 1.54842	 1.5485	 1.54818	 1.5484	 
6.03	 -0.781	 0	 -0.99	 -0.774556	 -9.4266e-005	 -0.974843	 -0.767648	 -0.000231167	 -0.959893	 -0.760594	 -0.000342179	 -0.94501	 -0.753993	 -0.000435799	 -0.929924	 -0.747658	 -0.00056519	 -0.914721	 1.5372	 1.53705	 1.53719	 1.53683	 1.53714	 
6.04	 -0.781	 0	 -0.99	 -0.774387	 0.000203078	 -0.975001	 -0.767671	 -0.000154039	 -0.960052	 -0.760917	 -0.000614158	 -0.945123	 -0.754263	 -0.000570807	 -0.930144	 -0.747677	 -0.00031456	 -0.915134	 1.52545	 1.52532	 1.52543	 1.52512	 1.52537	 
6.05	 -0.781	 0	 -0.99	 -0.774125	 5.44635e-006	 -0.975203	 -0.767662	 -0.000171814	 -0.960224	 -0.761334	 -0.000441487	 -0.945187	 -0.754595	 -0.000515877	 -0.93033	 -0.747611	 -0.000437093	 -0.915584	 1.51372	 1.5136	 1.51379	 1.51347	 1.5138	 
6.06	 -0.781	 0	 -0.99	 -0.774241	 -0.000365832	 -0.975234	 -0.767772	 -0.000271114	 -0.960335	 -0.761378	 -9.03393e-005	 -0.945404	 -0.754709	 -0.000329526	 -0.930597	 -0.747896	 -0.000749911	 -0.915856	 1.5027	 1.50261	 1.50276	 1.50252	 1.50279	 
6.07	 -0.781	 0	 -0.99	 -0.774627	 -0.000315202	 -0.975133	 -0.767948	 -0.000288777	 -0.960399	 -0.76116	 -0.000128282	 -0.945714	 -0.754681	 -0.000317719	 -0.930893	 -0.748396	 -0.000740966	 -0.91599	 1.49276	 1.49266	 1.49287	 1.49261	 1.49296	 
6.08	 -0.781	 0	 -0.99	 -0.774717	 6.81506e-005	 -0.975153	 -0.768021	 -0.000185813	 -0.96049	 -0.761226	 -0.000500049	 -0.945872	 -0.754818	 -0.000519641	 -0.931079	 -0.748602	 -0.000412608	 -0.916203	 1.48428	 1.48419	 1.48436	 1.48417	 1.48444	 
6.09	 -0.781	 0	 -0.99	 -0.774407	 0.000147931	 -0.97534	 -0.767991	 -0.000142413	 -0.960604	 -0.761653	 -0.00059122	 -0.945836	 -0.755126	 -0.000597869	 -0.931146	 -0.748469	 -0.000322761	 -0.916515	 1.47716	 1.47707	 1.4773	 1.47707	 1.47741	 
6.1	 -0.781	 0	 -0.99	 -0.774273	 -0.000209283	 -0.975444	 -0.768025	 -0.000243841	 -0.960674	 -0.761889	 -0.000248976	 -0.945856	 -0.755306	 -0.000412973	 -0.931234	 -0.748507	 -0.000640526	 -0.91671	 1.47136	 1.4713	 1.47146	 1.47128	 1.47153	 
6.11	 -0.781	 0	 -0.99	 -0.774605	 -0.000400037	 -0.975333	 -0.768163	 -0.000315858	 -0.960683	 -0.761677	 -6.1708e-005	 -0.946052	 -0.755258	 -0.000292454	 -0.931393	 -0.748909	 -0.000826119	 -0.916709	 1.4665	 1.46642	 1.46662	 1.46638	 1.46671	 
6.12	 -0.781	 0	 -0.99	 -0.774882	 -9.90036e-005	 -0.97524	 -0.768261	 -0.00023026	 -0.9607	 -0.761528	 -0.000357957	 -0.94621	 -0.755261	 -0.000457382	 -0.931514	 -0.74922	 -0.000555758	 -0.916722	 1.46235	 1.46226	 1.4624	 1.46221	 1.46245	 
6.13	 -0.781	 0	 -0.99	 -0.774658	 0.000173422	 -0.975363	 -0.768241	 -0.000142428	 -0.960761	 -0.761839	 -0.000627279	 -0.946157	 -0.755484	 -0.000619094	 -0.931525	 -0.74912	 -0.000305598	 -0.916899	 1.45857	 1.45847	 1.45864	 1.4584	 1.4587	 
6.14	 -0.781	 0	 -0.99	 -0.774366	 -5.86889e-005	 -0.975518	 -0.768225	 -0.000212162	 -0.96082	 -0.762194	 -0.000396547	 -0.946077	 -0.755703	 -0.000487892	 -0.931531	 -0.748997	 -0.000520922	 -0.917082	 1.45503	 1.45494	 1.45507	 1.45485	 1.45508	 
6.15	 -0.781	 0	 -0.99	 -0.774569	 -0.000389571	 -0.975456	 -0.76832	 -0.000311382	 -0.960828	 -0.762085	 -6.93981e-005	 -0.946196	 -0.755698	 -0.000297959	 -0.93163	 -0.749271	 -0.000819727	 -0.917088	 1.4516	 1.4515	 1.45166	 1.45141	 1.45169	 
6.16	 -0.781	 0	 -0.99	 -0.77495	 -0.000230952	 -0.975314	 -0.768438	 -0.000256939	 -0.960825	 -0.761826	 -0.00022503	 -0.946382	 -0.755641	 -0.000389911	 -0.931753	 -0.749658	 -0.000665043	 -0.91704	 1.44824	 1.44814	 1.44826	 1.44804	 1.44827	 
6.17	 -0.781	 0	 -0.99	 -0.774864	 0.000139981	 -0.975372	 -0.768452	 -0.000145373	 -0.960866	 -0.762006	 -0.000583683	 -0.946378	 -0.755795	 -0.000592265	 -0.931782	 -0.74967	 -0.000330014	 -0.917151	 1.44493	 1.44482	 1.44495	 1.44471	 1.44497	 
6.18	 -0.781	 0	 -0.99	 -0.774504	 5.80052e-005	 -0.975552	 -0.768421	 -0.000178532	 -0.960927	 -0.762427	 -0.000495957	 -0.946267	 -0.756048	 -0.000532134	 -0.931768	 -0.74949	 -0.00041462	 -0.917347	 1.44162	 1.44152	 1.44165	 1.44141	 1.44164	 
6.19	 -0.781	 0	 -0.99	 -0.774568	 -0.000331706	 -0.97555	 -0.768483	 -0.000292392	 -0.960947	 -0.762451	 -0.000114263	 -0.946322	 -0.75611	 -0.000314345	 -0.93183	 -0.74965	 -0.000757981	 -0.917395	 1.43843	 1.43834	 1.43848	 1.43823	 1.43848	 
6.2	 -0.781	 0	 -0.99	 -0.774983	 -0.000319636	 -0.975393	 -0.768607	 -0.000275409	 -0.960936	 -0.762153	 -0.000130969	 -0.946514	 -0.756029	 -0.000333928	 -0.931951	 -0.750061	 -0.000726511	 -0.917325	 1.43545	 1.43534	 1.43548	 1.43524	 1.43548	 
6.21	 -0.781	 0	 -0.99	 -0.775024	 7.66637e-005	 -0.975391	 -0.768643	 -0.000157697	 -0.960956	 -0.762196	 -0.000514599	 -0.946553	 -0.756107	 -0.000550381	 -0.931992	 -0.750165	 -0.000373208	 -0.91737	 1.43291	 1.4328	 1.43293	 1.43271	 1.43295	 
6.22	 -0.781	 0	 -0.99	 -0.774649	 0.000128512	 -0.975564	 -0.768597	 -0.000157734	 -0.961004	 -0.76261	 -0.000559574	 -0.946418	 -0.756344	 -0.000563367	 -0.931945	 -0.749951	 -0.000349319	 -0.917529	 1.43096	 1.43087	 1.43103	 1.4308	 1.43105	 
6.23	 -0.781	 0	 -0.99	 -0.774585	 -0.000263674	 -0.975602	 -0.768617	 -0.000278033	 -0.961011	 -0.762727	 -0.000185236	 -0.946387	 -0.756436	 -0.000353178	 -0.931934	 -0.74998	 -0.00070191	 -0.917555	 1.42995	 1.42987	 1.43002	 1.42982	 1.43005	 
6.24	 -0.781	 0	 -0.99	 -0.774979	 -0.000377349	 -0.975435	 -0.768724	 -0.000299589	 -0.960965	 -0.762417	 -9.08762e-005	 -0.946517	 -0.75633	 -0.000316459	 -0.931978	 -0.750345	 -0.000782714	 -0.9174	 1.42996	 1.42987	 1.43004	 1.42983	 1.4301	 
6.25	 -0.781	 0	 -0.99	 -0.775125	 -4.25117e-006	 -0.975362	 -0.768769	 -0.000188113	 -0.960929	 -0.762329	 -0.000457132	 -0.946533	 -0.756321	 -0.00052741	 -0.931951	 -0.750496	 -0.000451015	 -0.917293	 1.43111	 1.43103	 1.43117	 1.431	 1.43123	 
6.26	 -0.781	 0	 -0.99	 -0.774772	 0.000164212	 -0.975495	 -0.768709	 -0.000154119	 -0.960923	 -0.762685	 -0.000610693	 -0.946338	 -0.756506	 -0.000600746	 -0.931811	 -0.750256	 -0.000331535	 -0.917316	 1.43326	 1.43317	 1.43335	 1.43314	 1.43341	 
6.27	 -0.781	 0	 -0.99	 -0.774588	 -0.00018227	 -0.975553	 -0.768682	 -0.000261546	 -0.960892	 -0.76287	 -0.000274564	 -0.946192	 -0.756603	 -0.000410459	 -0.931682	 -0.750143	 -0.00065284	 -0.917257	 1.43634	 1.43626	 1.4364	 1.43622	 1.43643	 
6.28	 -0.781	 0	 -0.99	 -0.77492	 -0.000408603	 -0.975389	 -0.768757	 -0.000313001	 -0.960807	 -0.762577	 -7.09242e-005	 -0.946233	 -0.756476	 -0.00031541	 -0.931627	 -0.750413	 -0.00083122	 -0.917011	 1.44008	 1.43998	 1.44016	 1.43993	 1.44021	 
6.29	 -0.781	 0	 -0.99	 -0.775164	 -0.000105164	 -0.975253	 -0.768808	 -0.000218861	 -0.960723	 -0.762359	 -0.000373423	 -0.946235	 -0.756379	 -0.000492872	 -0.931547	 -0.750599	 -0.000552263	 -0.916777	 1.44441	 1.44432	 1.44443	 1.44425	 1.44446	 
6.3	 -0.781	 0	 -0.99	 -0.774882	 0.000178303	 -0.975335	 -0.768751	 -0.000154411	 -0.960678	 -0.762617	 -0.000634591	 -0.946026	 -0.756492	 -0.00062042	 -0.931364	 -0.750377	 -0.000331162	 -0.916699	 1.44916	 1.44905	 1.44922	 1.44898	 1.44926	 
6.31	 -0.781	 0	 -0.99	 -0.774585	 -6.5163e-005	 -0.975424	 -0.768686	 -0.000233041	 -0.960632	 -0.762881	 -0.000388105	 -0.945803	 -0.756608	 -0.000473418	 -0.931166	 -0.75014	 -0.000565453	 -0.916613	 1.45441	 1.45433	 1.45444	 1.45425	 1.45444	 
6.32	 -0.781	 0	 -0.99	 -0.774799	 -0.000401277	 -0.975295	 -0.76872	 -0.000307844	 -0.960535	 -0.762672	 -7.35828e-005	 -0.945763	 -0.75651	 -0.000320578	 -0.93104	 -0.750287	 -0.000833082	 -0.916347	 1.46019	 1.4601	 1.46027	 1.46004	 1.46032	 
6.33	 -0.781	 0	 -0.99	 -0.775134	 -0.00023748	 -0.975109	 -0.768782	 -0.000246909	 -0.960417	 -0.762344	 -0.000241441	 -0.945761	 -0.756343	 -0.000426713	 -0.930924	 -0.750524	 -0.000665292	 -0.916014	 1.46674	 1.46666	 1.46677	 1.46659	 1.46678	 
6.34	 -0.781	 0	 -0.99	 -0.774995	 0.000142157	 -0.975111	 -0.768747	 -0.000162373	 -0.960324	 -0.762437	 -0.000594198	 -0.945566	 -0.756353	 -0.000595407	 -0.930709	 -0.75039	 -0.000360994	 -0.915803	 1.47415	 1.47404	 1.47422	 1.47399	 1.47428	 
6.35	 -0.781	 0	 -0.99	 -0.774618	 8.41315e-005	 -0.975208	 -0.768647	 -0.000196051	 -0.960247	 -0.762744	 -0.000524277	 -0.94526	 -0.756469	 -0.000537206	 -0.930422	 -0.750048	 -0.000436077	 -0.915646	 1.48256	 1.48249	 1.48262	 1.48243	 1.48264	 
6.36	 -0.781	 0	 -0.99	 -0.774626	 -0.000313525	 -0.975139	 -0.768609	 -0.000280783	 -0.960128	 -0.762687	 -0.000153174	 -0.945078	 -0.756424	 -0.000360662	 -0.93017	 -0.749981	 -0.000746926	 -0.915339	 1.49199	 1.49191	 1.4921	 1.49187	 1.49216	 
6.37	 -0.781	 0	 -0.99	 -0.774969	 -0.000381814	 -0.974925	 -0.768653	 -0.000276696	 -0.959963	 -0.762302	 -9.75877e-005	 -0.945016	 -0.756199	 -0.000350909	 -0.929968	 -0.750183	 -0.000772719	 -0.914887	 1.50239	 1.50231	 1.50244	 1.50225	 1.50247	 
6.38	 -0.781	 0	 -0.99	 -0.775051	 -7.26567e-006	 -0.974809	 -0.768655	 -0.000200335	 -0.959803	 -0.762138	 -0.000441042	 -0.944849	 -0.756049	 -0.000505547	 -0.929715	 -0.75019	 -0.000482368	 -0.914488	 1.51347	 1.51336	 1.51354	 1.5133	 1.5136	 
6.39	 -0.781	 0	 -0.99	 -0.774727	 0.000197234	 -0.97486	 -0.768546	 -0.000168875	 -0.959685	 -0.762358	 -0.000627083	 -0.944515	 -0.7561	 -0.000583637	 -0.929369	 -0.749843	 -0.000339284	 -0.914222	 1.52495	 1.52485	 1.52498	 1.52476	 1.525	 
6.4	 -0.781	 0	 -0.99	 -0.774482	 -9.376e-005	 -0.97488	 -0.768431	 -0.000222819	 -0.959568	 -0.762514	 -0.000371948	 -0.944203	 -0.756145	 -0.000482361	 -0.929022	 -0.749529	 -0.000557564	 -0.913943	 1.53643	 1.53633	 1.5365	 1.53624	 1.53655	 
6.41	 -0.781	 0	 -0.99	 -0.774642	 -0.000414667	 -0.974737	 -0.768431	 -0.000293196	 -0.959409	 -0.762278	 -8.37188e-005	 -0.944058	 -0.755976	 -0.000351912	 -0.92877	 -0.749571	 -0.000809709	 -0.913527	 1.54775	 1.54765	 1.54777	 1.54754	 1.5478	 
6.42	 -0.781	 0	 -0.99	 -0.774926	 -0.000281555	 -0.974541	 -0.768479	 -0.000287526	 -0.959233	 -0.761916	 -0.000198878	 -0.943973	 -0.755721	 -0.00038157	 -0.928563	 -0.749738	 -0.000731605	 -0.913069	 1.55866	 1.55855	 1.5587	 1.55844	 1.55877	 
6.43	 -0.781	 0	 -0.99	 -0.7749	 7.89559e-005	 -0.974474	 -0.768428	 -0.000203205	 -0.959103	 -0.761858	 -0.000537702	 -0.943774	 -0.755641	 -0.000548433	 -0.928295	 -0.749616	 -0.000437676	 -0.91274	 1.56929	 1.56919	 1.56931	 1.56909	 1.56936	 
6.44	 -0.781	 0	 -0.99	 -0.774571	 0.000144612	 -0.974534	 -0.768295	 -0.000160492	 -0.959008	 -0.762085	 -0.00061183	 -0.943458	 -0.755714	 -0.000615298	 -0.927968	 -0.749232	 -0.000351609	 -0.912524	 1.57971	 1.57962	 1.57977	 1.57955	 1.57986	 
6.45	 -0.781	 0	 -0.99	 -0.774361	 -0.000145145	 -0.974547	 -0.768213	 -0.000237151	 -0.958892	 -0.76218	 -0.000330973	 -0.943192	 -0.755689	 -0.000465838	 -0.927677	 -0.748978	 -0.000602255	 -0.912254	 1.59031	 1.59023	 1.59036	 1.59018	 1.59043	 
6.46	 -0.781	 0	 -0.99	 -0.774532	 -0.000392634	 -0.9744	 -0.768215	 -0.000316615	 -0.958735	 -0.761912	 -8.3218e-005	 -0.943064	 -0.755485	 -0.000316081	 -0.927445	 -0.749023	 -0.000829033	 -0.911845	 1.60133	 1.60125	 1.60141	 1.60121	 1.6015	 
6.47	 -0.781	 0	 -0.99	 -0.774818	 -0.000289021	 -0.9742	 -0.768218	 -0.000272042	 -0.958567	 -0.761542	 -0.000189256	 -0.942966	 -0.755249	 -0.000384899	 -0.927209	 -0.749119	 -0.000709833	 -0.911388	 1.61307	 1.613	 1.61313	 1.61297	 1.61319	 
6.48	 -0.781	 0	 -0.99	 -0.774786	 4.25623e-005	 -0.97412	 -0.76816	 -0.000181798	 -0.95841	 -0.761449	 -0.000503115	 -0.942737	 -0.755119	 -0.000547444	 -0.926904	 -0.748964	 -0.000418427	 -0.911001	 1.62568	 1.6256	 1.62576	 1.62557	 1.62583	 
6.49	 -0.781	 0	 -0.99	 -0.774451	 0.000185478	 -0.974161	 -0.768037	 -0.00016933	 -0.958269	 -0.761625	 -0.000618788	 -0.942379	 -0.755104	 -0.000578327	 -0.926528	 -0.748567	 -0.000333689	 -0.910683	 1.63917	 1.6391	 1.63924	 1.63906	 1.63929	 
6.5	 -0.781	 0	 -0.99	 -0.774216	 -6.05787e-005	 -0.974157	 -0.767905	 -0.00021902	 -0.958121	 -0.761713	 -0.000390572	 -0.942037	 -0.755075	 -0.000478062	 -0.926133	 -0.748209	 -0.000532954	 -0.910324	 1.65342	 1.65334	 1.65351	 1.6533	 1.65358	 
6.51	 -0.781	 0	 -0.99	 -0.774301	 -0.000375869	 -0.974019	 -0.767852	 -0.000276679	 -0.957933	 -0.761491	 -0.000108988	 -0.94181	 -0.754882	 -0.00036411	 -0.925791	 -0.748118	 -0.000775892	 -0.909837	 1.66823	 1.66815	 1.6683	 1.6681	 1.66839	 
6.52	 -0.781	 0	 -0.99	 -0.774541	 -0.000364456	 -0.973814	 -0.767859	 -0.000301297	 -0.957716	 -0.761102	 -0.000115043	 -0.941649	 -0.754574	 -0.000344599	 -0.925489	 -0.748182	 -0.000803875	 -0.909278	 1.68324	 1.68315	 1.68331	 1.6831	 1.68342	 
6.53	 -0.781	 0	 -0.99	 -0.774643	 -8.67455e-005	 -0.973664	 -0.767809	 -0.000242812	 -0.957524	 -0.760858	 -0.000386449	 -0.941433	 -0.754361	 -0.000479802	 -0.925153	 -0.748094	 -0.000583043	 -0.908782	 1.69818	 1.6981	 1.69823	 1.69804	 1.69831	 
6.54	 -0.781	 0	 -0.99	 -0.774449	 0.00013714	 -0.973639	 -0.767684	 -0.000169736	 -0.957368	 -0.760896	 -0.000621774	 -0.941109	 -0.754291	 -0.000627868	 -0.92477	 -0.747752	 -0.000371155	 -0.908405	 1.71271	 1.71262	 1.71273	 1.71253	 1.71279	 
6.55	 -0.781	 0	 -0.99	 -0.774116	 0.000108198	 -0.973677	 -0.767554	 -0.000197767	 -0.957225	 -0.761046	 -0.000590628	 -0.940753	 -0.754248	 -0.000597136	 -0.924395	 -0.747335	 -0.000425055	 -0.908085	 1.72655	 1.72646	 1.72654	 1.72634	 1.72654	 
6.56	 -0.781	 0	 -0.99	 -0.773981	 -0.000166504	 -0.973642	 -0.767448	 -0.000270471	 -0.957084	 -0.761024	 -0.00033013	 -0.940483	 -0.754148	 -0.000464485	 -0.924066	 -0.74706	 -0.000664422	 -0.907739	 1.73954	 1.73943	 1.73952	 1.73928	 1.7395	 
6.57	 -0.781	 0	 -0.99	 -0.774127	 -0.000415939	 -0.973499	 -0.767403	 -0.000304497	 -0.956932	 -0.760746	 -0.000107728	 -0.940338	 -0.753933	 -0.000381364	 -0.923811	 -0.747007	 -0.000837246	 -0.907333	 1.7516	 1.75149	 1.75157	 1.75132	 1.75156	 
6.58	 -0.781	 0	 -0.99	 -0.774341	 -0.00035356	 -0.97333	 -0.767405	 -0.000305844	 -0.956771	 -0.760388	 -0.000150199	 -0.940246	 -0.753644	 -0.00037701	 -0.92361	 -0.747053	 -0.000804995	 -0.906915	 1.76281	 1.76269	 1.76281	 1.76255	 1.76283	 
6.59	 -0.781	 0	 -0.99	 -0.774415	 -8.02948e-005	 -0.973222	 -0.767355	 -0.000244545	 -0.956639	 -0.760177	 -0.000396096	 -0.940107	 -0.75345	 -0.000484639	 -0.923386	 -0.746952	 -0.000580454	 -0.906574	 1.77348	 1.77338	 1.77349	 1.77328	 1.77353	 
6.6	 -0.781	 0	 -0.99	 -0.774241	 0.000132191	 -0.973217	 -0.767237	 -0.000166079	 -0.956537	 -0.760201	 -0.000604762	 -0.939873	 -0.753377	 -0.0006113	 -0.923117	 -0.746631	 -0.000364818	 -0.90633	 1.784	 1.78391	 1.78404	 1.78384	 1.78409	 
6.61	 -0.781	 0	 -0.99	 -0.773927	 0.000142322	 -0.97327	 -0.767112	 -0.000180278	 -0.956435	 -0.760334	 -0.000598363	 -0.939587	 -0.753323	 -0.00058596	 -0.922831	 -0.74623	 -0.000379584	 -0.906109	 1.79484	 1.79477	 1.79488	 1.7947	 1.79491	 
6.62	 -0.781	 0	 -0.99	 -0.773754	 -8.96015e-005	 -0.97326	 -0.766992	 -0.000236772	 -0.95632	 -0.760339	 -0.000376186	 -0.939336	 -0.753231	 -0.000475432	 -0.922538	 -0.745905	 -0.000576629	 -0.905832	 1.80642	 1.80634	 1.80648	 1.80629	 1.80654	 
6.63	 -0.781	 0	 -0.99	 -0.773817	 -0.000361525	 -0.973147	 -0.766919	 -0.000279209	 -0.956172	 -0.760113	 -0.000134759	 -0.93916	 -0.753021	 -0.000383824	 -0.922267	 -0.745762	 -0.000774166	 -0.905446	 1.81897	 1.8189	 1.81905	 1.81888	 1.81916	 
6.64	 -0.781	 0	 -0.99	 -0.773997	 -0.000397756	 -0.972976	 -0.766897	 -0.000312597	 -0.955989	 -0.75975	 -8.85771e-005	 -0.939021	 -0.752708	 -0.000334961	 -0.922011	 -0.745743	 -0.000837895	 -0.904973	 1.83245	 1.83238	 1.83255	 1.83238	 1.83269	 
6.65	 -0.781	 0	 -0.99	 -0.774145	 -0.000227554	 -0.972813	 -0.766836	 -0.000269098	 -0.955813	 -0.759428	 -0.000253667	 -0.938855	 -0.752441	 -0.000420773	 -0.921721	 -0.745649	 -0.000692924	 -0.904508	 1.84658	 1.84652	 1.84665	 1.8465	 1.84674	 
6.66	 -0.781	 0	 -0.99	 -0.774086	 1.66387e-005	 -0.972735	 -0.766735	 -0.000195209	 -0.955652	 -0.759296	 -0.000496175	 -0.938609	 -0.752255	 -0.000558905	 -0.921396	 -0.745391	 -0.000469328	 -0.90411	 1.86078	 1.8607	 1.86081	 1.86061	 1.86084	 
6.67	 -0.781	 0	 -0.99	 -0.773831	 0.000184331	 -0.972743	 -0.766608	 -0.000182024	 -0.955512	 -0.759341	 -0.000641239	 -0.938302	 -0.752136	 -0.000602796	 -0.92106	 -0.744999	 -0.000366161	 -0.903791	 1.87436	 1.87426	 1.87435	 1.87412	 1.87434	 
6.68	 -0.781	 0	 -0.99	 -0.773577	 9.7733e-005	 -0.972761	 -0.766452	 -0.000186978	 -0.9554	 -0.75941	 -0.000571836	 -0.938006	 -0.75207	 -0.000589838	 -0.920733	 -0.744571	 -0.000417676	 -0.903528	 1.88676	 1.88665	 1.88675	 1.8865	 1.88677	 
6.69	 -0.781	 0	 -0.99	 -0.773433	 -0.000134725	 -0.972745	 -0.766345	 -0.000236715	 -0.955288	 -0.759368	 -0.000356676	 -0.937786	 -0.751933	 -0.00049301	 -0.920476	 -0.744278	 -0.000606028	 -0.90326	 1.8978	 1.89768	 1.89776	 1.89754	 1.89777	 
6.7	 -0.781	 0	 -0.99	 -0.773477	 -0.000335515	 -0.972659	 -0.766286	 -0.000305457	 -0.955175	 -0.759153	 -0.000152513	 -0.937667	 -0.751717	 -0.000370164	 -0.920288	 -0.744158	 -0.000805768	 -0.902965	 1.90752	 1.9074	 1.90747	 1.90724	 1.90746	 
6.71	 -0.781	 0	 -0.99	 -0.773666	 -0.000423476	 -0.972517	 -0.76624	 -0.000301134	 -0.95507	 -0.758823	 -8.30887e-005	 -0.937619	 -0.751477	 -0.000363639	 -0.92014	 -0.744128	 -0.000847805	 -0.902666	 1.91627	 1.91615	 1.91622	 1.91598	 1.91618	 
6.72	 -0.781	 0	 -0.99	 -0.773801	 -0.000284068	 -0.9724	 -0.766217	 -0.000281005	 -0.954961	 -0.75853	 -0.000207484	 -0.937566	 -0.751216	 -0.000408401	 -0.920014	 -0.744097	 -0.000747332	 -0.902382	 1.92451	 1.9244	 1.92453	 1.92428	 1.92453	 
6.73	 -0.781	 0	 -0.99	 -0.773805	 -4.32744e-005	 -0.972337	 -0.766144	 -0.000234484	 -0.954873	 -0.75837	 -0.000431447	 -0.937458	 -0.75104	 -0.00050532	 -0.919852	 -0.743929	 -0.000554829	 -0.902155	 1.93278	 1.9327	 1.93282	 1.93263	 1.93287	 
6.74	 -0.781	 0	 -0.99	 -0.773643	 0.000123159	 -0.972343	 -0.766023	 -0.000173092	 -0.954801	 -0.758365	 -0.000603937	 -0.937277	 -0.750942	 -0.000612601	 -0.919649	 -0.74361	 -0.000379186	 -0.901982	 1.94138	 1.94131	 1.94144	 1.94125	 1.94149	 
6.75	 -0.781	 0	 -0.99	 -0.773372	 0.00017269	 -0.972395	 -0.765904	 -0.000184543	 -0.954724	 -0.758445	 -0.000634106	 -0.937052	 -0.750853	 -0.000598583	 -0.919431	 -0.743232	 -0.000365398	 -0.901823	 1.95034	 1.95027	 1.95038	 1.95019	 1.95039	 
6.76	 -0.781	 0	 -0.99	 -0.773178	 1.80873e-005	 -0.972414	 -0.765768	 -0.000205275	 -0.954652	 -0.758469	 -0.000489371	 -0.936844	 -0.750772	 -0.000541778	 -0.919205	 -0.742871	 -0.000475801	 -0.901653	 1.95943	 1.95934	 1.95948	 1.95926	 1.95953	 
6.77	 -0.781	 0	 -0.99	 -0.773111	 -0.000212386	 -0.972381	 -0.765682	 -0.000247699	 -0.954562	 -0.758365	 -0.000268864	 -0.936696	 -0.750611	 -0.000443277	 -0.919018	 -0.742645	 -0.000658408	 -0.901434	 1.96835	 1.96825	 1.96836	 1.96818	 1.96842	 
6.78	 -0.781	 0	 -0.99	 -0.773193	 -0.000365461	 -0.972287	 -0.765637	 -0.000303407	 -0.954462	 -0.758122	 -0.000106419	 -0.936621	 -0.750382	 -0.000339209	 -0.918878	 -0.742553	 -0.000815646	 -0.901177	 1.97668	 1.97658	 1.97667	 1.97646	 1.9767	 
6.79	 -0.781	 0	 -0.99	 -0.773374	 -0.000413933	 -0.972156	 -0.765595	 -0.000290598	 -0.954375	 -0.75781	 -7.61358e-005	 -0.936597	 -0.750151	 -0.000350465	 -0.918767	 -0.742519	 -0.00082048	 -0.900928	 1.98408	 1.98397	 1.98402	 1.98379	 1.98398	 
6.8	 -0.781	 0	 -0.99	 -0.773486	 -0.000265869	 -0.972062	 -0.765575	 -0.000273614	 -0.954295	 -0.757552	 -0.000208514	 -0.936578	 -0.749916	 -0.000394477	 -0.918693	 -0.742483	 -0.000716997	 -0.900723	 1.99019	 1.99007	 1.99017	 1.98989	 1.99014	 
6.81	 -0.781	 0	 -0.99	 -0.773494	 -4.73326e-005	 -0.972023	 -0.76551	 -0.000225575	 -0.954255	 -0.757419	 -0.000415767	 -0.936535	 -0.749776	 -0.000492643	 -0.918619	 -0.742343	 -0.000539149	 -0.900613	 1.99495	 1.99485	 1.9949	 1.99466	 1.99486	 
6.82	 -0.781	 0	 -0.99	 -0.773355	 0.0001188	 -0.972058	 -0.765421	 -0.000168659	 -0.954245	 -0.757434	 -0.000584635	 -0.936458	 -0.749709	 -0.000596898	 -0.918552	 -0.742097	 -0.00038199	 -0.900598	 1.99832	 1.9982	 1.99827	 1.998	 1.99821	 
6.83	 -0.781	 0	 -0.99	 -0.773121	 0.00019074	 -0.972146	 -0.765334	 -0.000177326	 -0.954254	 -0.757541	 -0.000639584	 -0.936367	 -0.749674	 -0.000599505	 -0.918508	 -0.741807	 -0.000361856	 -0.90065	 2.00041	 2.00029	 2.00034	 2.00007	 2.00025	 
6.84	 -0.781	 0	 -0.99	 -0.772937	 6.06358e-005	 -0.97222	 -0.76523	 -0.000188668	 -0.954285	 -0.757626	 -0.000534057	 -0.936307	 -0.749671	 -0.000575215	 -0.91848	 -0.741527	 -0.000443473	 -0.900737	 2.00139	 2.00126	 2.00136	 2.00108	 2.00135	 
6.85	 -0.781	 0	 -0.99	 -0.772842	 -0.000144601	 -0.972262	 -0.765178	 -0.000244399	 -0.954306	 -0.757618	 -0.000340472	 -0.936304	 -0.749598	 -0.000476098	 -0.918506	 -0.741373	 -0.000620737	 -0.900799	 2.0016	 2.00149	 2.00155	 2.00134	 2.00154	 
6.86	 -0.781	 0	 -0.99	 -0.772906	 -0.000332365	 -0.972238	 -0.765152	 -0.000299602	 -0.954322	 -0.757473	 -0.00015582	 -0.936375	 -0.74948	 -0.000373238	 -0.918567	 -0.741341	 -0.000788843	 -0.900827	 2.00125	 2.00112	 2.00121	 2.00097	 2.00119	 
6.87	 -0.781	 0	 -0.99	 -0.773082	 -0.000432845	 -0.972166	 -0.765149	 -0.000298858	 -0.954336	 -0.757237	 -7.11979e-005	 -0.936496	 -0.74933	 -0.000354481	 -0.918657	 -0.741395	 -0.000836703	 -0.900832	 2.00046	 2.00034	 2.00042	 2.00018	 2.00038	 
6.88	 -0.781	 0	 -0.99	 -0.773238	 -0.000329497	 -0.972105	 -0.765171	 -0.000297551	 -0.954342	 -0.757011	 -0.000149361	 -0.936622	 -0.749156	 -0.000359417	 -0.918767	 -0.741471	 -0.000776347	 -0.900839	 1.99926	 1.99915	 1.99928	 1.99902	 1.99928	 
6.89	 -0.781	 0	 -0.99	 -0.773325	 -0.000142713	 -0.972075	 -0.765149	 -0.000240258	 -0.954374	 -0.756876	 -0.000330668	 -0.936717	 -0.749065	 -0.000455734	 -0.918853	 -0.741453	 -0.000594162	 -0.900902	 1.99772	 1.99763	 1.99771	 1.99749	 1.99767	 
6.9	 -0.781	 0	 -0.99	 -0.773246	 6.56124e-005	 -0.972124	 -0.765114	 -0.000186973	 -0.954418	 -0.756891	 -0.000526711	 -0.936756	 -0.749024	 -0.000550037	 -0.918931	 -0.741332	 -0.000408687	 -0.901028	 1.9957	 1.9956	 1.99571	 1.99543	 1.99565	 
6.91	 -0.781	 0	 -0.99	 -0.773054	 0.000192841	 -0.972228	 -0.765054	 -0.000173741	 -0.954483	 -0.757022	 -0.000631714	 -0.936755	 -0.749047	 -0.000579336	 -0.918996	 -0.741123	 -0.000326626	 -0.901215	 1.99311	 1.99301	 1.99309	 1.99283	 1.99304	 
6.92	 -0.781	 0	 -0.99	 -0.772859	 0.000118486	 -0.972339	 -0.764976	 -0.00016262	 -0.954564	 -0.757175	 -0.000572368	 -0.936755	 -0.749109	 -0.000582389	 -0.919061	 -0.740897	 -0.000360746	 -0.901435	 1.98983	 1.98972	 1.98984	 1.98957	 1.98984	 
6.93	 -0.781	 0	 -0.99	 -0.772725	 -5.24211e-005	 -0.97243	 -0.764947	 -0.000218766	 -0.954635	 -0.757261	 -0.000398614	 -0.936801	 -0.749115	 -0.000484549	 -0.919173	 -0.740778	 -0.000539131	 -0.901632	 1.98591	 1.9858	 1.98586	 1.98564	 1.98581	 
6.94	 -0.781	 0	 -0.99	 -0.772769	 -0.000278125	 -0.972445	 -0.764936	 -0.000270503	 -0.954708	 -0.757205	 -0.000192351	 -0.936925	 -0.74909	 -0.00039421	 -0.919318	 -0.740783	 -0.000732686	 -0.901801	 1.98124	 1.98111	 1.98121	 1.98093	 1.98116	 
6.95	 -0.781	 0	 -0.99	 -0.772937	 -0.000422918	 -0.972409	 -0.764969	 -0.00029538	 -0.954771	 -0.757037	 -7.3658e-005	 -0.937117	 -0.749007	 -0.000355918	 -0.919511	 -0.740916	 -0.000840811	 -0.901935	 1.97588	 1.97575	 1.97583	 1.97557	 1.97579	 
6.96	 -0.781	 0	 -0.99	 -0.773131	 -0.000364074	 -0.972364	 -0.765023	 -0.000310516	 -0.954832	 -0.756843	 -0.000122889	 -0.937336	 -0.748903	 -0.000353776	 -0.919731	 -0.741099	 -0.000827285	 -0.902068	 1.96986	 1.96974	 1.96986	 1.96959	 1.96985	 
6.97	 -0.781	 0	 -0.99	 -0.773269	 -0.000195013	 -0.972346	 -0.765042	 -0.000252899	 -0.954918	 -0.756728	 -0.000299332	 -0.937531	 -0.748871	 -0.000461229	 -0.919934	 -0.741204	 -0.000657633	 -0.902253	 1.96338	 1.96328	 1.96335	 1.96311	 1.96328	 
6.98	 -0.781	 0	 -0.99	 -0.773225	 4.28362e-005	 -0.972414	 -0.765052	 -0.000203688	 -0.955013	 -0.756776	 -0.000518257	 -0.93766	 -0.748888	 -0.000556872	 -0.920127	 -0.741199	 -0.000465667	 -0.902504	 1.95646	 1.95635	 1.95647	 1.95617	 1.9564	 
6.99	 -0.781	 0	 -0.99	 -0.773057	 0.000186887	 -0.972543	 -0.765023	 -0.000178677	 -0.955131	 -0.756961	 -0.000643538	 -0.937734	 -0.748991	 -0.000602684	 -0.920291	 -0.741076	 -0.000353666	 -0.902822	 1.94919	 1.94908	 1.94918	 1.94892	 1.94913	 
7	 -0.781	 0	 -0.99	 -0.772861	 0.000117903	 -0.972689	 -0.764982	 -0.000168772	 -0.955261	 -0.757184	 -0.000586328	 -0.937798	 -0.749127	 -0.000597194	 -0.920449	 -0.740929	 -0.000370838	 -0.903167	 1.94151	 1.9414	 1.94153	 1.94127	 1.94153	 
7.01	 -0.781	 0	 -0.99	 -0.77274	 -6.72361e-005	 -0.972805	 -0.764987	 -0.000229462	 -0.955377	 -0.757328	 -0.000390889	 -0.937907	 -0.749206	 -0.000475315	 -0.920649	 -0.740892	 -0.000545545	 -0.903481	 1.93339	 1.93327	 1.93334	 1.93311	 1.93328	 
7.02	 -0.781	 0	 -0.99	 -0.772824	 -0.000307978	 -0.972833	 -0.765017	 -0.00027454	 -0.955493	 -0.757309	 -0.000159593	 -0.938108	 -0.749246	 -0.000367585	 -0.920889	 -0.740998	 -0.000729161	 -0.903757	 1.92446	 1.92433	 1.92443	 1.92413	 1.92436	 
7.03	 -0.781	 0	 -0.99	 -0.773041	 -0.00042684	 -0.972806	 -0.765098	 -0.000288468	 -0.9556	 -0.757171	 -4.67482e-005	 -0.938389	 -0.749222	 -0.000320887	 -0.921189	 -0.741252	 -0.000809616	 -0.904003	 1.91448	 1.91435	 1.91442	 1.91413	 1.91433	 
7.04	 -0.781	 0	 -0.99	 -0.773265	 -0.000311268	 -0.972783	 -0.765199	 -0.000283015	 -0.955717	 -0.757035	 -0.000138189	 -0.938697	 -0.749198	 -0.000336655	 -0.921528	 -0.74154	 -0.000743208	 -0.904279	 1.90316	 1.90303	 1.90313	 1.90281	 1.90306	 
7.05	 -0.781	 0	 -0.99	 -0.773384	 -8.76042e-005	 -0.972819	 -0.765258	 -0.000212078	 -0.955874	 -0.757035	 -0.000362643	 -0.938976	 -0.749278	 -0.000466758	 -0.92186	 -0.74172	 -0.00053135	 -0.904655	 1.89049	 1.89036	 1.89041	 1.89012	 1.89028	 
7.06	 -0.781	 0	 -0.99	 -0.773284	 0.000138485	 -0.972965	 -0.765298	 -0.000163758	 -0.956058	 -0.757239	 -0.000578233	 -0.939187	 -0.749436	 -0.000570588	 -0.922194	 -0.74177	 -0.0003519	 -0.905139	 1.87647	 1.87633	 1.87641	 1.87607	 1.87627	 
7.07	 -0.781	 0	 -0.99	 -0.773077	 0.000189231	 -0.97317	 -0.765309	 -0.000168483	 -0.956271	 -0.757562	 -0.000622462	 -0.939365	 -0.749671	 -0.000581472	 -0.922522	 -0.741732	 -0.000337763	 -0.905701	 1.86144	 1.8613	 1.86137	 1.86106	 1.86124	 
7.08	 -0.781	 0	 -0.99	 -0.772943	 -1.95469e-005	 -0.973346	 -0.765324	 -0.000196066	 -0.95649	 -0.75783	 -0.000444381	 -0.939577	 -0.749904	 -0.000527225	 -0.922863	 -0.741747	 -0.000489566	 -0.906259	 1.84584	 1.84571	 1.84584	 1.84553	 1.8458	 
7.09	 -0.781	 0	 -0.99	 -0.772992	 -0.000282441	 -0.973439	 -0.76541	 -0.000272351	 -0.956677	 -0.757913	 -0.000192522	 -0.939875	 -0.750022	 -0.000395305	 -0.923258	 -0.741958	 -0.000735374	 -0.906726	 1.83031	 1.8302	 1.8303	 1.83006	 1.83027	 
7.1	 -0.781	 0	 -0.99	 -0.773251	 -0.000415027	 -0.973428	 -0.765528	 -0.000313269	 -0.95684	 -0.757809	 -6.65322e-005	 -0.940251	 -0.750069	 -0.000327426	 -0.923673	 -0.742321	 -0.000861432	 -0.907103	 1.81523	 1.81512	 1.81527	 1.81501	 1.81526	 
7.11	 -0.781	 0	 -0.99	 -0.773531	 -0.000312093	 -0.973401	 -0.765648	 -0.000270128	 -0.956992	 -0.757692	 -0.000179402	 -0.940618	 -0.750114	 -0.000404374	 -0.924068	 -0.742692	 -0.000746572	 -0.907449	 1.80094	 1.80084	 1.80096	 1.80072	 1.80091	 
7.12	 -0.781	 0	 -0.99	 -0.773593	 -8.82063e-006	 -0.973468	 -0.765741	 -0.000215815	 -0.957145	 -0.757765	 -0.000455014	 -0.940881	 -0.750222	 -0.000516642	 -0.924412	 -0.742914	 -0.000511774	 -0.907835	 1.78737	 1.78726	 1.78743	 1.78714	 1.78741	 
7.13	 -0.781	 0	 -0.99	 -0.773436	 0.000190542	 -0.973635	 -0.765763	 -0.000168642	 -0.957324	 -0.758063	 -0.00063656	 -0.941028	 -0.750468	 -0.000599026	 -0.924678	 -0.74293	 -0.0003401	 -0.908301	 1.77431	 1.77421	 1.77434	 1.77408	 1.77431	 
7.14	 -0.781	 0	 -0.99	 -0.77322	 9.01869e-005	 -0.973831	 -0.765773	 -0.000167589	 -0.957508	 -0.758426	 -0.000544622	 -0.941141	 -0.750754	 -0.000571716	 -0.924922	 -0.742906	 -0.000384966	 -0.908786	 1.76126	 1.76114	 1.7613	 1.76101	 1.76129	 
7.15	 -0.781	 0	 -0.99	 -0.773177	 -0.000185974	 -0.973951	 -0.765851	 -0.000245545	 -0.957669	 -0.758626	 -0.000262504	 -0.941342	 -0.750946	 -0.000407378	 -0.925226	 -0.743067	 -0.000626417	 -0.909205	 1.74774	 1.74762	 1.74771	 1.74744	 1.74763	 
7.16	 -0.781	 0	 -0.99	 -0.773427	 -0.000401825	 -0.973942	 -0.765984	 -0.00029564	 -0.957819	 -0.758576	 -4.82212e-005	 -0.941681	 -0.751048	 -0.000292095	 -0.925601	 -0.743458	 -0.000797903	 -0.909555	 1.73315	 1.73301	 1.73311	 1.73278	 1.73301	 
7.17	 -0.781	 0	 -0.99	 -0.77376	 -0.000332174	 -0.973903	 -0.766144	 -0.000258246	 -0.957977	 -0.758463	 -0.000120017	 -0.942083	 -0.751126	 -0.000342848	 -0.926031	 -0.74393	 -0.000707599	 -0.909916	 1.71717	 1.71702	 1.71707	 1.71674	 1.71691	 
7.18	 -0.781	 0	 -0.99	 -0.773863	 -2.07092e-006	 -0.973979	 -0.766277	 -0.00019473	 -0.958169	 -0.758565	 -0.000420321	 -0.942419	 -0.75129	 -0.000472286	 -0.926464	 -0.744251	 -0.000455889	 -0.910402	 1.69961	 1.69945	 1.69954	 1.69916	 1.6994	 
7.19	 -0.781	 0	 -0.99	 -0.773691	 0.00020821	 -0.974196	 -0.766329	 -0.000150284	 -0.95842	 -0.758948	 -0.000618083	 -0.942655	 -0.75162	 -0.000569025	 -0.926861	 -0.74433	 -0.000295833	 -0.911051	 1.68067	 1.68052	 1.68059	 1.68025	 1.68046	 
7.2	 -0.781	 0	 -0.99	 -0.773482	 4.01289e-005	 -0.974438	 -0.766368	 -0.000172309	 -0.95869	 -0.759373	 -0.000479307	 -0.942889	 -0.751986	 -0.000531133	 -0.927268	 -0.744382	 -0.000417513	 -0.911749	 1.66073	 1.66058	 1.66071	 1.66035	 1.66062	 
7.21	 -0.781	 0	 -0.99	 -0.77354	 -0.000296152	 -0.974561	 -0.766493	 -0.000266577	 -0.958928	 -0.759537	 -0.000165327	 -0.943253	 -0.752202	 -0.000369771	 -0.927755	 -0.74469	 -0.000716697	 -0.912343	 1.64043	 1.64031	 1.64041	 1.64012	 1.64034	 
7.22	 -0.781	 0	 -0.99	 -0.773896	 -0.000403975	 -0.974542	 -0.766681	 -0.000310784	 -0.959131	 -0.75943	 -6.33427e-005	 -0.943738	 -0.752295	 -0.000304214	 -0.928293	 -0.745233	 -0.000825979	 -0.912819	 1.62034	 1.62022	 1.62037	 1.62007	 1.62035	 
7.23	 -0.781	 0	 -0.99	 -0.774177	 -0.000147378	 -0.97455	 -0.766841	 -0.000233583	 -0.959338	 -0.759405	 -0.000318175	 -0.944173	 -0.752442	 -0.000448277	 -0.928787	 -0.745691	 -0.000587281	 -0.913306	 1.60101	 1.60091	 1.60104	 1.60079	 1.601	 
7.24	 -0.781	 0	 -0.99	 -0.774062	 0.000163972	 -0.974734	 -0.766925	 -0.000152698	 -0.959564	 -0.759744	 -0.000608493	 -0.944417	 -0.752747	 -0.000595169	 -0.929178	 -0.745844	 -0.000322658	 -0.913898	 1.58265	 1.58254	 1.58271	 1.58243	 1.58269	 
7.25	 -0.781	 0	 -0.99	 -0.773785	 9.69981e-005	 -0.97499	 -0.766973	 -0.000181318	 -0.959795	 -0.760233	 -0.000524008	 -0.944569	 -0.753127	 -0.000531409	 -0.929508	 -0.745869	 -0.000400038	 -0.914519	 1.56523	 1.56513	 1.56526	 1.565	 1.56521	 
7.26	 -0.781	 0	 -0.99	 -0.773839	 -0.000282323	 -0.975089	 -0.767079	 -0.000262372	 -0.959989	 -0.760423	 -0.000159567	 -0.944843	 -0.753383	 -0.000351668	 -0.929875	 -0.746144	 -0.00070109	 -0.915002	 1.54844	 1.54833	 1.5485	 1.54819	 1.54845	 
7.27	 -0.781	 0	 -0.99	 -0.774236	 -0.000407212	 -0.975026	 -0.767273	 -0.000274844	 -0.96014	 -0.760284	 -4.52909e-005	 -0.945266	 -0.753468	 -0.000305902	 -0.930314	 -0.746711	 -0.000775848	 -0.91534	 1.53195	 1.53183	 1.53196	 1.53166	 1.53188	 
7.28	 -0.781	 0	 -0.99	 -0.774463	 -5.94468e-005	 -0.975039	 -0.767444	 -0.000201081	 -0.9603	 -0.760295	 -0.000364181	 -0.945622	 -0.753604	 -0.000449361	 -0.930731	 -0.747158	 -0.000497406	 -0.915731	 1.51542	 1.51527	 1.51542	 1.51508	 1.51535	 
7.29	 -0.781	 0	 -0.99	 -0.774252	 0.00021639	 -0.975255	 -0.767499	 -0.000145971	 -0.960515	 -0.760724	 -0.000615643	 -0.945789	 -0.753961	 -0.00056235	 -0.931051	 -0.747232	 -0.000284716	 -0.916299	 1.49877	 1.49863	 1.49875	 1.49843	 1.49866	 
7.3	 -0.781	 0	 -0.99	 -0.774032	 -4.28852e-005	 -0.975477	 -0.767536	 -0.000194072	 -0.960739	 -0.761169	 -0.000377704	 -0.945944	 -0.754346	 -0.000459002	 -0.931355	 -0.747278	 -0.000479951	 -0.916881	 1.48211	 1.48198	 1.48214	 1.4818	 1.48208	 
7.31	 -0.781	 0	 -0.99	 -0.774271	 -0.000408471	 -0.975488	 -0.767696	 -0.000271393	 -0.960903	 -0.761174	 -3.61541e-005	 -0.946293	 -0.754494	 -0.000295215	 -0.931757	 -0.747714	 -0.000763731	 -0.917271	 1.46584	 1.46573	 1.46589	 1.46558	 1.46584	 
7.32	 -0.781	 0	 -0.99	 -0.774668	 -0.000240412	 -0.975418	 -0.767903	 -0.000243229	 -0.961031	 -0.761014	 -0.000181746	 -0.946702	 -0.754538	 -0.000347638	 -0.932184	 -0.748287	 -0.000638321	 -0.917568	 1.45036	 1.45024	 1.45042	 1.45011	 1.45041	 
7.33	 -0.781	 0	 -0.99	 -0.774617	 0.00017317	 -0.975542	 -0.767984	 -0.000151011	 -0.961201	 -0.761271	 -0.000563128	 -0.946899	 -0.754797	 -0.000528524	 -0.932482	 -0.748467	 -0.000308354	 -0.918001	 1.43605	 1.43592	 1.43609	 1.43582	 1.4361	 
7.34	 -0.781	 0	 -0.99	 -0.774294	 7.65387e-005	 -0.975783	 -0.767979	 -0.000162366	 -0.961391	 -0.761774	 -0.000483031	 -0.946951	 -0.75519	 -0.000505856	 -0.932678	 -0.748403	 -0.000370599	 -0.918499	 1.42303	 1.42294	 1.42315	 1.42287	 1.42317	 
7.35	 -0.781	 0	 -0.99	 -0.774394	 -0.000361153	 -0.975824	 -0.768084	 -0.000261977	 -0.961512	 -0.761866	 -8.33611e-005	 -0.947157	 -0.755362	 -0.000315433	 -0.932933	 -0.74869	 -0.000715258	 -0.918789	 1.41147	 1.41138	 1.41158	 1.41131	 1.4116	 
7.36	 -0.781	 0	 -0.99	 -0.774825	 -0.000309647	 -0.975704	 -0.768281	 -0.000263031	 -0.961571	 -0.761637	 -0.000128007	 -0.947483	 -0.755348	 -0.000323006	 -0.933237	 -0.749251	 -0.000686514	 -0.918908	 1.40116	 1.40105	 1.40125	 1.40098	 1.40129	 
7.37	 -0.781	 0	 -0.99	 -0.774838	 0.000138713	 -0.975762	 -0.768367	 -0.000163769	 -0.961666	 -0.761798	 -0.000540124	 -0.947615	 -0.755533	 -0.000519498	 -0.933423	 -0.749448	 -0.000337117	 -0.919152	 1.3919	 1.39178	 1.39196	 1.39169	 1.39199	 
7.38	 -0.781	 0	 -0.99	 -0.774487	 0.000103112	 -0.975981	 -0.768344	 -0.000161852	 -0.961799	 -0.762299	 -0.000508904	 -0.947575	 -0.755903	 -0.000516958	 -0.933504	 -0.749325	 -0.000360392	 -0.919515	 1.38335	 1.38324	 1.38342	 1.38314	 1.38342	 
7.39	 -0.781	 0	 -0.99	 -0.77456	 -0.000351865	 -0.976009	 -0.768425	 -0.000260364	 -0.961879	 -0.762391	 -9.01627e-005	 -0.947705	 -0.75606	 -0.000319336	 -0.933664	 -0.749551	 -0.00071575	 -0.919706	 1.37532	 1.37522	 1.37539	 1.37509	 1.37538	 
7.4	 -0.781	 0	 -0.99	 -0.775	 -0.000306621	 -0.975869	 -0.768612	 -0.000254726	 -0.961907	 -0.762132	 -0.000131303	 -0.947987	 -0.756017	 -0.000332034	 -0.933906	 -0.750087	 -0.000680186	 -0.919746	 1.36762	 1.3675	 1.36765	 1.36736	 1.36763	 
7.41	 -0.781	 0	 -0.99	 -0.774982	 0.00015306	 -0.975928	 -0.768688	 -0.000153603	 -0.961981	 -0.762301	 -0.000550492	 -0.948076	 -0.756187	 -0.000528948	 -0.934047	 -0.75024	 -0.000321927	 -0.919945	 1.36015	 1.36001	 1.36016	 1.35986	 1.36015	 
7.42	 -0.781	 0	 -0.99	 -0.77462	 7.78044e-005	 -0.97614	 -0.768663	 -0.000168953	 -0.962097	 -0.762799	 -0.000472179	 -0.948013	 -0.75654	 -0.000489839	 -0.9341	 -0.750092	 -0.000388076	 -0.920272	 1.35287	 1.35275	 1.35289	 1.35259	 1.35284	 
7.43	 -0.781	 0	 -0.99	 -0.774762	 -0.000375125	 -0.976131	 -0.768751	 -0.000267395	 -0.962159	 -0.762817	 -5.36466e-005	 -0.948154	 -0.756653	 -0.000289753	 -0.93425	 -0.75035	 -0.000740765	 -0.920413	 1.34584	 1.34574	 1.34591	 1.3456	 1.34588	 
7.44	 -0.781	 0	 -0.99	 -0.775193	 -0.000245489	 -0.975989	 -0.76892	 -0.000232684	 -0.96218	 -0.762547	 -0.000185368	 -0.948415	 -0.756601	 -0.000361736	 -0.934464	 -0.750854	 -0.000621425	 -0.920428	 1.33927	 1.33915	 1.33928	 1.33901	 1.33925	 
7.45	 -0.781	 0	 -0.99	 -0.775058	 0.00018395	 -0.976088	 -0.768956	 -0.000139117	 -0.962249	 -0.7628	 -0.000589988	 -0.948436	 -0.7568	 -0.000560746	 -0.93455	 -0.750899	 -0.000283349	 -0.920622	 1.33325	 1.33312	 1.33329	 1.33301	 1.3333	 
7.46	 -0.781	 0	 -0.99	 -0.774714	 -2.13546e-005	 -0.976276	 -0.768929	 -0.000201636	 -0.962336	 -0.763247	 -0.000393735	 -0.948352	 -0.757106	 -0.000452679	 -0.934565	 -0.750756	 -0.000471641	 -0.920871	 1.32806	 1.32797	 1.32812	 1.32788	 1.32811	 
7.47	 -0.781	 0	 -0.99	 -0.774983	 -0.000407912	 -0.976191	 -0.769037	 -0.000295238	 -0.962348	 -0.763112	 -3.43786e-005	 -0.948495	 -0.75712	 -0.00027241	 -0.934673	 -0.75109	 -0.000786293	 -0.920873	 1.32398	 1.32389	 1.32409	 1.32383	 1.32412	 
7.48	 -0.781	 0	 -0.99	 -0.775339	 -0.000122745	 -0.976055	 -0.769163	 -0.000212985	 -0.962332	 -0.76288	 -0.000310915	 -0.948656	 -0.75707	 -0.000426867	 -0.934773	 -0.751479	 -0.000535806	 -0.9208	 1.3213	 1.32121	 1.32137	 1.32117	 1.32143	 
7.49	 -0.781	 0	 -0.99	 -0.775049	 0.000191058	 -0.976186	 -0.769132	 -0.000130433	 -0.962361	 -0.763234	 -0.000607622	 -0.94853	 -0.757298	 -0.000585928	 -0.934709	 -0.751337	 -0.000275836	 -0.9209	 1.32012	 1.32003	 1.32024	 1.32002	 1.32033	 
7.5	 -0.781	 0	 -0.99	 -0.774806	 -0.000167572	 -0.97629	 -0.769113	 -0.00022787	 -0.962364	 -0.763531	 -0.000261177	 -0.948392	 -0.757488	 -0.000397435	 -0.934615	 -0.751226	 -0.000584983	 -0.920935	 1.32051	 1.32045	 1.32063	 1.32044	 1.32071	 
7.51	 -0.781	 0	 -0.99	 -0.775188	 -0.000387308	 -0.976115	 -0.769237	 -0.000290597	 -0.962285	 -0.763236	 -4.35746e-005	 -0.948477	 -0.757374	 -0.000270366	 -0.93461	 -0.751601	 -0.000775275	 -0.920711	 1.32234	 1.32226	 1.32249	 1.32227	 1.3226	 
7.52	 -0.781	 0	 -0.99	 -0.775379	 2.80972e-005	 -0.976009	 -0.7693	 -0.000180772	 -0.962214	 -0.763111	 -0.000434246	 -0.948466	 -0.757345	 -0.000474896	 -0.934536	 -0.751793	 -0.000425802	 -0.920516	 1.32548	 1.32538	 1.32556	 1.32536	 1.32565	 
7.53	 -0.781	 0	 -0.99	 -0.774991	 0.000152755	 -0.976143	 -0.769213	 -0.000137394	 -0.962191	 -0.76351	 -0.000562642	 -0.94821	 -0.757575	 -0.000559838	 -0.934321	 -0.751504	 -0.000308944	 -0.92049	 1.32959	 1.32949	 1.3297	 1.32946	 1.3298	 
7.54	 -0.781	 0	 -0.99	 -0.774903	 -0.000294904	 -0.976148	 -0.769203	 -0.000252087	 -0.962125	 -0.763608	 -0.000151961	 -0.948059	 -0.757636	 -0.000353686	 -0.934151	 -0.751465	 -0.000678086	 -0.920331	 1.33459	 1.33452	 1.3347	 1.33448	 1.33477	 
7.55	 -0.781	 0	 -0.99	 -0.775311	 -0.000339269	 -0.975935	 -0.769316	 -0.000281714	 -0.961994	 -0.763231	 -0.000111417	 -0.948092	 -0.757442	 -0.000318229	 -0.934066	 -0.751823	 -0.000734303	 -0.919974	 1.3404	 1.3403	 1.34049	 1.34025	 1.34058	 
7.56	 -0.781	 0	 -0.99	 -0.77533	 0.000113184	 -0.975876	 -0.769322	 -0.000178226	 -0.961897	 -0.763215	 -0.000537279	 -0.947961	 -0.757433	 -0.000532139	 -0.933883	 -0.751837	 -0.000378245	 -0.91973	 1.34703	 1.34693	 1.3471	 1.34688	 1.34718	 
7.57	 -0.781	 0	 -0.99	 -0.774925	 9.12467e-005	 -0.975992	 -0.769208	 -0.00017316	 -0.961838	 -0.76359	 -0.000526012	 -0.947644	 -0.75763	 -0.000545203	 -0.933588	 -0.751484	 -0.000391286	 -0.919611	 1.35449	 1.3544	 1.35459	 1.35435	 1.35466	 
7.58	 -0.781	 0	 -0.99	 -0.774953	 -0.000359274	 -0.975925	 -0.769201	 -0.000276192	 -0.961723	 -0.763543	 -0.000114166	 -0.947482	 -0.757599	 -0.000349584	 -0.933361	 -0.751486	 -0.000751663	 -0.919314	 1.36285	 1.36276	 1.36294	 1.36271	 1.36302	 
7.59	 -0.781	 0	 -0.99	 -0.775339	 -0.000302145	 -0.975699	 -0.769292	 -0.000271493	 -0.961553	 -0.763148	 -0.000167086	 -0.94745	 -0.75737	 -0.000367111	 -0.933194	 -0.751785	 -0.000713739	 -0.918863	 1.37204	 1.37195	 1.37212	 1.37189	 1.3722	 
7.6	 -0.781	 0	 -0.99	 -0.775271	 0.000139252	 -0.975653	 -0.769268	 -0.000173513	 -0.961422	 -0.763176	 -0.000570777	 -0.947229	 -0.757352	 -0.000558237	 -0.932921	 -0.751693	 -0.00036887	 -0.918545	 1.38198	 1.38188	 1.38205	 1.38182	 1.38213	 
7.61	 -0.781	 0	 -0.99	 -0.774877	 7.65484e-005	 -0.975741	 -0.769145	 -0.000180741	 -0.961322	 -0.76351	 -0.000505474	 -0.946866	 -0.757502	 -0.00052972	 -0.932559	 -0.751309	 -0.000417047	 -0.918329	 1.39251	 1.39242	 1.39258	 1.39235	 1.39264	 
7.62	 -0.781	 0	 -0.99	 -0.774921	 -0.000353975	 -0.975647	 -0.769125	 -0.000270359	 -0.961174	 -0.763419	 -0.000103282	 -0.946664	 -0.757433	 -0.000337747	 -0.932271	 -0.75128	 -0.000748988	 -0.917949	 1.40358	 1.40349	 1.40367	 1.40343	 1.40373	 
7.63	 -0.781	 0	 -0.99	 -0.775285	 -0.000311042	 -0.975415	 -0.769192	 -0.000261187	 -0.96098	 -0.76301	 -0.000143083	 -0.946583	 -0.75718	 -0.000352459	 -0.932043	 -0.751522	 -0.000707515	 -0.917436	 1.41525	 1.41516	 1.41531	 1.41509	 1.41536	 
7.64	 -0.781	 0	 -0.99	 -0.77524	 0.00011316	 -0.975342	 -0.769157	 -0.00017298	 -0.960817	 -0.762975	 -0.00053741	 -0.946336	 -0.757104	 -0.000536974	 -0.931722	 -0.751419	 -0.000375744	 -0.917034	 1.42767	 1.42757	 1.42774	 1.42752	 1.42782	 
7.65	 -0.781	 0	 -0.99	 -0.774845	 0.000120746	 -0.975407	 -0.769018	 -0.000174413	 -0.960684	 -0.763264	 -0.00055007	 -0.945932	 -0.757204	 -0.000548237	 -0.9313	 -0.750998	 -0.000377861	 -0.916728	 1.44109	 1.44101	 1.44118	 1.44098	 1.44125	 
7.66	 -0.781	 0	 -0.99	 -0.774784	 -0.000294249	 -0.97533	 -0.768949	 -0.00026604	 -0.960503	 -0.763228	 -0.000177757	 -0.94563	 -0.757135	 -0.000382478	 -0.930908	 -0.750833	 -0.000711654	 -0.916275	 1.45579	 1.45572	 1.45592	 1.45572	 1.45603	 
7.67	 -0.781	 0	 -0.99	 -0.775106	 -0.00039017	 -0.975086	 -0.768981	 -0.000294801	 -0.960262	 -0.762805	 -0.000101406	 -0.945458	 -0.756844	 -0.000350621	 -0.930568	 -0.750984	 -0.00080058	 -0.915641	 1.47194	 1.47187	 1.47204	 1.47187	 1.47216	 
7.68	 -0.781	 0	 -0.99	 -0.775198	 -1.87403e-005	 -0.974922	 -0.768952	 -0.000225488	 -0.960024	 -0.76258	 -0.000456207	 -0.945178	 -0.756636	 -0.000519853	 -0.930156	 -0.750932	 -0.000525598	 -0.915038	 1.48945	 1.48937	 1.48957	 1.48938	 1.48972	 
7.69	 -0.781	 0	 -0.99	 -0.774864	 0.000176887	 -0.974923	 -0.768799	 -0.000182186	 -0.959821	 -0.762751	 -0.000652045	 -0.944714	 -0.756637	 -0.000626712	 -0.929628	 -0.750495	 -0.00037333	 -0.914553	 1.50808	 1.50801	 1.50818	 1.50801	 1.5083	 
7.7	 -0.781	 0	 -0.99	 -0.774594	 -0.000112757	 -0.974897	 -0.768657	 -0.000239743	 -0.959605	 -0.762854	 -0.000393526	 -0.94426	 -0.756601	 -0.000517441	 -0.929094	 -0.750102	 -0.000595937	 -0.914029	 1.52737	 1.52729	 1.52748	 1.52728	 1.5276	 
7.71	 -0.781	 0	 -0.99	 -0.774735	 -0.000413278	 -0.974705	 -0.768628	 -0.000315977	 -0.959341	 -0.762558	 -0.000105477	 -0.943963	 -0.756345	 -0.000365304	 -0.928644	 -0.750064	 -0.000845869	 -0.913357	 1.54686	 1.54677	 1.54691	 1.54672	 1.547	 
7.72	 -0.781	 0	 -0.99	 -0.775007	 -0.000280186	 -0.974458	 -0.768626	 -0.000293701	 -0.959069	 -0.762139	 -0.000212819	 -0.943724	 -0.756028	 -0.000396411	 -0.928228	 -0.750122	 -0.000746323	 -0.912653	 1.56602	 1.56592	 1.56607	 1.56585	 1.56617	 
7.73	 -0.781	 0	 -0.99	 -0.774961	 6.77892e-005	 -0.974342	 -0.768534	 -0.000194345	 -0.958842	 -0.762027	 -0.000533703	 -0.943376	 -0.755879	 -0.00056164	 -0.927762	 -0.749897	 -0.000438571	 -0.912082	 1.58465	 1.58456	 1.58466	 1.58446	 1.58472	 
7.74	 -0.781	 0	 -0.99	 -0.774609	 0.000153944	 -0.974355	 -0.768378	 -0.000158394	 -0.958648	 -0.762195	 -0.000610383	 -0.942925	 -0.755857	 -0.000608455	 -0.927259	 -0.749434	 -0.000350207	 -0.911628	 1.60268	 1.60258	 1.60271	 1.60249	 1.60278	 
7.75	 -0.781	 0	 -0.99	 -0.774378	 -0.000111196	 -0.974324	 -0.768258	 -0.000233635	 -0.958446	 -0.762243	 -0.000347627	 -0.942528	 -0.755767	 -0.000461397	 -0.926792	 -0.749085	 -0.000585898	 -0.911142	 1.62041	 1.62032	 1.62042	 1.62024	 1.62047	 
7.76	 -0.781	 0	 -0.99	 -0.774516	 -0.000386889	 -0.974144	 -0.768208	 -0.00030259	 -0.958214	 -0.761948	 -8.96301e-005	 -0.942265	 -0.755524	 -0.000330828	 -0.926383	 -0.749013	 -0.00081272	 -0.91054	 1.63822	 1.63813	 1.63827	 1.63807	 1.63835	 
7.77	 -0.781	 0	 -0.99	 -0.774774	 -0.000334103	 -0.97391	 -0.768187	 -0.000279931	 -0.957962	 -0.761534	 -0.000155017	 -0.942041	 -0.755213	 -0.000378172	 -0.925987	 -0.749034	 -0.000748553	 -0.909879	 1.6566	 1.65653	 1.65665	 1.65649	 1.65672	 
7.78	 -0.781	 0	 -0.99	 -0.774777	 -1.38798e-005	 -0.97377	 -0.768117	 -0.000217243	 -0.957716	 -0.761338	 -0.000459186	 -0.941711	 -0.754982	 -0.000520138	 -0.925534	 -0.748851	 -0.000500285	 -0.909267	 1.67586	 1.67579	 1.67596	 1.67578	 1.67608	 
7.79	 -0.781	 0	 -0.99	 -0.774496	 0.000178664	 -0.973738	 -0.767958	 -0.000181247	 -0.957493	 -0.761404	 -0.000644415	 -0.941256	 -0.754886	 -0.00061078	 -0.924999	 -0.748399	 -0.000360307	 -0.908729	 1.69611	 1.69606	 1.69621	 1.69605	 1.69632	 
7.8	 -0.781	 0	 -0.99	 -0.774194	 2.70045e-005	 -0.973711	 -0.767781	 -0.000203375	 -0.957266	 -0.761479	 -0.00051771	 -0.940778	 -0.754797	 -0.000574886	 -0.924438	 -0.747912	 -0.00047786	 -0.908182	 1.7171	 1.71703	 1.71721	 1.71703	 1.71735	 
7.81	 -0.781	 0	 -0.99	 -0.774118	 -0.000266542	 -0.973593	 -0.767672	 -0.000281331	 -0.957009	 -0.761321	 -0.000241708	 -0.940387	 -0.754569	 -0.000437812	 -0.923926	 -0.747629	 -0.000740892	 -0.907543	 1.73842	 1.73835	 1.73848	 1.73833	 1.73858	 
7.82	 -0.781	 0	 -0.99	 -0.774292	 -0.000412561	 -0.973375	 -0.76761	 -0.000327312	 -0.956735	 -0.760931	 -0.000100597	 -0.940094	 -0.754234	 -0.000358375	 -0.923462	 -0.747531	 -0.000878454	 -0.906837	 1.7595	 1.75941	 1.75954	 1.75935	 1.75963	 
7.83	 -0.781	 0	 -0.99	 -0.774479	 -0.000298756	 -0.973154	 -0.767544	 -0.000285392	 -0.956472	 -0.760531	 -0.000216867	 -0.939821	 -0.7539	 -0.00042915	 -0.923018	 -0.747431	 -0.000758607	 -0.906152	 1.77997	 1.77988	 1.77996	 1.77977	 1.77998	 
7.84	 -0.781	 0	 -0.99	 -0.774439	 -1.42356e-005	 -0.973028	 -0.767443	 -0.000223993	 -0.956232	 -0.760333	 -0.000477238	 -0.939484	 -0.75364	 -0.000543678	 -0.922565	 -0.747166	 -0.00052403	 -0.905559	 1.79965	 1.79954	 1.79966	 1.79942	 1.79969	 
7.85	 -0.781	 0	 -0.99	 -0.774192	 0.00017007	 -0.972991	 -0.767281	 -0.00018569	 -0.956027	 -0.760339	 -0.000641737	 -0.939077	 -0.753496	 -0.000612063	 -0.922083	 -0.74671	 -0.000373056	 -0.905065	 1.81872	 1.81863	 1.81873	 1.81852	 1.81876	 
7.86	 -0.781	 0	 -0.99	 -0.773902	 9.05531e-005	 -0.972976	 -0.767103	 -0.000186642	 -0.955832	 -0.760389	 -0.000573694	 -0.938656	 -0.753378	 -0.000595372	 -0.921596	 -0.746211	 -0.000411055	 -0.9046	 1.83749	 1.83741	 1.83754	 1.83735	 1.83764	 
7.87	 -0.781	 0	 -0.99	 -0.77374	 -0.000140029	 -0.972909	 -0.766972	 -0.000251694	 -0.955617	 -0.760303	 -0.000348673	 -0.938287	 -0.753174	 -0.000472949	 -0.921141	 -0.745843	 -0.000615082	 -0.90408	 1.8564	 1.85632	 1.85643	 1.85628	 1.85651	 
7.88	 -0.781	 0	 -0.99	 -0.7738	 -0.000360635	 -0.97275	 -0.766872	 -0.000305877	 -0.955386	 -0.760013	 -0.000139578	 -0.937995	 -0.752891	 -0.000370432	 -0.920711	 -0.745636	 -0.000805172	 -0.903485	 1.87555	 1.87547	 1.87561	 1.87543	 1.8757	 
7.89	 -0.781	 0	 -0.99	 -0.773966	 -0.000415567	 -0.972546	 -0.766799	 -0.000305297	 -0.955142	 -0.759614	 -9.64997e-005	 -0.937745	 -0.752546	 -0.000368581	 -0.920303	 -0.745519	 -0.00084425	 -0.902846	 1.89491	 1.89483	 1.89494	 1.89477	 1.895	 
7.9	 -0.781	 0	 -0.99	 -0.774071	 -0.000247356	 -0.972365	 -0.766725	 -0.000283295	 -0.954898	 -0.759265	 -0.00024961	 -0.937479	 -0.752206	 -0.000429983	 -0.919895	 -0.745357	 -0.000738166	 -0.902229	 1.91411	 1.91403	 1.91416	 1.91396	 1.91425	 
7.91	 -0.781	 0	 -0.99	 -0.774031	 -2.06503e-005	 -0.972247	 -0.766597	 -0.000227404	 -0.954684	 -0.759065	 -0.000477982	 -0.937164	 -0.751957	 -0.000552352	 -0.919467	 -0.745041	 -0.000544621	 -0.901692	 1.93284	 1.93276	 1.93285	 1.93266	 1.93288	 
7.92	 -0.781	 0	 -0.99	 -0.773814	 0.00013858	 -0.972207	 -0.766441	 -0.000189119	 -0.954493	 -0.759018	 -0.000639361	 -0.936803	 -0.751766	 -0.000638654	 -0.919038	 -0.744604	 -0.000408991	 -0.901235	 1.95072	 1.95063	 1.95073	 1.95051	 1.95075	 
7.93	 -0.781	 0	 -0.99	 -0.773536	 0.000152748	 -0.9722	 -0.766267	 -0.000198524	 -0.954324	 -0.759028	 -0.000643793	 -0.936437	 -0.751608	 -0.000629728	 -0.91862	 -0.744121	 -0.000422994	 -0.900831	 1.9677	 1.96761	 1.96767	 1.96746	 1.96767	 
7.94	 -0.781	 0	 -0.99	 -0.773334	 -1.59313e-005	 -0.97217	 -0.766097	 -0.000218831	 -0.954164	 -0.758975	 -0.0004903	 -0.936112	 -0.751437	 -0.000576784	 -0.91823	 -0.743685	 -0.000546338	 -0.900437	 1.98387	 1.98376	 1.98386	 1.98364	 1.98391	 
7.95	 -0.781	 0	 -0.99	 -0.773256	 -0.000224536	 -0.972093	 -0.765978	 -0.000275817	 -0.953991	 -0.758795	 -0.000285782	 -0.93585	 -0.751181	 -0.000467329	 -0.917888	 -0.743377	 -0.000731084	 -0.900007	 1.99957	 1.99947	 1.99955	 1.99938	 1.99959	 
7.96	 -0.781	 0	 -0.99	 -0.77333	 -0.000384529	 -0.971953	 -0.765878	 -0.000315772	 -0.953812	 -0.758484	 -0.000134677	 -0.935647	 -0.750882	 -0.000391001	 -0.917571	 -0.743171	 -0.000862097	 -0.899543	 2.01501	 2.01491	 2.01502	 2.01483	 2.01507	 
7.97	 -0.781	 0	 -0.99	 -0.773459	 -0.000421486	 -0.971791	 -0.765797	 -0.000315678	 -0.953628	 -0.758117	 -0.000109807	 -0.935474	 -0.750548	 -0.000388695	 -0.917275	 -0.74302	 -0.000872332	 -0.899062	 2.03029	 2.0302	 2.0303	 2.03011	 2.03033	 
7.98	 -0.781	 0	 -0.99	 -0.773548	 -0.000294295	 -0.971646	 -0.765717	 -0.000305593	 -0.953449	 -0.757786	 -0.000223663	 -0.935294	 -0.750224	 -0.000420705	 -0.916985	 -0.742847	 -0.000781289	 -0.898601	 2.0452	 2.04511	 2.04523	 2.04503	 2.04529	 
7.99	 -0.781	 0	 -0.99	 -0.773549	 -0.00011464	 -0.971543	 -0.7656	 -0.000250293	 -0.953295	 -0.757555	 -0.000401638	 -0.935089	 -0.749968	 -0.0005184	 -0.916688	 -0.742577	 -0.000607807	 -0.898207	 2.05943	 2.05935	 2.05942	 2.05923	 2.05942	 
8	 -0.781	 0	 -0.99	 -0.773409	 7.55389e-005	 -0.971506	 -0.765476	 -0.000209159	 -0.95316	 -0.757449	 -0.000570848	 -0.934855	 -0.74975	 -0.000591849	 -0.916408	 -0.742224	 -0.000460725	 -0.897888	 2.07251	 2.07241	 2.0725	 2.07224	 2.07247	 
8.01	 -0.781	 0	 -0.99	 -0.773203	 0.000171702	 -0.97151	 -0.765324	 -0.000186443	 -0.953058	 -0.757426	 -0.000654149	 -0.934616	 -0.749595	 -0.000628631	 -0.916142	 -0.741797	 -0.000385565	 -0.897653	 2.08415	 2.08405	 2.08411	 2.08387	 2.08408	 
8.02	 -0.781	 0	 -0.99	 -0.772976	 0.000128179	 -0.971534	 -0.765176	 -0.000183558	 -0.952975	 -0.757425	 -0.000618295	 -0.934398	 -0.749451	 -0.000623198	 -0.915912	 -0.741374	 -0.000401385	 -0.89747	 2.09433	 2.09421	 2.09429	 2.09405	 2.09428	 
8.03	 -0.781	 0	 -0.99	 -0.772797	 6.29782e-006	 -0.971548	 -0.765044	 -0.000224549	 -0.952904	 -0.757377	 -0.00048839	 -0.934225	 -0.749287	 -0.000543735	 -0.915724	 -0.741018	 -0.000524018	 -0.897302	 2.10333	 2.10321	 2.10326	 2.10304	 2.10323	 
8.04	 -0.781	 0	 -0.99	 -0.772732	 -0.000188735	 -0.971518	 -0.764921	 -0.000249527	 -0.952839	 -0.757233	 -0.000305143	 -0.934107	 -0.749102	 -0.000474869	 -0.915567	 -0.740745	 -0.000669671	 -0.897125	 2.11155	 2.11143	 2.11153	 2.1113	 2.11154	 
8.05	 -0.781	 0	 -0.99	 -0.772755	 -0.000338672	 -0.971453	 -0.764845	 -0.000292299	 -0.952758	 -0.757001	 -0.000155147	 -0.934035	 -0.74885	 -0.00039135	 -0.915446	 -0.740568	 -0.000804304	 -0.896916	 2.11953	 2.11942	 2.11951	 2.11933	 2.11955	 
8.06	 -0.781	 0	 -0.99	 -0.772865	 -0.000417317	 -0.971348	 -0.764772	 -0.000314095	 -0.952674	 -0.756701	 -8.65867e-005	 -0.933991	 -0.748584	 -0.000354329	 -0.915329	 -0.740433	 -0.000858148	 -0.896686	 2.12759	 2.12749	 2.1276	 2.12741	 2.12764	 
8.07	 -0.781	 0	 -0.99	 -0.772972	 -0.000390834	 -0.971242	 -0.764708	 -0.00030329	 -0.952584	 -0.756394	 -0.000120221	 -0.933948	 -0.748304	 -0.000375522	 -0.915216	 -0.740314	 -0.000819759	 -0.896443	 2.1358	 2.13571	 2.13581	 2.13562	 2.13583	 
8.08	 -0.781	 0	 -0.99	 -0.773031	 -0.00024774	 -0.971157	 -0.764636	 -0.000283974	 -0.952499	 -0.756138	 -0.000245432	 -0.933887	 -0.748049	 -0.000419282	 -0.915095	 -0.740157	 -0.000722626	 -0.89622	 2.14387	 2.14379	 2.1439	 2.14369	 2.14394	 
8.09	 -0.781	 0	 -0.99	 -0.773018	 -8.78954e-005	 -0.971107	 -0.764542	 -0.000230693	 -0.952432	 -0.755968	 -0.000405559	 -0.933802	 -0.747849	 -0.00051321	 -0.91497	 -0.739927	 -0.000569737	 -0.896052	 2.15137	 2.15128	 2.15136	 2.15114	 2.15132	 
8.1	 -0.781	 0	 -0.99	 -0.772897	 8.31044e-005	 -0.971114	 -0.764447	 -0.000205382	 -0.952384	 -0.755899	 -0.000559542	 -0.933699	 -0.747684	 -0.000572008	 -0.914863	 -0.739647	 -0.000449212	 -0.89595	 2.15765	 2.15754	 2.15762	 2.15735	 2.15756	 
8.11	 -0.781	 0	 -0.99	 -0.772729	 0.000164961	 -0.971155	 -0.764324	 -0.000179556	 -0.952372	 -0.755899	 -0.000645152	 -0.933601	 -0.747587	 -0.000625249	 -0.914775	 -0.739319	 -0.000375121	 -0.89593	 2.16223	 2.16212	 2.16217	 2.1619	 2.1621	 
8.12	 -0.781	 0	 -0.99	 -0.772525	 0.000156107	 -0.971227	 -0.764217	 -0.000183965	 -0.952382	 -0.755937	 -0.000643105	 -0.933527	 -0.747503	 -0.00062877	 -0.914737	 -0.739011	 -0.000387437	 -0.895973	 2.16487	 2.16475	 2.16479	 2.16451	 2.1647	 
8.13	 -0.781	 0	 -0.99	 -0.772366	 6.178e-005	 -0.971293	 -0.764119	 -0.000214387	 -0.952416	 -0.75596	 -0.000553207	 -0.933501	 -0.747436	 -0.000583123	 -0.914747	 -0.738746	 -0.000483652	 -0.896068	 2.16558	 2.16544	 2.16547	 2.16519	 2.16538	 
8.14	 -0.781	 0	 -0.99	 -0.772285	 -0.000112431	 -0.971338	 -0.764049	 -0.000241039	 -0.952462	 -0.755931	 -0.000399005	 -0.933535	 -0.747355	 -0.000528275	 -0.914812	 -0.73856	 -0.000612862	 -0.896189	 2.16455	 2.16441	 2.16447	 2.1642	 2.16441	 
8.15	 -0.781	 0	 -0.99	 -0.772291	 -0.000269019	 -0.971354	 -0.764017	 -0.000294081	 -0.952511	 -0.755829	 -0.000241797	 -0.93363	 -0.747236	 -0.00043237	 -0.914932	 -0.73847	 -0.000756821	 -0.896315	 2.1622	 2.16207	 2.16211	 2.16186	 2.16205	 
8.16	 -0.781	 0	 -0.99	 -0.772395	 -0.000401757	 -0.971333	 -0.763993	 -0.000307895	 -0.95257	 -0.755655	 -0.000118108	 -0.93378	 -0.747112	 -0.000383648	 -0.915085	 -0.738453	 -0.000839252	 -0.896445	 2.15884	 2.15871	 2.15878	 2.15852	 2.15872	 
8.17	 -0.781	 0	 -0.99	 -0.772523	 -0.000417679	 -0.971305	 -0.763998	 -0.000311913	 -0.952627	 -0.755451	 -8.09616e-005	 -0.933961	 -0.746956	 -0.000351381	 -0.915273	 -0.738497	 -0.000861976	 -0.896572	 2.15474	 2.15462	 2.1547	 2.15445	 2.15467	 
8.18	 -0.781	 0	 -0.99	 -0.772661	 -0.000341699	 -0.971275	 -0.763992	 -0.000287315	 -0.952697	 -0.755259	 -0.000138982	 -0.93415	 -0.74683	 -0.000372365	 -0.915465	 -0.738531	 -0.000789847	 -0.896724	 2.15008	 2.14997	 2.15005	 2.14981	 2.15	 
8.19	 -0.781	 0	 -0.99	 -0.772729	 -0.00019593	 -0.971279	 -0.763986	 -0.000245111	 -0.952775	 -0.755134	 -0.00027477	 -0.934321	 -0.746729	 -0.000434314	 -0.915662	 -0.738531	 -0.000641948	 -0.89691	 2.14489	 2.14479	 2.14488	 2.14461	 2.1448	 
8.2	 -0.781	 0	 -0.99	 -0.772705	 -2.65275e-006	 -0.971331	 -0.763959	 -0.000212748	 -0.95287	 -0.755105	 -0.000444687	 -0.934461	 -0.746683	 -0.000493505	 -0.915851	 -0.738471	 -0.00048785	 -0.897145	 2.13913	 2.13904	 2.13913	 2.13887	 2.13908	 
8.21	 -0.781	 0	 -0.99	 -0.772599	 0.000128683	 -0.971425	 -0.76391	 -0.000165192	 -0.952985	 -0.755171	 -0.000575731	 -0.93457	 -0.746699	 -0.000571859	 -0.916028	 -0.73834	 -0.000353458	 -0.897435	 2.13276	 2.13266	 2.13276	 2.13249	 2.13269	 
8.22	 -0.781	 0	 -0.99	 -0.772425	 0.000194052	 -0.971556	 -0.763873	 -0.000164786	 -0.953105	 -0.755311	 -0.000632449	 -0.934661	 -0.746738	 -0.000584941	 -0.916217	 -0.738184	 -0.000316237	 -0.897765	 2.12567	 2.12556	 2.12564	 2.12537	 2.12556	 
8.23	 -0.781	 0	 -0.99	 -0.772274	 0.000125213	 -0.971685	 -0.763829	 -0.000175687	 -0.953241	 -0.755458	 -0.000577653	 -0.934765	 -0.746815	 -0.000570262	 -0.916413	 -0.738034	 -0.000364761	 -0.898125	 2.11768	 2.11756	 2.11766	 2.11738	 2.1176	 
8.24	 -0.781	 0	 -0.99	 -0.772173	 -3.1933e-005	 -0.971799	 -0.763819	 -0.000211452	 -0.953377	 -0.755566	 -0.000433489	 -0.93491	 -0.746867	 -0.000507616	 -0.91665	 -0.737971	 -0.000499117	 -0.898483	 2.10867	 2.10855	 2.10862	 2.10836	 2.10855	 
8.25	 -0.781	 0	 -0.99	 -0.772187	 -0.00021546	 -0.971868	 -0.763834	 -0.000262091	 -0.953519	 -0.755585	 -0.000253267	 -0.935123	 -0.7469	 -0.000414912	 -0.916932	 -0.738013	 -0.000671923	 -0.898838	 2.09843	 2.09829	 2.09835	 2.09807	 2.09827	 
8.26	 -0.781	 0	 -0.99	 -0.772314	 -0.000380713	 -0.971895	 -0.763881	 -0.000283633	 -0.953668	 -0.755517	 -0.000102808	 -0.935409	 -0.746908	 -0.000361362	 -0.917268	 -0.738168	 -0.000796104	 -0.899191	 2.08674	 2.08659	 2.08665	 2.08635	 2.08655	 
8.27	 -0.781	 0	 -0.99	 -0.772499	 -0.000412081	 -0.971905	 -0.763961	 -0.000304351	 -0.953823	 -0.755404	 -6.09195e-005	 -0.935751	 -0.746891	 -0.000324879	 -0.917661	 -0.738412	 -0.00084685	 -0.899559	 2.07346	 2.07332	 2.07338	 2.07308	 2.07329	 
8.28	 -0.781	 0	 -0.99	 -0.772698	 -0.000334053	 -0.971918	 -0.764037	 -0.000278604	 -0.954003	 -0.755311	 -0.000141793	 -0.936119	 -0.746918	 -0.000371725	 -0.91808	 -0.738662	 -0.000767404	 -0.89998	 2.05865	 2.05851	 2.05856	 2.05825	 2.05841	 
8.29	 -0.781	 0	 -0.99	 -0.772798	 -0.000146112	 -0.971987	 -0.764116	 -0.000238986	 -0.954201	 -0.755318	 -0.000323417	 -0.936472	 -0.746982	 -0.000453645	 -0.918523	 -0.738873	 -0.000604158	 -0.900469	 2.04241	 2.04227	 2.04235	 2.04201	 2.0422	 
8.3	 -0.781	 0	 -0.99	 -0.772779	 6.91096e-005	 -0.972121	 -0.764165	 -0.000198806	 -0.95443	 -0.75546	 -0.00052254	 -0.936784	 -0.747134	 -0.00053769	 -0.918955	 -0.738991	 -0.00043367	 -0.901042	 2.02509	 2.02497	 2.02505	 2.02474	 2.02492	 
8.31	 -0.781	 0	 -0.99	 -0.77265	 0.000178303	 -0.972312	 -0.764192	 -0.000156539	 -0.954678	 -0.755722	 -0.000631915	 -0.937052	 -0.747354	 -0.000608342	 -0.919375	 -0.739024	 -0.000324579	 -0.901679	 2.00711	 2.00699	 2.0071	 2.00679	 2.00699	 
8.32	 -0.781	 0	 -0.99	 -0.772479	 0.000152898	 -0.972526	 -0.764231	 -0.000174998	 -0.954926	 -0.756031	 -0.000599464	 -0.937304	 -0.747587	 -0.000579276	 -0.919795	 -0.739049	 -0.000363391	 -0.902332	 1.98887	 1.98876	 1.98885	 1.98856	 1.98874	 
8.33	 -0.781	 0	 -0.99	 -0.772405	 -4.10755e-005	 -0.972697	 -0.764277	 -0.000214837	 -0.955171	 -0.756269	 -0.00042152	 -0.937589	 -0.747815	 -0.000500544	 -0.920219	 -0.739139	 -0.000513353	 -0.902957	 1.97055	 1.97043	 1.97055	 1.97025	 1.97048	 
8.34	 -0.781	 0	 -0.99	 -0.772475	 -0.000281668	 -0.972799	 -0.764373	 -0.000265331	 -0.955394	 -0.756372	 -0.000195695	 -0.937942	 -0.747972	 -0.000396634	 -0.92068	 -0.739383	 -0.000705761	 -0.903512	 1.95216	 1.95203	 1.95214	 1.95187	 1.95208	 
8.35	 -0.781	 0	 -0.99	 -0.772697	 -0.000410562	 -0.972831	 -0.764508	 -0.000306267	 -0.955603	 -0.756341	 -6.0072e-005	 -0.938365	 -0.748075	 -0.000313716	 -0.921177	 -0.739767	 -0.000829541	 -0.904014	 1.93341	 1.93328	 1.93339	 1.93309	 1.93332	 
8.36	 -0.781	 0	 -0.99	 -0.772978	 -0.000371	 -0.972838	 -0.764655	 -0.000281357	 -0.955818	 -0.75628	 -9.94823e-005	 -0.938822	 -0.748183	 -0.000342397	 -0.921696	 -0.740197	 -0.000772643	 -0.90452	 1.9139	 1.91377	 1.91385	 1.91354	 1.91372	 
8.37	 -0.781	 0	 -0.99	 -0.773141	 -0.000140503	 -0.972909	 -0.7648	 -0.000231286	 -0.956049	 -0.756337	 -0.000307726	 -0.93925	 -0.748335	 -0.000430326	 -0.922228	 -0.740568	 -0.000580634	 -0.905097	 1.8932	 1.89305	 1.89314	 1.89278	 1.893	 
8.38	 -0.781	 0	 -0.99	 -0.773124	 0.00011593	 -0.973077	 -0.7649	 -0.000174829	 -0.956324	 -0.756592	 -0.000541505	 -0.939614	 -0.74861	 -0.000534324	 -0.922743	 -0.740791	 -0.000370499	 -0.905796	 1.87106	 1.87092	 1.87098	 1.87063	 1.87083	 
8.39	 -0.781	 0	 -0.99	 -0.77296	 0.000192492	 -0.973327	 -0.764971	 -0.000140393	 -0.956633	 -0.757004	 -0.000619123	 -0.939932	 -0.748976	 -0.000588987	 -0.923255	 -0.740911	 -0.000288114	 -0.906597	 1.8475	 1.84735	 1.84743	 1.84707	 1.84729	 
8.4	 -0.781	 0	 -0.99	 -0.77281	 4.44399e-005	 -0.97358	 -0.765066	 -0.0001852	 -0.956949	 -0.757409	 -0.000472846	 -0.940277	 -0.749336	 -0.000508806	 -0.923802	 -0.741082	 -0.000428877	 -0.907417	 1.82283	 1.82268	 1.82275	 1.82242	 1.8226	 
8.41	 -0.781	 0	 -0.99	 -0.772881	 -0.000246207	 -0.973733	 -0.765199	 -0.000255392	 -0.957255	 -0.757625	 -0.000200455	 -0.940726	 -0.749631	 -0.000377681	 -0.924399	 -0.741429	 -0.000675002	 -0.908175	 1.79748	 1.79734	 1.79745	 1.7971	 1.79732	 
8.42	 -0.781	 0	 -0.99	 -0.773175	 -0.000428385	 -0.973779	 -0.765393	 -0.000288819	 -0.957534	 -0.757632	 -3.84104e-005	 -0.941279	 -0.749824	 -0.000312152	 -0.925049	 -0.741978	 -0.000815242	 -0.908842	 1.772	 1.77187	 1.77198	 1.77166	 1.77187	 
8.43	 -0.781	 0	 -0.99	 -0.773494	 -0.000295558	 -0.973809	 -0.765604	 -0.000271226	 -0.9578	 -0.757611	 -0.000158617	 -0.941842	 -0.749989	 -0.000357142	 -0.925706	 -0.742563	 -0.000724667	 -0.90948	 1.74676	 1.74663	 1.74678	 1.74645	 1.74671	 
8.44	 -0.781	 0	 -0.99	 -0.773606	 1.87428e-005	 -0.973934	 -0.765754	 -0.000197171	 -0.95809	 -0.757798	 -0.000457027	 -0.942297	 -0.750273	 -0.000504554	 -0.926294	 -0.742956	 -0.000464552	 -0.910193	 1.72199	 1.72187	 1.722	 1.72172	 1.72194	 
8.45	 -0.781	 0	 -0.99	 -0.773442	 0.000195145	 -0.974189	 -0.765844	 -0.000142379	 -0.958401	 -0.758247	 -0.000629997	 -0.942615	 -0.750682	 -0.000604181	 -0.926808	 -0.743126	 -0.000301584	 -0.910999	 1.69765	 1.69752	 1.69768	 1.69737	 1.69761	 
8.46	 -0.781	 0	 -0.99	 -0.773245	 4.48478e-005	 -0.974461	 -0.765939	 -0.00018615	 -0.958708	 -0.758727	 -0.000478976	 -0.942912	 -0.7511	 -0.000518381	 -0.927311	 -0.743289	 -0.000436429	 -0.911801	 1.67356	 1.67344	 1.67357	 1.67327	 1.67347	 
8.47	 -0.781	 0	 -0.99	 -0.773349	 -0.000294451	 -0.974588	 -0.766095	 -0.000268581	 -0.958984	 -0.758937	 -0.000152269	 -0.943335	 -0.751406	 -0.000349223	 -0.927865	 -0.74369	 -0.00071445	 -0.912489	 1.64948	 1.64935	 1.64949	 1.64916	 1.6494	 
8.48	 -0.781	 0	 -0.99	 -0.773735	 -0.000417665	 -0.974582	 -0.766323	 -0.000284608	 -0.95923	 -0.758891	 -3.77891e-005	 -0.943887	 -0.751588	 -0.000298477	 -0.928486	 -0.744331	 -0.000790303	 -0.913067	 1.62525	 1.62511	 1.62524	 1.62491	 1.62512	 
8.49	 -0.781	 0	 -0.99	 -0.774017	 -0.000132042	 -0.974623	 -0.766542	 -0.000219167	 -0.959481	 -0.75894	 -0.000297749	 -0.944401	 -0.751803	 -0.00041571	 -0.929098	 -0.744907	 -0.00055344	 -0.913683	 1.60077	 1.60062	 1.60075	 1.6004	 1.60064	 
8.5	 -0.781	 0	 -0.99	 -0.773923	 0.00019402	 -0.974846	 -0.766665	 -0.00014629	 -0.959782	 -0.759352	 -0.000593616	 -0.944747	 -0.752209	 -0.000552227	 -0.929625	 -0.745169	 -0.000294147	 -0.914456	 1.57609	 1.57594	 1.57605	 1.57572	 1.57595	 
8.51	 -0.781	 0	 -0.99	 -0.77368	 8.83705e-005	 -0.975143	 -0.766743	 -0.000159374	 -0.960106	 -0.759909	 -0.00049684	 -0.945022	 -0.752705	 -0.000517465	 -0.93011	 -0.745306	 -0.000369736	 -0.915293	 1.55129	 1.55115	 1.5513	 1.55095	 1.55121	 
8.52	 -0.781	 0	 -0.99	 -0.773761	 -0.00030665	 -0.975287	 -0.766909	 -0.000250021	 -0.960388	 -0.760158	 -0.000128112	 -0.945442	 -0.753038	 -0.000337866	 -0.930671	 -0.745728	 -0.000686799	 -0.915994	 1.52657	 1.52645	 1.5266	 1.52627	 1.52651	 
8.53	 -0.781	 0	 -0.99	 -0.774192	 -0.000383605	 -0.975262	 -0.767168	 -0.000282249	 -0.960621	 -0.76008	 -5.09676e-005	 -0.946012	 -0.753202	 -0.000281611	 -0.931305	 -0.746443	 -0.000758555	 -0.916546	 1.50211	 1.50198	 1.50215	 1.50181	 1.50209	 
8.54	 -0.781	 0	 -0.99	 -0.774424	 -4.8303e-006	 -0.975324	 -0.76737	 -0.000193286	 -0.960874	 -0.760196	 -0.000405192	 -0.946483	 -0.753469	 -0.000453402	 -0.931878	 -0.746972	 -0.000444623	 -0.917168	 1.47812	 1.47798	 1.47813	 1.47782	 1.47809	 
8.55	 -0.781	 0	 -0.99	 -0.77419	 0.000202825	 -0.975603	 -0.767455	 -0.000128963	 -0.961173	 -0.760748	 -0.000603623	 -0.946733	 -0.753956	 -0.000567543	 -0.932328	 -0.747111	 -0.000259136	 -0.917949	 1.45477	 1.45464	 1.45481	 1.4545	 1.45479	 
8.56	 -0.781	 0	 -0.99	 -0.774031	 -0.000136958	 -0.975842	 -0.767559	 -0.000207719	 -0.961451	 -0.76121	 -0.000282594	 -0.947004	 -0.754386	 -0.000409405	 -0.932777	 -0.747323	 -0.000537486	 -0.918666	 1.43232	 1.43222	 1.43241	 1.43211	 1.43237	 
8.57	 -0.781	 0	 -0.99	 -0.774397	 -0.00041693	 -0.975828	 -0.767787	 -0.000288413	 -0.961655	 -0.761164	 -1.49026e-005	 -0.947488	 -0.754553	 -0.000259906	 -0.933317	 -0.747962	 -0.000780206	 -0.919143	 1.41099	 1.41089	 1.41108	 1.41078	 1.41107	 
8.58	 -0.781	 0	 -0.99	 -0.774751	 -9.52978e-005	 -0.975807	 -0.768002	 -0.000216038	 -0.961846	 -0.761127	 -0.000320208	 -0.947945	 -0.754724	 -0.000410186	 -0.933823	 -0.748567	 -0.000519882	 -0.919589	 1.39089	 1.39077	 1.39095	 1.39067	 1.39097	 
8.59	 -0.781	 0	 -0.99	 -0.774535	 0.000208129	 -0.976043	 -0.768072	 -0.000132835	 -0.962087	 -0.761623	 -0.000614108	 -0.948129	 -0.755162	 -0.000574585	 -0.934169	 -0.748688	 -0.000263095	 -0.920217	 1.37197	 1.37185	 1.37204	 1.37176	 1.37205	 
8.6	 -0.781	 0	 -0.99	 -0.774326	 -0.000135322	 -0.976271	 -0.768147	 -0.000211099	 -0.962312	 -0.7621	 -0.000295385	 -0.948294	 -0.755583	 -0.000422764	 -0.934491	 -0.748817	 -0.000543368	 -0.920805	 1.35413	 1.35403	 1.35423	 1.35393	 1.35422	 
8.61	 -0.781	 0	 -0.99	 -0.774717	 -0.00041976	 -0.976215	 -0.768369	 -0.000288283	 -0.962455	 -0.761999	 -2.30681e-005	 -0.948706	 -0.755696	 -0.000274318	 -0.934928	 -0.749435	 -0.000787324	 -0.921136	 1.33722	 1.33711	 1.33729	 1.337	 1.33729	 
8.62	 -0.781	 0	 -0.99	 -0.775018	 -2.05342e-005	 -0.976191	 -0.768561	 -0.000197464	 -0.9626	 -0.761974	 -0.000392115	 -0.949071	 -0.755843	 -0.000452682	 -0.93533	 -0.749962	 -0.000471292	 -0.921477	 1.32108	 1.32094	 1.32112	 1.32082	 1.32113	 
8.63	 -0.781	 0	 -0.99	 -0.774702	 0.000193301	 -0.976446	 -0.768591	 -0.00014038	 -0.96281	 -0.762529	 -0.000593648	 -0.949154	 -0.75629	 -0.000562026	 -0.935574	 -0.749963	 -0.000294206	 -0.922034	 1.30563	 1.30551	 1.30567	 1.30537	 1.30564	 
8.64	 -0.781	 0	 -0.99	 -0.774631	 -0.00027186	 -0.976587	 -0.76868	 -0.000246787	 -0.962982	 -0.762849	 -0.00016163	 -0.949324	 -0.756616	 -0.000349643	 -0.935848	 -0.75016	 -0.000660756	 -0.922477	 1.29092	 1.29082	 1.29102	 1.2907	 1.29099	 
8.65	 -0.781	 0	 -0.99	 -0.77513	 -0.000347099	 -0.976461	 -0.768915	 -0.000263344	 -0.963074	 -0.762622	 -9.07168e-005	 -0.949723	 -0.756644	 -0.000309811	 -0.936231	 -0.750819	 -0.000710951	 -0.922674	 1.27724	 1.27713	 1.2773	 1.27701	 1.27728	 
8.66	 -0.781	 0	 -0.99	 -0.775158	 0.000150106	 -0.976535	 -0.769027	 -0.000143878	 -0.963202	 -0.762813	 -0.000550513	 -0.949909	 -0.756871	 -0.000537383	 -0.936488	 -0.751085	 -0.000306997	 -0.922999	 1.26482	 1.26468	 1.26487	 1.26459	 1.2649	 
8.67	 -0.781	 0	 -0.99	 -0.774771	 2.3249e-005	 -0.976788	 -0.769021	 -0.000180703	 -0.963362	 -0.763376	 -0.000426235	 -0.949891	 -0.75729	 -0.000467477	 -0.936614	 -0.750996	 -0.000417924	 -0.923431	 1.25391	 1.25383	 1.25402	 1.25377	 1.25403	 
8.68	 -0.781	 0	 -0.99	 -0.775047	 -0.000411039	 -0.976733	 -0.769168	 -0.000290343	 -0.963428	 -0.763309	 -1.83271e-005	 -0.950114	 -0.757383	 -0.000253407	 -0.936832	 -0.751424	 -0.000769479	 -0.92357	 1.24481	 1.24473	 1.24496	 1.2447	 1.24501	 
8.69	 -0.781	 0	 -0.99	 -0.775424	 -6.44118e-005	 -0.976615	 -0.769338	 -0.000196618	 -0.963456	 -0.763136	 -0.000343554	 -0.950349	 -0.757406	 -0.000425076	 -0.93703	 -0.751909	 -0.000476597	 -0.923611	 1.23764	 1.23754	 1.23774	 1.23753	 1.23783	 
8.7	 -0.781	 0	 -0.99	 -0.775065	 0.000182729	 -0.97681	 -0.769318	 -0.000124637	 -0.96354	 -0.76363	 -0.000574483	 -0.950247	 -0.757757	 -0.000555279	 -0.937029	 -0.75178	 -0.000270953	 -0.923857	 1.23231	 1.23222	 1.23245	 1.23221	 1.23255	 
8.71	 -0.781	 0	 -0.99	 -0.774987	 -0.000307036	 -0.976873	 -0.769361	 -0.000248218	 -0.963574	 -0.763835	 -0.000116624	 -0.950231	 -0.757948	 -0.000320053	 -0.937046	 -0.75187	 -0.000674809	 -0.923949	 1.22874	 1.22867	 1.22889	 1.22865	 1.22896	 
8.72	 -0.781	 0	 -0.99	 -0.775477	 -0.000276367	 -0.976673	 -0.769544	 -0.000252934	 -0.963522	 -0.763499	 -0.000148907	 -0.950421	 -0.757844	 -0.000327291	 -0.937149	 -0.752403	 -0.000659533	 -0.923788	 1.22675	 1.22666	 1.22688	 1.22663	 1.22697	 
8.73	 -0.781	 0	 -0.99	 -0.775348	 0.000200776	 -0.97673	 -0.769564	 -0.000141221	 -0.963522	 -0.763731	 -0.000598894	 -0.950337	 -0.758026	 -0.000557973	 -0.937089	 -0.752406	 -0.000282157	 -0.923807	 1.22615	 1.22604	 1.22623	 1.22599	 1.2263	 
8.74	 -0.781	 0	 -0.99	 -0.775006	 -0.000103607	 -0.976877	 -0.769513	 -0.000215984	 -0.963536	 -0.764145	 -0.000318245	 -0.950144	 -0.758304	 -0.000420856	 -0.936952	 -0.75222	 -0.000535232	 -0.92387	 1.22667	 1.22659	 1.22679	 1.22653	 1.22683	 
8.75	 -0.781	 0	 -0.99	 -0.775399	 -0.000408009	 -0.976699	 -0.769637	 -0.000289107	 -0.963461	 -0.763851	 -4.20991e-005	 -0.950235	 -0.758208	 -0.000285324	 -0.936948	 -0.752623	 -0.00077788	 -0.923642	 1.22825	 1.22816	 1.22834	 1.2281	 1.22839	 
8.76	 -0.781	 0	 -0.99	 -0.775569	 5.81631e-005	 -0.976605	 -0.769711	 -0.000169497	 -0.963393	 -0.763759	 -0.000485073	 -0.950224	 -0.758199	 -0.000520519	 -0.936882	 -0.752835	 -0.000393744	 -0.923459	 1.23075	 1.23064	 1.23081	 1.23058	 1.23088	 
8.77	 -0.781	 0	 -0.99	 -0.775124	 8.89965e-005	 -0.97677	 -0.769634	 -0.0001607	 -0.963377	 -0.764237	 -0.000510286	 -0.949948	 -0.758479	 -0.000535781	 -0.936667	 -0.752541	 -0.000375454	 -0.923464	 1.2341	 1.23401	 1.23419	 1.23395	 1.23426	 
8.78	 -0.781	 0	 -0.99	 -0.775236	 -0.000386445	 -0.976695	 -0.769687	 -0.00028486	 -0.963294	 -0.764182	 -5.63449e-005	 -0.949876	 -0.75848	 -0.000291724	 -0.936541	 -0.752689	 -0.00077261	 -0.92325	 1.2384	 1.23832	 1.23851	 1.23828	 1.23858	 
8.79	 -0.781	 0	 -0.99	 -0.775645	 -0.000149162	 -0.976482	 -0.769804	 -0.000231418	 -0.963167	 -0.763834	 -0.000276051	 -0.949908	 -0.758322	 -0.000395945	 -0.936454	 -0.753058	 -0.000581102	 -0.922899	 1.24385	 1.24374	 1.24394	 1.24371	 1.24405	 
8.8	 -0.781	 0	 -0.99	 -0.775346	 0.000203537	 -0.976556	 -0.769735	 -0.000140344	 -0.963098	 -0.764137	 -0.000611583	 -0.949637	 -0.758492	 -0.00057531	 -0.936188	 -0.752825	 -0.000287413	 -0.92275	 1.25069	 1.2506	 1.25079	 1.25058	 1.25089	 
8.81	 -0.781	 0	 -0.99	 -0.775108	 -0.000212372	 -0.976598	 -0.769673	 -0.000237524	 -0.963003	 -0.764365	 -0.00022904	 -0.949356	 -0.758617	 -0.000388817	 -0.935891	 -0.752627	 -0.000617979	 -0.92253	 1.2592	 1.25913	 1.25936	 1.25914	 1.25947	 
8.82	 -0.781	 0	 -0.99	 -0.775518	 -0.000377638	 -0.976354	 -0.769768	 -0.000279036	 -0.962814	 -0.763959	 -7.81187e-005	 -0.9493	 -0.758394	 -0.000311697	 -0.935685	 -0.752945	 -0.000750944	 -0.922025	 1.26968	 1.26961	 1.26982	 1.26963	 1.26993	 
8.83	 -0.781	 0	 -0.99	 -0.77556	 9.7594e-005	 -0.976244	 -0.769765	 -0.000167821	 -0.962637	 -0.763871	 -0.000524035	 -0.949074	 -0.758314	 -0.000537285	 -0.935365	 -0.752945	 -0.000375142	 -0.92158	 1.28212	 1.28203	 1.28225	 1.28207	 1.2824	 
8.84	 -0.781	 0	 -0.99	 -0.775111	 8.04056e-005	 -0.976329	 -0.769626	 -0.000179579	 -0.962493	 -0.764231	 -0.000509802	 -0.948622	 -0.758462	 -0.000530653	 -0.9349	 -0.752519	 -0.000407243	 -0.92125	 1.29633	 1.29627	 1.29647	 1.29629	 1.29658	 
8.85	 -0.781	 0	 -0.99	 -0.775184	 -0.000375112	 -0.976191	 -0.769606	 -0.000295072	 -0.96228	 -0.764093	 -9.03238e-005	 -0.948343	 -0.758354	 -0.000320969	 -0.934499	 -0.752496	 -0.000786841	 -0.920708	 1.31191	 1.31184	 1.31205	 1.31185	 1.31218	 
8.86	 -0.781	 0	 -0.99	 -0.775565	 -0.000235104	 -0.975917	 -0.769662	 -0.000256725	 -0.962023	 -0.763657	 -0.000232219	 -0.948171	 -0.758081	 -0.000403188	 -0.934144	 -0.75271	 -0.00066864	 -0.920036	 1.32839	 1.32831	 1.32847	 1.32829	 1.32857	 
8.87	 -0.781	 0	 -0.99	 -0.775366	 0.000168311	 -0.975875	 -0.769576	 -0.000154783	 -0.961817	 -0.763749	 -0.000616755	 -0.947777	 -0.758062	 -0.000608012	 -0.933674	 -0.752448	 -0.000340745	 -0.919542	 1.34525	 1.34515	 1.34532	 1.3451	 1.34542	 
8.88	 -0.781	 0	 -0.99	 -0.774977	 -3.74308e-005	 -0.975914	 -0.769438	 -0.000212528	 -0.961633	 -0.764007	 -0.00042336	 -0.947309	 -0.758125	 -0.000507054	 -0.933166	 -0.752028	 -0.000522652	 -0.919111	 1.36223	 1.36215	 1.3623	 1.36209	 1.36236	 
8.89	 -0.781	 0	 -0.99	 -0.775155	 -0.00040574	 -0.975723	 -0.769432	 -0.000311933	 -0.961393	 -0.763731	 -7.7676e-005	 -0.947053	 -0.757921	 -0.00032327	 -0.93276	 -0.752061	 -0.000832001	 -0.918492	 1.37937	 1.37928	 1.37944	 1.37923	 1.37953	 
8.9	 -0.781	 0	 -0.99	 -0.77547	 -0.00018961	 -0.97547	 -0.769454	 -0.000255491	 -0.961134	 -0.763327	 -0.000284166	 -0.946843	 -0.757648	 -0.000430119	 -0.932371	 -0.752188	 -0.000644557	 -0.917814	 1.39699	 1.3969	 1.39704	 1.39685	 1.39714	 
8.91	 -0.781	 0	 -0.99	 -0.775245	 0.000166774	 -0.975426	 -0.769344	 -0.000158627	 -0.960913	 -0.763415	 -0.000620855	 -0.946415	 -0.757612	 -0.000609694	 -0.931859	 -0.751868	 -0.000340728	 -0.917281	 1.41556	 1.41547	 1.41565	 1.41547	 1.41579	 
8.92	 -0.781	 0	 -0.99	 -0.774863	 -1.50857e-005	 -0.975438	 -0.769192	 -0.000204974	 -0.96069	 -0.763626	 -0.00044596	 -0.945902	 -0.757624	 -0.00051927	 -0.931284	 -0.751412	 -0.000496459	 -0.916752	 1.43563	 1.43557	 1.43577	 1.43562	 1.43591	 
8.93	 -0.781	 0	 -0.99	 -0.774959	 -0.00038118	 -0.975247	 -0.76914	 -0.000304086	 -0.960401	 -0.763367	 -9.91805e-005	 -0.945536	 -0.757392	 -0.000334859	 -0.930753	 -0.751322	 -0.000809496	 -0.916012	 1.45758	 1.45754	 1.45775	 1.45761	 1.45793	 
8.94	 -0.781	 0	 -0.99	 -0.775267	 -0.000285483	 -0.974954	 -0.769124	 -0.000280807	 -0.960068	 -0.762891	 -0.000197314	 -0.945219	 -0.75704	 -0.000388474	 -0.930217	 -0.751372	 -0.000727928	 -0.915145	 1.48148	 1.48143	 1.48162	 1.4815	 1.48181	 
8.95	 -0.781	 0	 -0.99	 -0.77518	 8.65525e-005	 -0.974806	 -0.769011	 -0.000185298	 -0.959752	 -0.762767	 -0.00055887	 -0.94473	 -0.756845	 -0.000583329	 -0.929574	 -0.751079	 -0.000417034	 -0.914358	 1.50695	 1.50689	 1.50708	 1.50695	 1.50726	 
8.96	 -0.781	 0	 -0.99	 -0.774774	 0.000127906	 -0.97478	 -0.768822	 -0.000182058	 -0.959453	 -0.762926	 -0.000600467	 -0.944106	 -0.756778	 -0.000605528	 -0.928854	 -0.750519	 -0.000399748	 -0.913647	 1.53336	 1.5333	 1.53347	 1.53332	 1.53361	 
8.97	 -0.781	 0	 -0.99	 -0.774605	 -0.000208853	 -0.974661	 -0.768676	 -0.000271323	 -0.959135	 -0.762857	 -0.000283856	 -0.943567	 -0.756602	 -0.000445315	 -0.928171	 -0.750136	 -0.000695179	 -0.912861	 1.55996	 1.55988	 1.56003	 1.55985	 1.56013	 
8.98	 -0.781	 0	 -0.99	 -0.774818	 -0.000422039	 -0.974394	 -0.768616	 -0.000316965	 -0.95879	 -0.762426	 -9.12172e-005	 -0.943182	 -0.756248	 -0.000359018	 -0.927572	 -0.750059	 -0.000865034	 -0.91197	 1.58607	 1.58598	 1.5861	 1.5859	 1.58618	 
8.99	 -0.781	 0	 -0.99	 -0.77501	 -0.000221239	 -0.974137	 -0.768561	 -0.000267397	 -0.958454	 -0.762005	 -0.000283052	 -0.942814	 -0.755884	 -0.000455329	 -0.927002	 -0.749977	 -0.000694602	 -0.911107	 1.61136	 1.61126	 1.61136	 1.61115	 1.61142	 
9	 -0.781	 0	 -0.99	 -0.774859	 0.000109528	 -0.974021	 -0.768424	 -0.000196587	 -0.958161	 -0.761908	 -0.00058671	 -0.942335	 -0.75568	 -0.000593549	 -0.92639	 -0.74961	 -0.000430187	 -0.910384	 1.63585	 1.63576	 1.63587	 1.63565	 1.63592	 
9.01	 -0.781	 0	 -0.99	 -0.774503	 0.000141318	 -0.973991	 -0.768226	 -0.000182548	 -0.957898	 -0.76201	 -0.000614625	 -0.941783	 -0.755586	 -0.00061097	 -0.925745	 -0.749057	 -0.000394807	 -0.90975	 1.65995	 1.65986	 1.65998	 1.65978	 1.66005	 
9.02	 -0.781	 0	 -0.99	 -0.774296	 -0.00013941	 -0.973904	 -0.76807	 -0.000240018	 -0.957617	 -0.761967	 -0.000350589	 -0.941283	 -0.755413	 -0.000487639	 -0.925127	 -0.74863	 -0.000613535	 -0.909063	 1.68417	 1.68409	 1.68423	 1.68405	 1.68434	 
9.03	 -0.781	 0	 -0.99	 -0.77439	 -0.000386773	 -0.973693	 -0.76799	 -0.000308372	 -0.957298	 -0.76163	 -0.000110566	 -0.940888	 -0.755082	 -0.000356725	 -0.924553	 -0.748451	 -0.000828973	 -0.908255	 1.70901	 1.70895	 1.70909	 1.70894	 1.70922	 
9.04	 -0.781	 0	 -0.99	 -0.774609	 -0.000355318	 -0.973424	 -0.767921	 -0.000302737	 -0.956961	 -0.761171	 -0.000143228	 -0.940524	 -0.754695	 -0.00037229	 -0.923979	 -0.748345	 -0.000803392	 -0.907387	 1.73473	 1.73467	 1.73483	 1.73469	 1.73497	 
9.05	 -0.781	 0	 -0.99	 -0.774647	 -9.71908e-005	 -0.973219	 -0.767808	 -0.000235797	 -0.95663	 -0.76086	 -0.000397597	 -0.940086	 -0.754364	 -0.000508731	 -0.923359	 -0.748083	 -0.000581973	 -0.906549	 1.76129	 1.76124	 1.76138	 1.76125	 1.76151	 
9.06	 -0.781	 0	 -0.99	 -0.774415	 0.000141511	 -0.973117	 -0.767629	 -0.000190489	 -0.956317	 -0.760782	 -0.000623351	 -0.939543	 -0.754131	 -0.000614112	 -0.922685	 -0.747594	 -0.000403497	 -0.905783	 1.7884	 1.78834	 1.78848	 1.78833	 1.7886	 
9.07	 -0.781	 0	 -0.99	 -0.77409	 0.000132425	 -0.973054	 -0.767411	 -0.000192948	 -0.956018	 -0.760792	 -0.000621143	 -0.93896	 -0.75395	 -0.000621075	 -0.921986	 -0.746999	 -0.000418092	 -0.905057	 1.81564	 1.81557	 1.8157	 1.81554	 1.81581	 
9.08	 -0.781	 0	 -0.99	 -0.773876	 -9.57593e-005	 -0.97295	 -0.767225	 -0.000240557	 -0.95571	 -0.76069	 -0.000415491	 -0.938426	 -0.753704	 -0.000534751	 -0.92132	 -0.746497	 -0.000603865	 -0.904304	 1.8426	 1.84252	 1.84264	 1.84247	 1.84275	 
9.09	 -0.781	 0	 -0.99	 -0.773872	 -0.000330754	 -0.972766	 -0.767093	 -0.000308321	 -0.95539	 -0.760386	 -0.000191766	 -0.937985	 -0.753353	 -0.000416906	 -0.920712	 -0.746173	 -0.000817374	 -0.903501	 1.86901	 1.86892	 1.86902	 1.86885	 1.8691	 
9.1	 -0.781	 0	 -0.99	 -0.774018	 -0.000422865	 -0.972527	 -0.766983	 -0.000327412	 -0.95507	 -0.759946	 -0.000111635	 -0.937615	 -0.752948	 -0.000383659	 -0.920146	 -0.745956	 -0.000888292	 -0.902679	 1.8947	 1.89461	 1.8947	 1.89451	 1.89476	 
9.11	 -0.781	 0	 -0.99	 -0.774132	 -0.000309794	 -0.972303	 -0.766876	 -0.000299748	 -0.954759	 -0.759527	 -0.000222779	 -0.937254	 -0.752538	 -0.000438988	 -0.919604	 -0.745724	 -0.00078782	 -0.901886	 1.91966	 1.91957	 1.91966	 1.91946	 1.9197	 
9.12	 -0.781	 0	 -0.99	 -0.774101	 -7.32754e-005	 -0.972141	 -0.766731	 -0.000253905	 -0.954472	 -0.759242	 -0.000439236	 -0.936853	 -0.752194	 -0.00053077	 -0.919053	 -0.745367	 -0.000601767	 -0.901166	 1.94397	 1.94389	 1.94399	 1.94379	 1.94404	 
9.13	 -0.781	 0	 -0.99	 -0.77391	 0.000109101	 -0.972047	 -0.766538	 -0.000199185	 -0.954212	 -0.759108	 -0.000614264	 -0.936402	 -0.751932	 -0.000625966	 -0.918484	 -0.744871	 -0.000435605	 -0.90052	 1.96778	 1.9677	 1.9678	 1.96761	 1.96785	 
9.14	 -0.781	 0	 -0.99	 -0.773621	 0.000161868	 -0.971998	 -0.766334	 -0.000189741	 -0.953962	 -0.759055	 -0.000658016	 -0.935925	 -0.751695	 -0.000641711	 -0.917916	 -0.744312	 -0.000397539	 -0.899916	 1.99118	 1.9911	 1.9912	 1.99102	 1.99126	 
9.15	 -0.781	 0	 -0.99	 -0.773376	 5.486e-005	 -0.971935	 -0.766129	 -0.000215551	 -0.953719	 -0.75897	 -0.000554096	 -0.935468	 -0.751452	 -0.000590503	 -0.91736	 -0.743763	 -0.000489696	 -0.899323	 2.01422	 2.01413	 2.01423	 2.01405	 2.0143	 
9.16	 -0.781	 0	 -0.99	 -0.773239	 -0.000149272	 -0.971833	 -0.765953	 -0.000253225	 -0.95347	 -0.758778	 -0.000365103	 -0.935063	 -0.75115	 -0.000511226	 -0.91684	 -0.743306	 -0.000650816	 -0.898708	 2.03683	 2.03673	 2.03684	 2.03667	 2.03693	 
9.17	 -0.781	 0	 -0.99	 -0.773224	 -0.000322699	 -0.971683	 -0.765805	 -0.000303315	 -0.953217	 -0.758462	 -0.00019335	 -0.93472	 -0.750786	 -0.000418162	 -0.916361	 -0.742963	 -0.00081234	 -0.898065	 2.05891	 2.0588	 2.0589	 2.05873	 2.05897	 
9.18	 -0.781	 0	 -0.99	 -0.773303	 -0.000420586	 -0.9715	 -0.765666	 -0.000317769	 -0.952971	 -0.758061	 -0.000106092	 -0.934429	 -0.750398	 -0.00038537	 -0.915913	 -0.742688	 -0.000881924	 -0.897419	 2.08028	 2.08018	 2.08027	 2.08009	 2.08032	 
9.19	 -0.781	 0	 -0.99	 -0.773387	 -0.000383692	 -0.971318	 -0.765549	 -0.000314513	 -0.952726	 -0.757658	 -0.000140335	 -0.934157	 -0.749989	 -0.000395584	 -0.915497	 -0.742428	 -0.000854365	 -0.896795	 2.10084	 2.10075	 2.10083	 2.10064	 2.10087	 
9.2	 -0.781	 0	 -0.99	 -0.773431	 -0.000248834	 -0.971158	 -0.765418	 -0.000288658	 -0.952499	 -0.757309	 -0.000269756	 -0.933881	 -0.749615	 -0.000451787	 -0.91509	 -0.742108	 -0.000741394	 -0.896224	 2.12059	 2.1205	 2.12058	 2.12039	 2.1206	 
9.21	 -0.781	 0	 -0.99	 -0.773371	 -8.08699e-005	 -0.971046	 -0.765266	 -0.000244732	 -0.952291	 -0.757049	 -0.000436488	 -0.933585	 -0.749277	 -0.000537551	 -0.914691	 -0.741712	 -0.000587755	 -0.895711	 2.13958	 2.1395	 2.13959	 2.13938	 2.13959	 
9.22	 -0.781	 0	 -0.99	 -0.773212	 8.28259e-005	 -0.97098	 -0.765087	 -0.000216737	 -0.952105	 -0.756874	 -0.000583803	 -0.933268	 -0.748979	 -0.00059641	 -0.914294	 -0.741244	 -0.000467075	 -0.895253	 2.15789	 2.15782	 2.1579	 2.1577	 2.15792	 
9.23	 -0.781	 0	 -0.99	 -0.772998	 0.000155708	 -0.970944	 -0.764886	 -0.000187695	 -0.951938	 -0.756756	 -0.000656559	 -0.932941	 -0.74872	 -0.000643709	 -0.9139	 -0.740722	 -0.000394376	 -0.894843	 2.17553	 2.17545	 2.17553	 2.17533	 2.17556	 
9.24	 -0.781	 0	 -0.99	 -0.772759	 0.000151765	 -0.970925	 -0.764695	 -0.000195251	 -0.951778	 -0.756658	 -0.000647231	 -0.932622	 -0.748459	 -0.000631556	 -0.91353	 -0.740202	 -0.00040817	 -0.894463	 2.19236	 2.19227	 2.19234	 2.19214	 2.19235	 
9.25	 -0.781	 0	 -0.99	 -0.772568	 5.55349e-005	 -0.970895	 -0.764505	 -0.000212846	 -0.951635	 -0.756534	 -0.000557512	 -0.932337	 -0.748206	 -0.000594436	 -0.913188	 -0.739707	 -0.000484063	 -0.894113	 2.20809	 2.20798	 2.20805	 2.20784	 2.20807	 
9.26	 -0.781	 0	 -0.99	 -0.77243	 -8.81162e-005	 -0.970854	 -0.764343	 -0.000242591	 -0.9515	 -0.756359	 -0.00042048	 -0.932103	 -0.747922	 -0.000532561	 -0.9129	 -0.739284	 -0.000602539	 -0.893784	 2.22243	 2.22231	 2.22236	 2.22215	 2.22236	 
9.27	 -0.781	 0	 -0.99	 -0.772376	 -0.000233359	 -0.970787	 -0.764197	 -0.000279848	 -0.95138	 -0.756123	 -0.000276141	 -0.931929	 -0.747627	 -0.000457344	 -0.912662	 -0.738932	 -0.000729841	 -0.893482	 2.23517	 2.23503	 2.23508	 2.23485	 2.23506	 
9.28	 -0.781	 0	 -0.99	 -0.772392	 -0.000361574	 -0.970702	 -0.76408	 -0.000298357	 -0.951272	 -0.755839	 -0.000156113	 -0.931813	 -0.747312	 -0.000406963	 -0.912479	 -0.738648	 -0.000817631	 -0.893208	 2.24628	 2.24615	 2.24618	 2.24596	 2.24617	 
9.29	 -0.781	 0	 -0.99	 -0.772449	 -0.000411591	 -0.970608	 -0.763983	 -0.000317722	 -0.951175	 -0.755527	 -9.55894e-005	 -0.931739	 -0.746987	 -0.000361885	 -0.912341	 -0.738415	 -0.000867518	 -0.892961	 2.25599	 2.25586	 2.25592	 2.2557	 2.25591	 
9.3	 -0.781	 0	 -0.99	 -0.772519	 -0.00040823	 -0.970515	 -0.763875	 -0.000303082	 -0.951098	 -0.755205	 -9.70096e-005	 -0.931692	 -0.746681	 -0.000370454	 -0.912226	 -0.738208	 -0.000848125	 -0.892738	 2.26471	 2.2646	 2.26466	 2.26445	 2.26464	 
9.31	 -0.781	 0	 -0.99	 -0.772553	 -0.000323479	 -0.97044	 -0.763771	 -0.000290413	 -0.951026	 -0.754909	 -0.000167391	 -0.931649	 -0.746376	 -0.000390542	 -0.912126	 -0.738	 -0.000785454	 -0.892537	 2.27281	 2.27272	 2.27282	 2.2726	 2.27282	 
9.32	 -0.781	 0	 -0.99	 -0.772563	 -0.000207672	 -0.970378	 -0.763656	 -0.000260524	 -0.950965	 -0.754658	 -0.000281126	 -0.931592	 -0.746105	 -0.000445805	 -0.912022	 -0.73774	 -0.000676025	 -0.892369	 2.28064	 2.28057	 2.28065	 2.28045	 2.28064	 
9.33	 -0.781	 0	 -0.99	 -0.772506	 -6.91986e-005	 -0.970348	 -0.763545	 -0.000232833	 -0.950905	 -0.754473	 -0.000414832	 -0.931513	 -0.745851	 -0.000504355	 -0.911918	 -0.737444	 -0.000556848	 -0.892228	 2.28819	 2.28811	 2.28822	 2.288	 2.28821	 
9.34	 -0.781	 0	 -0.99	 -0.772402	 5.82426e-005	 -0.970342	 -0.763415	 -0.000208655	 -0.950862	 -0.754346	 -0.000537024	 -0.93142	 -0.745644	 -0.00055818	 -0.911809	 -0.737106	 -0.000452705	 -0.892125	 2.29523	 2.29516	 2.29524	 2.29503	 2.29522	 
9.35	 -0.781	 0	 -0.99	 -0.772251	 0.000139818	 -0.970365	 -0.763287	 -0.000184749	 -0.950831	 -0.754272	 -0.000620661	 -0.931322	 -0.745461	 -0.000606243	 -0.911717	 -0.736748	 -0.000378494	 -0.892067	 2.30133	 2.30124	 2.30132	 2.30108	 2.30129	 
9.36	 -0.781	 0	 -0.99	 -0.772083	 0.000179926	 -0.970408	 -0.763161	 -0.000184784	 -0.950821	 -0.754232	 -0.000654742	 -0.93124	 -0.745304	 -0.000614353	 -0.911654	 -0.736387	 -0.000359367	 -0.892064	 2.30599	 2.30589	 2.30593	 2.30568	 2.30587	 
9.37	 -0.781	 0	 -0.99	 -0.771916	 0.000143448	 -0.970464	 -0.763035	 -0.000180679	 -0.950839	 -0.754201	 -0.000624146	 -0.931194	 -0.745171	 -0.000613066	 -0.911635	 -0.736052	 -0.000377398	 -0.892118	 2.30875	 2.30863	 2.30868	 2.3084	 2.30861	 
9.38	 -0.781	 0	 -0.99	 -0.77177	 7.34905e-005	 -0.970528	 -0.762928	 -0.000202286	 -0.950879	 -0.754166	 -0.00054399	 -0.931195	 -0.745044	 -0.000564314	 -0.911675	 -0.735772	 -0.000450193	 -0.892224	 2.30945	 2.3093	 2.30932	 2.30905	 2.30921	 
9.39	 -0.781	 0	 -0.99	 -0.771686	 -5.44962e-005	 -0.970578	 -0.762839	 -0.000218602	 -0.950941	 -0.754108	 -0.000421537	 -0.931252	 -0.744933	 -0.000513497	 -0.911767	 -0.735546	 -0.000536195	 -0.892381	 2.30802	 2.30786	 2.3079	 2.30761	 2.30781	 
9.4	 -0.781	 0	 -0.99	 -0.771653	 -0.000182733	 -0.970618	 -0.762789	 -0.000251227	 -0.951012	 -0.754023	 -0.000288648	 -0.931361	 -0.744805	 -0.000438252	 -0.911921	 -0.735395	 -0.000642002	 -0.892572	 2.30473	 2.30458	 2.3046	 2.30434	 2.30452	 
9.41	 -0.781	 0	 -0.99	 -0.771692	 -0.000306772	 -0.970637	 -0.762749	 -0.000271179	 -0.951101	 -0.753897	 -0.000163748	 -0.931524	 -0.744688	 -0.000379133	 -0.912114	 -0.735307	 -0.000733604	 -0.892788	 2.2999	 2.29975	 2.2998	 2.29953	 2.29973	 
9.42	 -0.781	 0	 -0.99	 -0.771762	 -0.000388699	 -0.970648	 -0.76273	 -0.000284672	 -0.951197	 -0.75374	 -7.6149e-005	 -0.931727	 -0.744558	 -0.000334179	 -0.912349	 -0.735293	 -0.00079751	 -0.893013	 2.2939	 2.29377	 2.29382	 2.29357	 2.29376	 
9.43	 -0.781	 0	 -0.99	 -0.771871	 -0.000410537	 -0.970647	 -0.762718	 -0.000290904	 -0.951302	 -0.753569	 -4.60567e-005	 -0.931957	 -0.744442	 -0.000311188	 -0.912603	 -0.735315	 -0.000816417	 -0.893252	 2.28704	 2.28691	 2.28698	 2.28673	 2.28692	 
9.44	 -0.781	 0	 -0.99	 -0.771981	 -0.00037812	 -0.97065	 -0.762722	 -0.000275949	 -0.951411	 -0.753412	 -7.83957e-005	 -0.932196	 -0.744334	 -0.000329532	 -0.912874	 -0.735356	 -0.000773404	 -0.893507	 2.27946	 2.27935	 2.27942	 2.27916	 2.27934	 
9.45	 -0.781	 0	 -0.99	 -0.772064	 -0.000269981	 -0.97067	 -0.762724	 -0.000261347	 -0.95153	 -0.753294	 -0.000174034	 -0.932435	 -0.744256	 -0.000360617	 -0.913153	 -0.735396	 -0.000692695	 -0.89379	 2.27115	 2.27104	 2.27113	 2.27086	 2.27106	 
9.46	 -0.781	 0	 -0.99	 -0.772105	 -0.000140503	 -0.970716	 -0.76272	 -0.000222974	 -0.951666	 -0.753238	 -0.000303933	 -0.932664	 -0.74422	 -0.000429685	 -0.913439	 -0.735405	 -0.000565371	 -0.894119	 2.26198	 2.26187	 2.26194	 2.26167	 2.26184	 
9.47	 -0.781	 0	 -0.99	 -0.772082	 1.64925e-005	 -0.970801	 -0.762725	 -0.000197234	 -0.951814	 -0.753262	 -0.000446175	 -0.93288	 -0.744219	 -0.000482055	 -0.913742	 -0.735382	 -0.000440418	 -0.894507	 2.25163	 2.25152	 2.2516	 2.25129	 2.25148	 
9.48	 -0.781	 0	 -0.99	 -0.77201	 0.000132082	 -0.970921	 -0.762716	 -0.000161967	 -0.951991	 -0.753359	 -0.000555624	 -0.933093	 -0.744281	 -0.00053771	 -0.914058	 -0.735325	 -0.000327342	 -0.894965	 2.23982	 2.2397	 2.23976	 2.23945	 2.23962	 
9.49	 -0.781	 0	 -0.99	 -0.771883	 0.000197586	 -0.971081	 -0.762713	 -0.000145873	 -0.952191	 -0.753519	 -0.000607863	 -0.933314	 -0.744378	 -0.000556189	 -0.914408	 -0.735278	 -0.000272298	 -0.895484	 2.22626	 2.22613	 2.22618	 2.22585	 2.22603	 
9.5	 -0.781	 0	 -0.99	 -0.771759	 0.000179378	 -0.971254	 -0.76271	 -0.000146322	 -0.952418	 -0.753708	 -0.000581837	 -0.933561	 -0.744521	 -0.000542453	 -0.914791	 -0.735248	 -0.000288067	 -0.896064	 2.2108	 2.21065	 2.2107	 2.21037	 2.21054	 
9.51	 -0.781	 0	 -0.99	 -0.771665	 6.95977e-005	 -0.971428	 -0.762734	 -0.000163811	 -0.95266	 -0.753893	 -0.000479089	 -0.933851	 -0.744671	 -0.000501226	 -0.915225	 -0.735278	 -0.000371277	 -0.896684	 2.19346	 2.1933	 2.19335	 2.19302	 2.1932	 
9.52	 -0.781	 0	 -0.99	 -0.771646	 -8.63785e-005	 -0.971577	 -0.762787	 -0.000208793	 -0.952913	 -0.754036	 -0.000327833	 -0.934198	 -0.744821	 -0.000422314	 -0.915709	 -0.735396	 -0.000515738	 -0.897325	 2.17444	 2.17428	 2.17433	 2.174	 2.17418	 
9.53	 -0.781	 0	 -0.99	 -0.771728	 -0.000269596	 -0.971688	 -0.762868	 -0.000242217	 -0.953172	 -0.754112	 -0.000164755	 -0.934607	 -0.744961	 -0.000360707	 -0.916237	 -0.735616	 -0.000661999	 -0.897964	 2.15404	 2.15389	 2.15395	 2.15363	 2.15382	 
9.54	 -0.781	 0	 -0.99	 -0.771889	 -0.000386156	 -0.971767	 -0.762987	 -0.000280914	 -0.953428	 -0.754127	 -5.58064e-005	 -0.93507	 -0.745075	 -0.00030355	 -0.916807	 -0.735943	 -0.000779598	 -0.898588	 2.13264	 2.1325	 2.13256	 2.13225	 2.13245	 
9.55	 -0.781	 0	 -0.99	 -0.772114	 -0.000414048	 -0.971818	 -0.763117	 -0.000287755	 -0.953688	 -0.754108	 -4.11248e-005	 -0.935565	 -0.7452	 -0.000304628	 -0.917394	 -0.736323	 -0.000803301	 -0.899211	 2.11053	 2.1104	 2.11047	 2.11016	 2.11035	 
9.56	 -0.781	 0	 -0.99	 -0.772316	 -0.000316745	 -0.971885	 -0.763262	 -0.000268964	 -0.953949	 -0.754121	 -0.000141145	 -0.936058	 -0.745332	 -0.000354253	 -0.917994	 -0.736713	 -0.0007249	 -0.89985	 2.08787	 2.08774	 2.08782	 2.08751	 2.0877	 
9.57	 -0.781	 0	 -0.99	 -0.77244	 -0.000120468	 -0.971992	 -0.763388	 -0.000231556	 -0.954228	 -0.754222	 -0.000324907	 -0.93652	 -0.745523	 -0.000434001	 -0.918581	 -0.737045	 -0.000570192	 -0.900536	 2.06464	 2.06451	 2.06461	 2.06429	 2.06448	 
9.58	 -0.781	 0	 -0.99	 -0.772441	 7.53104e-005	 -0.972166	 -0.763488	 -0.00017442	 -0.954529	 -0.754451	 -0.000510983	 -0.936935	 -0.745786	 -0.000530291	 -0.919155	 -0.737293	 -0.000388774	 -0.901291	 2.0407	 2.04057	 2.04066	 2.04033	 2.04052	 
9.59	 -0.781	 0	 -0.99	 -0.772328	 0.000202252	 -0.972404	 -0.763577	 -0.000148476	 -0.95485	 -0.7548	 -0.000615314	 -0.937311	 -0.74611	 -0.000565622	 -0.919726	 -0.737476	 -0.0002854	 -0.902114	 2.01582	 2.01569	 2.01577	 2.01543	 2.01561	 
9.6	 -0.781	 0	 -0.99	 -0.772201	 0.000159499	 -0.972658	 -0.763662	 -0.000147559	 -0.95519	 -0.755193	 -0.000565349	 -0.937689	 -0.746479	 -0.000541384	 -0.920306	 -0.737645	 -0.000303454	 -0.902985	 1.98982	 1.98967	 1.98976	 1.98941	 1.9896	 
9.61	 -0.781	 0	 -0.99	 -0.772148	 -3.34827e-005	 -0.972885	 -0.763783	 -0.000184591	 -0.955529	 -0.755531	 -0.000374233	 -0.938119	 -0.746825	 -0.000447411	 -0.920933	 -0.737909	 -0.000450165	 -0.903853	 1.96265	 1.9625	 1.96258	 1.96223	 1.96242	 
9.62	 -0.781	 0	 -0.99	 -0.772263	 -0.000267524	 -0.973037	 -0.763946	 -0.000244147	 -0.955863	 -0.755728	 -0.000141078	 -0.938641	 -0.74712	 -0.000322106	 -0.921614	 -0.738331	 -0.000649796	 -0.904681	 1.93444	 1.93428	 1.93437	 1.93402	 1.93421	 
9.63	 -0.781	 0	 -0.99	 -0.772541	 -0.000414416	 -0.973113	 -0.76415	 -0.000269168	 -0.956188	 -0.755791	 -5.53411e-006	 -0.939249	 -0.747368	 -0.000263899	 -0.922343	 -0.738901	 -0.000757825	 -0.905464	 1.90541	 1.90526	 1.90534	 1.905	 1.9052	 
9.64	 -0.781	 0	 -0.99	 -0.772851	 -0.000336594	 -0.973175	 -0.764382	 -0.000257672	 -0.956507	 -0.755836	 -7.90641e-005	 -0.939879	 -0.747602	 -0.00029308	 -0.923096	 -0.739525	 -0.000700266	 -0.906239	 1.87582	 1.87567	 1.87578	 1.87543	 1.87565	 
9.65	 -0.781	 0	 -0.99	 -0.773041	 -7.98167e-005	 -0.973299	 -0.764586	 -0.000204224	 -0.956845	 -0.756018	 -0.000325498	 -0.940449	 -0.74792	 -0.00041091	 -0.923817	 -0.740049	 -0.000496671	 -0.907075	 1.84592	 1.84579	 1.8459	 1.84556	 1.84577	 
9.66	 -0.781	 0	 -0.99	 -0.773008	 0.000158076	 -0.973535	 -0.764744	 -0.000141733	 -0.957208	 -0.756422	 -0.000561986	 -0.940912	 -0.748351	 -0.000541365	 -0.924487	 -0.7404	 -0.000294475	 -0.908004	 1.81586	 1.81572	 1.81584	 1.8155	 1.81571	 
9.67	 -0.781	 0	 -0.99	 -0.772835	 0.000186373	 -0.973842	 -0.76488	 -0.000142491	 -0.957583	 -0.756962	 -0.000588919	 -0.941309	 -0.748849	 -0.000552744	 -0.925127	 -0.740657	 -0.000286315	 -0.908985	 1.78567	 1.78553	 1.78565	 1.78531	 1.78552	 
9.68	 -0.781	 0	 -0.99	 -0.772772	 -5.81054e-005	 -0.974098	 -0.765033	 -0.000200653	 -0.957953	 -0.757412	 -0.000357393	 -0.941752	 -0.749322	 -0.000440659	 -0.925781	 -0.741002	 -0.000492558	 -0.909927	 1.75536	 1.75523	 1.75536	 1.75501	 1.75523	 
9.69	 -0.781	 0	 -0.99	 -0.77298	 -0.000359947	 -0.97422	 -0.765254	 -0.000262955	 -0.95829	 -0.757606	 -7.34005e-005	 -0.942323	 -0.749672	 -0.000306757	 -0.926499	 -0.741589	 -0.000727547	 -0.910754	 1.72497	 1.72484	 1.72497	 1.72463	 1.72484	 
9.7	 -0.781	 0	 -0.99	 -0.773367	 -0.000388331	 -0.974252	 -0.765527	 -0.000275156	 -0.958602	 -0.75763	 -3.68501e-005	 -0.942981	 -0.749933	 -0.000273185	 -0.927264	 -0.742341	 -0.000749521	 -0.911499	 1.69453	 1.69439	 1.69452	 1.69417	 1.69441	 
9.71	 -0.781	 0	 -0.99	 -0.773633	 -9.63501e-005	 -0.974342	 -0.765764	 -0.000206069	 -0.958931	 -0.757778	 -0.000304481	 -0.94358	 -0.750265	 -0.000395131	 -0.927994	 -0.742985	 -0.000499583	 -0.912296	 1.66408	 1.66394	 1.66406	 1.66373	 1.66397	 
9.72	 -0.781	 0	 -0.99	 -0.773559	 0.000190564	 -0.974599	 -0.765924	 -0.000125319	 -0.959298	 -0.75825	 -0.000573224	 -0.944018	 -0.750757	 -0.000534871	 -0.928644	 -0.74335	 -0.000244376	 -0.913229	 1.63369	 1.63355	 1.63369	 1.63335	 1.63359	 
9.73	 -0.781	 0	 -0.99	 -0.773339	 0.000116547	 -0.97493	 -0.766058	 -0.000141903	 -0.959676	 -0.758862	 -0.000495537	 -0.944382	 -0.751315	 -0.000494064	 -0.929256	 -0.743606	 -0.000309212	 -0.914212	 1.60345	 1.60331	 1.60345	 1.60311	 1.60333	 
9.74	 -0.781	 0	 -0.99	 -0.773408	 -0.000249802	 -0.975118	 -0.766257	 -0.000234091	 -0.960018	 -0.75921	 -0.000142903	 -0.944869	 -0.751752	 -0.000311702	 -0.92992	 -0.744094	 -0.000621066	 -0.915074	 1.57342	 1.57329	 1.57344	 1.57309	 1.57332	 
9.75	 -0.781	 0	 -0.99	 -0.773839	 -0.000406152	 -0.975126	 -0.766542	 -0.00026674	 -0.960314	 -0.759223	 1.64903e-006	 -0.945513	 -0.752025	 -0.000242567	 -0.930656	 -0.744875	 -0.000740391	 -0.91578	 1.54373	 1.54361	 1.54376	 1.54342	 1.54365	 
9.76	 -0.781	 0	 -0.99	 -0.774157	 -9.1852e-005	 -0.975183	 -0.766807	 -0.000189204	 -0.960612	 -0.759334	 -0.00029847	 -0.946102	 -0.752334	 -0.000394337	 -0.931361	 -0.745569	 -0.000474075	 -0.916508	 1.51455	 1.5144	 1.51455	 1.51422	 1.51447	 
9.77	 -0.781	 0	 -0.99	 -0.774011	 0.000220015	 -0.975461	 -0.766955	 -0.000120858	 -0.960957	 -0.759872	 -0.000591305	 -0.946469	 -0.752853	 -0.000537064	 -0.931945	 -0.745883	 -0.000227045	 -0.917399	 1.48598	 1.48584	 1.48599	 1.48566	 1.48592	 
9.78	 -0.781	 0	 -0.99	 -0.773794	 -4.79782e-006	 -0.97577	 -0.767074	 -0.000177253	 -0.961306	 -0.760472	 -0.000380374	 -0.946787	 -0.753413	 -0.00043288	 -0.932486	 -0.746127	 -0.000418269	 -0.918296	 1.45818	 1.45807	 1.45825	 1.45791	 1.45815	 
9.79	 -0.781	 0	 -0.99	 -0.774067	 -0.000397818	 -0.975837	 -0.767309	 -0.000266649	 -0.961585	 -0.760607	 -1.30915e-005	 -0.947307	 -0.753736	 -0.000253068	 -0.933112	 -0.746765	 -0.000733343	 -0.91897	 1.43137	 1.43126	 1.43144	 1.43112	 1.43138	 
9.8	 -0.781	 0	 -0.99	 -0.774533	 -0.000232938	 -0.9758	 -0.767601	 -0.000223887	 -0.96182	 -0.760557	 -0.000166189	 -0.947894	 -0.753947	 -0.000328378	 -0.933761	 -0.747554	 -0.000592354	 -0.919527	 1.40569	 1.40556	 1.40574	 1.40543	 1.4057	 
9.81	 -0.781	 0	 -0.99	 -0.774483	 0.000196377	 -0.975999	 -0.767762	 -0.000122239	 -0.962098	 -0.760978	 -0.000563305	 -0.94823	 -0.754386	 -0.000523593	 -0.934265	 -0.747907	 -0.000245855	 -0.920248	 1.38126	 1.38112	 1.3813	 1.381	 1.38128	 
9.82	 -0.781	 0	 -0.99	 -0.774187	 3.22719e-005	 -0.976309	 -0.767844	 -0.000164533	 -0.962397	 -0.761612	 -0.000406701	 -0.948433	 -0.754936	 -0.000442547	 -0.934676	 -0.748042	 -0.000384023	 -0.921026	 1.35811	 1.35801	 1.35821	 1.3579	 1.35816	 
9.83	 -0.781	 0	 -0.99	 -0.774449	 -0.000400645	 -0.976346	 -0.768052	 -0.000269212	 -0.962616	 -0.761703	 -4.62942e-006	 -0.948863	 -0.755206	 -0.000239704	 -0.935181	 -0.748624	 -0.000730398	 -0.921546	 1.33632	 1.33622	 1.33643	 1.33611	 1.3364	 
9.84	 -0.781	 0	 -0.99	 -0.774907	 -0.000169128	 -0.976278	 -0.768312	 -0.000208245	 -0.962791	 -0.761602	 -0.00022459	 -0.949359	 -0.755361	 -0.000354029	 -0.935706	 -0.749352	 -0.000532182	 -0.921947	 1.31584	 1.31572	 1.31589	 1.31561	 1.31589	 
9.85	 -0.781	 0	 -0.99	 -0.774723	 0.00022152	 -0.976502	 -0.768417	 -0.000109597	 -0.963021	 -0.762099	 -0.000586941	 -0.949549	 -0.755809	 -0.000540947	 -0.936057	 -0.749543	 -0.000216736	 -0.922556	 1.29656	 1.29643	 1.29662	 1.29632	 1.29662	 
9.86	 -0.781	 0	 -0.99	 -0.774493	 -0.00012974	 -0.976743	 -0.768499	 -0.000200514	 -0.963247	 -0.762623	 -0.000253104	 -0.949697	 -0.75627	 -0.000366003	 -0.936367	 -0.749683	 -0.000512265	 -0.923149	 1.27843	 1.27834	 1.27854	 1.27824	 1.27851	 
9.87	 -0.781	 0	 -0.99	 -0.77495	 -0.000394883	 -0.976655	 -0.768737	 -0.000271272	 -0.963381	 -0.762483	 -3.69789e-006	 -0.950126	 -0.756384	 -0.00022964	 -0.936801	 -0.750366	 -0.000726427	 -0.923445	 1.2616	 1.26149	 1.2617	 1.2614	 1.26171	 
9.88	 -0.781	 0	 -0.99	 -0.775171	 8.07376e-005	 -0.976662	 -0.768911	 -0.000147516	 -0.963523	 -0.76255	 -0.000445932	 -0.950433	 -0.75659	 -0.000456134	 -0.937155	 -0.750834	 -0.000326629	 -0.923784	 1.2462	 1.24608	 1.24627	 1.24601	 1.24631	 
9.89	 -0.781	 0	 -0.99	 -0.774778	 0.000117591	 -0.976941	 -0.76893	 -0.000126323	 -0.963713	 -0.763184	 -0.000472365	 -0.950441	 -0.75708	 -0.000474803	 -0.937327	 -0.750786	 -0.000285283	 -0.924302	 1.23245	 1.23234	 1.23257	 1.23229	 1.23261	 
9.9	 -0.781	 0	 -0.99	 -0.774937	 -0.000384929	 -0.976957	 -0.76908	 -0.000248061	 -0.963816	 -0.763279	 5.02899e-006	 -0.950651	 -0.757281	 -0.000224092	 -0.937575	 -0.751176	 -0.00068623	 -0.924553	 1.22064	 1.22057	 1.2208	 1.22053	 1.22083	 
9.91	 -0.781	 0	 -0.99	 -0.775397	 -0.000124779	 -0.976817	 -0.769294	 -0.000188161	 -0.963858	 -0.76306	 -0.000236284	 -0.950959	 -0.757299	 -0.000339068	 -0.937846	 -0.75179	 -0.000471623	 -0.924621	 1.21103	 1.21092	 1.21115	 1.2109	 1.21124	 
9.92	 -0.781	 0	 -0.99	 -0.775088	 0.000223699	 -0.977007	 -0.769302	 -0.000104137	 -0.96396	 -0.76354	 -0.000561016	 -0.950905	 -0.757665	 -0.000505822	 -0.937893	 -0.751749	 -0.000194766	 -0.924903	 1.20369	 1.2036	 1.20382	 1.20359	 1.2039	 
9.93	 -0.781	 0	 -0.99	 -0.774959	 -0.000259408	 -0.977104	 -0.769345	 -0.000225734	 -0.964014	 -0.763839	 -0.00010815	 -0.950878	 -0.757934	 -0.000273527	 -0.937917	 -0.751826	 -0.000595914	 -0.925053	 1.1986	 1.19854	 1.19879	 1.19854	 1.19886	 
9.94	 -0.781	 0	 -0.99	 -0.775479	 -0.000279007	 -0.976894	 -0.769543	 -0.000232074	 -0.963968	 -0.763511	 -9.71183e-005	 -0.951086	 -0.757861	 -0.000270804	 -0.938033	 -0.752403	 -0.00061344	 -0.9249	 1.19572	 1.19564	 1.19587	 1.19565	 1.19598	 
9.95	 -0.781	 0	 -0.99	 -0.775358	 0.000208914	 -0.976951	 -0.76957	 -0.00010902	 -0.963969	 -0.763751	 -0.000566316	 -0.951003	 -0.758062	 -0.00052529	 -0.937973	 -0.752436	 -0.000218052	 -0.924917	 1.1948	 1.19469	 1.19491	 1.19469	 1.19503	 
9.96	 -0.781	 0	 -0.99	 -0.775014	 -0.000124436	 -0.977099	 -0.769529	 -0.000191678	 -0.963977	 -0.764175	 -0.000260224	 -0.950799	 -0.758348	 -0.000375047	 -0.937826	 -0.752274	 -0.000494092	 -0.924964	 1.1955	 1.19543	 1.19566	 1.19542	 1.19574	 
9.97	 -0.781	 0	 -0.99	 -0.775447	 -0.000383595	 -0.976896	 -0.769683	 -0.000261042	 -0.96388	 -0.763863	 -1.67868e-005	 -0.950888	 -0.758243	 -0.000243406	 -0.93781	 -0.752729	 -0.000709396	 -0.924691	 1.19764	 1.19755	 1.19776	 1.19752	 1.19784	 
9.98	 -0.781	 0	 -0.99	 -0.775549	 0.000129809	 -0.976825	 -0.769749	 -0.000137019	 -0.963803	 -0.76385	 -0.000495258	 -0.950826	 -0.75828	 -0.000485448	 -0.937702	 -0.752895	 -0.000295765	 -0.924499	 1.20095	 1.20082	 1.20101	 1.20077	 1.2011	 
9.99	 -0.781	 0	 -0.99	 -0.775101	 4.35432e-005	 -0.976988	 -0.769662	 -0.000159371	 -0.963779	 -0.764333	 -0.000413315	 -0.950525	 -0.758573	 -0.00044364	 -0.937452	 -0.752599	 -0.000368011	 -0.924474	 1.20521	 1.20512	 1.20531	 1.20507	 1.20536	 
10	 -0.781	 0	 -0.99	 -0.775345	 -0.000405128	 -0.976849	 -0.76974	 -0.000270433	 -0.963671	 -0.764155	 6.73305e-006	 -0.950485	 -0.758521	 -0.00022524	 -0.937321	 -0.752854	 -0.000728102	 -0.924177	 1.2105	 1.21042	 1.21062	 1.21037	 1.21069	 
10.01	 -0.781	 0	 -0.99	 -0.775671	 -3.14161e-005	 -0.976661	 -0.769841	 -0.000172009	 -0.963534	 -0.763895	 -0.000342895	 -0.950459	 -0.758411	 -0.000407867	 -0.937184	 -0.753158	 -0.000416544	 -0.923814	 1.217	 1.21689	 1.21707	 1.21686	 1.21717	 
10.02	 -0.781	 0	 -0.99	 -0.775255	 0.000174359	 -0.976779	 -0.769752	 -0.000115773	 -0.963458	 -0.764312	 -0.000536356	 -0.950113	 -0.758638	 -0.000515139	 -0.936861	 -0.752842	 -0.000248893	 -0.923662	 1.22493	 1.22484	 1.22505	 1.22484	 1.22518	 
10.03	 -0.781	 0	 -0.99	 -0.775193	 -0.000320705	 -0.976739	 -0.769737	 -0.000244018	 -0.963326	 -0.764366	 -7.62421e-005	 -0.949878	 -0.758666	 -0.000277382	 -0.936568	 -0.752799	 -0.000658381	 -0.923333	 1.23468	 1.23463	 1.23485	 1.23465	 1.23497	 
10.04	 -0.781	 0	 -0.99	 -0.775634	 -0.000245513	 -0.976469	 -0.769836	 -0.000234193	 -0.963114	 -0.763925	 -0.000149153	 -0.949809	 -0.758422	 -0.000307928	 -0.936331	 -0.75314	 -0.000604501	 -0.922766	 1.24657	 1.2465	 1.24673	 1.24654	 1.2469	 
10.05	 -0.781	 0	 -0.99	 -0.775449	 0.000205449	 -0.976442	 -0.769771	 -0.000123309	 -0.962941	 -0.764056	 -0.00057223	 -0.949456	 -0.758461	 -0.000527168	 -0.935915	 -0.752938	 -0.000242895	 -0.922345	 1.26066	 1.26059	 1.26081	 1.26065	 1.26097	 
10.06	 -0.781	 0	 -0.99	 -0.775078	 -7.84909e-005	 -0.976483	 -0.769647	 -0.000190018	 -0.962763	 -0.764344	 -0.000309739	 -0.94899	 -0.758575	 -0.000400811	 -0.935407	 -0.75256	 -0.000475367	 -0.921929	 1.27677	 1.27672	 1.27696	 1.27677	 1.27711	 
10.07	 -0.781	 0	 -0.99	 -0.775374	 -0.000408113	 -0.976236	 -0.76968	 -0.000271321	 -0.962496	 -0.76398	 -8.7651e-006	 -0.948758	 -0.758338	 -0.000250985	 -0.934997	 -0.752714	 -0.000741407	 -0.921234	 1.2946	 1.29454	 1.29475	 1.29457	 1.29489	 
10.08	 -0.781	 0	 -0.99	 -0.775584	 -2.46944e-005	 -0.976012	 -0.76969	 -0.000180171	 -0.96222	 -0.763677	 -0.000374313	 -0.94848	 -0.758113	 -0.000438911	 -0.934551	 -0.752783	 -0.00043149	 -0.920528	 1.31362	 1.31353	 1.31372	 1.31353	 1.31386	 
10.09	 -0.781	 0	 -0.99	 -0.775177	 0.000186196	 -0.976037	 -0.769542	 -0.000132444	 -0.962	 -0.763944	 -0.000571966	 -0.947951	 -0.758174	 -0.000540485	 -0.933965	 -0.752332	 -0.000271891	 -0.920011	 1.33336	 1.33327	 1.33344	 1.33325	 1.33355	 
10.1	 -0.781	 0	 -0.99	 -0.774997	 -0.000226807	 -0.97597	 -0.769442	 -0.000236638	 -0.961755	 -0.763996	 -0.000184114	 -0.947497	 -0.75813	 -0.000343446	 -0.933409	 -0.75205	 -0.000619224	 -0.919411	 1.35353	 1.35345	 1.35362	 1.35341	 1.35372	 
10.11	 -0.781	 0	 -0.99	 -0.775352	 -0.000373228	 -0.97568	 -0.769468	 -0.000271536	 -0.961452	 -0.763536	 -5.23029e-005	 -0.947244	 -0.757817	 -0.000279375	 -0.93295	 -0.752195	 -0.000735432	 -0.918622	 1.37414	 1.37406	 1.37422	 1.37402	 1.37432	 
10.12	 -0.781	 0	 -0.99	 -0.775435	 3.08809e-005	 -0.975493	 -0.769427	 -0.000170272	 -0.961166	 -0.763312	 -0.000437631	 -0.946884	 -0.757608	 -0.000479435	 -0.932432	 -0.752112	 -0.000398188	 -0.917898	 1.39542	 1.39533	 1.39549	 1.3953	 1.39561	 
10.13	 -0.781	 0	 -0.99	 -0.775022	 0.00017085	 -0.975501	 -0.769257	 -0.000138142	 -0.960918	 -0.763537	 -0.000567816	 -0.946319	 -0.757618	 -0.00054502	 -0.931795	 -0.751612	 -0.000288588	 -0.917307	 1.41772	 1.41765	 1.41783	 1.41766	 1.41797	 
10.14	 -0.781	 0	 -0.99	 -0.774833	 -0.000204565	 -0.975411	 -0.76913	 -0.00023382	 -0.960632	 -0.763538	 -0.00021139	 -0.945811	 -0.757513	 -0.000360981	 -0.931162	 -0.751274	 -0.000605333	 -0.916601	 1.44148	 1.44142	 1.44162	 1.44146	 1.44177	 
10.15	 -0.781	 0	 -0.99	 -0.775116	 -0.000394799	 -0.975118	 -0.769109	 -0.00027819	 -0.96028	 -0.763082	 -3.39713e-005	 -0.945451	 -0.757167	 -0.000272579	 -0.930578	 -0.751297	 -0.000758101	 -0.91569	 1.46693	 1.46687	 1.46708	 1.46694	 1.46726	 
10.16	 -0.781	 0	 -0.99	 -0.775273	 -8.30526e-005	 -0.974861	 -0.769054	 -0.000198682	 -0.959917	 -0.762721	 -0.000331121	 -0.945021	 -0.756846	 -0.000426005	 -0.929938	 -0.751198	 -0.000494504	 -0.914767	 1.49407	 1.49401	 1.49421	 1.49408	 1.49439	 
10.17	 -0.781	 0	 -0.99	 -0.774965	 0.000193429	 -0.97478	 -0.768879	 -0.000135676	 -0.959583	 -0.762772	 -0.000591427	 -0.944396	 -0.756716	 -0.000554954	 -0.929183	 -0.7507	 -0.000272633	 -0.913954	 1.5226	 1.52253	 1.52272	 1.52259	 1.5229	 
10.18	 -0.781	 0	 -0.99	 -0.77461	 6.99496e-006	 -0.974714	 -0.768677	 -0.000185047	 -0.959247	 -0.762854	 -0.000416091	 -0.943737	 -0.756601	 -0.000466236	 -0.928395	 -0.750139	 -0.000434013	 -0.913138	 1.55203	 1.55197	 1.55214	 1.55199	 1.55229	 
10.19	 -0.781	 0	 -0.99	 -0.774634	 -0.00034231	 -0.974496	 -0.76856	 -0.000265249	 -0.958872	 -0.762567	 -9.22881e-005	 -0.943216	 -0.756297	 -0.000311344	 -0.927671	 -0.749878	 -0.000717369	 -0.912188	 1.58184	 1.58177	 1.58193	 1.58176	 1.58206	 
10.2	 -0.781	 0	 -0.99	 -0.774883	 -0.000358211	 -0.974186	 -0.768501	 -0.000269494	 -0.958474	 -0.762059	 -8.05227e-005	 -0.942786	 -0.75587	 -0.000306259	 -0.926999	 -0.749803	 -0.000730179	 -0.911165	 1.61161	 1.61153	 1.61166	 1.61149	 1.61178	 
10.21	 -0.781	 0	 -0.99	 -0.774931	 -4.362e-005	 -0.973956	 -0.768394	 -0.000202149	 -0.958098	 -0.76174	 -0.000376066	 -0.942289	 -0.755532	 -0.000446349	 -0.926299	 -0.749554	 -0.000481124	 -0.910219	 1.6411	 1.64101	 1.64115	 1.64096	 1.64126	 
10.22	 -0.781	 0	 -0.99	 -0.774652	 0.00018375	 -0.973858	 -0.7682	 -0.000145854	 -0.957761	 -0.761728	 -0.000594749	 -0.941674	 -0.755351	 -0.000560861	 -0.925544	 -0.74902	 -0.00029347	 -0.909396	 1.67033	 1.67025	 1.67037	 1.6702	 1.67047	 
10.23	 -0.781	 0	 -0.99	 -0.774305	 7.19111e-005	 -0.973791	 -0.767992	 -0.000167722	 -0.957431	 -0.761771	 -0.000494535	 -0.941037	 -0.755189	 -0.000521359	 -0.924783	 -0.748431	 -0.000384924	 -0.908599	 1.69946	 1.69938	 1.69952	 1.69935	 1.69964	 
10.24	 -0.781	 0	 -0.99	 -0.774195	 -0.000224345	 -0.97363	 -0.767838	 -0.00024469	 -0.957079	 -0.761583	 -0.000212667	 -0.940489	 -0.754907	 -0.000378274	 -0.924065	 -0.748032	 -0.000643142	 -0.907723	 1.72873	 1.72866	 1.72879	 1.72864	 1.72891	 
10.25	 -0.781	 0	 -0.99	 -0.774343	 -0.000400543	 -0.973363	 -0.767734	 -0.000287169	 -0.956702	 -0.761144	 -4.86731e-005	 -0.940034	 -0.754503	 -0.00029824	 -0.923388	 -0.747826	 -0.000789197	 -0.906759	 1.75829	 1.75822	 1.75836	 1.75821	 1.75849	 
10.26	 -0.781	 0	 -0.99	 -0.774506	 -0.000299434	 -0.973085	 -0.767633	 -0.000260682	 -0.956318	 -0.760674	 -0.000150476	 -0.939587	 -0.754068	 -0.000352064	 -0.922715	 -0.74763	 -0.000697136	 -0.905778	 1.78821	 1.78814	 1.78827	 1.78812	 1.78839	 
10.27	 -0.781	 0	 -0.99	 -0.774468	 -2.55282e-005	 -0.972884	 -0.76748	 -0.000204185	 -0.955952	 -0.760376	 -0.000407757	 -0.939066	 -0.753708	 -0.000469664	 -0.922004	 -0.747259	 -0.000477085	 -0.904855	 1.81839	 1.81832	 1.81846	 1.81831	 1.81859	 
10.28	 -0.781	 0	 -0.99	 -0.774217	 0.000166066	 -0.972769	 -0.767263	 -0.000156642	 -0.955608	 -0.760274	 -0.000590477	 -0.938464	 -0.753444	 -0.000561985	 -0.921251	 -0.746687	 -0.000314643	 -0.904009	 1.84871	 1.84865	 1.84878	 1.84863	 1.84889	 
10.29	 -0.781	 0	 -0.99	 -0.773894	 0.000139815	 -0.972684	 -0.767037	 -0.000157611	 -0.95527	 -0.760235	 -0.000567159	 -0.937836	 -0.753196	 -0.000557092	 -0.920493	 -0.74605	 -0.000332807	 -0.903193	 1.87894	 1.87887	 1.87901	 1.87885	 1.87913	 
10.3	 -0.781	 0	 -0.99	 -0.773679	 -5.58668e-005	 -0.972559	 -0.766834	 -0.00020888	 -0.954928	 -0.760092	 -0.000376904	 -0.937256	 -0.752896	 -0.000459703	 -0.919764	 -0.745493	 -0.00050767	 -0.902357	 1.9089	 1.90883	 1.90894	 1.90879	 1.90905	 
10.31	 -0.781	 0	 -0.99	 -0.773647	 -0.000290395	 -0.972365	 -0.766664	 -0.000258366	 -0.954578	 -0.759772	 -0.000158981	 -0.936755	 -0.752518	 -0.000362223	 -0.919079	 -0.745084	 -0.000699372	 -0.901477	 1.9384	 1.93832	 1.93843	 1.93827	 1.93854	 
10.32	 -0.781	 0	 -0.99	 -0.773733	 -0.000402866	 -0.972125	 -0.766525	 -0.000286874	 -0.954224	 -0.759326	 -5.48251e-005	 -0.936319	 -0.75207	 -0.000312587	 -0.918438	 -0.74479	 -0.000798608	 -0.90057	 1.96736	 1.96728	 1.96738	 1.96722	 1.96747	 
10.33	 -0.781	 0	 -0.99	 -0.773838	 -0.000342775	 -0.971881	 -0.766384	 -0.000279033	 -0.953878	 -0.758863	 -0.000111766	 -0.935902	 -0.751617	 -0.000335691	 -0.917816	 -0.744495	 -0.000757347	 -0.899682	 1.99575	 1.99567	 1.99578	 1.99561	 1.99586	 
10.34	 -0.781	 0	 -0.99	 -0.773849	 -0.000170697	 -0.971677	 -0.76622	 -0.000233968	 -0.953548	 -0.758485	 -0.000280716	 -0.935463	 -0.751198	 -0.000423099	 -0.917195	 -0.744117	 -0.000604094	 -0.898845	 2.02363	 2.02356	 2.02366	 2.02348	 2.02372	 
10.35	 -0.781	 0	 -0.99	 -0.773718	 3.51531e-005	 -0.971534	 -0.766025	 -0.000193511	 -0.953238	 -0.758231	 -0.000472647	 -0.934984	 -0.750832	 -0.000506302	 -0.916566	 -0.743626	 -0.00043833	 -0.89807	 2.05104	 2.05097	 2.05107	 2.0509	 2.05115	 
10.36	 -0.781	 0	 -0.99	 -0.77349	 0.000160621	 -0.971435	 -0.765799	 -0.000161231	 -0.952946	 -0.758074	 -0.00059355	 -0.934474	 -0.750516	 -0.000567353	 -0.915929	 -0.743034	 -0.000327104	 -0.897352	 2.07802	 2.07795	 2.07805	 2.07788	 2.07813	 
10.37	 -0.781	 0	 -0.99	 -0.773219	 0.000169927	 -0.971358	 -0.765573	 -0.000158059	 -0.952662	 -0.757951	 -0.000603872	 -0.933959	 -0.750203	 -0.000575182	 -0.915303	 -0.742408	 -0.000319516	 -0.896667	 2.10454	 2.10446	 2.10456	 2.10439	 2.10464	 
10.38	 -0.781	 0	 -0.99	 -0.772984	 7.37979e-005	 -0.971271	 -0.765345	 -0.000184829	 -0.952387	 -0.757791	 -0.000512299	 -0.93347	 -0.74988	 -0.000530222	 -0.914697	 -0.741804	 -0.00040984	 -0.895994	 2.13052	 2.13043	 2.13052	 2.13036	 2.13059	 
10.39	 -0.781	 0	 -0.99	 -0.77283	 -9.44949e-005	 -0.971156	 -0.765137	 -0.00021667	 -0.952114	 -0.757555	 -0.000358369	 -0.933026	 -0.749517	 -0.000467872	 -0.914127	 -0.741265	 -0.000545616	 -0.895318	 2.15582	 2.15572	 2.15581	 2.15564	 2.15589	 
10.4	 -0.781	 0	 -0.99	 -0.772768	 -0.000250781	 -0.971009	 -0.764958	 -0.000258257	 -0.95184	 -0.757235	 -0.000205185	 -0.932635	 -0.749107	 -0.000390765	 -0.913599	 -0.740799	 -0.000691306	 -0.894641	 2.18031	 2.18021	 2.18029	 2.18013	 2.18037	 
10.41	 -0.781	 0	 -0.99	 -0.772781	 -0.00037012	 -0.970836	 -0.764786	 -0.000279715	 -0.951576	 -0.756844	 -9.50966e-005	 -0.932294	 -0.748676	 -0.00034615	 -0.913108	 -0.740396	 -0.000786608	 -0.893972	 2.20386	 2.20376	 2.20384	 2.20367	 2.20391	 
10.42	 -0.781	 0	 -0.99	 -0.772812	 -0.000406438	 -0.970663	 -0.764619	 -0.000291992	 -0.951325	 -0.75642	 -5.98866e-005	 -0.93199	 -0.748227	 -0.000324984	 -0.912654	 -0.740041	 -0.000819969	 -0.893318	 2.22639	 2.22628	 2.22637	 2.22618	 2.22641	 
10.43	 -0.781	 0	 -0.99	 -0.772848	 -0.000366314	 -0.970494	 -0.764448	 -0.000283642	 -0.951091	 -0.756002	 -9.79648e-005	 -0.931708	 -0.747791	 -0.000340998	 -0.912226	 -0.739675	 -0.000784715	 -0.892706	 2.24785	 2.24775	 2.24783	 2.24764	 2.24785	 
10.44	 -0.781	 0	 -0.99	 -0.772846	 -0.000267998	 -0.970348	 -0.764283	 -0.000258526	 -0.950869	 -0.755628	 -0.000191166	 -0.93143	 -0.747365	 -0.000383496	 -0.911824	 -0.739281	 -0.000692256	 -0.892143	 2.26827	 2.26818	 2.26826	 2.26806	 2.26827	 
10.45	 -0.781	 0	 -0.99	 -0.772791	 -0.000130163	 -0.97023	 -0.764102	 -0.000231496	 -0.950668	 -0.75531	 -0.000314618	 -0.931151	 -0.746975	 -0.000429931	 -0.911435	 -0.738845	 -0.00057556	 -0.891633	 2.28771	 2.28764	 2.28771	 2.28751	 2.28772	 
10.46	 -0.781	 0	 -0.99	 -0.772681	 -1.8196e-006	 -0.970144	 -0.763916	 -0.000194105	 -0.950482	 -0.755053	 -0.000435728	 -0.930865	 -0.746614	 -0.0004898	 -0.911061	 -0.738366	 -0.000453335	 -0.891176	 2.30624	 2.30616	 2.30624	 2.30603	 2.30624	 
10.47	 -0.781	 0	 -0.99	 -0.772525	 0.000112239	 -0.970085	 -0.763727	 -0.000174492	 -0.950313	 -0.75485	 -0.000537378	 -0.930577	 -0.746278	 -0.000527413	 -0.910704	 -0.737853	 -0.000364384	 -0.890768	 2.3238	 2.32372	 2.3238	 2.32358	 2.32379	 
10.48	 -0.781	 0	 -0.99	 -0.772339	 0.000169627	 -0.970048	 -0.763524	 -0.000155137	 -0.950165	 -0.754678	 -0.000596823	 -0.930298	 -0.74597	 -0.00056302	 -0.910367	 -0.737325	 -0.000307029	 -0.890408	 2.34025	 2.34017	 2.34024	 2.34002	 2.34023	 
10.49	 -0.781	 0	 -0.99	 -0.772134	 0.000187486	 -0.970029	 -0.763326	 -0.000157162	 -0.950034	 -0.754523	 -0.000611801	 -0.93004	 -0.74567	 -0.000564671	 -0.910064	 -0.736808	 -0.000299524	 -0.890092	 2.3554	 2.35531	 2.35536	 2.35514	 2.35534	 
10.5	 -0.781	 0	 -0.99	 -0.771948	 0.000148456	 -0.970013	 -0.763128	 -0.000161246	 -0.949926	 -0.754368	 -0.000576541	 -0.929814	 -0.745389	 -0.000552449	 -0.909796	 -0.736307	 -0.000323918	 -0.889824	 2.36905	 2.36894	 2.36899	 2.36876	 2.36897	 
10.51	 -0.781	 0	 -0.99	 -0.771784	 7.71303e-005	 -0.970001	 -0.762955	 -0.000177073	 -0.94983	 -0.754207	 -0.000503625	 -0.929624	 -0.7451	 -0.000515236	 -0.909577	 -0.735843	 -0.000383958	 -0.889598	 2.38113	 2.38101	 2.38105	 2.38083	 2.38103	 
10.52	 -0.781	 0	 -0.99	 -0.771669	 -2.08776e-005	 -0.969977	 -0.762794	 -0.000194794	 -0.949749	 -0.754025	 -0.00040403	 -0.929475	 -0.744816	 -0.000468872	 -0.909397	 -0.735409	 -0.000464662	 -0.88941	 2.39177	 2.39164	 2.39169	 2.39147	 2.39168	 
10.53	 -0.781	 0	 -0.99	 -0.77158	 -0.000130996	 -0.96995	 -0.762646	 -0.000214612	 -0.949679	 -0.753813	 -0.000294935	 -0.929364	 -0.744521	 -0.000419152	 -0.909256	 -0.735031	 -0.000552732	 -0.88924	 2.40125	 2.40112	 2.40117	 2.40097	 2.40118	 
10.54	 -0.781	 0	 -0.99	 -0.771533	 -0.000232459	 -0.96991	 -0.7625	 -0.000238739	 -0.94962	 -0.75357	 -0.000192703	 -0.929285	 -0.744227	 -0.000366597	 -0.909138	 -0.734695	 -0.000639338	 -0.88908	 2.40992	 2.40979	 2.40986	 2.40966	 2.40987	 
10.55	 -0.781	 0	 -0.99	 -0.771519	 -0.000323193	 -0.969859	 -0.762374	 -0.000252875	 -0.949561	 -0.753305	 -0.000106775	 -0.92923	 -0.74392	 -0.00033062	 -0.909044	 -0.734395	 -0.000705908	 -0.888925	 2.41802	 2.41791	 2.41797	 2.41779	 2.41799	 
10.56	 -0.781	 0	 -0.99	 -0.77153	 -0.000377178	 -0.969799	 -0.762254	 -0.000271255	 -0.949507	 -0.753026	 -5.19806e-005	 -0.929192	 -0.743619	 -0.000297406	 -0.908962	 -0.734126	 -0.000756957	 -0.888774	 2.42562	 2.42551	 2.42559	 2.42539	 2.42561	 
10.57	 -0.781	 0	 -0.99	 -0.771558	 -0.000408135	 -0.969737	 -0.762147	 -0.000272079	 -0.949457	 -0.752748	 -2.73778e-005	 -0.929171	 -0.743324	 -0.000293607	 -0.908899	 -0.733881	 -0.000775342	 -0.888638	 2.43252	 2.43241	 2.43247	 2.43227	 2.43246	 
10.58	 -0.781	 0	 -0.99	 -0.771595	 -0.000390613	 -0.969678	 -0.762054	 -0.000275029	 -0.949416	 -0.752483	 -3.92131e-005	 -0.929169	 -0.743038	 -0.000291769	 -0.908865	 -0.73365	 -0.000773027	 -0.888537	 2.43827	 2.43815	 2.43821	 2.43798	 2.43819	 
10.59	 -0.781	 0	 -0.99	 -0.771623	 -0.000353081	 -0.969634	 -0.761959	 -0.000259741	 -0.949401	 -0.752237	 -7.7667e-005	 -0.929196	 -0.742783	 -0.000314842	 -0.908866	 -0.73344	 -0.000730227	 -0.888487	 2.44239	 2.44227	 2.44231	 2.44206	 2.44223	 
10.6	 -0.781	 0	 -0.99	 -0.771631	 -0.000275113	 -0.969614	 -0.761871	 -0.000247503	 -0.949413	 -0.752024	 -0.000143295	 -0.929253	 -0.742553	 -0.00033293	 -0.908916	 -0.733252	 -0.000667136	 -0.888502	 2.44441	 2.44429	 2.44432	 2.44404	 2.44423	 
10.61	 -0.781	 0	 -0.99	 -0.771631	 -0.000188751	 -0.969616	 -0.761789	 -0.00022105	 -0.949456	 -0.751854	 -0.000223655	 -0.929341	 -0.742366	 -0.000369628	 -0.909015	 -0.733067	 -0.00057695	 -0.8886	 2.44411	 2.44399	 2.44401	 2.44371	 2.44387	 
10.62	 -0.781	 0	 -0.99	 -0.771603	 -8.19574e-005	 -0.969647	 -0.761726	 -0.000199916	 -0.949524	 -0.751738	 -0.000316714	 -0.929455	 -0.742209	 -0.000402092	 -0.909167	 -0.732891	 -0.000486441	 -0.888779	 2.44148	 2.44136	 2.44139	 2.44107	 2.44124	 
10.63	 -0.781	 0	 -0.99	 -0.77156	 1.66206e-005	 -0.969701	 -0.761663	 -0.000172924	 -0.949623	 -0.751668	 -0.00040832	 -0.929593	 -0.742099	 -0.000444725	 -0.909358	 -0.732716	 -0.00039411	 -0.889034	 2.43676	 2.43664	 2.43667	 2.43636	 2.43651	 
10.64	 -0.781	 0	 -0.99	 -0.771481	 0.000107102	 -0.969785	 -0.761608	 -0.00015439	 -0.949744	 -0.751646	 -0.000491964	 -0.929746	 -0.74202	 -0.00047922	 -0.909585	 -0.732556	 -0.000317221	 -0.889346	 2.43028	 2.43016	 2.43021	 2.4299	 2.43007	 
10.65	 -0.781	 0	 -0.99	 -0.77139	 0.000171787	 -0.969886	 -0.76155	 -0.00014001	 -0.949886	 -0.751662	 -0.000554311	 -0.929912	 -0.741985	 -0.000508044	 -0.909833	 -0.7324	 -0.000260624	 -0.889709	 2.42239	 2.42229	 2.42234	 2.42205	 2.42222	 
10.66	 -0.781	 0	 -0.99	 -0.771281	 0.000202538	 -0.970005	 -0.761508	 -0.000132576	 -0.95004	 -0.751714	 -0.000586813	 -0.930086	 -0.741971	 -0.000526123	 -0.910104	 -0.732262	 -0.000233708	 -0.890107	 2.41333	 2.41322	 2.41329	 2.413	 2.41318	 
10.67	 -0.781	 0	 -0.99	 -0.771175	 0.000198097	 -0.970132	 -0.761468	 -0.000137231	 -0.950208	 -0.751787	 -0.000583415	 -0.930274	 -0.741991	 -0.000524422	 -0.910393	 -0.732144	 -0.000245252	 -0.890538	 2.40315	 2.40304	 2.4031	 2.40282	 2.403	 
10.68	 -0.781	 0	 -0.99	 -0.771081	 0.000147018	 -0.970262	 -0.76145	 -0.000142827	 -0.950385	 -0.751874	 -0.000537289	 -0.930481	 -0.742024	 -0.000511816	 -0.910711	 -0.732057	 -0.000287375	 -0.890999	 2.39175	 2.39162	 2.39169	 2.3914	 2.3916	 
10.69	 -0.781	 0	 -0.99	 -0.771017	 6.84085e-005	 -0.970388	 -0.761445	 -0.000163275	 -0.950575	 -0.751958	 -0.000455352	 -0.930721	 -0.742072	 -0.000469823	 -0.911063	 -0.732015	 -0.000364595	 -0.891491	 2.37895	 2.37881	 2.37886	 2.37858	 2.37876	 
10.7	 -0.781	 0	 -0.99	 -0.770985	 -5.02634e-005	 -0.970511	 -0.761452	 -0.00018071	 -0.950783	 -0.752025	 -0.000342255	 -0.931005	 -0.742136	 -0.000423605	 -0.911454	 -0.732041	 -0.00045235	 -0.892008	 2.36454	 2.36439	 2.36444	 2.36414	 2.36433	 
10.71	 -0.781	 0	 -0.99	 -0.771003	 -0.000168968	 -0.970622	 -0.761485	 -0.000211476	 -0.951005	 -0.752071	 -0.000220371	 -0.931337	 -0.742205	 -0.000357293	 -0.911895	 -0.732138	 -0.000556505	 -0.892555	 2.34839	 2.34823	 2.34827	 2.34796	 2.34814	 
10.72	 -0.781	 0	 -0.99	 -0.771082	 -0.000292117	 -0.970715	 -0.761542	 -0.000231744	 -0.95124	 -0.752094	 -0.000104656	 -0.93172	 -0.742284	 -0.000307906	 -0.912383	 -0.732302	 -0.000645824	 -0.893133	 2.33046	 2.3303	 2.33034	 2.33002	 2.3302	 
10.73	 -0.781	 0	 -0.99	 -0.771205	 -0.000372846	 -0.970799	 -0.761629	 -0.000254817	 -0.951485	 -0.7521	 -2.30902e-005	 -0.93215	 -0.742366	 -0.000261558	 -0.912919	 -0.732542	 -0.000716855	 -0.893736	 2.31083	 2.31067	 2.31071	 2.31039	 2.31057	 
10.74	 -0.781	 0	 -0.99	 -0.771371	 -0.000407307	 -0.970871	 -0.761731	 -0.000258968	 -0.951746	 -0.752097	 9.34492e-006	 -0.932619	 -0.742469	 -0.000248139	 -0.91349	 -0.732833	 -0.000739935	 -0.894369	 2.28966	 2.28951	 2.28955	 2.28923	 2.2894	 
10.75	 -0.781	 0	 -0.99	 -0.771541	 -0.000370383	 -0.970951	 -0.761853	 -0.00025217	 -0.952016	 -0.75211	 -2.46927e-005	 -0.933109	 -0.742587	 -0.000260844	 -0.914094	 -0.733166	 -0.000709917	 -0.89503	 2.26715	 2.267	 2.26706	 2.26673	 2.2669	 
10.76	 -0.781	 0	 -0.99	 -0.771696	 -0.000265031	 -0.971047	 -0.761974	 -0.000231461	 -0.952304	 -0.752164	 -0.000124909	 -0.933606	 -0.742748	 -0.000304949	 -0.91471	 -0.733505	 -0.000625556	 -0.895729	 2.24349	 2.24335	 2.24342	 2.24309	 2.24326	 
10.77	 -0.781	 0	 -0.99	 -0.771794	 -0.000116392	 -0.971177	 -0.762097	 -0.000196353	 -0.952604	 -0.752289	 -0.000273273	 -0.934088	 -0.742949	 -0.000380247	 -0.915335	 -0.733826	 -0.000498443	 -0.896473	 2.21886	 2.21872	 2.2188	 2.21847	 2.21864	 
10.78	 -0.781	 0	 -0.99	 -0.771822	 5.23745e-005	 -0.971351	 -0.762211	 -0.000167705	 -0.952922	 -0.752503	 -0.000436695	 -0.934545	 -0.743208	 -0.000452591	 -0.915957	 -0.734107	 -0.00036818	 -0.897271	 2.19334	 2.19322	 2.1933	 2.19297	 2.19314	 
10.79	 -0.781	 0	 -0.99	 -0.771779	 0.000171053	 -0.971566	 -0.762317	 -0.000136668	 -0.953257	 -0.752806	 -0.000559207	 -0.934976	 -0.743522	 -0.000520556	 -0.916575	 -0.734344	 -0.00026203	 -0.898123	 2.16698	 2.16685	 2.16694	 2.1666	 2.16679	 
10.8	 -0.781	 0	 -0.99	 -0.771688	 0.000214395	 -0.971813	 -0.762429	 -0.000132184	 -0.953603	 -0.753174	 -0.000598784	 -0.935392	 -0.743872	 -0.000536253	 -0.917202	 -0.734561	 -0.000235386	 -0.899018	 2.13974	 2.1396	 2.13969	 2.13935	 2.13953	 
10.81	 -0.781	 0	 -0.99	 -0.771612	 0.00013718	 -0.972061	 -0.762544	 -0.000144569	 -0.953961	 -0.753551	 -0.00052471	 -0.935824	 -0.744249	 -0.000506835	 -0.917843	 -0.734801	 -0.000298019	 -0.899938	 2.11153	 2.11138	 2.11147	 2.11113	 2.11132	 
10.82	 -0.781	 0	 -0.99	 -0.771597	 -3.67288e-005	 -0.972286	 -0.762685	 -0.000180368	 -0.954321	 -0.753879	 -0.000355644	 -0.936304	 -0.74461	 -0.000428582	 -0.918522	 -0.735131	 -0.000443505	 -0.90085	 2.08228	 2.08214	 2.08222	 2.08187	 2.08206	 
10.83	 -0.781	 0	 -0.99	 -0.771709	 -0.000241471	 -0.972454	 -0.762858	 -0.000229566	 -0.954681	 -0.754109	 -0.000155021	 -0.936857	 -0.744945	 -0.00032784	 -0.919246	 -0.735584	 -0.000620743	 -0.90174	 2.05196	 2.05181	 2.05189	 2.05153	 2.05172	 
10.84	 -0.781	 0	 -0.99	 -0.771948	 -0.000394802	 -0.972564	 -0.763072	 -0.000258365	 -0.955036	 -0.754242	 -1.16171e-005	 -0.937484	 -0.745246	 -0.000263884	 -0.92002	 -0.736163	 -0.000738276	 -0.902604	 2.02057	 2.02042	 2.02049	 2.02014	 2.02033	 
10.85	 -0.781	 0	 -0.99	 -0.772247	 -0.000389806	 -0.97265	 -0.763314	 -0.000264207	 -0.95539	 -0.754336	 -1.30689e-005	 -0.938154	 -0.745535	 -0.000254099	 -0.920829	 -0.73682	 -0.000736678	 -0.903464	 1.98819	 1.98803	 1.98812	 1.98776	 1.98796	 
10.86	 -0.781	 0	 -0.99	 -0.772505	 -0.000223189	 -0.972763	 -0.763547	 -0.0002247	 -0.955762	 -0.75449	 -0.000171676	 -0.938812	 -0.745872	 -0.000327856	 -0.921639	 -0.737454	 -0.000588924	 -0.904367	 1.95497	 1.95481	 1.9549	 1.95454	 1.95474	 
10.87	 -0.781	 0	 -0.99	 -0.772605	 2.94776e-005	 -0.972961	 -0.763757	 -0.000162167	 -0.956154	 -0.754805	 -0.000409433	 -0.939403	 -0.746286	 -0.000442595	 -0.922429	 -0.73798	 -0.000371237	 -0.905348	 1.92109	 1.92094	 1.92104	 1.92068	 1.92088	 
10.88	 -0.781	 0	 -0.99	 -0.772536	 0.000212758	 -0.973249	 -0.763933	 -0.000122861	 -0.956572	 -0.755295	 -0.000576378	 -0.939914	 -0.746795	 -0.000517758	 -0.923183	 -0.738371	 -0.000226077	 -0.906414	 1.88678	 1.88663	 1.88674	 1.88638	 1.88658	 
10.89	 -0.781	 0	 -0.99	 -0.772406	 0.000166018	 -0.97357	 -0.764095	 -0.000127567	 -0.956999	 -0.755857	 -0.000535619	 -0.940392	 -0.747352	 -0.000506732	 -0.923918	 -0.738718	 -0.000258428	 -0.907512	 1.85224	 1.8521	 1.85222	 1.85186	 1.85207	 
10.9	 -0.781	 0	 -0.99	 -0.772393	 -8.81277e-005	 -0.973834	 -0.764294	 -0.000187865	 -0.957408	 -0.756313	 -0.000295921	 -0.940924	 -0.747859	 -0.000390698	 -0.92468	 -0.739182	 -0.000469954	 -0.908552	 1.81769	 1.81755	 1.81768	 1.81733	 1.81753	 
10.91	 -0.781	 0	 -0.99	 -0.772629	 -0.000353883	 -0.973968	 -0.76455	 -0.000254218	 -0.957785	 -0.756543	 -3.96143e-005	 -0.941567	 -0.748265	 -0.000258384	 -0.925488	 -0.739851	 -0.000694491	 -0.909481	 1.78329	 1.78316	 1.7833	 1.78295	 1.78317	 
10.92	 -0.781	 0	 -0.99	 -0.773025	 -0.000391159	 -0.974019	 -0.764845	 -0.000256626	 -0.958139	 -0.756626	 -3.02185e-006	 -0.942279	 -0.748598	 -0.000241286	 -0.926324	 -0.740654	 -0.000714051	 -0.910331	 1.7492	 1.74907	 1.7492	 1.74886	 1.74908	 
10.93	 -0.781	 0	 -0.99	 -0.77331	 -0.000126601	 -0.974122	 -0.765122	 -0.000195644	 -0.958495	 -0.756812	 -0.000250832	 -0.942932	 -0.748973	 -0.000357487	 -0.927128	 -0.741371	 -0.000491853	 -0.911208	 1.71552	 1.71538	 1.71552	 1.71518	 1.71542	 
10.94	 -0.781	 0	 -0.99	 -0.773293	 0.000180845	 -0.974373	 -0.765321	 -0.000127133	 -0.958883	 -0.757283	 -0.000540124	 -0.943429	 -0.749493	 -0.000496233	 -0.927845	 -0.741833	 -0.000241271	 -0.912197	 1.68233	 1.68218	 1.68232	 1.68199	 1.68223	 
10.95	 -0.781	 0	 -0.99	 -0.773097	 0.000171535	 -0.974713	 -0.765472	 -0.000122078	 -0.959288	 -0.75792	 -0.000532712	 -0.94383	 -0.7501	 -0.000501908	 -0.928501	 -0.742147	 -0.000245206	 -0.913242	 1.64964	 1.64951	 1.64967	 1.64932	 1.64957	 
10.96	 -0.781	 0	 -0.99	 -0.773086	 -0.000165246	 -0.974957	 -0.76567	 -0.000199888	 -0.959663	 -0.758373	 -0.000212623	 -0.944311	 -0.750612	 -0.0003459	 -0.92919	 -0.742624	 -0.000526609	 -0.914187	 1.61748	 1.61736	 1.61752	 1.61718	 1.61741	 
10.97	 -0.781	 0	 -0.99	 -0.773449	 -0.000412231	 -0.975009	 -0.765957	 -0.000267486	 -0.959986	 -0.758479	 1.93819e-005	 -0.944955	 -0.750954	 -0.000223725	 -0.92995	 -0.743406	 -0.000738985	 -0.914961	 1.58581	 1.58569	 1.58586	 1.58551	 1.58576	 
10.98	 -0.781	 0	 -0.99	 -0.773865	 -0.000219101	 -0.97503	 -0.766258	 -0.000223951	 -0.960294	 -0.758544	 -0.000171459	 -0.945612	 -0.751275	 -0.000320313	 -0.930708	 -0.744222	 -0.000577253	 -0.9157	 1.55463	 1.55449	 1.55464	 1.55431	 1.55457	 
10.99	 -0.781	 0	 -0.99	 -0.773884	 0.000161535	 -0.975244	 -0.766468	 -0.000128222	 -0.96064	 -0.758981	 -0.000534422	 -0.946073	 -0.751774	 -0.000509155	 -0.931363	 -0.744709	 -0.000260811	 -0.916584	 1.52394	 1.52379	 1.52394	 1.5236	 1.52387	 
11	 -0.781	 0	 -0.99	 -0.773628	 0.000140443	 -0.975592	 -0.766609	 -0.000134588	 -0.961012	 -0.759668	 -0.000512411	 -0.946396	 -0.752396	 -0.00049963	 -0.931939	 -0.744969	 -0.000287271	 -0.917561	 1.4938	 1.49367	 1.49383	 1.49349	 1.49374	 
11.01	 -0.781	 0	 -0.99	 -0.773701	 -0.000277844	 -0.975774	 -0.76682	 -0.000240106	 -0.96134	 -0.760039	 -0.000118198	 -0.946857	 -0.752863	 -0.000298548	 -0.932569	 -0.745489	 -0.000636981	 -0.918384	 1.46439	 1.46429	 1.46447	 1.46413	 1.46438	 
11.02	 -0.781	 0	 -0.99	 -0.77419	 -0.000379613	 -0.975743	 -0.767124	 -0.000261223	 -0.961607	 -0.760004	 -1.99411e-005	 -0.947499	 -0.753118	 -0.000246316	 -0.933277	 -0.74634	 -0.000710839	 -0.919007	 1.43599	 1.43587	 1.43605	 1.43572	 1.43599	 
11.03	 -0.781	 0	 -0.99	 -0.774412	 4.45783e-005	 -0.975831	 -0.767364	 -0.000150834	 -0.961888	 -0.760203	 -0.000412391	 -0.948001	 -0.753472	 -0.000443211	 -0.933901	 -0.746961	 -0.000351676	 -0.919697	 1.40881	 1.40867	 1.40885	 1.40854	 1.40882	 
11.04	 -0.781	 0	 -0.99	 -0.774126	 0.000200331	 -0.976158	 -0.767475	 -0.00011287	 -0.96221	 -0.760871	 -0.000554963	 -0.948242	 -0.754058	 -0.000514452	 -0.93437	 -0.747151	 -0.000224949	 -0.920545	 1.38305	 1.38293	 1.38312	 1.38282	 1.3831	 
11.05	 -0.781	 0	 -0.99	 -0.774091	 -0.00023699	 -0.976354	 -0.767637	 -0.000222959	 -0.962485	 -0.761293	 -0.000140687	 -0.948565	 -0.754518	 -0.000299591	 -0.934851	 -0.747528	 -0.000586705	 -0.921247	 1.35888	 1.3588	 1.35902	 1.35871	 1.35898	 
11.06	 -0.781	 0	 -0.99	 -0.774595	 -0.000367899	 -0.976275	 -0.76792	 -0.000254057	 -0.962677	 -0.761182	 -1.52025e-005	 -0.949109	 -0.754694	 -0.000231906	 -0.935422	 -0.748327	 -0.000689205	 -0.921682	 1.33645	 1.33634	 1.33655	 1.33625	 1.33655	 
11.07	 -0.781	 0	 -0.99	 -0.774761	 0.00010294	 -0.976345	 -0.768113	 -0.000135052	 -0.962887	 -0.761368	 -0.000462045	 -0.949478	 -0.755003	 -0.000465097	 -0.935883	 -0.748831	 -0.000299037	 -0.922197	 1.31565	 1.31551	 1.31571	 1.31543	 1.31574	 
11.08	 -0.781	 0	 -0.99	 -0.774399	 0.000130203	 -0.976658	 -0.768169	 -0.00012674	 -0.963142	 -0.762031	 -0.000490031	 -0.949585	 -0.755547	 -0.000485673	 -0.936187	 -0.748891	 -0.000279432	 -0.922873	 1.29631	 1.2962	 1.29642	 1.29612	 1.29641	 
11.09	 -0.781	 0	 -0.99	 -0.774527	 -0.000362789	 -0.976732	 -0.768341	 -0.000253382	 -0.963323	 -0.762226	 -2.7013e-005	 -0.949882	 -0.755846	 -0.000244225	 -0.936566	 -0.749333	 -0.000687958	 -0.923319	 1.27835	 1.27826	 1.27847	 1.27817	 1.27846	 
11.1	 -0.781	 0	 -0.99	 -0.77504	 -0.00021116	 -0.976609	 -0.768606	 -0.000223694	 -0.96344	 -0.762051	 -0.000174675	 -0.950328	 -0.755942	 -0.000315515	 -0.937005	 -0.750067	 -0.000568754	 -0.923577	 1.26173	 1.26161	 1.26181	 1.26152	 1.26184	 
11.11	 -0.781	 0	 -0.99	 -0.774879	 0.000227357	 -0.976793	 -0.768691	 -0.000112733	 -0.963621	 -0.762487	 -0.000587926	 -0.950459	 -0.756342	 -0.000534192	 -0.937263	 -0.75023	 -0.000215079	 -0.924053	 1.24648	 1.24635	 1.24654	 1.24626	 1.24656	 
11.12	 -0.781	 0	 -0.99	 -0.774619	 -0.00014236	 -0.977017	 -0.768738	 -0.00019992	 -0.963799	 -0.76299	 -0.000242869	 -0.950521	 -0.756769	 -0.000364888	 -0.937461	 -0.750297	 -0.000518938	 -0.924522	 1.23271	 1.23262	 1.23285	 1.23255	 1.23286	 
11.13	 -0.781	 0	 -0.99	 -0.775096	 -0.000392326	 -0.976884	 -0.768967	 -0.000265709	 -0.963866	 -0.762789	 -1.71187e-005	 -0.950872	 -0.756817	 -0.000249552	 -0.937784	 -0.750947	 -0.00072272	 -0.924654	 1.2208	 1.22071	 1.22092	 1.22066	 1.22097	 
11.14	 -0.781	 0	 -0.99	 -0.775237	 0.000123289	 -0.976886	 -0.769107	 -0.000138793	 -0.963943	 -0.76288	 -0.000500881	 -0.951047	 -0.756996	 -0.000498726	 -0.937988	 -0.751298	 -0.00030539	 -0.924846	 1.21096	 1.21084	 1.21106	 1.21081	 1.21115	 
11.15	 -0.781	 0	 -0.99	 -0.774813	 5.1214e-005	 -0.977137	 -0.769087	 -0.000157373	 -0.964063	 -0.76347	 -0.000430623	 -0.950942	 -0.757424	 -0.000463227	 -0.938012	 -0.751166	 -0.000370394	 -0.925182	 1.20331	 1.20323	 1.20347	 1.20323	 1.20353	 
11.16	 -0.781	 0	 -0.99	 -0.775081	 -0.000414692	 -0.977056	 -0.769226	 -0.000278633	 -0.964078	 -0.76339	 4.15847e-006	 -0.951091	 -0.757496	 -0.000233956	 -0.938132	 -0.751573	 -0.000751104	 -0.925191	 1.19798	 1.19791	 1.19816	 1.19792	 1.19826	 
11.17	 -0.781	 0	 -0.99	 -0.775442	 -2.22597e-005	 -0.976912	 -0.769385	 -0.000179968	 -0.96405	 -0.763206	 -0.000362721	 -0.951243	 -0.757494	 -0.000421405	 -0.938223	 -0.752022	 -0.000427554	 -0.925097	 1.19492	 1.19483	 1.19505	 1.19484	 1.19518	 
11.18	 -0.781	 0	 -0.99	 -0.775031	 0.000166951	 -0.977103	 -0.769342	 -0.00012831	 -0.964082	 -0.763727	 -0.000542843	 -0.951031	 -0.757843	 -0.000522823	 -0.938094	 -0.751818	 -0.000272239	 -0.925222	 1.19396	 1.19387	 1.19411	 1.19387	 1.19422	 
11.19	 -0.781	 0	 -0.99	 -0.775052	 -0.000361559	 -0.97709	 -0.769394	 -0.000258986	 -0.964046	 -0.763812	 -4.97314e-005	 -0.950968	 -0.757955	 -0.000270645	 -0.938014	 -0.751948	 -0.000702384	 -0.925131	 1.19493	 1.19487	 1.1951	 1.19486	 1.19519	 
11.2	 -0.781	 0	 -0.99	 -0.775519	 -0.000182617	 -0.976861	 -0.769547	 -0.000215916	 -0.963937	 -0.76345	 -0.000216387	 -0.95107	 -0.757814	 -0.000353262	 -0.937997	 -0.752418	 -0.000558224	 -0.924822	 1.19774	 1.19764	 1.19786	 1.19763	 1.19797	 
11.21	 -0.781	 0	 -0.99	 -0.775227	 0.000217638	 -0.976955	 -0.769504	 -0.000120172	 -0.963891	 -0.763786	 -0.000596593	 -0.950828	 -0.758022	 -0.000553235	 -0.937778	 -0.752247	 -0.000241014	 -0.924734	 1.20222	 1.20212	 1.20233	 1.20211	 1.20244	 
11.22	 -0.781	 0	 -0.99	 -0.775001	 -0.000228772	 -0.977014	 -0.769466	 -0.000235646	 -0.963821	 -0.764044	 -0.000181731	 -0.95058	 -0.758188	 -0.000340558	 -0.937528	 -0.75211	 -0.000613565	 -0.924577	 1.2083	 1.20824	 1.20846	 1.20823	 1.20855	 
11.23	 -0.781	 0	 -0.99	 -0.775469	 -0.000332388	 -0.976754	 -0.76959	 -0.000265212	 -0.963656	 -0.763629	 -8.92169e-005	 -0.950594	 -0.757991	 -0.000291937	 -0.937392	 -0.752517	 -0.000701781	 -0.924123	 1.21604	 1.21595	 1.21617	 1.21595	 1.2163	 
11.24	 -0.781	 0	 -0.99	 -0.775417	 0.000169223	 -0.976706	 -0.76958	 -0.000140522	 -0.963526	 -0.763684	 -0.000569422	 -0.950373	 -0.758021	 -0.000548469	 -0.937113	 -0.75248	 -0.000296438	 -0.923802	 1.22537	 1.22527	 1.22548	 1.22528	 1.22561	 
11.25	 -0.781	 0	 -0.99	 -0.774991	 -3.39132e-005	 -0.976814	 -0.76947	 -0.000188515	 -0.963418	 -0.764074	 -0.000383755	 -0.94997	 -0.758217	 -0.000462011	 -0.936716	 -0.75212	 -0.000466073	 -0.923569	 1.23621	 1.23614	 1.23636	 1.23615	 1.23648	 
11.26	 -0.781	 0	 -0.99	 -0.775272	 -0.000421742	 -0.976608	 -0.76953	 -0.000288797	 -0.963216	 -0.763784	 -2.36934e-005	 -0.949827	 -0.758049	 -0.000275078	 -0.936434	 -0.75232	 -0.00078603	 -0.923044	 1.24854	 1.24847	 1.24868	 1.24847	 1.24879	 
11.27	 -0.781	 0	 -0.99	 -0.775529	 -2.52009e-005	 -0.976398	 -0.769576	 -0.000195071	 -0.963001	 -0.763496	 -0.000395785	 -0.94966	 -0.757868	 -0.000461903	 -0.936123	 -0.75248	 -0.000466341	 -0.922486	 1.2622	 1.2621	 1.2623	 1.26209	 1.26243	 
11.28	 -0.781	 0	 -0.99	 -0.775104	 0.000176138	 -0.976471	 -0.769438	 -0.000142336	 -0.962847	 -0.763826	 -0.00057747	 -0.949203	 -0.757997	 -0.000554607	 -0.935645	 -0.752065	 -0.000303275	 -0.922131	 1.27701	 1.27693	 1.27712	 1.27692	 1.27723	 
11.29	 -0.781	 0	 -0.99	 -0.774988	 -0.000290789	 -0.97641	 -0.76937	 -0.000255443	 -0.96265	 -0.763856	 -0.000138005	 -0.948847	 -0.75797	 -0.000329441	 -0.9352	 -0.751888	 -0.000679035	 -0.921641	 1.29289	 1.29281	 1.29302	 1.2928	 1.29313	 
11.3	 -0.781	 0	 -0.99	 -0.775398	 -0.000323998	 -0.976116	 -0.769432	 -0.000262687	 -0.962382	 -0.763384	 -0.000109485	 -0.948683	 -0.757672	 -0.000313223	 -0.934842	 -0.752126	 -0.000696685	 -0.920936	 1.30984	 1.30976	 1.30994	 1.30975	 1.31006	 
11.31	 -0.781	 0	 -0.99	 -0.775339	 0.00013771	 -0.976009	 -0.769376	 -0.000146819	 -0.962147	 -0.763333	 -0.000540768	 -0.94832	 -0.757574	 -0.000533735	 -0.934369	 -0.751967	 -0.000317085	 -0.920355	 1.32792	 1.32783	 1.32802	 1.32783	 1.32816	 
11.32	 -0.781	 0	 -0.99	 -0.774895	 6.43794e-005	 -0.976057	 -0.769212	 -0.000167983	 -0.961939	 -0.763626	 -0.000473215	 -0.947782	 -0.757646	 -0.000501152	 -0.933786	 -0.751474	 -0.000386351	 -0.919871	 1.34727	 1.3472	 1.3474	 1.34722	 1.34753	 
11.33	 -0.781	 0	 -0.99	 -0.774955	 -0.000369504	 -0.975887	 -0.76916	 -0.000281201	 -0.961664	 -0.763429	 -7.29574e-005	 -0.947416	 -0.757462	 -0.000298921	 -0.933267	 -0.751374	 -0.000752342	 -0.919172	 1.3681	 1.36804	 1.36825	 1.36808	 1.36841	 
11.34	 -0.781	 0	 -0.99	 -0.775305	 -0.000263277	 -0.97558	 -0.769175	 -0.000257524	 -0.961338	 -0.762944	 -0.000182957	 -0.947139	 -0.757117	 -0.000360514	 -0.932771	 -0.751488	 -0.000670931	 -0.918324	 1.39056	 1.39049	 1.39069	 1.39054	 1.39086	 
11.35	 -0.781	 0	 -0.99	 -0.775164	 0.000144304	 -0.975464	 -0.769065	 -0.000159577	 -0.96104	 -0.762901	 -0.000579725	 -0.946645	 -0.756978	 -0.000573637	 -0.932144	 -0.751182	 -0.00034541	 -0.917592	 1.41461	 1.41454	 1.41474	 1.41459	 1.41492	 
11.36	 -0.781	 0	 -0.99	 -0.774737	 6.41075e-005	 -0.97546	 -0.768876	 -0.000185794	 -0.960756	 -0.763107	 -0.000515915	 -0.946016	 -0.756957	 -0.000550351	 -0.931427	 -0.750626	 -0.00042969	 -0.916915	 1.44009	 1.44004	 1.44023	 1.44008	 1.4404	 
11.37	 -0.781	 0	 -0.99	 -0.774719	 -0.000337634	 -0.975281	 -0.768773	 -0.000290858	 -0.96042	 -0.762907	 -0.000144761	 -0.945527	 -0.756726	 -0.000365907	 -0.930763	 -0.750387	 -0.000777126	 -0.916069	 1.46672	 1.46667	 1.46686	 1.4667	 1.46702	 
11.38	 -0.781	 0	 -0.99	 -0.775024	 -0.000357769	 -0.97496	 -0.76874	 -0.000297707	 -0.960044	 -0.762388	 -0.000134173	 -0.945155	 -0.756324	 -0.000364833	 -0.930149	 -0.750396	 -0.000797135	 -0.915091	 1.49416	 1.49409	 1.49426	 1.4941	 1.49441	 
11.39	 -0.781	 0	 -0.99	 -0.775038	 1.16278e-005	 -0.974753	 -0.768637	 -0.000207306	 -0.959688	 -0.762131	 -0.000487771	 -0.944667	 -0.756038	 -0.000546429	 -0.929473	 -0.750152	 -0.0004899	 -0.914195	 1.5221	 1.52202	 1.52218	 1.52201	 1.52232	 
11.4	 -0.781	 0	 -0.99	 -0.774662	 0.000175794	 -0.974705	 -0.768436	 -0.000167824	 -0.959368	 -0.762231	 -0.000636286	 -0.944024	 -0.755923	 -0.000617379	 -0.928716	 -0.749574	 -0.000355842	 -0.913426	 1.55039	 1.55032	 1.55047	 1.5503	 1.5506	 
11.41	 -0.781	 0	 -0.99	 -0.77438	 -9.34154e-005	 -0.974619	 -0.768247	 -0.000229599	 -0.959038	 -0.762233	 -0.000372438	 -0.94341	 -0.75576	 -0.000480692	 -0.927968	 -0.749058	 -0.000574308	 -0.912621	 1.57903	 1.57896	 1.57912	 1.57895	 1.57924	 
11.42	 -0.781	 0	 -0.99	 -0.774482	 -0.00039337	 -0.974373	 -0.768147	 -0.000295213	 -0.958666	 -0.761864	 -8.5464e-005	 -0.942939	 -0.755405	 -0.000337026	 -0.927285	 -0.74885	 -0.0008094	 -0.911674	 1.60812	 1.60805	 1.6082	 1.60804	 1.60834	 
11.43	 -0.781	 0	 -0.99	 -0.774713	 -0.000323473	 -0.974067	 -0.768078	 -0.000278214	 -0.958274	 -0.761359	 -0.000147322	 -0.942515	 -0.754971	 -0.000362556	 -0.926621	 -0.748747	 -0.000747761	 -0.910663	 1.63772	 1.63765	 1.6378	 1.63764	 1.63794	 
11.44	 -0.781	 0	 -0.99	 -0.774693	 3.40003e-006	 -0.973859	 -0.767941	 -0.000203255	 -0.957901	 -0.761081	 -0.000451486	 -0.941989	 -0.754645	 -0.000507971	 -0.9259	 -0.74842	 -0.000482907	 -0.909726	 1.66781	 1.66774	 1.6679	 1.66774	 1.66804	 
11.45	 -0.781	 0	 -0.99	 -0.774379	 0.000183198	 -0.97377	 -0.767728	 -0.000158211	 -0.957555	 -0.761074	 -0.00062738	 -0.941343	 -0.754447	 -0.000602734	 -0.925115	 -0.747833	 -0.000333776	 -0.908882	 1.69829	 1.69822	 1.69837	 1.69822	 1.69851	 
11.46	 -0.781	 0	 -0.99	 -0.774048	 3.69457e-005	 -0.973688	 -0.767512	 -0.00019559	 -0.957207	 -0.761074	 -0.000500149	 -0.940688	 -0.754243	 -0.000547745	 -0.924326	 -0.747226	 -0.000459093	 -0.908041	 1.72897	 1.7289	 1.72904	 1.72889	 1.72918	 
11.47	 -0.781	 0	 -0.99	 -0.77396	 -0.000257324	 -0.973508	 -0.767349	 -0.000273378	 -0.956838	 -0.760836	 -0.000227388	 -0.940128	 -0.753919	 -0.000413174	 -0.923584	 -0.746807	 -0.000715293	 -0.907122	 1.7597	 1.75963	 1.75976	 1.75961	 1.75989	 
11.48	 -0.781	 0	 -0.99	 -0.7741	 -0.000416896	 -0.973234	 -0.76723	 -0.000309391	 -0.95645	 -0.760374	 -8.05061e-005	 -0.939662	 -0.753482	 -0.000346323	 -0.922889	 -0.746565	 -0.000849667	 -0.906131	 1.79042	 1.79034	 1.79047	 1.79031	 1.79059	 
11.49	 -0.781	 0	 -0.99	 -0.774243	 -0.000309833	 -0.972956	 -0.767112	 -0.00028402	 -0.956062	 -0.759892	 -0.000183234	 -0.939205	 -0.753024	 -0.000397883	 -0.922204	 -0.746327	 -0.000763066	 -0.905136	 1.82114	 1.82106	 1.82119	 1.82103	 1.82131	 
11.5	 -0.781	 0	 -0.99	 -0.774206	 -4.79908e-005	 -0.972749	 -0.766944	 -0.000228426	 -0.955692	 -0.759571	 -0.000430604	 -0.938682	 -0.75264	 -0.000512847	 -0.921487	 -0.745923	 -0.000550281	 -0.904205	 1.85193	 1.85186	 1.852	 1.85184	 1.85211	 
11.51	 -0.781	 0	 -0.99	 -0.773968	 0.000144974	 -0.972626	 -0.766727	 -0.000180157	 -0.955341	 -0.759437	 -0.000617776	 -0.938078	 -0.752339	 -0.000607944	 -0.920731	 -0.745331	 -0.000381041	 -0.903346	 1.88287	 1.88281	 1.88295	 1.88279	 1.88307	 
11.52	 -0.781	 0	 -0.99	 -0.773649	 0.00014898	 -0.972537	 -0.766493	 -0.000179221	 -0.954995	 -0.759372	 -0.000620488	 -0.937441	 -0.752058	 -0.000608992	 -0.919962	 -0.744664	 -0.000377419	 -0.902516	 1.91395	 1.91389	 1.91402	 1.91388	 1.91416	 
11.53	 -0.781	 0	 -0.99	 -0.773408	 -2.17016e-005	 -0.972416	 -0.766266	 -0.00022025	 -0.954646	 -0.759222	 -0.00045588	 -0.936837	 -0.751742	 -0.000527781	 -0.919206	 -0.744057	 -0.000523431	 -0.901661	 1.94509	 1.94502	 1.94514	 1.94501	 1.94528	 
11.54	 -0.781	 0	 -0.99	 -0.773321	 -0.000253084	 -0.972233	 -0.766069	 -0.000270102	 -0.954286	 -0.758916	 -0.000241593	 -0.936299	 -0.751349	 -0.000431312	 -0.918484	 -0.743583	 -0.000711998	 -0.900754	 1.97612	 1.97604	 1.97616	 1.97602	 1.97629	 
11.55	 -0.781	 0	 -0.99	 -0.773366	 -0.000397711	 -0.971997	 -0.765904	 -0.000309897	 -0.953917	 -0.758479	 -0.000106373	 -0.935823	 -0.750889	 -0.000364228	 -0.9178	 -0.743221	 -0.000843164	 -0.899812	 2.00685	 2.00677	 2.00688	 2.00673	 2.007	 
11.56	 -0.781	 0	 -0.99	 -0.773459	 -0.000400484	 -0.971742	 -0.765744	 -0.000310388	 -0.953553	 -0.757996	 -0.000107026	 -0.935378	 -0.75041	 -0.000368297	 -0.917138	 -0.742889	 -0.000849292	 -0.898873	 2.0371	 2.03701	 2.03712	 2.03696	 2.03722	 
11.57	 -0.781	 0	 -0.99	 -0.773493	 -0.000272984	 -0.971515	 -0.765574	 -0.00028053	 -0.953202	 -0.757561	 -0.000229751	 -0.934929	 -0.749945	 -0.000428097	 -0.916489	 -0.742513	 -0.000742711	 -0.897973	 2.0667	 2.06663	 2.06673	 2.06656	 2.06681	 
11.58	 -0.781	 0	 -0.99	 -0.773427	 -8.2299e-005	 -0.971335	 -0.765379	 -0.000241684	 -0.952871	 -0.757226	 -0.000408764	 -0.934453	 -0.749526	 -0.000505968	 -0.915841	 -0.742036	 -0.000584274	 -0.897142	 2.09559	 2.09552	 2.09561	 2.09544	 2.09568	 
11.59	 -0.781	 0	 -0.99	 -0.773255	 7.9332e-005	 -0.971206	 -0.765162	 -0.000199086	 -0.952561	 -0.756991	 -0.00056284	 -0.933951	 -0.749148	 -0.000582576	 -0.915198	 -0.741459	 -0.000439897	 -0.896381	 2.12372	 2.12365	 2.12374	 2.12356	 2.1238	 
11.6	 -0.781	 0	 -0.99	 -0.773008	 0.000170587	 -0.971114	 -0.764926	 -0.000179538	 -0.95227	 -0.75682	 -0.000643116	 -0.933438	 -0.748799	 -0.0006186	 -0.914565	 -0.740828	 -0.000374185	 -0.89567	 2.1511	 2.15103	 2.15112	 2.15093	 2.15116	 
11.61	 -0.781	 0	 -0.99	 -0.772754	 0.000152524	 -0.971032	 -0.764685	 -0.000181386	 -0.951992	 -0.756659	 -0.000629345	 -0.932935	 -0.748459	 -0.000616998	 -0.913948	 -0.740179	 -0.000387027	 -0.894995	 2.17774	 2.17765	 2.17775	 2.17757	 2.17782	 
11.62	 -0.781	 0	 -0.99	 -0.772538	 5.01745e-005	 -0.970941	 -0.764464	 -0.0002081	 -0.951716	 -0.756466	 -0.000538097	 -0.93246	 -0.748092	 -0.000573289	 -0.913363	 -0.739558	 -0.000468103	 -0.894336	 2.20363	 2.20355	 2.20363	 2.20348	 2.20372	 
11.63	 -0.781	 0	 -0.99	 -0.772387	 -9.29094e-005	 -0.970827	 -0.764245	 -0.000242135	 -0.951451	 -0.756205	 -0.000401794	 -0.932031	 -0.747707	 -0.000509638	 -0.912809	 -0.739001	 -0.000593081	 -0.893678	 2.22877	 2.22868	 2.22876	 2.2286	 2.22884	 
11.64	 -0.781	 0	 -0.99	 -0.772295	 -0.000241437	 -0.970694	 -0.764035	 -0.000269768	 -0.951194	 -0.755876	 -0.000259976	 -0.93165	 -0.747296	 -0.000450171	 -0.912289	 -0.738523	 -0.000718978	 -0.893015	 2.25309	 2.25298	 2.25307	 2.2529	 2.25313	 
11.65	 -0.781	 0	 -0.99	 -0.772272	 -0.000351231	 -0.970538	 -0.763848	 -0.000298825	 -0.95094	 -0.755497	 -0.000152734	 -0.931311	 -0.746863	 -0.000396175	 -0.911807	 -0.738094	 -0.000820351	 -0.892364	 2.27648	 2.27637	 2.27645	 2.27628	 2.27651	 
11.66	 -0.781	 0	 -0.99	 -0.772291	 -0.000415173	 -0.97037	 -0.76368	 -0.000309003	 -0.950693	 -0.755096	 -9.57484e-005	 -0.931004	 -0.74642	 -0.000375333	 -0.911358	 -0.737694	 -0.00086913	 -0.891737	 2.29885	 2.29875	 2.29881	 2.29863	 2.29885	 
11.67	 -0.781	 0	 -0.99	 -0.772314	 -0.000409904	 -0.970207	 -0.763518	 -0.000312085	 -0.950459	 -0.754695	 -9.68264e-005	 -0.930723	 -0.74598	 -0.000368993	 -0.910942	 -0.737313	 -0.00086859	 -0.891143	 2.32006	 2.31996	 2.32003	 2.31984	 2.32006	 
11.68	 -0.781	 0	 -0.99	 -0.772328	 -0.000357459	 -0.970056	 -0.763351	 -0.000295876	 -0.950245	 -0.754313	 -0.000145085	 -0.930462	 -0.745559	 -0.000391223	 -0.910555	 -0.736924	 -0.000814552	 -0.890596	 2.34004	 2.33994	 2.34	 2.33981	 2.34001	 
11.69	 -0.781	 0	 -0.99	 -0.772304	 -0.000261909	 -0.969931	 -0.763185	 -0.000275715	 -0.95005	 -0.753967	 -0.000230513	 -0.930213	 -0.745152	 -0.000422309	 -0.910197	 -0.736522	 -0.000727568	 -0.890101	 2.35873	 2.35864	 2.35871	 2.3585	 2.35871	 
11.7	 -0.781	 0	 -0.99	 -0.772244	 -0.000151158	 -0.969831	 -0.763003	 -0.000250357	 -0.949879	 -0.753661	 -0.000333624	 -0.929974	 -0.744778	 -0.000463126	 -0.909862	 -0.736094	 -0.000620105	 -0.889661	 2.37622	 2.37614	 2.37621	 2.376	 2.37619	 
11.71	 -0.781	 0	 -0.99	 -0.772138	 -3.62279e-005	 -0.969759	 -0.762819	 -0.000221044	 -0.949725	 -0.753399	 -0.000436267	 -0.929738	 -0.744421	 -0.000507046	 -0.909549	 -0.735646	 -0.000517805	 -0.88927	 2.39264	 2.39257	 2.39264	 2.39242	 2.39263	 
11.72	 -0.781	 0	 -0.99	 -0.772005	 6.75536e-005	 -0.969706	 -0.76263	 -0.0001949	 -0.949586	 -0.753179	 -0.000524701	 -0.929503	 -0.744094	 -0.000544189	 -0.90925	 -0.73517	 -0.000432712	 -0.888925	 2.40814	 2.40807	 2.40814	 2.40794	 2.40814	 
11.73	 -0.781	 0	 -0.99	 -0.771852	 0.00013539	 -0.969669	 -0.762453	 -0.000177445	 -0.949455	 -0.752995	 -0.000590389	 -0.92927	 -0.743777	 -0.000572986	 -0.908971	 -0.734674	 -0.00036248	 -0.88862	 2.42281	 2.42273	 2.42282	 2.42261	 2.42282	 
11.74	 -0.781	 0	 -0.99	 -0.771689	 0.00017637	 -0.969643	 -0.762273	 -0.000173056	 -0.949338	 -0.75283	 -0.000628378	 -0.929047	 -0.743479	 -0.000584072	 -0.90871	 -0.734177	 -0.00032713	 -0.88835	 2.43659	 2.43651	 2.43658	 2.43638	 2.43657	 
11.75	 -0.781	 0	 -0.99	 -0.771511	 0.000178897	 -0.969634	 -0.762085	 -0.000166571	 -0.949241	 -0.752672	 -0.000631859	 -0.928845	 -0.7432	 -0.000592746	 -0.908472	 -0.733707	 -0.000322477	 -0.888108	 2.44926	 2.44917	 2.44924	 2.44902	 2.44923	 
11.76	 -0.781	 0	 -0.99	 -0.771348	 0.000155015	 -0.969629	 -0.76191	 -0.000177257	 -0.94916	 -0.75252	 -0.000608325	 -0.92867	 -0.742931	 -0.000577772	 -0.908271	 -0.733256	 -0.000348731	 -0.887911	 2.46053	 2.46042	 2.46047	 2.46025	 2.46044	 
11.77	 -0.781	 0	 -0.99	 -0.771209	 9.71849e-005	 -0.969625	 -0.761754	 -0.00018441	 -0.949094	 -0.752373	 -0.00055539	 -0.928531	 -0.742671	 -0.000559874	 -0.908115	 -0.732832	 -0.000391789	 -0.887765	 2.47005	 2.46993	 2.46998	 2.46975	 2.46995	 
11.78	 -0.781	 0	 -0.99	 -0.771091	 3.06367e-005	 -0.969626	 -0.761612	 -0.000199806	 -0.949051	 -0.752223	 -0.000483511	 -0.928435	 -0.742426	 -0.00052411	 -0.90801	 -0.732454	 -0.000458623	 -0.887668	 2.47766	 2.47753	 2.47756	 2.47732	 2.4775	 
11.79	 -0.781	 0	 -0.99	 -0.771007	 -5.99597e-005	 -0.969626	 -0.761486	 -0.000214753	 -0.949029	 -0.752067	 -0.000398976	 -0.928385	 -0.742193	 -0.000489682	 -0.907956	 -0.732117	 -0.000526491	 -0.887624	 2.48328	 2.48314	 2.48317	 2.48293	 2.48313	 
11.8	 -0.781	 0	 -0.99	 -0.770947	 -0.000147826	 -0.969629	 -0.761376	 -0.000238184	 -0.949027	 -0.751903	 -0.000313141	 -0.92838	 -0.741968	 -0.00044539	 -0.907953	 -0.731835	 -0.000603309	 -0.887623	 2.48704	 2.48691	 2.48693	 2.4867	 2.48688	 
11.81	 -0.781	 0	 -0.99	 -0.770914	 -0.000237294	 -0.96963	 -0.76127	 -0.000252651	 -0.949047	 -0.751727	 -0.000227325	 -0.928416	 -0.741761	 -0.000410805	 -0.907989	 -0.731604	 -0.000675982	 -0.887656	 2.48919	 2.48905	 2.48909	 2.48885	 2.48904	 
11.82	 -0.781	 0	 -0.99	 -0.770907	 -0.0003081	 -0.969628	 -0.761187	 -0.00026708	 -0.949075	 -0.751548	 -0.000151741	 -0.928484	 -0.741558	 -0.000374538	 -0.908063	 -0.731414	 -0.000744069	 -0.887719	 2.48998	 2.48984	 2.48988	 2.48965	 2.48984	 
11.83	 -0.781	 0	 -0.99	 -0.770935	 -0.000369216	 -0.969619	 -0.761122	 -0.000277569	 -0.949113	 -0.751367	 -9.2074e-005	 -0.928579	 -0.741366	 -0.000346768	 -0.908166	 -0.73125	 -0.000788351	 -0.887813	 2.4896	 2.48948	 2.48953	 2.4893	 2.48949	 
11.84	 -0.781	 0	 -0.99	 -0.770973	 -0.000405685	 -0.969611	 -0.761069	 -0.000287099	 -0.949159	 -0.751186	 -5.53495e-005	 -0.928698	 -0.741181	 -0.00032436	 -0.908298	 -0.731124	 -0.000813718	 -0.887927	 2.48817	 2.48804	 2.4881	 2.48787	 2.48806	 
11.85	 -0.781	 0	 -0.99	 -0.771019	 -0.000414743	 -0.969607	 -0.761013	 -0.000286296	 -0.949224	 -0.751006	 -4.18121e-005	 -0.928842	 -0.741019	 -0.000316448	 -0.908452	 -0.731031	 -0.000818943	 -0.888066	 2.48562	 2.48549	 2.48555	 2.48531	 2.4855	 
11.86	 -0.781	 0	 -0.99	 -0.771065	 -0.000397905	 -0.969612	 -0.76097	 -0.000281483	 -0.949301	 -0.750841	 -5.49793e-005	 -0.929007	 -0.740869	 -0.000318093	 -0.908638	 -0.730965	 -0.000797212	 -0.888238	 2.48179	 2.48167	 2.48173	 2.48147	 2.48165	 
11.87	 -0.781	 0	 -0.99	 -0.77112	 -0.000351908	 -0.969623	 -0.76094	 -0.00027154	 -0.949393	 -0.750701	 -9.34786e-005	 -0.929193	 -0.740747	 -0.000328504	 -0.908854	 -0.730911	 -0.000752427	 -0.88846	 2.47649	 2.47637	 2.47642	 2.47614	 2.47632	 
11.88	 -0.781	 0	 -0.99	 -0.771161	 -0.000281797	 -0.969654	 -0.760922	 -0.000250135	 -0.949504	 -0.750597	 -0.000153438	 -0.929399	 -0.740654	 -0.000354762	 -0.909105	 -0.730881	 -0.000687351	 -0.88873	 2.46953	 2.4694	 2.46945	 2.46916	 2.46933	 
11.89	 -0.781	 0	 -0.99	 -0.771193	 -0.000192024	 -0.969701	 -0.760913	 -0.000234081	 -0.949637	 -0.750534	 -0.000236189	 -0.929624	 -0.740601	 -0.000383929	 -0.909389	 -0.730863	 -0.000606811	 -0.889058	 2.46081	 2.46068	 2.46073	 2.46043	 2.46059	 
11.9	 -0.781	 0	 -0.99	 -0.771203	 -9.80255e-005	 -0.969772	 -0.760915	 -0.000212318	 -0.94979	 -0.750517	 -0.0003308	 -0.929864	 -0.740584	 -0.000426862	 -0.909705	 -0.73086	 -0.000514064	 -0.889443	 2.45035	 2.45023	 2.45028	 2.44996	 2.45012	 
11.91	 -0.781	 0	 -0.99	 -0.771183	 8.34589e-006	 -0.969869	 -0.760913	 -0.000192269	 -0.949968	 -0.750546	 -0.000428219	 -0.930117	 -0.740614	 -0.000467097	 -0.910047	 -0.730874	 -0.000431424	 -0.88988	 2.43827	 2.43816	 2.4382	 2.43789	 2.43806	 
11.92	 -0.781	 0	 -0.99	 -0.771144	 9.65143e-005	 -0.969988	 -0.760924	 -0.000167471	 -0.950162	 -0.750626	 -0.000513678	 -0.930377	 -0.740679	 -0.000511533	 -0.910413	 -0.730889	 -0.000351743	 -0.890371	 2.42472	 2.4246	 2.42466	 2.42435	 2.42452	 
11.93	 -0.781	 0	 -0.99	 -0.771088	 0.000169738	 -0.970126	 -0.760948	 -0.000155367	 -0.95037	 -0.750755	 -0.000579629	 -0.930643	 -0.740777	 -0.000535821	 -0.910804	 -0.730902	 -0.000293773	 -0.890913	 2.40982	 2.40969	 2.40976	 2.40945	 2.40961	 
11.94	 -0.781	 0	 -0.99	 -0.771016	 0.000200394	 -0.970282	 -0.760974	 -0.000143148	 -0.950596	 -0.750918	 -0.000609897	 -0.930919	 -0.74091	 -0.000553585	 -0.911215	 -0.730929	 -0.000258334	 -0.891497	 2.39359	 2.39347	 2.39353	 2.39322	 2.3934	 
11.95	 -0.781	 0	 -0.99	 -0.770936	 0.000196288	 -0.970453	 -0.761008	 -0.000144931	 -0.950838	 -0.751104	 -0.000598886	 -0.931214	 -0.741068	 -0.000543433	 -0.911654	 -0.730984	 -0.000264307	 -0.892119	 2.376	 2.37587	 2.37593	 2.37562	 2.37579	 
11.96	 -0.781	 0	 -0.99	 -0.770872	 0.000139055	 -0.970626	 -0.761051	 -0.000150595	 -0.951098	 -0.7513	 -0.00053931	 -0.931536	 -0.741253	 -0.00051781	 -0.912123	 -0.731074	 -0.000304517	 -0.892779	 2.35693	 2.35679	 2.35685	 2.35652	 2.3567	 
11.97	 -0.781	 0	 -0.99	 -0.770837	 4.08926e-005	 -0.970798	 -0.761118	 -0.000170858	 -0.95137	 -0.751493	 -0.000438467	 -0.931895	 -0.741447	 -0.000465811	 -0.912634	 -0.73122	 -0.000381996	 -0.893468	 2.33627	 2.33612	 2.33616	 2.33584	 2.33601	 
11.98	 -0.781	 0	 -0.99	 -0.770857	 -8.84915e-005	 -0.970953	 -0.761205	 -0.000194726	 -0.951655	 -0.751665	 -0.000307143	 -0.9323	 -0.741657	 -0.000403839	 -0.913186	 -0.731433	 -0.000488208	 -0.894185	 2.31395	 2.3138	 2.31385	 2.31351	 2.31369	 
11.99	 -0.781	 0	 -0.99	 -0.770935	 -0.000227671	 -0.971091	 -0.761323	 -0.000221406	 -0.951948	 -0.751809	 -0.00017056	 -0.932756	 -0.741866	 -0.000342622	 -0.913786	 -0.731731	 -0.000605665	 -0.894917	 2.29005	 2.2899	 2.28994	 2.28961	 2.28979	 
12	 -0.781	 0	 -0.99	 -0.771083	 -0.00034553	 -0.971203	 -0.761465	 -0.000253591	 -0.95225	 -0.751917	 -6.15399e-005	 -0.933262	 -0.742079	 -0.000288772	 -0.914425	 -0.732106	 -0.000708419	 -0.895662	 2.26471	 2.26456	 2.26461	 2.26428	 2.26446	 
12.01	 -0.781	 0	 -0.99	 -0.77128	 -0.000415143	 -0.971299	 -0.761632	 -0.000270026	 -0.952558	 -0.751998	 -5.84518e-006	 -0.933809	 -0.742292	 -0.000268535	 -0.915102	 -0.73255	 -0.000764582	 -0.896416	 2.23816	 2.23801	 2.23806	 2.23773	 2.23791	 
12.02	 -0.781	 0	 -0.99	 -0.771495	 -0.000394197	 -0.971392	 -0.761806	 -0.00027291	 -0.952875	 -0.752076	 -2.87973e-005	 -0.934382	 -0.742519	 -0.000277946	 -0.9158	 -0.733041	 -0.000762471	 -0.897182	 2.2106	 2.21045	 2.21053	 2.21019	 2.21039	 
12.03	 -0.781	 0	 -0.99	 -0.771692	 -0.00029353	 -0.971499	 -0.761982	 -0.000249403	 -0.953204	 -0.752189	 -0.00013271	 -0.934953	 -0.742777	 -0.000333864	 -0.916506	 -0.733534	 -0.000680023	 -0.897975	 2.18227	 2.18213	 2.18221	 2.18188	 2.18206	 
12.04	 -0.781	 0	 -0.99	 -0.771827	 -0.000121846	 -0.971642	 -0.762162	 -0.000217073	 -0.95354	 -0.752382	 -0.000300768	 -0.935498	 -0.743074	 -0.000410594	 -0.917211	 -0.733988	 -0.000541648	 -0.898812	 2.1533	 2.15315	 2.15325	 2.15291	 2.1531	 
12.05	 -0.781	 0	 -0.99	 -0.771875	 6.20654e-005	 -0.971835	 -0.762324	 -0.000176407	 -0.953893	 -0.752679	 -0.000479068	 -0.936001	 -0.743434	 -0.000496353	 -0.9179	 -0.734375	 -0.000387583	 -0.899704	 2.12377	 2.12363	 2.12372	 2.12339	 2.12357	 
12.06	 -0.781	 0	 -0.99	 -0.771824	 0.000189583	 -0.972083	 -0.762473	 -0.000143659	 -0.954261	 -0.753077	 -0.000598992	 -0.936464	 -0.743849	 -0.000555994	 -0.918576	 -0.734706	 -0.000277745	 -0.900645	 2.09373	 2.09358	 2.09369	 2.09335	 2.09354	 
12.07	 -0.781	 0	 -0.99	 -0.771732	 0.000201861	 -0.972358	 -0.762615	 -0.000140831	 -0.95464	 -0.75353	 -0.000602479	 -0.936908	 -0.744301	 -0.000552414	 -0.919247	 -0.73501	 -0.000267881	 -0.901619	 2.06317	 2.06303	 2.06314	 2.0628	 2.06299	 
12.08	 -0.781	 0	 -0.99	 -0.771674	 6.63383e-005	 -0.972619	 -0.76277	 -0.000163054	 -0.95502	 -0.753963	 -0.000468728	 -0.937373	 -0.744754	 -0.000491552	 -0.919933	 -0.735358	 -0.000369829	 -0.902591	 2.03209	 2.03195	 2.03207	 2.03172	 2.03192	 
12.09	 -0.781	 0	 -0.99	 -0.771731	 -0.000154779	 -0.972825	 -0.762958	 -0.000213573	 -0.955392	 -0.754297	 -0.000250749	 -0.937902	 -0.745168	 -0.000381625	 -0.920654	 -0.735823	 -0.000553861	 -0.903522	 2.00048	 2.00034	 2.00044	 2.0001	 2.00029	 
12.1	 -0.781	 0	 -0.99	 -0.771948	 -0.000359822	 -0.972952	 -0.763185	 -0.000260967	 -0.955751	 -0.754496	 -5.56846e-005	 -0.938513	 -0.745533	 -0.00028509	 -0.921418	 -0.736433	 -0.000719374	 -0.904399	 1.96831	 1.96817	 1.96828	 1.96792	 1.96812	 
12.11	 -0.781	 0	 -0.99	 -0.772268	 -0.000419151	 -0.973028	 -0.763447	 -0.000274174	 -0.9561	 -0.754608	 -2.39065e-006	 -0.939181	 -0.745859	 -0.000258789	 -0.922219	 -0.737149	 -0.00076207	 -0.905239	 1.93561	 1.93547	 1.93557	 1.93521	 1.93542	 
12.12	 -0.781	 0	 -0.99	 -0.772568	 -0.000266491	 -0.973118	 -0.763709	 -0.000243069	 -0.956455	 -0.754754	 -0.000143112	 -0.939843	 -0.746209	 -0.000319587	 -0.92302	 -0.73786	 -0.00063986	 -0.906099	 1.90244	 1.9023	 1.90241	 1.90205	 1.90228	 
12.13	 -0.781	 0	 -0.99	 -0.772706	 4.39113e-006	 -0.973293	 -0.763937	 -0.000175463	 -0.956833	 -0.755065	 -0.00039821	 -0.940427	 -0.746646	 -0.000444955	 -0.923786	 -0.738443	 -0.000409295	 -0.907035	 1.86897	 1.86883	 1.86894	 1.8686	 1.86881	 
12.14	 -0.781	 0	 -0.99	 -0.772639	 0.000205777	 -0.973575	 -0.764128	 -0.000126187	 -0.957231	 -0.75558	 -0.00058641	 -0.940908	 -0.747183	 -0.000536559	 -0.924504	 -0.738866	 -0.000239095	 -0.908059	 1.83539	 1.83524	 1.83537	 1.83501	 1.83524	 
12.15	 -0.781	 0	 -0.99	 -0.772498	 0.000161858	 -0.973896	 -0.764302	 -0.000137803	 -0.957638	 -0.756178	 -0.000541212	 -0.941345	 -0.747769	 -0.000512441	 -0.925194	 -0.739227	 -0.000278318	 -0.909114	 1.80186	 1.80172	 1.80184	 1.80149	 1.80171	 
12.16	 -0.781	 0	 -0.99	 -0.772505	 -0.000121748	 -0.974141	 -0.764512	 -0.00019928	 -0.958023	 -0.756641	 -0.00027289	 -0.941845	 -0.748295	 -0.000386064	 -0.925909	 -0.739715	 -0.000508521	 -0.910096	 1.76852	 1.76838	 1.76853	 1.76817	 1.7684	 
12.17	 -0.781	 0	 -0.99	 -0.772781	 -0.000387238	 -0.974245	 -0.764787	 -0.00026126	 -0.958371	 -0.756846	 -1.73801e-005	 -0.942472	 -0.748693	 -0.00025696	 -0.926682	 -0.740437	 -0.00072748	 -0.910949	 1.73545	 1.73532	 1.73547	 1.73512	 1.73535	 
12.18	 -0.781	 0	 -0.99	 -0.773195	 -0.000356808	 -0.974276	 -0.765092	 -0.000256761	 -0.9587	 -0.75692	 -4.04113e-005	 -0.94316	 -0.749027	 -0.000259025	 -0.927479	 -0.741269	 -0.000701156	 -0.911734	 1.70269	 1.70255	 1.7027	 1.70236	 1.7026	 
12.19	 -0.781	 0	 -0.99	 -0.773428	 -3.94581e-005	 -0.974395	 -0.765353	 -0.000178225	 -0.959046	 -0.757161	 -0.000340854	 -0.943757	 -0.74944	 -0.000407488	 -0.928228	 -0.741948	 -0.00042906	 -0.912585	 1.67026	 1.67011	 1.67024	 1.66991	 1.67015	 
12.2	 -0.781	 0	 -0.99	 -0.77332	 0.000219162	 -0.974685	 -0.765532	 -0.000115039	 -0.959427	 -0.757716	 -0.000585168	 -0.944187	 -0.750003	 -0.000530893	 -0.928889	 -0.742349	 -0.00021421	 -0.913563	 1.63819	 1.63803	 1.63818	 1.63784	 1.63809	 
12.21	 -0.781	 0	 -0.99	 -0.773128	 8.46417e-005	 -0.975016	 -0.765685	 -0.000149004	 -0.959816	 -0.758347	 -0.000456029	 -0.944566	 -0.750607	 -0.000467415	 -0.929515	 -0.742676	 -0.00033394	 -0.914563	 1.60658	 1.60645	 1.60661	 1.60626	 1.60648	 
12.22	 -0.781	 0	 -0.99	 -0.77326	 -0.000299081	 -0.975179	 -0.765914	 -0.000240781	 -0.960157	 -0.758673	 -9.76874e-005	 -0.945084	 -0.751063	 -0.000292648	 -0.930196	 -0.743264	 -0.000652419	 -0.915408	 1.5756	 1.57548	 1.57565	 1.5753	 1.57555	 
12.23	 -0.781	 0	 -0.99	 -0.773716	 -0.000398334	 -0.975173	 -0.766228	 -0.000266121	 -0.960444	 -0.758697	 -1.04185e-005	 -0.945738	 -0.751359	 -0.000249887	 -0.930936	 -0.744114	 -0.00073172	 -0.916092	 1.54543	 1.54531	 1.54548	 1.54515	 1.54541	 
12.24	 -0.781	 0	 -0.99	 -0.774	 -3.91098e-005	 -0.975244	 -0.766501	 -0.000183185	 -0.960737	 -0.758877	 -0.000348666	 -0.946294	 -0.751723	 -0.000415133	 -0.931614	 -0.74481	 -0.000438645	 -0.916817	 1.51623	 1.51608	 1.51626	 1.51593	 1.51621	 
12.25	 -0.781	 0	 -0.99	 -0.773827	 0.000230277	 -0.975535	 -0.766653	 -0.000116951	 -0.961074	 -0.759477	 -0.000599057	 -0.946618	 -0.752294	 -0.000541833	 -0.932158	 -0.745115	 -0.000220133	 -0.917698	 1.48809	 1.48795	 1.48811	 1.4878	 1.48807	 
12.26	 -0.781	 0	 -0.99	 -0.773645	 -5.20369e-005	 -0.975825	 -0.766792	 -0.00018115	 -0.961403	 -0.760064	 -0.000333916	 -0.94692	 -0.752857	 -0.000413771	 -0.932671	 -0.745407	 -0.000449298	 -0.918546	 1.46104	 1.46094	 1.46114	 1.46081	 1.46108	 
12.27	 -0.781	 0	 -0.99	 -0.773965	 -0.000415341	 -0.975859	 -0.767047	 -0.000269179	 -0.961656	 -0.76016	 8.30453e-006	 -0.947438	 -0.753161	 -0.000238431	 -0.933277	 -0.746103	 -0.000742217	 -0.91915	 1.43526	 1.43516	 1.43536	 1.43503	 1.4353	 
12.28	 -0.781	 0	 -0.99	 -0.774408	 -0.000189386	 -0.975819	 -0.767329	 -0.000215749	 -0.961876	 -0.760127	 -0.000197896	 -0.947993	 -0.753385	 -0.000333436	 -0.933885	 -0.746881	 -0.000553492	 -0.919664	 1.4108	 1.41066	 1.41086	 1.41055	 1.41085	 
12.29	 -0.781	 0	 -0.99	 -0.774315	 0.000218024	 -0.976031	 -0.767475	 -0.000114106	 -0.962141	 -0.760594	 -0.000575005	 -0.948274	 -0.753854	 -0.000522686	 -0.934331	 -0.747194	 -0.000217833	 -0.920352	 1.38778	 1.38764	 1.38783	 1.38754	 1.38783	 
12.3	 -0.781	 0	 -0.99	 -0.77404	 -3.04389e-007	 -0.976323	 -0.767566	 -0.000162803	 -0.96241	 -0.761214	 -0.000368023	 -0.94844	 -0.754396	 -0.000421742	 -0.934693	 -0.747341	 -0.000393352	 -0.921064	 1.36635	 1.36625	 1.36647	 1.36617	 1.36646	 
12.31	 -0.781	 0	 -0.99	 -0.774335	 -0.000411579	 -0.976325	 -0.767784	 -0.000262186	 -0.962591	 -0.761264	 1.93821e-005	 -0.948843	 -0.754633	 -0.000222822	 -0.935149	 -0.747941	 -0.000724877	 -0.92149	 1.34678	 1.34669	 1.34692	 1.34662	 1.34692	 
12.32	 -0.781	 0	 -0.99	 -0.774765	 -0.000141014	 -0.976246	 -0.768026	 -0.000198472	 -0.962732	 -0.76116	 -0.000234927	 -0.94928	 -0.754771	 -0.00034786	 -0.935597	 -0.748631	 -0.00050224	 -0.9218	 1.32919	 1.32907	 1.32928	 1.32901	 1.32934	 
12.33	 -0.781	 0	 -0.99	 -0.774555	 0.000233023	 -0.976458	 -0.768102	 -0.000107795	 -0.962923	 -0.761645	 -0.00058655	 -0.949392	 -0.755199	 -0.000529001	 -0.93585	 -0.748768	 -0.000201554	 -0.922302	 1.31354	 1.31343	 1.31365	 1.31339	 1.31369	 
12.34	 -0.781	 0	 -0.99	 -0.77433	 -0.000130254	 -0.976668	 -0.768168	 -0.000196863	 -0.963093	 -0.762136	 -0.000245686	 -0.949459	 -0.755626	 -0.000357881	 -0.936049	 -0.74887	 -0.000502823	 -0.922759	 1.29971	 1.29962	 1.29985	 1.29957	 1.29987	 
12.35	 -0.781	 0	 -0.99	 -0.774773	 -0.000406601	 -0.976549	 -0.768394	 -0.000266742	 -0.963165	 -0.761983	 8.79405e-006	 -0.949796	 -0.75571	 -0.000227525	 -0.936364	 -0.7495	 -0.000727088	 -0.922907	 1.28751	 1.28741	 1.28764	 1.28736	 1.28767	 
12.36	 -0.781	 0	 -0.99	 -0.775009	 5.11474e-005	 -0.976514	 -0.76856	 -0.000154138	 -0.963243	 -0.761998	 -0.000425914	 -0.950028	 -0.755861	 -0.000452979	 -0.93661	 -0.749945	 -0.000352616	 -0.92309	 1.2767	 1.27656	 1.27675	 1.27649	 1.27681	 
12.37	 -0.781	 0	 -0.99	 -0.774615	 0.000154426	 -0.976767	 -0.768559	 -0.000127029	 -0.963384	 -0.762582	 -0.000521915	 -0.949966	 -0.756296	 -0.00050669	 -0.936687	 -0.749861	 -0.000273684	 -0.923479	 1.26703	 1.26692	 1.26713	 1.26684	 1.26715	 
12.38	 -0.781	 0	 -0.99	 -0.774675	 -0.000350288	 -0.976804	 -0.768666	 -0.000254958	 -0.963458	 -0.762733	 -4.75167e-005	 -0.950078	 -0.756506	 -0.00026069	 -0.936834	 -0.75013	 -0.000690746	 -0.923664	 1.25854	 1.25845	 1.25867	 1.25838	 1.25869	 
12.39	 -0.781	 0	 -0.99	 -0.775173	 -0.000224783	 -0.976625	 -0.768876	 -0.00022631	 -0.963465	 -0.762462	 -0.00016461	 -0.950359	 -0.756485	 -0.000315769	 -0.937051	 -0.750734	 -0.000587292	 -0.923643	 1.2514	 1.25128	 1.25149	 1.25122	 1.25154	 
12.4	 -0.781	 0	 -0.99	 -0.774995	 0.000224415	 -0.976745	 -0.768904	 -0.000110344	 -0.963532	 -0.762794	 -0.000583212	 -0.950331	 -0.75676	 -0.000533555	 -0.937088	 -0.750767	 -0.000216678	 -0.923828	 1.2458	 1.24568	 1.24589	 1.24564	 1.24596	 
12.41	 -0.781	 0	 -0.99	 -0.774691	 -0.000126538	 -0.976913	 -0.768889	 -0.000193699	 -0.963594	 -0.763219	 -0.000252956	 -0.950216	 -0.757074	 -0.000366076	 -0.937052	 -0.750682	 -0.000497138	 -0.924004	 1.24201	 1.24194	 1.24217	 1.24192	 1.24223	 
12.42	 -0.781	 0	 -0.99	 -0.775118	 -0.000395333	 -0.976733	 -0.769053	 -0.000260502	 -0.963544	 -0.762946	 2.9346e-006	 -0.950374	 -0.757013	 -0.000227227	 -0.937126	 -0.751169	 -0.000708277	 -0.923843	 1.24037	 1.2403	 1.24053	 1.2403	 1.24064	 
12.43	 -0.781	 0	 -0.99	 -0.775278	 9.73971e-005	 -0.976653	 -0.769147	 -0.000136836	 -0.96349	 -0.76291	 -0.00045193	 -0.950379	 -0.757055	 -0.000455389	 -0.937089	 -0.751406	 -0.000301819	 -0.92371	 1.24105	 1.24095	 1.24118	 1.24097	 1.24132	 
12.44	 -0.781	 0	 -0.99	 -0.774837	 0.000110889	 -0.976829	 -0.769075	 -0.000132274	 -0.96348	 -0.763407	 -0.000461249	 -0.95009	 -0.757361	 -0.000460879	 -0.936865	 -0.751128	 -0.000291818	 -0.923725	 1.24406	 1.24399	 1.24423	 1.24402	 1.24436	 
12.45	 -0.781	 0	 -0.99	 -0.774959	 -0.000380927	 -0.976739	 -0.769122	 -0.000255608	 -0.963382	 -0.763341	 -5.09638e-007	 -0.950001	 -0.757365	 -0.000222566	 -0.936707	 -0.751284	 -0.000693521	 -0.923464	 1.2494	 1.24934	 1.24959	 1.24938	 1.24972	 
12.46	 -0.781	 0	 -0.99	 -0.775371	 -0.000149813	 -0.976501	 -0.769237	 -0.000199216	 -0.963223	 -0.762983	 -0.000221651	 -0.949999	 -0.757198	 -0.000337437	 -0.936566	 -0.751652	 -0.000505496	 -0.92303	 1.25693	 1.25684	 1.25707	 1.25688	 1.25722	 
12.47	 -0.781	 0	 -0.99	 -0.775075	 0.000222137	 -0.976561	 -0.769173	 -0.000106645	 -0.963115	 -0.763274	 -0.00057794	 -0.94967	 -0.757351	 -0.000529845	 -0.936229	 -0.75142	 -0.000208389	 -0.922793	 1.26634	 1.26625	 1.26647	 1.26627	 1.26662	 
12.48	 -0.781	 0	 -0.99	 -0.774804	 -0.000173525	 -0.976604	 -0.769101	 -0.00020769	 -0.96299	 -0.763517	 -0.000213175	 -0.949324	 -0.757471	 -0.000348305	 -0.93586	 -0.751191	 -0.0005416	 -0.922501	 1.2773	 1.27724	 1.27746	 1.27724	 1.27757	 
12.49	 -0.781	 0	 -0.99	 -0.775195	 -0.000383622	 -0.976346	 -0.769181	 -0.000267434	 -0.962779	 -0.763115	 -2.2895e-005	 -0.949235	 -0.757248	 -0.000248577	 -0.935605	 -0.751484	 -0.000721069	 -0.921935	 1.28957	 1.28949	 1.2897	 1.28948	 1.28982	 
12.5	 -0.781	 0	 -0.99	 -0.775303	 7.68948e-005	 -0.976201	 -0.769187	 -0.000156981	 -0.962584	 -0.762968	 -0.000460304	 -0.949015	 -0.757142	 -0.000473867	 -0.93527	 -0.751522	 -0.00034879	 -0.921438	 1.30292	 1.30282	 1.30301	 1.3028	 1.30313	 
12.51	 -0.781	 0	 -0.99	 -0.774861	 0.000137312	 -0.976288	 -0.769052	 -0.00013833	 -0.962437	 -0.763327	 -0.000517808	 -0.948551	 -0.757289	 -0.000509989	 -0.934795	 -0.751091	 -0.000300664	 -0.921109	 1.31727	 1.31718	 1.31738	 1.31716	 1.31749	 
12.52	 -0.781	 0	 -0.99	 -0.774839	 -0.000330173	 -0.97619	 -0.769015	 -0.000252415	 -0.962232	 -0.763276	 -8.04666e-005	 -0.948237	 -0.757216	 -0.000288938	 -0.93438	 -0.750989	 -0.000682915	 -0.9206	 1.33275	 1.33268	 1.33289	 1.33268	 1.333	 
12.53	 -0.781	 0	 -0.99	 -0.775233	 -0.000294534	 -0.9759	 -0.769072	 -0.000247527	 -0.961965	 -0.762811	 -0.000116326	 -0.948075	 -0.756917	 -0.000303841	 -0.934026	 -0.751211	 -0.000655178	 -0.919901	 1.34962	 1.34954	 1.34974	 1.34954	 1.34987	 
12.54	 -0.781	 0	 -0.99	 -0.775145	 0.000153093	 -0.975803	 -0.768999	 -0.000139948	 -0.961732	 -0.762777	 -0.000537648	 -0.947697	 -0.756825	 -0.000518422	 -0.93354	 -0.75102	 -0.000294198	 -0.919321	 1.36803	 1.36795	 1.36815	 1.36797	 1.36831	 
12.55	 -0.781	 0	 -0.99	 -0.774714	 7.92546e-005	 -0.975844	 -0.768833	 -0.000158719	 -0.961517	 -0.763053	 -0.000473463	 -0.947149	 -0.756888	 -0.000492943	 -0.93294	 -0.75053	 -0.000362149	 -0.918814	 1.38804	 1.38797	 1.38819	 1.38801	 1.38834	 
12.56	 -0.781	 0	 -0.99	 -0.774743	 -0.00035251	 -0.975681	 -0.768777	 -0.000266837	 -0.961234	 -0.762889	 -7.79622e-005	 -0.946755	 -0.75672	 -0.000299277	 -0.932395	 -0.750404	 -0.000722194	 -0.918102	 1.40953	 1.40947	 1.40969	 1.40951	 1.40984	 
12.57	 -0.781	 0	 -0.99	 -0.775089	 -0.000307215	 -0.975373	 -0.768796	 -0.000260831	 -0.960902	 -0.76241	 -0.000129562	 -0.946472	 -0.756379	 -0.00032781	 -0.931893	 -0.750527	 -0.000692391	 -0.917241	 1.43221	 1.43214	 1.43233	 1.43215	 1.43248	 
12.58	 -0.781	 0	 -0.99	 -0.775031	 0.000105647	 -0.975227	 -0.768708	 -0.000166296	 -0.960604	 -0.762292	 -0.000525862	 -0.946022	 -0.756209	 -0.000531472	 -0.931296	 -0.750301	 -0.000365418	 -0.916497	 1.45568	 1.45559	 1.45577	 1.45559	 1.45591	 
12.59	 -0.781	 0	 -0.99	 -0.774613	 0.000138646	 -0.975231	 -0.768518	 -0.00016164	 -0.960342	 -0.762495	 -0.000566541	 -0.945425	 -0.756197	 -0.000560819	 -0.930618	 -0.749762	 -0.00034966	 -0.915869	 1.47963	 1.47955	 1.47972	 1.47953	 1.47984	 
12.6	 -0.781	 0	 -0.99	 -0.774474	 -0.000247035	 -0.975118	 -0.76839	 -0.000255663	 -0.960048	 -0.762422	 -0.000211604	 -0.944931	 -0.756038	 -0.000390281	 -0.929988	 -0.74944	 -0.000672403	 -0.915137	 1.504	 1.50392	 1.50409	 1.5039	 1.50421	 
12.61	 -0.781	 0	 -0.99	 -0.774736	 -0.000411302	 -0.974832	 -0.768359	 -0.000298299	 -0.959706	 -0.761957	 -6.05719e-005	 -0.944591	 -0.755668	 -0.000314225	 -0.92943	 -0.749434	 -0.000811488	 -0.914251	 1.52895	 1.52887	 1.52904	 1.52886	 1.52917	 
12.62	 -0.781	 0	 -0.99	 -0.774893	 -0.000117839	 -0.97458	 -0.768296	 -0.00023187	 -0.959363	 -0.761582	 -0.000338233	 -0.944196	 -0.755333	 -0.000449835	 -0.928834	 -0.749318	 -0.000573742	 -0.913375	 1.55479	 1.55472	 1.5549	 1.55474	 1.55506	 
12.63	 -0.781	 0	 -0.99	 -0.774636	 0.000175655	 -0.974491	 -0.768124	 -0.000159795	 -0.959048	 -0.76158	 -0.000616062	 -0.94362	 -0.755175	 -0.000591539	 -0.928127	 -0.74884	 -0.00033124	 -0.912606	 1.58191	 1.58185	 1.58203	 1.58189	 1.5822	 
12.64	 -0.781	 0	 -0.99	 -0.774259	 6.55249e-005	 -0.974446	 -0.767914	 -0.000182596	 -0.958728	 -0.761668	 -0.000512957	 -0.942971	 -0.755049	 -0.000545763	 -0.927364	 -0.748247	 -0.000421957	 -0.911835	 1.61048	 1.61043	 1.61063	 1.61049	 1.61081	 
12.65	 -0.781	 0	 -0.99	 -0.774173	 -0.000273718	 -0.97427	 -0.767766	 -0.000266121	 -0.958363	 -0.761462	 -0.000192595	 -0.942413	 -0.754768	 -0.000386201	 -0.926625	 -0.747882	 -0.000708393	 -0.91092	 1.64048	 1.64043	 1.64062	 1.6405	 1.6408	 
12.66	 -0.781	 0	 -0.99	 -0.774375	 -0.000412201	 -0.973966	 -0.76768	 -0.000301601	 -0.957956	 -0.760976	 -6.27967e-005	 -0.94195	 -0.754342	 -0.000319657	 -0.925917	 -0.747736	 -0.000824585	 -0.909875	 1.67155	 1.6715	 1.67167	 1.67154	 1.67186	 
12.67	 -0.781	 0	 -0.99	 -0.774524	 -0.000209226	 -0.973677	 -0.767582	 -0.000251382	 -0.957546	 -0.760535	 -0.000255278	 -0.94146	 -0.753929	 -0.000414196	 -0.925189	 -0.747536	 -0.00064953	 -0.908832	 1.70316	 1.70309	 1.70325	 1.7031	 1.7034	 
12.68	 -0.781	 0	 -0.99	 -0.774384	 9.25303e-005	 -0.973509	 -0.767417	 -0.000179941	 -0.957165	 -0.760362	 -0.000536641	 -0.94086	 -0.753641	 -0.000548497	 -0.924411	 -0.747091	 -0.000396028	 -0.907893	 1.73471	 1.73463	 1.73478	 1.73461	 1.7349	 
12.69	 -0.781	 0	 -0.99	 -0.774046	 0.000181163	 -0.973427	 -0.767198	 -0.00015783	 -0.956814	 -0.760373	 -0.000616257	 -0.940192	 -0.753447	 -0.000585468	 -0.923608	 -0.746476	 -0.000320089	 -0.907043	 1.76576	 1.76567	 1.76579	 1.76561	 1.76589	 
12.7	 -0.781	 0	 -0.99	 -0.773767	 -8.59309e-006	 -0.973329	 -0.766989	 -0.000197874	 -0.956469	 -0.76032	 -0.000435976	 -0.939566	 -0.75322	 -0.000500985	 -0.922839	 -0.74591	 -0.000472637	 -0.9062	 1.79606	 1.79597	 1.79608	 1.79589	 1.79617	 
12.71	 -0.781	 0	 -0.99	 -0.773713	 -0.000280926	 -0.973142	 -0.766831	 -0.000262921	 -0.956113	 -0.760045	 -0.00017622	 -0.939045	 -0.752879	 -0.000372526	 -0.922135	 -0.745531	 -0.000701574	 -0.905304	 1.82568	 1.82559	 1.82569	 1.82551	 1.82578	 
12.72	 -0.781	 0	 -0.99	 -0.773846	 -0.000409832	 -0.97288	 -0.766713	 -0.000294157	 -0.955747	 -0.759592	 -5.27131e-005	 -0.93861	 -0.752451	 -0.00030964	 -0.921482	 -0.745292	 -0.000809569	 -0.904365	 1.85483	 1.85475	 1.85486	 1.85468	 1.85496	 
12.73	 -0.781	 0	 -0.99	 -0.773982	 -0.000312165	 -0.972616	 -0.766598	 -0.000269004	 -0.955381	 -0.759132	 -0.000145462	 -0.938182	 -0.752008	 -0.000355258	 -0.920839	 -0.745045	 -0.000724234	 -0.903433	 1.88386	 1.88378	 1.8839	 1.88373	 1.884	 
12.74	 -0.781	 0	 -0.99	 -0.773965	 -7.28879e-005	 -0.972413	 -0.766447	 -0.000216105	 -0.955028	 -0.75881	 -0.000370577	 -0.937694	 -0.751623	 -0.00046063	 -0.920169	 -0.744657	 -0.000528056	 -0.902553	 1.91304	 1.91296	 1.9131	 1.91293	 1.9132	 
12.75	 -0.781	 0	 -0.99	 -0.773767	 0.000130541	 -0.972284	 -0.766244	 -0.000169032	 -0.954692	 -0.758648	 -0.000566067	 -0.937132	 -0.751312	 -0.000556211	 -0.919458	 -0.744103	 -0.00035662	 -0.901731	 1.94254	 1.94247	 1.94261	 1.94246	 1.94273	 
12.76	 -0.781	 0	 -0.99	 -0.773466	 0.000179782	 -0.972197	 -0.76601	 -0.000157337	 -0.954364	 -0.758562	 -0.000616995	 -0.936529	 -0.751028	 -0.000584773	 -0.918725	 -0.743465	 -0.000315426	 -0.900935	 1.97238	 1.97232	 1.97246	 1.97232	 1.97259	 
12.77	 -0.781	 0	 -0.99	 -0.773193	 6.71916e-005	 -0.972098	 -0.765772	 -0.000186236	 -0.954035	 -0.758436	 -0.000511291	 -0.935938	 -0.750726	 -0.000535962	 -0.917994	 -0.742847	 -0.000419065	 -0.900123	 2.00244	 2.00238	 2.0025	 2.00237	 2.00263	 
12.78	 -0.781	 0	 -0.99	 -0.773039	 -0.000138492	 -0.97195	 -0.765559	 -0.000230912	 -0.953697	 -0.758192	 -0.000319426	 -0.935396	 -0.750367	 -0.000450945	 -0.917288	 -0.742322	 -0.000593173	 -0.899274	 2.03249	 2.03241	 2.03254	 2.03239	 2.03266	 
12.79	 -0.781	 0	 -0.99	 -0.773016	 -0.00032182	 -0.971749	 -0.765381	 -0.000274817	 -0.953347	 -0.757824	 -0.000145723	 -0.934912	 -0.749939	 -0.000368147	 -0.916617	 -0.741902	 -0.000751888	 -0.89839	 2.06228	 2.0622	 2.0623	 2.06216	 2.06242	 
12.8	 -0.781	 0	 -0.99	 -0.773081	 -0.000409039	 -0.971512	 -0.76522	 -0.000296214	 -0.952997	 -0.757376	 -6.41505e-005	 -0.934474	 -0.749475	 -0.000328544	 -0.915977	 -0.74154	 -0.00082484	 -0.897497	 2.09159	 2.0915	 2.09161	 2.09145	 2.09171	 
12.81	 -0.781	 0	 -0.99	 -0.773145	 -0.000377266	 -0.97128	 -0.765056	 -0.00028923	 -0.952656	 -0.756915	 -9.70465e-005	 -0.934055	 -0.749	 -0.000342918	 -0.915359	 -0.741188	 -0.000791578	 -0.896622	 2.12027	 2.12019	 2.12029	 2.12012	 2.12037	 
12.82	 -0.781	 0	 -0.99	 -0.773152	 -0.000245525	 -0.971075	 -0.764873	 -0.000262267	 -0.952334	 -0.756504	 -0.000220108	 -0.933632	 -0.748552	 -0.000396256	 -0.914751	 -0.740787	 -0.000683645	 -0.895791	 2.14824	 2.14817	 2.14826	 2.14809	 2.14835	 
12.83	 -0.781	 0	 -0.99	 -0.773081	 -7.83107e-005	 -0.970909	 -0.764683	 -0.000220683	 -0.952025	 -0.756181	 -0.000378745	 -0.933187	 -0.748137	 -0.000473566	 -0.91415	 -0.7403	 -0.000540464	 -0.895024	 2.17549	 2.17542	 2.17551	 2.17533	 2.17557	 
12.84	 -0.781	 0	 -0.99	 -0.772931	 7.3842e-005	 -0.970783	 -0.764484	 -0.000188954	 -0.951731	 -0.755943	 -0.000522162	 -0.932721	 -0.747753	 -0.000537021	 -0.913556	 -0.739735	 -0.000413189	 -0.894318	 2.202	 2.20192	 2.20202	 2.20183	 2.20206	 
12.85	 -0.781	 0	 -0.99	 -0.772716	 0.000163711	 -0.97069	 -0.764257	 -0.00016805	 -0.95146	 -0.755754	 -0.000609729	 -0.932251	 -0.747405	 -0.000579688	 -0.91297	 -0.739132	 -0.000335115	 -0.893656	 2.22774	 2.22767	 2.22775	 2.22757	 2.2278	 
12.86	 -0.781	 0	 -0.99	 -0.772469	 0.000179115	 -0.970619	 -0.764017	 -0.000164599	 -0.951207	 -0.755578	 -0.000625636	 -0.93179	 -0.747065	 -0.00058908	 -0.912402	 -0.738526	 -0.000324105	 -0.893025	 2.25269	 2.25261	 2.25269	 2.25251	 2.25274	 
12.87	 -0.781	 0	 -0.99	 -0.772247	 0.000124915	 -0.970544	 -0.763784	 -0.000177683	 -0.950963	 -0.755389	 -0.000574678	 -0.931354	 -0.74672	 -0.000567174	 -0.911862	 -0.737926	 -0.00037501	 -0.892425	 2.27676	 2.27667	 2.27675	 2.27656	 2.2768	 
12.88	 -0.781	 0	 -0.99	 -0.772069	 1.76735e-005	 -0.970458	 -0.763573	 -0.000199622	 -0.950725	 -0.755172	 -0.000475117	 -0.930952	 -0.746358	 -0.000525731	 -0.911358	 -0.737362	 -0.000465253	 -0.891846	 2.29983	 2.29973	 2.2998	 2.29962	 2.29985	 
12.89	 -0.781	 0	 -0.99	 -0.771944	 -0.000108741	 -0.970357	 -0.763372	 -0.00023028	 -0.950499	 -0.754909	 -0.000353064	 -0.930593	 -0.745985	 -0.000465931	 -0.910892	 -0.736854	 -0.000573222	 -0.891283	 2.32176	 2.32166	 2.32172	 2.32154	 2.32177	 
12.9	 -0.781	 0	 -0.99	 -0.771871	 -0.00023417	 -0.970242	 -0.763186	 -0.000252737	 -0.950284	 -0.754604	 -0.000230716	 -0.930281	 -0.745598	 -0.000411838	 -0.910467	 -0.736399	 -0.000674462	 -0.890742	 2.34247	 2.34236	 2.34242	 2.34223	 2.34246	 
12.91	 -0.781	 0	 -0.99	 -0.771846	 -0.000328788	 -0.970114	 -0.763021	 -0.000272561	 -0.950077	 -0.754266	 -0.000131682	 -0.93001	 -0.745194	 -0.000361701	 -0.910087	 -0.735981	 -0.000757399	 -0.890229	 2.36193	 2.36182	 2.36188	 2.3617	 2.36192	 
12.92	 -0.781	 0	 -0.99	 -0.771848	 -0.000392421	 -0.969981	 -0.762858	 -0.000282491	 -0.949887	 -0.753904	 -6.78756e-005	 -0.929777	 -0.744787	 -0.000330802	 -0.909742	 -0.735594	 -0.000801428	 -0.889743	 2.38024	 2.38013	 2.38019	 2.38001	 2.38023	 
12.93	 -0.781	 0	 -0.99	 -0.771848	 -0.000409752	 -0.969857	 -0.762689	 -0.000287246	 -0.949713	 -0.753532	 -4.64871e-005	 -0.92957	 -0.744386	 -0.000314066	 -0.909423	 -0.735244	 -0.00081115	 -0.889277	 2.39755	 2.39744	 2.39752	 2.39733	 2.39755	 
12.94	 -0.781	 0	 -0.99	 -0.771854	 -0.000387612	 -0.969735	 -0.762526	 -0.000278843	 -0.94955	 -0.753172	 -6.28381e-005	 -0.929377	 -0.744	 -0.000319268	 -0.909123	 -0.734894	 -0.000786079	 -0.888841	 2.41401	 2.41392	 2.41399	 2.4138	 2.41401	 
12.95	 -0.781	 0	 -0.99	 -0.771856	 -0.000330724	 -0.96962	 -0.762386	 -0.000266193	 -0.949387	 -0.752844	 -0.000113878	 -0.929188	 -0.743614	 -0.000338478	 -0.908846	 -0.734524	 -0.000734514	 -0.888443	 2.42968	 2.42959	 2.42966	 2.42946	 2.42967	 
12.96	 -0.781	 0	 -0.99	 -0.771835	 -0.000251942	 -0.969521	 -0.762235	 -0.000250302	 -0.949242	 -0.752542	 -0.000190259	 -0.929007	 -0.743256	 -0.000371004	 -0.908584	 -0.734148	 -0.000664556	 -0.888081	 2.44446	 2.44437	 2.44444	 2.44423	 2.44444	 
12.97	 -0.781	 0	 -0.99	 -0.771775	 -0.00015933	 -0.969449	 -0.762074	 -0.000229765	 -0.949119	 -0.75227	 -0.000279479	 -0.928837	 -0.742921	 -0.000412702	 -0.908344	 -0.733776	 -0.000587244	 -0.887758	 2.4581	 2.45801	 2.45808	 2.45787	 2.45807	 
12.98	 -0.781	 0	 -0.99	 -0.7717	 -6.27938e-005	 -0.969394	 -0.761918	 -0.000210458	 -0.949014	 -0.752035	 -0.000371757	 -0.928682	 -0.742611	 -0.000453832	 -0.908135	 -0.733388	 -0.00050872	 -0.887495	 2.47031	 2.47023	 2.47028	 2.47005	 2.47024	 
12.99	 -0.781	 0	 -0.99	 -0.7716	 2.29891e-005	 -0.969364	 -0.761767	 -0.000191505	 -0.948932	 -0.75184	 -0.000456265	 -0.928546	 -0.742327	 -0.00049168	 -0.907964	 -0.733004	 -0.000429079	 -0.887294	 2.4808	 2.48071	 2.48076	 2.48051	 2.4807	 
13	 -0.781	 0	 -0.99	 -0.771482	 0.000100058	 -0.969356	 -0.761616	 -0.00017576	 -0.948878	 -0.751678	 -0.000526146	 -0.928436	 -0.742078	 -0.000518864	 -0.907832	 -0.732625	 -0.000362834	 -0.887159	 2.4894	 2.48931	 2.48935	 2.48909	 2.48927	 
13.01	 -0.781	 0	 -0.99	 -0.771361	 0.000154797	 -0.969363	 -0.761484	 -0.000158909	 -0.948842	 -0.751552	 -0.000575214	 -0.92835	 -0.741844	 -0.000542241	 -0.907747	 -0.732243	 -0.000311203	 -0.887095	 2.49613	 2.49602	 2.49608	 2.49581	 2.49599	 
13.02	 -0.781	 0	 -0.99	 -0.771233	 0.000190351	 -0.969387	 -0.761355	 -0.000151929	 -0.948831	 -0.751446	 -0.000604052	 -0.928291	 -0.741634	 -0.000550628	 -0.907701	 -0.731875	 -0.000281015	 -0.887087	 2.50116	 2.50105	 2.5011	 2.50084	 2.50101	 
13.03	 -0.781	 0	 -0.99	 -0.771092	 0.000194901	 -0.969429	 -0.761218	 -0.000147745	 -0.948844	 -0.75135	 -0.000608784	 -0.928258	 -0.74145	 -0.00055349	 -0.907684	 -0.731541	 -0.000267743	 -0.887115	 2.50476	 2.50465	 2.5047	 2.50445	 2.50464	 
13.04	 -0.781	 0	 -0.99	 -0.770961	 0.000181696	 -0.969474	 -0.761095	 -0.000151069	 -0.948867	 -0.751268	 -0.000590817	 -0.928243	 -0.741281	 -0.000542191	 -0.907694	 -0.731227	 -0.000281641	 -0.887177	 2.50721	 2.5071	 2.50716	 2.50692	 2.50711	 
13.05	 -0.781	 0	 -0.99	 -0.770854	 0.000139415	 -0.969516	 -0.760996	 -0.000156159	 -0.948894	 -0.751196	 -0.000550059	 -0.928245	 -0.741117	 -0.000526251	 -0.907729	 -0.730921	 -0.000311592	 -0.887271	 2.50868	 2.50857	 2.50864	 2.50841	 2.50861	 
13.06	 -0.781	 0	 -0.99	 -0.770757	 8.18473e-005	 -0.96956	 -0.760901	 -0.000170576	 -0.948933	 -0.751121	 -0.00049275	 -0.92827	 -0.740966	 -0.000497628	 -0.907789	 -0.730654	 -0.000363143	 -0.887384	 2.50917	 2.50906	 2.50912	 2.50889	 2.50909	 
13.07	 -0.781	 0	 -0.99	 -0.770677	 6.15219e-006	 -0.969605	 -0.760809	 -0.000182234	 -0.948988	 -0.751039	 -0.000418845	 -0.928325	 -0.740832	 -0.000468565	 -0.907874	 -0.730433	 -0.000426775	 -0.887519	 2.50848	 2.50836	 2.50842	 2.50817	 2.50837	 
13.08	 -0.781	 0	 -0.99	 -0.770626	 -7.51855e-005	 -0.969648	 -0.760741	 -0.000200016	 -0.949054	 -0.750957	 -0.000336442	 -0.928413	 -0.740706	 -0.000429026	 -0.908001	 -0.730254	 -0.000499048	 -0.887689	 2.5063	 2.50617	 2.50621	 2.50596	 2.50615	 
13.09	 -0.781	 0	 -0.99	 -0.770604	 -0.000164843	 -0.969689	 -0.760685	 -0.000216499	 -0.949141	 -0.750873	 -0.000249278	 -0.928541	 -0.740603	 -0.000389041	 -0.908168	 -0.73013	 -0.000567271	 -0.887898	 2.50231	 2.50216	 2.5022	 2.50193	 2.50212	 
13.1	 -0.781	 0	 -0.99	 -0.770607	 -0.000245759	 -0.969732	 -0.760651	 -0.000232425	 -0.949246	 -0.75079	 -0.000164768	 -0.928714	 -0.740518	 -0.000346701	 -0.908387	 -0.730064	 -0.000634918	 -0.888153	 2.49631	 2.49616	 2.49618	 2.4959	 2.49608	 
13.11	 -0.781	 0	 -0.99	 -0.770653	 -0.000318319	 -0.969769	 -0.760644	 -0.000244083	 -0.949368	 -0.750711	 -9.01637e-005	 -0.92893	 -0.740449	 -0.000311959	 -0.908658	 -0.730037	 -0.000692603	 -0.888463	 2.48826	 2.48811	 2.48813	 2.48785	 2.48804	 
13.12	 -0.781	 0	 -0.99	 -0.770715	 -0.00037326	 -0.969812	 -0.760652	 -0.000256013	 -0.94951	 -0.750633	 -3.47359e-005	 -0.929187	 -0.740398	 -0.000282444	 -0.908974	 -0.73007	 -0.000734386	 -0.888811	 2.47835	 2.4782	 2.47824	 2.47795	 2.47813	 
13.13	 -0.781	 0	 -0.99	 -0.770792	 -0.000404165	 -0.969858	 -0.76066	 -0.000262499	 -0.949675	 -0.750553	 -3.54992e-006	 -0.929481	 -0.740375	 -0.000265211	 -0.909324	 -0.730156	 -0.000755679	 -0.889191	 2.46686	 2.46672	 2.46677	 2.46647	 2.46665	 
13.14	 -0.781	 0	 -0.99	 -0.770885	 -0.000404847	 -0.969905	 -0.760694	 -0.00026221	 -0.949846	 -0.750489	 -1.90686e-006	 -0.929795	 -0.740363	 -0.000262533	 -0.909706	 -0.730269	 -0.000752789	 -0.889604	 2.4541	 2.45397	 2.45402	 2.45373	 2.45391	 
13.15	 -0.781	 0	 -0.99	 -0.770991	 -0.000371267	 -0.969953	 -0.760742	 -0.000256777	 -0.950025	 -0.750444	 -3.34694e-005	 -0.930123	 -0.740372	 -0.000273322	 -0.910108	 -0.730395	 -0.000723031	 -0.890048	 2.44031	 2.44018	 2.44024	 2.43995	 2.44013	 
13.16	 -0.781	 0	 -0.99	 -0.771082	 -0.000307054	 -0.970015	 -0.760794	 -0.000242438	 -0.950216	 -0.750424	 -9.68091e-005	 -0.93046	 -0.740405	 -0.000301878	 -0.910527	 -0.730541	 -0.000664603	 -0.890516	 2.42557	 2.42545	 2.42552	 2.42522	 2.4254	 
13.17	 -0.781	 0	 -0.99	 -0.771155	 -0.000209155	 -0.970093	 -0.760846	 -0.000222468	 -0.950422	 -0.750439	 -0.000187182	 -0.930802	 -0.740471	 -0.00033994	 -0.910958	 -0.730696	 -0.000585636	 -0.891018	 2.40982	 2.4097	 2.40977	 2.40947	 2.40965	 
13.18	 -0.781	 0	 -0.99	 -0.771202	 -9.6197e-005	 -0.970193	 -0.760908	 -0.000194155	 -0.950641	 -0.750505	 -0.000293604	 -0.931145	 -0.740572	 -0.000389296	 -0.911409	 -0.73085	 -0.000485022	 -0.891566	 2.39285	 2.39273	 2.3928	 2.39248	 2.39265	 
13.19	 -0.781	 0	 -0.99	 -0.771214	 2.45266e-005	 -0.970323	 -0.760972	 -0.00017007	 -0.950881	 -0.750628	 -0.000405332	 -0.931493	 -0.740719	 -0.000433493	 -0.911881	 -0.731008	 -0.000379525	 -0.892168	 2.37437	 2.37424	 2.37429	 2.37396	 2.37413	 
13.2	 -0.781	 0	 -0.99	 -0.771191	 0.000127848	 -0.970484	 -0.761038	 -0.000142838	 -0.951147	 -0.750813	 -0.000501809	 -0.931849	 -0.740916	 -0.000478125	 -0.91238	 -0.731167	 -0.000283273	 -0.892836	 2.3541	 2.35396	 2.35401	 2.35367	 2.35383	 
13.21	 -0.781	 0	 -0.99	 -0.771143	 0.000201815	 -0.970673	 -0.761121	 -0.000126758	 -0.951433	 -0.751059	 -0.00056748	 -0.932216	 -0.741153	 -0.000504876	 -0.912916	 -0.731326	 -0.000221188	 -0.893576	 2.33189	 2.33174	 2.33179	 2.33144	 2.3316	 
13.22	 -0.781	 0	 -0.99	 -0.771085	 0.000217858	 -0.970881	 -0.761214	 -0.000120455	 -0.951742	 -0.751349	 -0.000583305	 -0.932602	 -0.741432	 -0.000514676	 -0.913486	 -0.731497	 -0.000202746	 -0.89438	 2.30778	 2.30762	 2.30767	 2.30732	 2.30749	 
13.23	 -0.781	 0	 -0.99	 -0.771023	 0.000171598	 -0.971104	 -0.761314	 -0.000131263	 -0.952072	 -0.751656	 -0.000538839	 -0.933016	 -0.74174	 -0.000494459	 -0.914091	 -0.731716	 -0.000242864	 -0.895223	 2.28198	 2.28183	 2.28188	 2.28153	 2.2817	 
13.24	 -0.781	 0	 -0.99	 -0.770996	 6.11147e-005	 -0.97132	 -0.761424	 -0.000154653	 -0.952417	 -0.751951	 -0.000433404	 -0.933464	 -0.742065	 -0.000449181	 -0.914725	 -0.73199	 -0.000340456	 -0.896085	 2.25487	 2.25472	 2.25478	 2.25443	 2.25461	 
13.25	 -0.781	 0	 -0.99	 -0.771033	 -9.54717e-005	 -0.97151	 -0.761566	 -0.000188017	 -0.952759	 -0.75221	 -0.000285585	 -0.933952	 -0.742379	 -0.000385775	 -0.915392	 -0.732334	 -0.000478392	 -0.896945	 2.22684	 2.2267	 2.22677	 2.22644	 2.22663	 
13.26	 -0.781	 0	 -0.99	 -0.771154	 -0.000258926	 -0.971659	 -0.761733	 -0.000228501	 -0.953096	 -0.752409	 -0.00013298	 -0.934484	 -0.742679	 -0.000315473	 -0.916084	 -0.73276	 -0.000624458	 -0.897784	 2.19823	 2.1981	 2.19819	 2.19786	 2.19806	 
13.27	 -0.781	 0	 -0.99	 -0.771352	 -0.000384252	 -0.971772	 -0.761923	 -0.000257495	 -0.953428	 -0.752546	 -2.11898e-005	 -0.935057	 -0.742961	 -0.000268226	 -0.916797	 -0.733275	 -0.000731495	 -0.898593	 2.16922	 2.16908	 2.16918	 2.16885	 2.16905	 
13.28	 -0.781	 0	 -0.99	 -0.771601	 -0.000413816	 -0.971861	 -0.762133	 -0.000269912	 -0.953755	 -0.752651	 3.64635e-006	 -0.935658	 -0.743236	 -0.000253936	 -0.917527	 -0.73385	 -0.000761974	 -0.899386	 2.13977	 2.13963	 2.13973	 2.13939	 2.1396	 
13.29	 -0.781	 0	 -0.99	 -0.771852	 -0.000330709	 -0.971953	 -0.762352	 -0.000251224	 -0.954087	 -0.752776	 -7.82402e-005	 -0.936261	 -0.743531	 -0.000292274	 -0.918265	 -0.734433	 -0.00068824	 -0.900195	 2.10975	 2.10961	 2.1097	 2.10936	 2.10955	 
13.3	 -0.781	 0	 -0.99	 -0.772031	 -0.000146576	 -0.972087	 -0.762566	 -0.000209402	 -0.954432	 -0.752983	 -0.00025053	 -0.936839	 -0.743868	 -0.000369871	 -0.919003	 -0.734977	 -0.000530837	 -0.901053	 2.07898	 2.07882	 2.07891	 2.07855	 2.07875	 
13.31	 -0.781	 0	 -0.99	 -0.772094	 6.76942e-005	 -0.972288	 -0.762754	 -0.000159444	 -0.954803	 -0.753314	 -0.000448617	 -0.937373	 -0.744281	 -0.000459297	 -0.919729	 -0.73544	 -0.000347363	 -0.901986	 2.0473	 2.04714	 2.04723	 2.04686	 2.04705	 
13.32	 -0.781	 0	 -0.99	 -0.772036	 0.000208109	 -0.972559	 -0.762922	 -0.000122293	 -0.9552	 -0.753771	 -0.000578857	 -0.937862	 -0.744763	 -0.000522848	 -0.920445	 -0.735829	 -0.000223446	 -0.902993	 2.01468	 2.01452	 2.01461	 2.01424	 2.01444	 
13.33	 -0.781	 0	 -0.99	 -0.77193	 0.000195596	 -0.972863	 -0.763085	 -0.000125225	 -0.955611	 -0.75429	 -0.000563282	 -0.938336	 -0.745289	 -0.00051498	 -0.921165	 -0.736197	 -0.000237599	 -0.904043	 1.98119	 1.98104	 1.98113	 1.98076	 1.98094	 
13.34	 -0.781	 0	 -0.99	 -0.771897	 8.94349e-006	 -0.973135	 -0.763271	 -0.000165978	 -0.956022	 -0.754763	 -0.000387283	 -0.93885	 -0.745807	 -0.000434725	 -0.92191	 -0.736635	 -0.000392546	 -0.905083	 1.94698	 1.94683	 1.94694	 1.94656	 1.94676	 
13.35	 -0.781	 0	 -0.99	 -0.77203	 -0.000250961	 -0.973324	 -0.763508	 -0.000225773	 -0.956414	 -0.755092	 -0.00014087	 -0.93945	 -0.74626	 -0.000316274	 -0.922702	 -0.73723	 -0.000608388	 -0.906061	 1.91228	 1.91214	 1.91225	 1.91188	 1.91208	 
13.36	 -0.781	 0	 -0.99	 -0.772343	 -0.000410525	 -0.973421	 -0.763787	 -0.000264408	 -0.956787	 -0.755261	 1.46209e-005	 -0.940138	 -0.746645	 -0.000234992	 -0.923538	 -0.737982	 -0.000741272	 -0.906967	 1.87732	 1.87718	 1.8773	 1.87694	 1.87716	 
13.37	 -0.781	 0	 -0.99	 -0.772707	 -0.000340498	 -0.973492	 -0.764082	 -0.000245373	 -0.957153	 -0.755388	 -4.91921e-005	 -0.940851	 -0.747012	 -0.000262688	 -0.924385	 -0.738784	 -0.000674461	 -0.907847	 1.84232	 1.84218	 1.84231	 1.84195	 1.84218	 
13.38	 -0.781	 0	 -0.99	 -0.772924	 -6.45847e-005	 -0.973636	 -0.764349	 -0.000181534	 -0.95753	 -0.755658	 -0.00030787	 -0.941486	 -0.747446	 -0.000383356	 -0.925193	 -0.73947	 -0.000439564	 -0.908782	 1.80747	 1.80733	 1.80746	 1.80712	 1.80736	 
13.39	 -0.781	 0	 -0.99	 -0.772897	 0.000194777	 -0.973905	 -0.76456	 -0.000119842	 -0.957933	 -0.75617	 -0.000549355	 -0.941991	 -0.748003	 -0.000498533	 -0.925929	 -0.739948	 -0.0002206	 -0.909812	 1.77294	 1.7728	 1.77293	 1.77259	 1.77282	 
13.4	 -0.781	 0	 -0.99	 -0.772737	 0.000184919	 -0.97424	 -0.764741	 -0.000114985	 -0.958345	 -0.756809	 -0.000534329	 -0.94242	 -0.748623	 -0.000494321	 -0.92662	 -0.740317	 -0.000223741	 -0.910884	 1.73881	 1.73867	 1.73881	 1.73846	 1.7387	 
13.41	 -0.781	 0	 -0.99	 -0.772722	 -0.000108473	 -0.974497	 -0.764954	 -0.000181908	 -0.958733	 -0.757305	 -0.000250876	 -0.94291	 -0.749174	 -0.000354384	 -0.927331	 -0.740812	 -0.000468731	 -0.911875	 1.70516	 1.70504	 1.7052	 1.70485	 1.70508	 
13.42	 -0.781	 0	 -0.99	 -0.773024	 -0.000390003	 -0.974589	 -0.765237	 -0.000252164	 -0.959077	 -0.757498	 1.37621e-005	 -0.943542	 -0.749578	 -0.000221043	 -0.928101	 -0.741565	 -0.000703953	 -0.912712	 1.67211	 1.67199	 1.67216	 1.67181	 1.67205	 
13.43	 -0.781	 0	 -0.99	 -0.773456	 -0.000324391	 -0.974607	 -0.76555	 -0.000238803	 -0.959396	 -0.75756	 -5.50144e-005	 -0.944228	 -0.749911	 -0.000255344	 -0.928888	 -0.742424	 -0.000646595	 -0.91347	 1.63975	 1.63961	 1.63976	 1.63942	 1.63968	 
13.44	 -0.781	 0	 -0.99	 -0.773632	 3.98694e-005	 -0.97475	 -0.765801	 -0.000152802	 -0.959735	 -0.757857	 -0.000400659	 -0.944779	 -0.750351	 -0.00042749	 -0.929599	 -0.743068	 -0.000347529	 -0.914309	 1.60811	 1.60796	 1.60812	 1.60779	 1.60805	 
13.45	 -0.781	 0	 -0.99	 -0.773452	 0.000233404	 -0.975067	 -0.765962	 -0.000107516	 -0.960108	 -0.758484	 -0.000584013	 -0.945145	 -0.750955	 -0.000522013	 -0.930203	 -0.743409	 -0.000195738	 -0.915271	 1.5773	 1.57716	 1.57733	 1.577	 1.57725	 
13.46	 -0.781	 0	 -0.99	 -0.773313	 -3.91637e-005	 -0.975358	 -0.766129	 -0.000174242	 -0.960464	 -0.759072	 -0.000334475	 -0.945509	 -0.751541	 -0.000404856	 -0.930788	 -0.743773	 -0.000425424	 -0.916189	 1.54739	 1.54727	 1.54746	 1.54711	 1.54737	 
13.47	 -0.781	 0	 -0.99	 -0.773603	 -0.000398048	 -0.975427	 -0.766402	 -0.000262402	 -0.960753	 -0.759251	 -1.34773e-006	 -0.946055	 -0.751915	 -0.000239586	 -0.93145	 -0.744484	 -0.000721484	 -0.916897	 1.5185	 1.51839	 1.51858	 1.51825	 1.5185	 
13.48	 -0.781	 0	 -0.99	 -0.774071	 -0.0002749	 -0.975398	 -0.766714	 -0.000234248	 -0.961006	 -0.75925	 -0.000113872	 -0.946668	 -0.752187	 -0.000289668	 -0.932132	 -0.745327	 -0.000619403	 -0.917498	 1.49072	 1.49058	 1.49077	 1.49045	 1.49073	 
13.49	 -0.781	 0	 -0.99	 -0.774129	 0.000151171	 -0.975563	 -0.766916	 -0.000130483	 -0.961297	 -0.759617	 -0.000512125	 -0.947076	 -0.752634	 -0.000488176	 -0.932694	 -0.745816	 -0.000267548	 -0.918232	 1.46409	 1.46394	 1.46411	 1.4638	 1.46409	 
13.5	 -0.781	 0	 -0.99	 -0.773839	 0.000147639	 -0.975892	 -0.767023	 -0.000126899	 -0.961618	 -0.760293	 -0.000506929	 -0.947303	 -0.753233	 -0.000489564	 -0.933145	 -0.74601	 -0.000267149	 -0.91907	 1.43862	 1.4385	 1.43869	 1.43837	 1.43865	 
13.51	 -0.781	 0	 -0.99	 -0.773906	 -0.000297679	 -0.976039	 -0.767211	 -0.000230888	 -0.96188	 -0.760617	 -8.05026e-005	 -0.947673	 -0.753648	 -0.000271502	 -0.933649	 -0.746489	 -0.00062742	 -0.919723	 1.41441	 1.41431	 1.41452	 1.4142	 1.41447	 
13.52	 -0.781	 0	 -0.99	 -0.77441	 -0.000349135	 -0.975961	 -0.767506	 -0.000244315	 -0.962071	 -0.760525	 -2.64015e-005	 -0.948219	 -0.753839	 -0.000235145	 -0.934224	 -0.747305	 -0.000663889	 -0.920161	 1.3916	 1.39148	 1.39169	 1.39138	 1.39168	 
13.53	 -0.781	 0	 -0.99	 -0.774556	 0.00011445	 -0.976044	 -0.767708	 -0.000131302	 -0.962283	 -0.760758	 -0.000460233	 -0.948575	 -0.754182	 -0.000452349	 -0.934682	 -0.747802	 -0.000280676	 -0.920696	 1.37034	 1.3702	 1.37039	 1.3701	 1.37041	 
13.54	 -0.781	 0	 -0.99	 -0.77422	 0.000158382	 -0.976348	 -0.767776	 -0.000115186	 -0.962536	 -0.761416	 -0.000496639	 -0.948687	 -0.754733	 -0.000474234	 -0.934987	 -0.747886	 -0.000243444	 -0.921368	 1.35075	 1.35065	 1.35087	 1.35057	 1.35088	 
13.55	 -0.781	 0	 -0.99	 -0.774287	 -0.000323736	 -0.976447	 -0.767928	 -0.000233101	 -0.962721	 -0.761662	 -4.49854e-005	 -0.948952	 -0.755061	 -0.000245063	 -0.935343	 -0.748285	 -0.000636898	 -0.921822	 1.33311	 1.33303	 1.33327	 1.33297	 1.33327	 
13.56	 -0.781	 0	 -0.99	 -0.774796	 -0.0002917	 -0.976318	 -0.768185	 -0.000231103	 -0.962826	 -0.761475	 -8.2759e-005	 -0.949382	 -0.75515	 -0.000262337	 -0.935754	 -0.749023	 -0.000611276	 -0.922038	 1.31756	 1.31745	 1.31767	 1.31741	 1.31774	 
13.57	 -0.781	 0	 -0.99	 -0.774781	 0.000191883	 -0.976421	 -0.768309	 -0.000113318	 -0.962963	 -0.761771	 -0.00053877	 -0.949539	 -0.755472	 -0.000497872	 -0.935997	 -0.749304	 -0.000222148	 -0.922395	 1.30405	 1.30393	 1.30415	 1.3039	 1.30422	 
13.58	 -0.781	 0	 -0.99	 -0.774428	 2.43237e-005	 -0.976672	 -0.768338	 -0.000155684	 -0.963118	 -0.762368	 -0.000385931	 -0.949511	 -0.755942	 -0.000426734	 -0.936113	 -0.749286	 -0.000368918	 -0.922826	 1.29243	 1.29234	 1.29257	 1.2923	 1.29261	 
13.59	 -0.781	 0	 -0.99	 -0.774712	 -0.000414578	 -0.976614	 -0.768512	 -0.000268836	 -0.963182	 -0.76234	 1.67278e-005	 -0.949737	 -0.756081	 -0.000223444	 -0.936334	 -0.749771	 -0.000733404	 -0.92296	 1.28254	 1.28245	 1.28269	 1.28241	 1.28272	 
13.6	 -0.781	 0	 -0.99	 -0.775113	 -9.14206e-005	 -0.976487	 -0.768708	 -0.000189421	 -0.963212	 -0.762178	 -0.000289059	 -0.949997	 -0.756131	 -0.000381013	 -0.936556	 -0.750332	 -0.000471334	 -0.923003	 1.27418	 1.27405	 1.27426	 1.274	 1.27432	 
13.61	 -0.781	 0	 -0.99	 -0.774803	 0.00022033	 -0.976679	 -0.768723	 -0.000111132	 -0.963306	 -0.76267	 -0.000583566	 -0.949925	 -0.756505	 -0.000537585	 -0.936588	 -0.750291	 -0.00022057	 -0.923275	 1.26715	 1.26703	 1.26724	 1.26697	 1.26729	 
13.62	 -0.781	 0	 -0.99	 -0.774653	 -0.000235528	 -0.976791	 -0.76877	 -0.000225304	 -0.963368	 -0.763	 -0.00015589	 -0.949894	 -0.756793	 -0.000317614	 -0.936618	 -0.750363	 -0.000594136	 -0.923449	 1.26146	 1.26138	 1.2616	 1.26132	 1.26163	 
13.63	 -0.781	 0	 -0.99	 -0.775144	 -0.000344659	 -0.976598	 -0.768964	 -0.000252044	 -0.963339	 -0.762702	 -4.58903e-005	 -0.950118	 -0.756743	 -0.000251917	 -0.93676	 -0.750939	 -0.000677045	 -0.923337	 1.25733	 1.25723	 1.25745	 1.25718	 1.25752	 
13.64	 -0.781	 0	 -0.99	 -0.775171	 0.000163774	 -0.976599	 -0.76903	 -0.000123338	 -0.963342	 -0.762812	 -0.000519218	 -0.950122	 -0.756885	 -0.000493086	 -0.936765	 -0.751111	 -0.000254835	 -0.92334	 1.255	 1.25489	 1.2551	 1.25487	 1.2552	 
13.65	 -0.781	 0	 -0.99	 -0.774754	 3.70599e-005	 -0.97679	 -0.768976	 -0.000150708	 -0.96337	 -0.763319	 -0.000398128	 -0.949898	 -0.757222	 -0.000433598	 -0.936619	 -0.750898	 -0.000353387	 -0.923444	 1.25475	 1.25467	 1.25492	 1.25468	 1.25501	 
13.66	 -0.781	 0	 -0.99	 -0.774997	 -0.000408801	 -0.976668	 -0.769081	 -0.000260508	 -0.963292	 -0.763191	 2.32978e-005	 -0.949905	 -0.757218	 -0.000213343	 -0.936556	 -0.751198	 -0.000713887	 -0.923233	 1.25692	 1.25686	 1.25711	 1.2569	 1.25723	 
13.67	 -0.781	 0	 -0.99	 -0.775359	 -7.63476e-005	 -0.976471	 -0.769207	 -0.000181935	 -0.963168	 -0.762926	 -0.000292688	 -0.949923	 -0.75712	 -0.000374437	 -0.936465	 -0.751565	 -0.000445173	 -0.922898	 1.26165	 1.26156	 1.2618	 1.26161	 1.26196	 
13.68	 -0.781	 0	 -0.99	 -0.774998	 0.000215312	 -0.976578	 -0.769137	 -0.000110762	 -0.963096	 -0.763305	 -0.000570212	 -0.949604	 -0.75734	 -0.00052317	 -0.936164	 -0.751316	 -0.000216577	 -0.922751	 1.26877	 1.26869	 1.26893	 1.26874	 1.26908	 
13.69	 -0.781	 0	 -0.99	 -0.774822	 -0.000238853	 -0.976591	 -0.769097	 -0.000225352	 -0.962982	 -0.763487	 -0.000149169	 -0.949323	 -0.757451	 -0.000312339	 -0.935849	 -0.751195	 -0.000597085	 -0.922475	 1.27797	 1.27791	 1.27816	 1.27795	 1.27829	 
13.7	 -0.781	 0	 -0.99	 -0.775262	 -0.000350337	 -0.976322	 -0.769208	 -0.000259091	 -0.962777	 -0.763081	 -5.646e-005	 -0.949265	 -0.757247	 -0.00026749	 -0.935625	 -0.751557	 -0.000693846	 -0.921927	 1.28887	 1.28879	 1.28901	 1.2888	 1.28914	 
13.71	 -0.781	 0	 -0.99	 -0.775281	 0.000130857	 -0.976224	 -0.769212	 -0.000140912	 -0.962601	 -0.763055	 -0.000513507	 -0.949018	 -0.757222	 -0.000506414	 -0.93529	 -0.751558	 -0.000304985	 -0.92149	 1.30102	 1.30091	 1.30111	 1.3009	 1.30124	 
13.72	 -0.781	 0	 -0.99	 -0.774836	 8.3809e-005	 -0.976322	 -0.769088	 -0.000151551	 -0.962466	 -0.763439	 -0.000470172	 -0.94857	 -0.757399	 -0.000489363	 -0.934837	 -0.751165	 -0.00034928	 -0.921189	 1.31414	 1.31406	 1.31426	 1.31404	 1.31436	 
13.73	 -0.781	 0	 -0.99	 -0.774918	 -0.000375867	 -0.976188	 -0.769082	 -0.000269647	 -0.962266	 -0.763308	 -4.33073e-005	 -0.948318	 -0.757305	 -0.000270522	 -0.934469	 -0.751186	 -0.000729223	 -0.920674	 1.32833	 1.32826	 1.32846	 1.32824	 1.32856	 
13.74	 -0.781	 0	 -0.99	 -0.775305	 -0.000229228	 -0.975911	 -0.769147	 -0.000235996	 -0.962016	 -0.762878	 -0.000182428	 -0.94817	 -0.757044	 -0.000338272	 -0.934137	 -0.751431	 -0.000608595	 -0.920014	 1.34384	 1.34375	 1.34395	 1.34376	 1.3441	 
13.75	 -0.781	 0	 -0.99	 -0.775124	 0.000191203	 -0.975862	 -0.769067	 -0.000130282	 -0.961804	 -0.762966	 -0.000578034	 -0.947767	 -0.757032	 -0.000543524	 -0.933653	 -0.751185	 -0.000264202	 -0.919502	 1.361	 1.36092	 1.36112	 1.36095	 1.36128	 
13.76	 -0.781	 0	 -0.99	 -0.774725	 1.47167e-006	 -0.975896	 -0.768924	 -0.000177348	 -0.961593	 -0.763237	 -0.000405753	 -0.947243	 -0.757102	 -0.000462948	 -0.933078	 -0.750742	 -0.000424909	 -0.91901	 1.38003	 1.37998	 1.3802	 1.38003	 1.38037	 
13.77	 -0.781	 0	 -0.99	 -0.774863	 -0.000396063	 -0.975691	 -0.7689	 -0.000279097	 -0.961305	 -0.762978	 -3.67737e-005	 -0.946901	 -0.756892	 -0.000276705	 -0.932567	 -0.750724	 -0.000759689	 -0.918272	 1.40097	 1.40092	 1.40115	 1.40098	 1.40132	 
13.78	 -0.781	 0	 -0.99	 -0.775187	 -0.000225999	 -0.975393	 -0.768912	 -0.000242586	 -0.960977	 -0.762525	 -0.000202681	 -0.94661	 -0.756571	 -0.000361591	 -0.932059	 -0.750837	 -0.00062924	 -0.91742	 1.42353	 1.42346	 1.42367	 1.42351	 1.42385	 
13.79	 -0.781	 0	 -0.99	 -0.775017	 0.000164946	 -0.975293	 -0.768799	 -0.000150982	 -0.960686	 -0.762525	 -0.000583262	 -0.946106	 -0.756469	 -0.000563324	 -0.931428	 -0.750526	 -0.000317458	 -0.916704	 1.44722	 1.44714	 1.44732	 1.44716	 1.44748	 
13.8	 -0.781	 0	 -0.99	 -0.774608	 6.57074e-005	 -0.97529	 -0.768625	 -0.000177541	 -0.960412	 -0.762741	 -0.000501261	 -0.945495	 -0.75647	 -0.000533031	 -0.930734	 -0.750008	 -0.00041001	 -0.916054	 1.47155	 1.47148	 1.47165	 1.47146	 1.47179	 
13.81	 -0.781	 0	 -0.99	 -0.774596	 -0.000332193	 -0.975122	 -0.768542	 -0.000278412	 -0.960095	 -0.762572	 -0.000132679	 -0.945034	 -0.756272	 -0.000350969	 -0.930111	 -0.749807	 -0.000748704	 -0.915259	 1.49627	 1.4962	 1.49637	 1.49617	 1.49648	 
13.82	 -0.781	 0	 -0.99	 -0.774904	 -0.000369064	 -0.974816	 -0.768529	 -0.000292748	 -0.959743	 -0.762089	 -0.000104102	 -0.944698	 -0.75591	 -0.000336413	 -0.929546	 -0.749858	 -0.000785532	 -0.914344	 1.52139	 1.52131	 1.52147	 1.52128	 1.5216	 
13.83	 -0.781	 0	 -0.99	 -0.774959	 -1.13905e-005	 -0.974607	 -0.76845	 -0.000207177	 -0.959409	 -0.76183	 -0.00044614	 -0.944257	 -0.755649	 -0.000510491	 -0.928921	 -0.749686	 -0.000491353	 -0.913496	 1.54714	 1.54706	 1.54722	 1.54705	 1.54736	 
13.84	 -0.781	 0	 -0.99	 -0.774615	 0.000188908	 -0.974558	 -0.768268	 -0.000156843	 -0.959103	 -0.761929	 -0.000634583	 -0.943647	 -0.755555	 -0.000608116	 -0.928199	 -0.749171	 -0.000327665	 -0.912756	 1.57387	 1.5738	 1.57399	 1.57383	 1.57414	 
13.85	 -0.781	 0	 -0.99	 -0.7743	 -3.9022e-005	 -0.97449	 -0.768083	 -0.000212924	 -0.958781	 -0.761983	 -0.000420213	 -0.943026	 -0.75543	 -0.000503135	 -0.927453	 -0.748658	 -0.000521701	 -0.911973	 1.60185	 1.60179	 1.60198	 1.60183	 1.60214	 
13.86	 -0.781	 0	 -0.99	 -0.774347	 -0.000366144	 -0.974265	 -0.767976	 -0.000294346	 -0.95841	 -0.761679	 -0.000118192	 -0.942525	 -0.755118	 -0.000356113	 -0.926749	 -0.748421	 -0.000796845	 -0.911033	 1.63106	 1.631	 1.63119	 1.63105	 1.63137	 
13.87	 -0.781	 0	 -0.99	 -0.774587	 -0.00037742	 -0.973952	 -0.767912	 -0.000298977	 -0.958008	 -0.761178	 -0.000113403	 -0.942087	 -0.754693	 -0.000356344	 -0.926066	 -0.748326	 -0.00080959	 -0.91	 1.66123	 1.66117	 1.66134	 1.6612	 1.66151	 
13.88	 -0.781	 0	 -0.99	 -0.774644	 -8.428e-005	 -0.973709	 -0.7678	 -0.000231864	 -0.957617	 -0.760839	 -0.000391613	 -0.941575	 -0.754338	 -0.000493261	 -0.925342	 -0.748066	 -0.000572506	 -0.909016	 1.69188	 1.69181	 1.69197	 1.69181	 1.69211	 
13.89	 -0.781	 0	 -0.99	 -0.774395	 0.000162718	 -0.973591	 -0.767611	 -0.000174533	 -0.957258	 -0.760784	 -0.00062804	 -0.940945	 -0.75412	 -0.000611774	 -0.92456	 -0.74754	 -0.000369926	 -0.908141	 1.72255	 1.72247	 1.72261	 1.72244	 1.72273	 
13.9	 -0.781	 0	 -0.99	 -0.774045	 0.000113209	 -0.973519	 -0.767397	 -0.000185031	 -0.956914	 -0.760818	 -0.000585009	 -0.940283	 -0.753944	 -0.000595186	 -0.923769	 -0.74693	 -0.000409035	 -0.907312	 1.75292	 1.75284	 1.75297	 1.75279	 1.75309	 
13.91	 -0.781	 0	 -0.99	 -0.773865	 -0.000155424	 -0.973381	 -0.767218	 -0.00024805	 -0.956561	 -0.760683	 -0.000328065	 -0.939696	 -0.753684	 -0.000468718	 -0.92302	 -0.746464	 -0.000634022	 -0.906436	 1.78296	 1.78288	 1.78301	 1.78284	 1.78312	 
13.92	 -0.781	 0	 -0.99	 -0.773934	 -0.00038505	 -0.973142	 -0.767091	 -0.000300232	 -0.956188	 -0.760304	 -0.000105524	 -0.939212	 -0.753305	 -0.000357342	 -0.922324	 -0.746197	 -0.000824027	 -0.905484	 1.81286	 1.81278	 1.8129	 1.81274	 1.81303	 
13.93	 -0.781	 0	 -0.99	 -0.774102	 -0.000388684	 -0.972859	 -0.766985	 -0.000299251	 -0.955805	 -0.759821	 -9.98471e-005	 -0.93877	 -0.752865	 -0.000351171	 -0.921651	 -0.746003	 -0.000818823	 -0.904497	 1.84287	 1.8428	 1.84293	 1.84277	 1.84306	 
13.94	 -0.781	 0	 -0.99	 -0.774166	 -0.00018104	 -0.972615	 -0.766855	 -0.000253032	 -0.955426	 -0.75943	 -0.000294465	 -0.938284	 -0.752457	 -0.000438728	 -0.920955	 -0.745703	 -0.000640053	 -0.903538	 1.87324	 1.87317	 1.87332	 1.87316	 1.87345	 
13.95	 -0.781	 0	 -0.99	 -0.774031	 6.50271e-005	 -0.97245	 -0.766672	 -0.000194318	 -0.955062	 -0.759219	 -0.000525711	 -0.937714	 -0.75213	 -0.000549301	 -0.920213	 -0.745218	 -0.000430995	 -0.902639	 1.90407	 1.90401	 1.90416	 1.90401	 1.90429	 
13.96	 -0.781	 0	 -0.99	 -0.773745	 0.000181185	 -0.972345	 -0.766449	 -0.000164323	 -0.954709	 -0.759136	 -0.000634058	 -0.937083	 -0.751854	 -0.000604126	 -0.919438	 -0.744597	 -0.000333904	 -0.901784	 1.9353	 1.93524	 1.93539	 1.93524	 1.93553	 
13.97	 -0.781	 0	 -0.99	 -0.773448	 0.000109826	 -0.972244	 -0.766215	 -0.000183028	 -0.954359	 -0.759048	 -0.000567842	 -0.936448	 -0.751572	 -0.000573571	 -0.918661	 -0.743957	 -0.000398979	 -0.900931	 1.96672	 1.96666	 1.96679	 1.96665	 1.96693	 
13.98	 -0.781	 0	 -0.99	 -0.773257	 -9.192e-005	 -0.972102	 -0.765997	 -0.000230868	 -0.954004	 -0.758847	 -0.000384715	 -0.935861	 -0.751234	 -0.00049286	 -0.917908	 -0.743402	 -0.000572502	 -0.900047	 1.99805	 1.99797	 1.9981	 1.99795	 1.99823	 
13.99	 -0.781	 0	 -0.99	 -0.773208	 -0.000298506	 -0.971903	 -0.765811	 -0.000281686	 -0.95364	 -0.758503	 -0.000195289	 -0.935341	 -0.750824	 -0.000407885	 -0.917196	 -0.742969	 -0.000756379	 -0.899127	 2.02902	 2.02893	 2.02904	 2.02889	 2.02915	 
14	 -0.781	 0	 -0.99	 -0.773268	 -0.000412142	 -0.971663	 -0.765649	 -0.000310947	 -0.953275	 -0.758061	 -9.20829e-005	 -0.934875	 -0.750369	 -0.00036164	 -0.91652	 -0.742619	 -0.000859865	 -0.898192	 2.05938	 2.05929	 2.0594	 2.05923	 2.05949	 
14.01	 -0.781	 0	 -0.99	 -0.773351	 -0.000395342	 -0.971417	 -0.765497	 -0.000307358	 -0.952916	 -0.7576	 -0.00011124	 -0.934434	 -0.749898	 -0.000372304	 -0.915871	 -0.742283	 -0.000845815	 -0.897275	 2.08903	 2.08894	 2.08904	 2.08887	 2.08912	 
14.02	 -0.781	 0	 -0.99	 -0.773379	 -0.000265602	 -0.971198	 -0.765331	 -0.000279662	 -0.952573	 -0.757186	 -0.000232188	 -0.93399	 -0.749447	 -0.000425137	 -0.915236	 -0.741897	 -0.000737812	 -0.896406	 2.11793	 2.11785	 2.11795	 2.11777	 2.11802	 
14.03	 -0.781	 0	 -0.99	 -0.773311	 -9.03154e-005	 -0.971023	 -0.765137	 -0.000237777	 -0.952252	 -0.756856	 -0.000397462	 -0.933526	 -0.749035	 -0.000502043	 -0.914604	 -0.741425	 -0.000585006	 -0.895595	 2.14616	 2.14609	 2.14618	 2.146	 2.14624	 
14.04	 -0.781	 0	 -0.99	 -0.773148	 6.91588e-005	 -0.970893	 -0.764925	 -0.000201977	 -0.951946	 -0.756614	 -0.000546736	 -0.933037	 -0.748656	 -0.00056892	 -0.913976	 -0.740866	 -0.000447436	 -0.894843	 2.1738	 2.17373	 2.17383	 2.17365	 2.1739	 
14.05	 -0.781	 0	 -0.99	 -0.77293	 0.00016183	 -0.970791	 -0.764701	 -0.000180691	 -0.951653	 -0.756431	 -0.000633823	 -0.932534	 -0.748301	 -0.000607531	 -0.913352	 -0.74024	 -0.000363974	 -0.89414	 2.20092	 2.20085	 2.20095	 2.20077	 2.20102	 
14.06	 -0.781	 0	 -0.99	 -0.772683	 0.000170242	 -0.970706	 -0.764467	 -0.000176757	 -0.951373	 -0.756261	 -0.000640981	 -0.932036	 -0.747951	 -0.000611915	 -0.91274	 -0.739603	 -0.000354414	 -0.89346	 2.22752	 2.22744	 2.22753	 2.22737	 2.22761	 
14.07	 -0.781	 0	 -0.99	 -0.77245	 0.000104906	 -0.970621	 -0.764222	 -0.000191582	 -0.951106	 -0.756064	 -0.000577072	 -0.931563	 -0.747597	 -0.000582952	 -0.912148	 -0.738992	 -0.000414447	 -0.892793	 2.25351	 2.25343	 2.25351	 2.25334	 2.25358	 
14.08	 -0.781	 0	 -0.99	 -0.772267	 -1.51935e-005	 -0.970521	 -0.763992	 -0.00021715	 -0.950844	 -0.755822	 -0.000466001	 -0.931124	 -0.747219	 -0.000536455	 -0.911589	 -0.738419	 -0.000517665	 -0.892139	 2.27872	 2.27862	 2.2787	 2.27853	 2.27877	 
14.09	 -0.781	 0	 -0.99	 -0.77215	 -0.00014964	 -0.970399	 -0.763787	 -0.000249276	 -0.950587	 -0.755532	 -0.000339348	 -0.930728	 -0.746817	 -0.000480705	 -0.911069	 -0.737894	 -0.00064164	 -0.891501	 2.30292	 2.30281	 2.30288	 2.30271	 2.30294	 
14.1	 -0.781	 0	 -0.99	 -0.772092	 -0.000277017	 -0.970261	 -0.763598	 -0.000277467	 -0.95034	 -0.755199	 -0.000222569	 -0.930378	 -0.746404	 -0.00043126	 -0.910589	 -0.737426	 -0.00075095	 -0.890883	 2.32589	 2.32577	 2.32584	 2.32566	 2.32588	 
14.11	 -0.781	 0	 -0.99	 -0.772073	 -0.000369838	 -0.970116	 -0.763423	 -0.000301297	 -0.950107	 -0.754834	 -0.000136655	 -0.930073	 -0.745981	 -0.00038989	 -0.910155	 -0.737008	 -0.00082962	 -0.890294	 2.34744	 2.34732	 2.34737	 2.34718	 2.34741	 
14.12	 -0.781	 0	 -0.99	 -0.772081	 -0.00041732	 -0.969969	 -0.763254	 -0.000310148	 -0.949894	 -0.754452	 -8.97673e-005	 -0.929808	 -0.745559	 -0.000368473	 -0.909765	 -0.736619	 -0.00086853	 -0.889745	 2.36749	 2.36737	 2.36743	 2.36723	 2.36744	 
14.13	 -0.781	 0	 -0.99	 -0.772091	 -0.000417018	 -0.969831	 -0.763089	 -0.000308722	 -0.949699	 -0.754069	 -8.55732e-005	 -0.929576	 -0.745137	 -0.000362873	 -0.909416	 -0.736245	 -0.000864458	 -0.889241	 2.38611	 2.38599	 2.38606	 2.38585	 2.38607	 
14.14	 -0.781	 0	 -0.99	 -0.772088	 -0.000374865	 -0.969706	 -0.762916	 -0.000297691	 -0.949525	 -0.753697	 -0.000119959	 -0.929366	 -0.744732	 -0.000373133	 -0.909095	 -0.735873	 -0.00082219	 -0.88878	 2.40349	 2.40339	 2.40346	 2.40325	 2.40347	 
14.15	 -0.781	 0	 -0.99	 -0.772065	 -0.000300395	 -0.969597	 -0.762748	 -0.000277144	 -0.949364	 -0.753356	 -0.00018327	 -0.929165	 -0.744341	 -0.00039724	 -0.908798	 -0.735489	 -0.000750928	 -0.888359	 2.41989	 2.41981	 2.41988	 2.41969	 2.4199	 
14.16	 -0.781	 0	 -0.99	 -0.772027	 -0.000206008	 -0.9695	 -0.762588	 -0.00025546	 -0.94921	 -0.753052	 -0.000266381	 -0.928964	 -0.743964	 -0.000427167	 -0.908516	 -0.735072	 -0.000662293	 -0.887981	 2.43556	 2.43548	 2.43557	 2.43536	 2.43557	 
14.17	 -0.781	 0	 -0.99	 -0.771956	 -0.000107159	 -0.969422	 -0.762423	 -0.000231136	 -0.949068	 -0.752781	 -0.000357368	 -0.928763	 -0.743604	 -0.00046516	 -0.908246	 -0.734637	 -0.000568732	 -0.887635	 2.45057	 2.4505	 2.45059	 2.45038	 2.45058	 
14.18	 -0.781	 0	 -0.99	 -0.771847	 -9.5294e-006	 -0.969368	 -0.762239	 -0.000210189	 -0.948945	 -0.752536	 -0.000446417	 -0.928567	 -0.74327	 -0.0005014	 -0.907986	 -0.734197	 -0.00048485	 -0.887318	 2.46486	 2.46479	 2.46487	 2.46467	 2.46487	 
14.19	 -0.781	 0	 -0.99	 -0.771719	 7.1211e-005	 -0.969329	 -0.76206	 -0.000190356	 -0.948834	 -0.752322	 -0.0005235	 -0.928376	 -0.742951	 -0.000537362	 -0.907747	 -0.733744	 -0.000412651	 -0.887043	 2.4782	 2.47813	 2.47821	 2.47799	 2.47819	 
14.2	 -0.781	 0	 -0.99	 -0.771582	 0.000135481	 -0.969304	 -0.761891	 -0.000177787	 -0.948737	 -0.75214	 -0.000583124	 -0.928199	 -0.742654	 -0.000561758	 -0.907536	 -0.733288	 -0.000359197	 -0.886817	 2.49027	 2.49019	 2.49026	 2.49002	 2.49022	 
14.21	 -0.781	 0	 -0.99	 -0.771437	 0.000172855	 -0.969295	 -0.761727	 -0.000167779	 -0.948661	 -0.751984	 -0.000619543	 -0.928045	 -0.742382	 -0.000578792	 -0.907359	 -0.732844	 -0.000321331	 -0.886644	 2.50074	 2.50064	 2.5007	 2.50045	 2.50065	 
14.22	 -0.781	 0	 -0.99	 -0.771293	 0.000189068	 -0.969299	 -0.761575	 -0.000165429	 -0.948607	 -0.751848	 -0.000632694	 -0.927921	 -0.742126	 -0.000581251	 -0.907229	 -0.732415	 -0.000306082	 -0.886533	 2.50935	 2.50924	 2.50929	 2.50903	 2.50922	 
14.23	 -0.781	 0	 -0.99	 -0.771154	 0.000180146	 -0.969317	 -0.761427	 -0.000163088	 -0.94858	 -0.751721	 -0.000620816	 -0.927836	 -0.741891	 -0.000577622	 -0.907147	 -0.732014	 -0.000311121	 -0.886481	 2.51598	 2.51586	 2.5159	 2.51564	 2.51583	 
14.24	 -0.781	 0	 -0.99	 -0.771016	 0.000150966	 -0.969349	 -0.761284	 -0.000168718	 -0.948581	 -0.7516	 -0.000588345	 -0.927791	 -0.741677	 -0.000560383	 -0.907113	 -0.731655	 -0.00033588	 -0.886482	 2.52065	 2.52053	 2.52056	 2.5203	 2.52049	 
14.25	 -0.781	 0	 -0.99	 -0.770901	 0.000100312	 -0.969384	 -0.761156	 -0.000175881	 -0.9486	 -0.751487	 -0.00053663	 -0.927782	 -0.74148	 -0.000537767	 -0.907123	 -0.731326	 -0.000375464	 -0.886535	 2.52352	 2.52339	 2.52343	 2.52317	 2.52336	 
14.26	 -0.781	 0	 -0.99	 -0.770811	 3.6039e-005	 -0.969418	 -0.761054	 -0.000188818	 -0.948631	 -0.751381	 -0.000471159	 -0.927804	 -0.741291	 -0.000506211	 -0.907176	 -0.731027	 -0.000429328	 -0.886632	 2.5248	 2.52468	 2.52471	 2.52447	 2.52467	 
14.27	 -0.781	 0	 -0.99	 -0.770742	 -4.22083e-005	 -0.969453	 -0.760955	 -0.000204466	 -0.948679	 -0.751267	 -0.000396083	 -0.927859	 -0.741118	 -0.000472364	 -0.90726	 -0.730769	 -0.000491639	 -0.88676	 2.52474	 2.52461	 2.52465	 2.52442	 2.52462	 
14.28	 -0.781	 0	 -0.99	 -0.770685	 -0.000122871	 -0.969491	 -0.760863	 -0.000220798	 -0.948743	 -0.751144	 -0.000316172	 -0.927946	 -0.740955	 -0.000436911	 -0.907376	 -0.730563	 -0.000563047	 -0.886908	 2.52346	 2.52333	 2.52338	 2.52314	 2.52333	 
14.29	 -0.781	 0	 -0.99	 -0.770661	 -0.000205026	 -0.969523	 -0.760787	 -0.000237319	 -0.948817	 -0.751018	 -0.000236488	 -0.928061	 -0.740805	 -0.000401848	 -0.907523	 -0.730393	 -0.000633201	 -0.887083	 2.52096	 2.52081	 2.52086	 2.52062	 2.52082	 
14.3	 -0.781	 0	 -0.99	 -0.770662	 -0.000281045	 -0.969551	 -0.760734	 -0.000253502	 -0.9489	 -0.750894	 -0.000163105	 -0.928206	 -0.740666	 -0.000368238	 -0.907704	 -0.730269	 -0.000697067	 -0.887288	 2.51707	 2.51693	 2.51697	 2.51672	 2.51691	 
14.31	 -0.781	 0	 -0.99	 -0.77069	 -0.000345157	 -0.969579	 -0.760695	 -0.000267456	 -0.949	 -0.750772	 -0.000100953	 -0.928386	 -0.740551	 -0.000338571	 -0.907922	 -0.730192	 -0.000749581	 -0.887528	 2.5116	 2.51145	 2.51149	 2.51122	 2.51141	 
14.32	 -0.781	 0	 -0.99	 -0.770741	 -0.000392309	 -0.969608	 -0.760678	 -0.000277117	 -0.949115	 -0.750657	 -5.52793e-005	 -0.928603	 -0.74045	 -0.000316767	 -0.908186	 -0.730159	 -0.000786814	 -0.887813	 2.50431	 2.50416	 2.50419	 2.50391	 2.5041	 
14.33	 -0.781	 0	 -0.99	 -0.770808	 -0.000414831	 -0.969642	 -0.76067	 -0.000281744	 -0.949254	 -0.75055	 -3.05081e-005	 -0.928859	 -0.740376	 -0.000303134	 -0.908493	 -0.730173	 -0.000806188	 -0.888144	 2.49511	 2.49495	 2.49499	 2.49469	 2.49488	 
14.34	 -0.781	 0	 -0.99	 -0.77088	 -0.000412745	 -0.969688	 -0.760675	 -0.000279286	 -0.949415	 -0.750458	 -2.99593e-005	 -0.92915	 -0.74033	 -0.000301044	 -0.908842	 -0.730236	 -0.00079992	 -0.888521	 2.48401	 2.48386	 2.48389	 2.48359	 2.48376	 
14.35	 -0.781	 0	 -0.99	 -0.770968	 -0.000379986	 -0.969738	 -0.760703	 -0.000272596	 -0.949591	 -0.750394	 -5.69683e-005	 -0.929466	 -0.740311	 -0.000307372	 -0.90923	 -0.730321	 -0.000768219	 -0.888951	 2.47115	 2.47101	 2.47105	 2.47074	 2.47091	 
14.36	 -0.781	 0	 -0.99	 -0.771054	 -0.000320467	 -0.9698	 -0.760747	 -0.000256786	 -0.94978	 -0.750362	 -0.000110331	 -0.929801	 -0.740319	 -0.0003282	 -0.909651	 -0.730426	 -0.000708885	 -0.889428	 2.45674	 2.4566	 2.45665	 2.45633	 2.4565	 
14.37	 -0.781	 0	 -0.99	 -0.771123	 -0.000233005	 -0.969881	 -0.760792	 -0.000238662	 -0.94999	 -0.750362	 -0.000189337	 -0.930151	 -0.74036	 -0.00035673	 -0.910095	 -0.730549	 -0.00062882	 -0.889946	 2.44095	 2.44082	 2.44088	 2.44056	 2.44073	 
14.38	 -0.781	 0	 -0.99	 -0.771167	 -0.000128842	 -0.969983	 -0.760839	 -0.000212538	 -0.950218	 -0.750403	 -0.000285337	 -0.930508	 -0.740438	 -0.000398266	 -0.91056	 -0.73068	 -0.000532598	 -0.890507	 2.4239	 2.42378	 2.42384	 2.42352	 2.42369	 
14.39	 -0.781	 0	 -0.99	 -0.771184	 -1.3112e-005	 -0.970108	 -0.760893	 -0.000186581	 -0.95046	 -0.750497	 -0.00038962	 -0.930867	 -0.740552	 -0.000441049	 -0.911042	 -0.730812	 -0.000433102	 -0.891115	 2.40559	 2.40546	 2.40553	 2.4052	 2.40537	 
14.4	 -0.781	 0	 -0.99	 -0.771174	 9.09193e-005	 -0.970258	 -0.760954	 -0.000161216	 -0.95072	 -0.750648	 -0.000487265	 -0.931227	 -0.740712	 -0.000484111	 -0.911543	 -0.730943	 -0.000336633	 -0.891775	 2.38591	 2.38578	 2.38584	 2.38551	 2.38568	 
14.41	 -0.781	 0	 -0.99	 -0.771132	 0.000174151	 -0.970436	 -0.761022	 -0.000142433	 -0.950998	 -0.750854	 -0.000562791	 -0.931592	 -0.740913	 -0.000515995	 -0.912067	 -0.731081	 -0.000264841	 -0.892487	 2.36471	 2.36457	 2.36463	 2.36429	 2.36446	 
14.42	 -0.781	 0	 -0.99	 -0.771074	 0.000213327	 -0.970634	 -0.761098	 -0.000131394	 -0.951297	 -0.751107	 -0.000598836	 -0.93197	 -0.741156	 -0.000533869	 -0.912619	 -0.731228	 -0.000229136	 -0.893258	 2.34184	 2.34169	 2.34175	 2.3414	 2.34158	 
14.43	 -0.781	 0	 -0.99	 -0.771011	 0.000197829	 -0.970849	 -0.761187	 -0.000134249	 -0.951616	 -0.751391	 -0.000583291	 -0.93237	 -0.741429	 -0.000527822	 -0.913207	 -0.731404	 -0.000243163	 -0.894078	 2.31722	 2.31708	 2.31713	 2.31678	 2.31695	 
14.44	 -0.781	 0	 -0.99	 -0.770965	 0.000121821	 -0.971068	 -0.761284	 -0.00014983	 -0.951955	 -0.75168	 -0.000509956	 -0.932805	 -0.741733	 -0.000497053	 -0.91383	 -0.731632	 -0.0003114	 -0.894935	 2.2909	 2.29075	 2.2908	 2.29045	 2.29062	 
14.45	 -0.781	 0	 -0.99	 -0.770962	 -9.6886e-006	 -0.971277	 -0.761405	 -0.000178227	 -0.952306	 -0.751954	 -0.000386769	 -0.933282	 -0.742045	 -0.000444121	 -0.914494	 -0.731931	 -0.000425071	 -0.895814	 2.26302	 2.26286	 2.26292	 2.26256	 2.26274	 
14.46	 -0.781	 0	 -0.99	 -0.771036	 -0.000169184	 -0.971457	 -0.761558	 -0.000216407	 -0.95266	 -0.752189	 -0.000237474	 -0.933809	 -0.742355	 -0.000376547	 -0.915199	 -0.732308	 -0.000566063	 -0.896702	 2.23379	 2.23364	 2.2337	 2.23335	 2.23353	 
14.47	 -0.781	 0	 -0.99	 -0.77119	 -0.000321271	 -0.971602	 -0.761739	 -0.000251239	 -0.953015	 -0.752369	 -9.85151e-005	 -0.934388	 -0.742652	 -0.00031655	 -0.915942	 -0.732774	 -0.000697321	 -0.897584	 2.20349	 2.20334	 2.20342	 2.20307	 2.20326	 
14.48	 -0.781	 0	 -0.99	 -0.771411	 -0.000412196	 -0.971719	 -0.761943	 -0.000276758	 -0.953372	 -0.752501	 -1.677e-005	 -0.935012	 -0.742941	 -0.000278154	 -0.916716	 -0.733324	 -0.000780647	 -0.898453	 2.17233	 2.17218	 2.17227	 2.17192	 2.17211	 
14.49	 -0.781	 0	 -0.99	 -0.771669	 -0.000406083	 -0.971821	 -0.762162	 -0.000277285	 -0.953731	 -0.752618	 -2.77798e-005	 -0.935661	 -0.743236	 -0.00028441	 -0.917509	 -0.733923	 -0.000776186	 -0.899324	 2.14044	 2.14029	 2.14037	 2.14002	 2.14021	 
14.5	 -0.781	 0	 -0.99	 -0.771903	 -0.000285254	 -0.971941	 -0.762388	 -0.000251852	 -0.954097	 -0.752776	 -0.000143651	 -0.936304	 -0.743556	 -0.000336839	 -0.918309	 -0.734521	 -0.000675397	 -0.900221	 2.10784	 2.10768	 2.10777	 2.10741	 2.10761	 
14.51	 -0.781	 0	 -0.99	 -0.772053	 -8.36733e-005	 -0.972109	 -0.7626	 -0.000206086	 -0.954481	 -0.753031	 -0.000332973	 -0.936914	 -0.743937	 -0.000423639	 -0.9191	 -0.735065	 -0.000504768	 -0.901173	 2.0745	 2.07435	 2.07443	 2.07407	 2.07426	 
14.52	 -0.781	 0	 -0.99	 -0.772079	 0.000116614	 -0.972347	 -0.762792	 -0.000157073	 -0.954886	 -0.753419	 -0.000519957	 -0.937472	 -0.74439	 -0.000510931	 -0.919877	 -0.735527	 -0.000328949	 -0.902197	 2.04039	 2.04023	 2.04032	 2.03995	 2.04015	 
14.53	 -0.781	 0	 -0.99	 -0.772002	 0.000219531	 -0.972645	 -0.762967	 -0.000131171	 -0.955313	 -0.75392	 -0.000609874	 -0.937989	 -0.744908	 -0.000549187	 -0.920643	 -0.735922	 -0.000237387	 -0.903286	 2.00547	 2.00531	 2.0054	 2.00503	 2.00522	 
14.54	 -0.781	 0	 -0.99	 -0.77191	 0.000150214	 -0.972958	 -0.763142	 -0.000139936	 -0.955751	 -0.754451	 -0.000534712	 -0.938506	 -0.745457	 -0.000512456	 -0.921416	 -0.736322	 -0.00028747	 -0.904401	 1.96978	 1.96962	 1.96973	 1.96935	 1.96954	 
14.55	 -0.781	 0	 -0.99	 -0.771921	 -7.1167e-005	 -0.973223	 -0.763351	 -0.000185703	 -0.956181	 -0.754901	 -0.000314401	 -0.939079	 -0.745976	 -0.000403025	 -0.922223	 -0.736828	 -0.00046551	 -0.905485	 1.93344	 1.93329	 1.9334	 1.93302	 1.9332	 
14.56	 -0.781	 0	 -0.99	 -0.772123	 -0.000319294	 -0.973392	 -0.76361	 -0.000241721	 -0.956593	 -0.755189	 -7.17712e-005	 -0.939747	 -0.746429	 -0.000279008	 -0.923079	 -0.737504	 -0.000665014	 -0.9065	 1.89663	 1.89648	 1.89659	 1.89621	 1.89642	 
14.57	 -0.781	 0	 -0.99	 -0.772479	 -0.000417705	 -0.973482	 -0.763912	 -0.000262616	 -0.956985	 -0.755342	 2.46891e-005	 -0.940491	 -0.746821	 -0.000227296	 -0.923973	 -0.738318	 -0.000736797	 -0.90745	 1.85958	 1.85944	 1.85956	 1.85919	 1.85941	 
14.58	 -0.781	 0	 -0.99	 -0.772823	 -0.000262326	 -0.973578	 -0.764216	 -0.00022674	 -0.957376	 -0.755512	 -0.000118035	 -0.941226	 -0.747221	 -0.00029031	 -0.924862	 -0.73913	 -0.000603602	 -0.908399	 1.82257	 1.82242	 1.82255	 1.8222	 1.82243	 
14.59	 -0.781	 0	 -0.99	 -0.772967	 4.34364e-005	 -0.973774	 -0.764474	 -0.000154045	 -0.957786	 -0.755876	 -0.000404169	 -0.941855	 -0.747717	 -0.000427727	 -0.925694	 -0.739773	 -0.000348184	 -0.909425	 1.78584	 1.7857	 1.78584	 1.78549	 1.78572	 
14.6	 -0.781	 0	 -0.99	 -0.772868	 0.000230676	 -0.974092	 -0.764678	 -0.000106837	 -0.958217	 -0.756475	 -0.000581291	 -0.942352	 -0.748329	 -0.000518601	 -0.926453	 -0.740215	 -0.000192252	 -0.910538	 1.7496	 1.74945	 1.7496	 1.74925	 1.74948	 
14.61	 -0.781	 0	 -0.99	 -0.772729	 9.85738e-005	 -0.974428	 -0.764874	 -0.000138506	 -0.958645	 -0.757116	 -0.000457462	 -0.942814	 -0.748963	 -0.000461446	 -0.927182	 -0.740625	 -0.000307471	 -0.911647	 1.7139	 1.71377	 1.71392	 1.71356	 1.7138	 
14.62	 -0.781	 0	 -0.99	 -0.772839	 -0.000245597	 -0.974633	 -0.765125	 -0.000222054	 -0.959036	 -0.757519	 -0.0001354	 -0.943385	 -0.749486	 -0.000305073	 -0.927952	 -0.741242	 -0.000597889	 -0.912631	 1.67876	 1.67864	 1.67881	 1.67845	 1.67868	 
14.63	 -0.781	 0	 -0.99	 -0.773244	 -0.000420102	 -0.974683	 -0.765443	 -0.000265283	 -0.959385	 -0.757634	 2.49102e-005	 -0.944092	 -0.749863	 -0.000226113	 -0.928781	 -0.742106	 -0.00074227	 -0.913469	 1.64416	 1.64403	 1.6442	 1.64384	 1.64408	 
14.64	 -0.781	 0	 -0.99	 -0.773623	 -0.000187349	 -0.974742	 -0.765755	 -0.000213403	 -0.959731	 -0.757768	 -0.000198345	 -0.944782	 -0.750242	 -0.000334391	 -0.929598	 -0.742948	 -0.000549896	 -0.914301	 1.61002	 1.60986	 1.61	 1.60965	 1.60991	 
14.65	 -0.781	 0	 -0.99	 -0.773631	 0.000174345	 -0.974985	 -0.765975	 -0.000128467	 -0.960117	 -0.758248	 -0.000541949	 -0.945287	 -0.750793	 -0.00050622	 -0.930316	 -0.743478	 -0.000252784	 -0.915276	 1.57627	 1.5761	 1.57625	 1.5759	 1.57616	 
14.66	 -0.781	 0	 -0.99	 -0.773401	 0.000154049	 -0.975346	 -0.766135	 -0.000130071	 -0.960527	 -0.758951	 -0.000522335	 -0.945668	 -0.751456	 -0.000501555	 -0.930962	 -0.743809	 -0.000270207	 -0.916335	 1.54296	 1.54282	 1.54299	 1.54263	 1.54287	 
14.67	 -0.781	 0	 -0.99	 -0.773455	 -0.000247458	 -0.975561	 -0.766365	 -0.000224211	 -0.960893	 -0.759388	 -0.000140042	 -0.946169	 -0.751985	 -0.000310234	 -0.931658	 -0.744369	 -0.00060059	 -0.917257	 1.51027	 1.51015	 1.51033	 1.50996	 1.51021	 
14.68	 -0.781	 0	 -0.99	 -0.77393	 -0.000404855	 -0.975559	 -0.766699	 -0.000263457	 -0.961194	 -0.759429	 1.25665e-005	 -0.94685	 -0.752309	 -0.000226396	 -0.932432	 -0.745265	 -0.000727354	 -0.917982	 1.47843	 1.4783	 1.47849	 1.47814	 1.4784	 
14.69	 -0.781	 0	 -0.99	 -0.774249	 -2.85482e-005	 -0.975625	 -0.76699	 -0.000171752	 -0.961501	 -0.759605	 -0.000338446	 -0.947442	 -0.75269	 -0.000398636	 -0.933147	 -0.746015	 -0.000412532	 -0.918737	 1.44768	 1.44753	 1.4477	 1.44738	 1.44766	 
14.7	 -0.781	 0	 -0.99	 -0.774038	 0.000233654	 -0.975944	 -0.767137	 -0.000103565	 -0.96186	 -0.760251	 -0.000582389	 -0.947773	 -0.753299	 -0.000524295	 -0.933711	 -0.746319	 -0.000192429	 -0.919666	 1.41822	 1.41808	 1.41827	 1.41795	 1.41824	 
14.71	 -0.781	 0	 -0.99	 -0.773888	 -0.00012472	 -0.976224	 -0.767289	 -0.000189361	 -0.962196	 -0.760817	 -0.000243926	 -0.948107	 -0.753862	 -0.000353895	 -0.934252	 -0.746664	 -0.000484228	 -0.920521	 1.39026	 1.39017	 1.39038	 1.39005	 1.39032	 
14.72	 -0.781	 0	 -0.99	 -0.774322	 -0.000417397	 -0.976206	 -0.767581	 -0.000263284	 -0.962438	 -0.760826	 3.29761e-005	 -0.948677	 -0.754132	 -0.000207219	 -0.934888	 -0.747469	 -0.000722074	 -0.92109	 1.36402	 1.36392	 1.36414	 1.36383	 1.36413	 
14.73	 -0.781	 0	 -0.99	 -0.77468	 -2.88431e-005	 -0.976209	 -0.767853	 -0.000167545	 -0.962663	 -0.760898	 -0.000328477	 -0.949181	 -0.754418	 -0.00038758	 -0.935466	 -0.748183	 -0.000402474	 -0.921635	 1.33958	 1.33944	 1.33965	 1.33935	 1.33966	 
14.74	 -0.781	 0	 -0.99	 -0.774404	 0.000224409	 -0.976506	 -0.767957	 -0.000102548	 -0.962944	 -0.761544	 -0.000566892	 -0.949367	 -0.754986	 -0.000514739	 -0.935855	 -0.748357	 -0.00019709	 -0.922379	 1.31689	 1.31677	 1.31698	 1.31668	 1.31699	 
14.75	 -0.781	 0	 -0.99	 -0.774312	 -0.000232435	 -0.976706	 -0.768089	 -0.000216856	 -0.963187	 -0.761984	 -0.000143984	 -0.949613	 -0.75544	 -0.000302704	 -0.936248	 -0.748668	 -0.00057311	 -0.922996	 1.2959	 1.29582	 1.29606	 1.29574	 1.29604	 
14.76	 -0.781	 0	 -0.99	 -0.774833	 -0.000360116	 -0.976599	 -0.768364	 -0.000252557	 -0.963338	 -0.761822	 -2.82764e-005	 -0.950111	 -0.755568	 -0.000240654	 -0.936749	 -0.74946	 -0.000678691	 -0.923322	 1.27662	 1.2765	 1.27672	 1.27642	 1.27675	 
14.77	 -0.781	 0	 -0.99	 -0.774939	 0.000152039	 -0.976675	 -0.768538	 -0.000126155	 -0.963513	 -0.762049	 -0.000509081	 -0.950394	 -0.755881	 -0.000488895	 -0.937119	 -0.749887	 -0.000265242	 -0.923764	 1.25888	 1.25875	 1.25895	 1.25867	 1.25899	 
14.78	 -0.781	 0	 -0.99	 -0.774562	 5.82628e-005	 -0.976971	 -0.768584	 -0.000148098	 -0.963726	 -0.76272	 -0.000421391	 -0.950431	 -0.756419	 -0.000449191	 -0.937336	 -0.749899	 -0.000348178	 -0.924347	 1.24267	 1.24257	 1.24278	 1.24248	 1.24279	 
14.79	 -0.781	 0	 -0.99	 -0.774841	 -0.000414423	 -0.976949	 -0.768777	 -0.000267884	 -0.963848	 -0.762741	 1.93522e-005	 -0.950735	 -0.756612	 -0.000220726	 -0.937667	 -0.75043	 -0.000733623	 -0.924629	 1.22812	 1.22804	 1.22827	 1.22797	 1.22829	 
14.8	 -0.781	 0	 -0.99	 -0.775255	 -5.84017e-005	 -0.976845	 -0.768994	 -0.000181043	 -0.96393	 -0.762608	 -0.000317831	 -0.951075	 -0.756703	 -0.000393103	 -0.937992	 -0.751049	 -0.000440415	 -0.924797	 1.21551	 1.21538	 1.21559	 1.21533	 1.21567	 
14.81	 -0.781	 0	 -0.99	 -0.774894	 0.000200444	 -0.977087	 -0.769012	 -0.000113097	 -0.964073	 -0.763186	 -0.000558889	 -0.951037	 -0.75715	 -0.000522152	 -0.93809	 -0.75101	 -0.000230592	 -0.925194	 1.20499	 1.20489	 1.20513	 1.20487	 1.2052	 
14.82	 -0.781	 0	 -0.99	 -0.774871	 -0.000325948	 -0.97716	 -0.769104	 -0.000244142	 -0.96415	 -0.763429	 -6.37619e-005	 -0.951098	 -0.757413	 -0.000265502	 -0.938203	 -0.751221	 -0.000660353	 -0.925393	 1.19684	 1.19678	 1.19704	 1.19678	 1.1971	 
14.83	 -0.781	 0	 -0.99	 -0.775396	 -0.000226226	 -0.97696	 -0.76932	 -0.000223867	 -0.964132	 -0.763125	 -0.000160592	 -0.951359	 -0.757371	 -0.000311316	 -0.938384	 -0.751849	 -0.000578379	 -0.925308	 1.19126	 1.19116	 1.19141	 1.19118	 1.19154	 
14.84	 -0.781	 0	 -0.99	 -0.775176	 0.00022988	 -0.977079	 -0.769333	 -0.000109553	 -0.96417	 -0.763483	 -0.000589378	 -0.951266	 -0.757653	 -0.00053646	 -0.938347	 -0.751841	 -0.000209658	 -0.925421	 1.18818	 1.18808	 1.18832	 1.1881	 1.18845	 
14.85	 -0.781	 0	 -0.99	 -0.774921	 -0.000198871	 -0.977202	 -0.769328	 -0.000215019	 -0.964183	 -0.76386	 -0.00018651	 -0.951109	 -0.757937	 -0.000330822	 -0.938238	 -0.751776	 -0.00056184	 -0.925478	 1.18744	 1.18738	 1.18763	 1.1874	 1.18773	 
14.86	 -0.781	 0	 -0.99	 -0.775423	 -0.000341953	 -0.976968	 -0.769508	 -0.000252892	 -0.964081	 -0.763512	 -5.43619e-005	 -0.951232	 -0.757828	 -0.000259771	 -0.938244	 -0.7523	 -0.000677669	 -0.925191	 1.18892	 1.18884	 1.18909	 1.18886	 1.1892	 
14.87	 -0.781	 0	 -0.99	 -0.775394	 0.000186286	 -0.976952	 -0.769541	 -0.000120834	 -0.964016	 -0.763625	 -0.000552371	 -0.951112	 -0.757936	 -0.000520278	 -0.938099	 -0.752368	 -0.000248043	 -0.925035	 1.19238	 1.19226	 1.19248	 1.19227	 1.19262	 
14.88	 -0.781	 0	 -0.99	 -0.774976	 -5.16424e-005	 -0.977101	 -0.76946	 -0.000180385	 -0.963978	 -0.764073	 -0.000332696	 -0.9508	 -0.758209	 -0.000411672	 -0.937829	 -0.7521	 -0.000445427	 -0.924968	 1.19753	 1.19746	 1.1977	 1.19746	 1.19779	 
14.89	 -0.781	 0	 -0.99	 -0.775338	 -0.000411296	 -0.976896	 -0.769571	 -0.000273412	 -0.963832	 -0.763781	 2.72584e-006	 -0.950779	 -0.758088	 -0.000235476	 -0.937684	 -0.752447	 -0.00074111	 -0.924572	 1.20438	 1.2043	 1.20452	 1.20429	 1.20464	 
14.9	 -0.781	 0	 -0.99	 -0.775539	 6.54621e-005	 -0.976744	 -0.76964	 -0.000155793	 -0.96368	 -0.763627	 -0.000444913	 -0.950667	 -0.758024	 -0.000466608	 -0.937472	 -0.752637	 -0.000356266	 -0.924184	 1.21282	 1.21271	 1.21292	 1.21271	 1.21305	 
14.91	 -0.781	 0	 -0.99	 -0.775073	 0.000114125	 -0.976875	 -0.769527	 -0.000143587	 -0.963586	 -0.764075	 -0.000494724	 -0.950259	 -0.758262	 -0.000498882	 -0.937083	 -0.752267	 -0.000321741	 -0.923987	 1.22277	 1.22269	 1.22291	 1.22269	 1.22303	 
14.92	 -0.781	 0	 -0.99	 -0.775164	 -0.000387141	 -0.976756	 -0.76954	 -0.000270453	 -0.963416	 -0.763975	 -2.89943e-005	 -0.950052	 -0.758209	 -0.000259888	 -0.936775	 -0.752335	 -0.000732318	 -0.923549	 1.23425	 1.23418	 1.2344	 1.23418	 1.23452	 
14.93	 -0.781	 0	 -0.99	 -0.775567	 -0.000155346	 -0.976489	 -0.769632	 -0.000213877	 -0.963192	 -0.763573	 -0.000247543	 -0.949948	 -0.757984	 -0.000370777	 -0.936502	 -0.752637	 -0.000543199	 -0.922955	 1.2472	 1.24711	 1.24731	 1.24711	 1.24745	 
14.94	 -0.781	 0	 -0.99	 -0.775254	 0.000214799	 -0.976518	 -0.769542	 -0.000120775	 -0.963025	 -0.763834	 -0.000595482	 -0.949533	 -0.75809	 -0.000553803	 -0.936049	 -0.752335	 -0.000244148	 -0.922571	 1.2615	 1.2614	 1.2616	 1.2614	 1.26174	 
14.95	 -0.781	 0	 -0.99	 -0.77498	 -0.000184621	 -0.976526	 -0.769446	 -0.000221218	 -0.962844	 -0.764033	 -0.000223121	 -0.949113	 -0.758159	 -0.000364826	 -0.935574	 -0.752051	 -0.00057421	 -0.922138	 1.27702	 1.27696	 1.27718	 1.27697	 1.27729	 
14.96	 -0.781	 0	 -0.99	 -0.775362	 -0.000384145	 -0.976246	 -0.769503	 -0.000275381	 -0.96258	 -0.763592	 -4.06582e-005	 -0.948937	 -0.757888	 -0.000268931	 -0.935208	 -0.752288	 -0.000739252	 -0.921439	 1.29384	 1.29376	 1.29396	 1.29375	 1.2941	 
14.97	 -0.781	 0	 -0.99	 -0.775451	 7.17661e-005	 -0.976076	 -0.769485	 -0.000164098	 -0.962329	 -0.763416	 -0.000473032	 -0.948627	 -0.757738	 -0.000492776	 -0.934756	 -0.752263	 -0.000369296	 -0.920801	 1.31194	 1.31185	 1.31205	 1.31186	 1.31219	 
14.98	 -0.781	 0	 -0.99	 -0.775001	 0.000133935	 -0.976125	 -0.769327	 -0.000146663	 -0.962116	 -0.763734	 -0.000533454	 -0.948076	 -0.757832	 -0.000530768	 -0.934159	 -0.751777	 -0.000323688	 -0.920307	 1.33147	 1.33139	 1.3316	 1.33142	 1.33175	 
14.99	 -0.781	 0	 -0.99	 -0.774952	 -0.00032231	 -0.975998	 -0.769259	 -0.000261099	 -0.961844	 -0.763654	 -0.000108841	 -0.947654	 -0.757712	 -0.000316616	 -0.933604	 -0.751598	 -0.000702776	 -0.91963	 1.35262	 1.35257	 1.35278	 1.35261	 1.35294	 
15	 -0.781	 0	 -0.99	 -0.775323	 -0.00031936	 -0.97568	 -0.769282	 -0.00026606	 -0.961507	 -0.763151	 -0.000117614	 -0.947372	 -0.757359	 -0.000319416	 -0.933097	 -0.75174	 -0.000704456	 -0.918753	 1.37558	 1.37551	 1.37573	 1.37557	 1.37591	 
15.01	 -0.781	 0	 -0.99	 -0.775267	 0.000115115	 -0.975524	 -0.769189	 -0.000161349	 -0.961193	 -0.763023	 -0.00053024	 -0.946899	 -0.757181	 -0.000531593	 -0.932466	 -0.751508	 -0.000352022	 -0.917965	 1.40035	 1.40028	 1.40049	 1.40034	 1.40068	 
15.02	 -0.781	 0	 -0.99	 -0.774826	 0.000116621	 -0.975518	 -0.768992	 -0.000159983	 -0.960897	 -0.763242	 -0.000535838	 -0.946245	 -0.757171	 -0.000542103	 -0.931719	 -0.750939	 -0.000356709	 -0.917259	 1.42677	 1.42671	 1.42692	 1.42677	 1.42711	 
15.03	 -0.781	 0	 -0.99	 -0.774744	 -0.000296837	 -0.975356	 -0.76888	 -0.000263205	 -0.960549	 -0.763113	 -0.000153065	 -0.945703	 -0.756976	 -0.000353535	 -0.931007	 -0.750651	 -0.000704501	 -0.916392	 1.45455	 1.45449	 1.4547	 1.45455	 1.45487	 
15.04	 -0.781	 0	 -0.99	 -0.775052	 -0.000376993	 -0.975027	 -0.768858	 -0.000287907	 -0.96015	 -0.762604	 -8.32864e-005	 -0.945297	 -0.75658	 -0.000318201	 -0.930352	 -0.750669	 -0.000777749	 -0.915365	 1.4833	 1.48323	 1.48342	 1.48325	 1.48358	 
15.05	 -0.781	 0	 -0.99	 -0.775119	 -1.39076e-005	 -0.974789	 -0.76877	 -0.000202785	 -0.959769	 -0.762305	 -0.000430308	 -0.944798	 -0.756279	 -0.000494234	 -0.929644	 -0.750475	 -0.000482894	 -0.914402	 1.5126	 1.51252	 1.51268	 1.51251	 1.51283	 
15.06	 -0.781	 0	 -0.99	 -0.774761	 0.000188935	 -0.974723	 -0.768571	 -0.000153234	 -0.95943	 -0.762392	 -0.000625714	 -0.944134	 -0.756166	 -0.00059755	 -0.928852	 -0.749919	 -0.000317075	 -0.913578	 1.54214	 1.54206	 1.54221	 1.54204	 1.54235	 
15.07	 -0.781	 0	 -0.99	 -0.774445	 -5.93235e-005	 -0.974643	 -0.768377	 -0.000212258	 -0.959088	 -0.762428	 -0.000391456	 -0.943486	 -0.756022	 -0.000482227	 -0.928068	 -0.74939	 -0.000522314	 -0.912742	 1.57179	 1.57171	 1.57187	 1.57168	 1.57198	 
15.08	 -0.781	 0	 -0.99	 -0.774519	 -0.000377519	 -0.974404	 -0.768275	 -0.000288392	 -0.958707	 -0.76209	 -8.65474e-005	 -0.942987	 -0.755686	 -0.000325649	 -0.927357	 -0.749171	 -0.000782857	 -0.911776	 1.60157	 1.60149	 1.60164	 1.60146	 1.60176	 
15.09	 -0.781	 0	 -0.99	 -0.774767	 -0.000339879	 -0.97409	 -0.768211	 -0.00027756	 -0.958307	 -0.761583	 -0.00011711	 -0.942554	 -0.75526	 -0.000335633	 -0.926678	 -0.749083	 -0.00074498	 -0.910746	 1.63156	 1.63148	 1.63163	 1.63146	 1.63176	 
15.1	 -0.781	 0	 -0.99	 -0.774778	 -1.87915e-005	 -0.973868	 -0.76809	 -0.000198303	 -0.957925	 -0.76129	 -0.000415561	 -0.942029	 -0.754931	 -0.000480258	 -0.925951	 -0.74879	 -0.000473027	 -0.909787	 1.66189	 1.66182	 1.66197	 1.66181	 1.6621	 
15.11	 -0.781	 0	 -0.99	 -0.774475	 0.000190021	 -0.973771	 -0.767887	 -0.000147084	 -0.95757	 -0.761281	 -0.000608561	 -0.941379	 -0.754734	 -0.000574511	 -0.925158	 -0.748222	 -0.000299458	 -0.908924	 1.69266	 1.69259	 1.69274	 1.69258	 1.69288	 
15.12	 -0.781	 0	 -0.99	 -0.774134	 6.63387e-005	 -0.973688	 -0.767666	 -0.00017537	 -0.957217	 -0.761293	 -0.000492433	 -0.940708	 -0.754541	 -0.000520635	 -0.92435	 -0.747605	 -0.000403704	 -0.908066	 1.72387	 1.72381	 1.72397	 1.72382	 1.72412	 
15.13	 -0.781	 0	 -0.99	 -0.774027	 -0.000234358	 -0.973509	 -0.767497	 -0.000248039	 -0.956837	 -0.761071	 -0.000214025	 -0.940122	 -0.754224	 -0.000387903	 -0.923578	 -0.74717	 -0.000656059	 -0.907121	 1.75553	 1.75547	 1.75562	 1.75548	 1.75577	 
15.14	 -0.781	 0	 -0.99	 -0.774156	 -0.000408596	 -0.97323	 -0.767378	 -0.000294621	 -0.95643	 -0.760613	 -5.62765e-005	 -0.939625	 -0.753783	 -0.000311588	 -0.922847	 -0.74692	 -0.000807365	 -0.906086	 1.78757	 1.7875	 1.78764	 1.7875	 1.78779	 
15.15	 -0.781	 0	 -0.99	 -0.77431	 -0.000316891	 -0.972938	 -0.767256	 -0.000276802	 -0.956021	 -0.760119	 -0.000150115	 -0.939138	 -0.753321	 -0.000360141	 -0.922118	 -0.746683	 -0.000737352	 -0.905035	 1.81989	 1.81982	 1.81995	 1.81981	 1.8201	 
15.16	 -0.781	 0	 -0.99	 -0.774284	 -6.14781e-005	 -0.972716	 -0.767089	 -0.000218336	 -0.955627	 -0.759782	 -0.000396552	 -0.938584	 -0.752927	 -0.000483458	 -0.921355	 -0.746291	 -0.00052964	 -0.904039	 1.85238	 1.85232	 1.85245	 1.8523	 1.85259	 
15.17	 -0.781	 0	 -0.99	 -0.774049	 0.000146571	 -0.972579	 -0.76687	 -0.00017191	 -0.955253	 -0.759635	 -0.000596022	 -0.937952	 -0.752617	 -0.000581503	 -0.920557	 -0.74571	 -0.000361055	 -0.903118	 1.88495	 1.88489	 1.88502	 1.88487	 1.88515	 
15.18	 -0.781	 0	 -0.99	 -0.773731	 0.000162612	 -0.972477	 -0.76663	 -0.000168272	 -0.954889	 -0.759565	 -0.000615019	 -0.937287	 -0.752338	 -0.000594499	 -0.919747	 -0.745037	 -0.000348435	 -0.902237	 1.91746	 1.91739	 1.91752	 1.91737	 1.91765	 
15.19	 -0.781	 0	 -0.99	 -0.77348	 -1.10219e-006	 -0.972352	 -0.766404	 -0.000206417	 -0.954522	 -0.759426	 -0.000461935	 -0.936654	 -0.75202	 -0.000523451	 -0.918959	 -0.744416	 -0.000486688	 -0.901345	 1.94976	 1.94969	 1.9498	 1.94966	 1.94994	 
15.2	 -0.781	 0	 -0.99	 -0.773379	 -0.000226854	 -0.972168	 -0.766206	 -0.000259486	 -0.95415	 -0.759133	 -0.000248064	 -0.936091	 -0.75163	 -0.000421342	 -0.918209	 -0.743925	 -0.000678747	 -0.900412	 1.98172	 1.98164	 1.98175	 1.9816	 1.98187	 
15.21	 -0.781	 0	 -0.99	 -0.773415	 -0.000386242	 -0.97193	 -0.766034	 -0.00029525	 -0.953773	 -0.758704	 -9.76332e-005	 -0.935595	 -0.751177	 -0.000350893	 -0.9175	 -0.743551	 -0.00081226	 -0.899448	 2.01322	 2.01313	 2.01324	 2.01309	 2.01335	 
15.22	 -0.781	 0	 -0.99	 -0.773503	 -0.00040357	 -0.971674	 -0.765876	 -0.000300578	 -0.953397	 -0.758222	 -8.00447e-005	 -0.935133	 -0.750691	 -0.000339982	 -0.916819	 -0.743216	 -0.000827786	 -0.898485	 2.04416	 2.04408	 2.04419	 2.04403	 2.04429	 
15.23	 -0.781	 0	 -0.99	 -0.773551	 -0.00029019	 -0.971437	 -0.765705	 -0.000275309	 -0.953036	 -0.757774	 -0.000188298	 -0.934671	 -0.750221	 -0.000389899	 -0.91615	 -0.742838	 -0.000731238	 -0.89756	 2.07452	 2.07445	 2.07455	 2.07439	 2.07464	 
15.24	 -0.781	 0	 -0.99	 -0.773497	 -0.000108912	 -0.971245	 -0.765512	 -0.000234836	 -0.952692	 -0.757419	 -0.000362596	 -0.934184	 -0.749787	 -0.000472472	 -0.915482	 -0.742368	 -0.000578758	 -0.896694	 2.10429	 2.10422	 2.10432	 2.10415	 2.1044	 
15.25	 -0.781	 0	 -0.99	 -0.77334	 6.27906e-005	 -0.971101	 -0.765297	 -0.000198014	 -0.952365	 -0.757165	 -0.000527594	 -0.933667	 -0.749394	 -0.000550455	 -0.914815	 -0.741796	 -0.000437751	 -0.895891	 2.13348	 2.13341	 2.13351	 2.13334	 2.13358	 
15.26	 -0.781	 0	 -0.99	 -0.773107	 0.000162322	 -0.970994	 -0.76506	 -0.000174892	 -0.952056	 -0.756976	 -0.00062532	 -0.933135	 -0.749033	 -0.000600904	 -0.91415	 -0.74116	 -0.00035711	 -0.895136	 2.1621	 2.16203	 2.16213	 2.16195	 2.1622	 
15.27	 -0.781	 0	 -0.99	 -0.772846	 0.00016971	 -0.970904	 -0.764814	 -0.00017393	 -0.951759	 -0.756806	 -0.000632945	 -0.932606	 -0.74868	 -0.000606989	 -0.913499	 -0.740506	 -0.000357567	 -0.894412	 2.19015	 2.19008	 2.19017	 2.19	 2.19025	 
15.28	 -0.781	 0	 -0.99	 -0.772618	 8.91709e-005	 -0.970805	 -0.764578	 -0.000191875	 -0.951468	 -0.756609	 -0.000558801	 -0.932101	 -0.748309	 -0.000574371	 -0.912872	 -0.739859	 -0.000424106	 -0.893707	 2.21758	 2.21749	 2.21758	 2.21742	 2.21768	 
15.29	 -0.781	 0	 -0.99	 -0.772444	 -4.343e-005	 -0.97069	 -0.764352	 -0.00022247	 -0.951182	 -0.756356	 -0.000433939	 -0.931635	 -0.747909	 -0.000516031	 -0.912278	 -0.739265	 -0.000534094	 -0.893006	 2.24429	 2.2442	 2.24428	 2.24413	 2.24438	 
15.3	 -0.781	 0	 -0.99	 -0.772328	 -0.000187067	 -0.970556	 -0.764128	 -0.000253081	 -0.950908	 -0.756034	 -0.000294436	 -0.931216	 -0.747492	 -0.000451858	 -0.911716	 -0.738744	 -0.000656898	 -0.892306	 2.27017	 2.27006	 2.27015	 2.26998	 2.27022	 
15.31	 -0.781	 0	 -0.99	 -0.772276	 -0.000310898	 -0.970402	 -0.763925	 -0.000278674	 -0.95064	 -0.755663	 -0.000174432	 -0.930841	 -0.747052	 -0.000396486	 -0.911193	 -0.738277	 -0.000760018	 -0.891618	 2.29503	 2.29492	 2.29499	 2.29482	 2.29504	 
15.32	 -0.781	 0	 -0.99	 -0.772275	 -0.000390075	 -0.970233	 -0.763747	 -0.000297075	 -0.950378	 -0.755265	 -9.72055e-005	 -0.930503	 -0.746597	 -0.00035778	 -0.910711	 -0.737842	 -0.000825598	 -0.890959	 2.3187	 2.31859	 2.31865	 2.31847	 2.3187	 
15.33	 -0.781	 0	 -0.99	 -0.772291	 -0.000416276	 -0.970066	 -0.763573	 -0.000300515	 -0.950133	 -0.754857	 -7.00016e-005	 -0.9302	 -0.746146	 -0.000344997	 -0.910267	 -0.737433	 -0.000845253	 -0.890337	 2.34104	 2.34093	 2.34099	 2.3408	 2.34102	 
15.34	 -0.781	 0	 -0.99	 -0.772299	 -0.000389059	 -0.969912	 -0.763398	 -0.00029525	 -0.949909	 -0.754457	 -9.33931e-005	 -0.929925	 -0.745704	 -0.000352723	 -0.909859	 -0.737034	 -0.000822622	 -0.88976	 2.36196	 2.36186	 2.36192	 2.36172	 2.36193	 
15.35	 -0.781	 0	 -0.99	 -0.772289	 -0.000323676	 -0.969776	 -0.763223	 -0.00028074	 -0.949706	 -0.754083	 -0.00015679	 -0.92967	 -0.745282	 -0.000380116	 -0.909485	 -0.736628	 -0.000761335	 -0.889238	 2.38146	 2.38136	 2.38142	 2.38121	 2.38142	 
15.36	 -0.781	 0	 -0.99	 -0.772246	 -0.000228687	 -0.969663	 -0.763045	 -0.000260926	 -0.949523	 -0.753747	 -0.000245433	 -0.929427	 -0.744882	 -0.000415772	 -0.909139	 -0.73621	 -0.000676347	 -0.888768	 2.39963	 2.39955	 2.39961	 2.3994	 2.39961	 
15.37	 -0.781	 0	 -0.99	 -0.772172	 -0.000121981	 -0.969572	 -0.76286	 -0.000234551	 -0.94936	 -0.753451	 -0.000342236	 -0.929192	 -0.744509	 -0.000456709	 -0.908815	 -0.735771	 -0.000579616	 -0.888348	 2.41668	 2.41661	 2.41667	 2.41647	 2.41667	 
15.38	 -0.781	 0	 -0.99	 -0.772065	 -1.57838e-005	 -0.969502	 -0.762677	 -0.000207703	 -0.949209	 -0.753195	 -0.000434541	 -0.92896	 -0.744153	 -0.000493633	 -0.90851	 -0.735308	 -0.000484309	 -0.887973	 2.4328	 2.43273	 2.4328	 2.4326	 2.43281	 
15.39	 -0.781	 0	 -0.99	 -0.771938	 7.36908e-005	 -0.969448	 -0.762496	 -0.000185344	 -0.94907	 -0.752974	 -0.000513782	 -0.928729	 -0.743815	 -0.00052462	 -0.908222	 -0.734818	 -0.000399437	 -0.887641	 2.4481	 2.44803	 2.44812	 2.44791	 2.44811	 
15.4	 -0.781	 0	 -0.99	 -0.77179	 0.000139503	 -0.96941	 -0.762315	 -0.000169858	 -0.948943	 -0.752778	 -0.000573636	 -0.928506	 -0.743491	 -0.000547845	 -0.907952	 -0.734324	 -0.000335991	 -0.887344	 2.46255	 2.46248	 2.46256	 2.46234	 2.46254	 
15.41	 -0.781	 0	 -0.99	 -0.771622	 0.000179365	 -0.96939	 -0.762121	 -0.000160014	 -0.948838	 -0.752596	 -0.000609043	 -0.9283	 -0.743192	 -0.000562683	 -0.907702	 -0.733844	 -0.000300571	 -0.887079	 2.47593	 2.47586	 2.47592	 2.4757	 2.4759	 
15.42	 -0.781	 0	 -0.99	 -0.771458	 0.000189418	 -0.969378	 -0.761941	 -0.000157273	 -0.948748	 -0.752431	 -0.000619523	 -0.928116	 -0.742902	 -0.000568852	 -0.907489	 -0.73337	 -0.000291765	 -0.886864	 2.48793	 2.48784	 2.4879	 2.48767	 2.48787	 
15.43	 -0.781	 0	 -0.99	 -0.771309	 0.000173486	 -0.969373	 -0.761778	 -0.000162097	 -0.948674	 -0.752279	 -0.000606058	 -0.927963	 -0.742625	 -0.000564367	 -0.90732	 -0.732909	 -0.000309309	 -0.886706	 2.4982	 2.4981	 2.49815	 2.49791	 2.4981	 
15.44	 -0.781	 0	 -0.99	 -0.771168	 0.000133937	 -0.969379	 -0.761621	 -0.000169769	 -0.948627	 -0.752132	 -0.000570807	 -0.927851	 -0.742368	 -0.000554694	 -0.9072	 -0.732489	 -0.000350165	 -0.886603	 2.50649	 2.50637	 2.50641	 2.50616	 2.50635	 
15.45	 -0.781	 0	 -0.99	 -0.771049	 7.46784e-005	 -0.969391	 -0.76148	 -0.000186019	 -0.948604	 -0.751988	 -0.000519449	 -0.927783	 -0.742126	 -0.000534581	 -0.907133	 -0.732108	 -0.000407055	 -0.886558	 2.51267	 2.51254	 2.51257	 2.51232	 2.51251	 
15.46	 -0.781	 0	 -0.99	 -0.770952	 -1.88259e-007	 -0.969408	 -0.761353	 -0.000202991	 -0.948604	 -0.751846	 -0.000453047	 -0.927759	 -0.741904	 -0.000508551	 -0.907118	 -0.731776	 -0.000472064	 -0.886566	 2.5168	 2.51666	 2.51668	 2.51644	 2.51663	 
15.47	 -0.781	 0	 -0.99	 -0.770875	 -7.85106e-005	 -0.969429	 -0.761237	 -0.000219336	 -0.948627	 -0.751702	 -0.000375491	 -0.927777	 -0.741701	 -0.000474477	 -0.907147	 -0.731499	 -0.000544227	 -0.886616	 2.51906	 2.51892	 2.51895	 2.5187	 2.51889	 
15.48	 -0.781	 0	 -0.99	 -0.770831	 -0.00016105	 -0.969446	 -0.761143	 -0.000233101	 -0.948662	 -0.751558	 -0.000292169	 -0.92783	 -0.741511	 -0.000437478	 -0.907219	 -0.73126	 -0.000612267	 -0.886707	 2.51972	 2.51958	 2.51962	 2.51937	 2.51957	 
15.49	 -0.781	 0	 -0.99	 -0.770814	 -0.000238796	 -0.96946	 -0.761068	 -0.000248725	 -0.948708	 -0.751412	 -0.000211898	 -0.927914	 -0.741329	 -0.000396738	 -0.907326	 -0.731061	 -0.000674563	 -0.886828	 2.51901	 2.51888	 2.51892	 2.51869	 2.51889	 
15.5	 -0.781	 0	 -0.99	 -0.770817	 -0.000310083	 -0.969474	 -0.760999	 -0.000261383	 -0.94877	 -0.751258	 -0.000140357	 -0.928029	 -0.741163	 -0.000361988	 -0.907461	 -0.730909	 -0.000726976	 -0.886972	 2.5171	 2.51696	 2.51702	 2.51678	 2.51698	 
15.51	 -0.781	 0	 -0.99	 -0.770834	 -0.000364466	 -0.96949	 -0.760937	 -0.000272565	 -0.948846	 -0.7511	 -8.34887e-005	 -0.928174	 -0.741009	 -0.000331563	 -0.907627	 -0.730803	 -0.000769052	 -0.887139	 2.51396	 2.51382	 2.51388	 2.51363	 2.51382	 
15.52	 -0.781	 0	 -0.99	 -0.770875	 -0.000402121	 -0.969503	 -0.760892	 -0.000278806	 -0.948934	 -0.750948	 -4.52078e-005	 -0.928348	 -0.740869	 -0.000311765	 -0.907828	 -0.730724	 -0.000793954	 -0.887344	 2.50944	 2.5093	 2.50934	 2.50909	 2.50927	 
15.53	 -0.781	 0	 -0.99	 -0.770931	 -0.000414985	 -0.969521	 -0.760868	 -0.00028193	 -0.949037	 -0.750807	 -3.00596e-005	 -0.928552	 -0.740744	 -0.000301011	 -0.908071	 -0.730676	 -0.000802432	 -0.887595	 2.50326	 2.50312	 2.50316	 2.50289	 2.50307	 
15.54	 -0.781	 0	 -0.99	 -0.770994	 -0.000403581	 -0.969549	 -0.760851	 -0.000278223	 -0.949164	 -0.750683	 -3.96419e-005	 -0.928791	 -0.740649	 -0.000304591	 -0.908354	 -0.730667	 -0.000790588	 -0.887895	 2.4952	 2.49505	 2.49509	 2.4948	 2.49497	 
15.55	 -0.781	 0	 -0.99	 -0.77106	 -0.00036638	 -0.96959	 -0.760852	 -0.000272522	 -0.949311	 -0.750588	 -7.66252e-005	 -0.929061	 -0.740583	 -0.000318523	 -0.908684	 -0.73069	 -0.000756998	 -0.888255	 2.48509	 2.48495	 2.48498	 2.48467	 2.48484	 
15.56	 -0.781	 0	 -0.99	 -0.771125	 -0.000304467	 -0.969647	 -0.760865	 -0.000260115	 -0.949483	 -0.750527	 -0.000137329	 -0.92936	 -0.740556	 -0.000344437	 -0.909055	 -0.730743	 -0.000701752	 -0.888674	 2.47294	 2.4728	 2.47283	 2.47251	 2.47268	 
15.57	 -0.781	 0	 -0.99	 -0.771172	 -0.00021772	 -0.969725	 -0.760887	 -0.000240266	 -0.949678	 -0.750507	 -0.000217664	 -0.92968	 -0.74057	 -0.000380373	 -0.909461	 -0.730825	 -0.000630629	 -0.889148	 2.45889	 2.45876	 2.4588	 2.45848	 2.45864	 
15.58	 -0.781	 0	 -0.99	 -0.77121	 -0.000116723	 -0.969821	 -0.760926	 -0.000218022	 -0.94989	 -0.750538	 -0.000312871	 -0.930013	 -0.740621	 -0.000422445	 -0.909899	 -0.730912	 -0.000544996	 -0.889683	 2.44316	 2.44303	 2.44308	 2.44276	 2.44292	 
15.59	 -0.781	 0	 -0.99	 -0.771223	 -1.14276e-005	 -0.96994	 -0.760975	 -0.000195114	 -0.950119	 -0.750621	 -0.000413769	 -0.930352	 -0.740711	 -0.000467273	 -0.910361	 -0.731004	 -0.000452907	 -0.89027	 2.42594	 2.42581	 2.42587	 2.42554	 2.4257	 
15.6	 -0.781	 0	 -0.99	 -0.771204	 8.79844e-005	 -0.970086	 -0.761021	 -0.00017372	 -0.95037	 -0.750752	 -0.000507843	 -0.930699	 -0.740846	 -0.000509047	 -0.910842	 -0.731106	 -0.000368036	 -0.890903	 2.40732	 2.40719	 2.40725	 2.40693	 2.40709	 
15.61	 -0.781	 0	 -0.99	 -0.771157	 0.000163755	 -0.970257	 -0.761071	 -0.000155462	 -0.950639	 -0.750929	 -0.00057924	 -0.931052	 -0.741017	 -0.000541197	 -0.911346	 -0.731213	 -0.000298664	 -0.891585	 2.38732	 2.38719	 2.38725	 2.38692	 2.38709	 
15.62	 -0.781	 0	 -0.99	 -0.771094	 0.000204979	 -0.970447	 -0.761129	 -0.00014487	 -0.950926	 -0.751149	 -0.000613405	 -0.931416	 -0.741223	 -0.000553506	 -0.911875	 -0.731328	 -0.000259578	 -0.892319	 2.36586	 2.36573	 2.36579	 2.36546	 2.36563	 
15.63	 -0.781	 0	 -0.99	 -0.771028	 0.000195761	 -0.97065	 -0.761199	 -0.000141618	 -0.951231	 -0.751399	 -0.000598043	 -0.931798	 -0.741459	 -0.00054543	 -0.912434	 -0.731462	 -0.000260489	 -0.893101	 2.34284	 2.3427	 2.34276	 2.34242	 2.34259	 
15.64	 -0.781	 0	 -0.99	 -0.770977	 0.00013395	 -0.970859	 -0.761286	 -0.000151446	 -0.951551	 -0.751662	 -0.000529879	 -0.93221	 -0.741719	 -0.000511147	 -0.91303	 -0.73164	 -0.000310655	 -0.893921	 2.3182	 2.31805	 2.3181	 2.31776	 2.31793	 
15.65	 -0.781	 0	 -0.99	 -0.770966	 1.86344e-005	 -0.971059	 -0.761391	 -0.000172457	 -0.951885	 -0.751915	 -0.000414687	 -0.932662	 -0.741997	 -0.000458466	 -0.913664	 -0.731881	 -0.000404871	 -0.894769	 2.29192	 2.29177	 2.29182	 2.29148	 2.29166	 
15.66	 -0.781	 0	 -0.99	 -0.771015	 -0.000129808	 -0.971241	 -0.761524	 -0.000205631	 -0.952228	 -0.752138	 -0.000272163	 -0.933163	 -0.742277	 -0.000391726	 -0.914342	 -0.732203	 -0.000530327	 -0.895633	 2.26411	 2.26396	 2.26401	 2.26367	 2.26385	 
15.67	 -0.781	 0	 -0.99	 -0.771138	 -0.000280443	 -0.971395	 -0.761681	 -0.000240326	 -0.95258	 -0.752314	 -0.000131635	 -0.93372	 -0.742555	 -0.000328247	 -0.915063	 -0.732615	 -0.000659579	 -0.896502	 2.2349	 2.23475	 2.23481	 2.23446	 2.23464	 
15.68	 -0.781	 0	 -0.99	 -0.771327	 -0.000389967	 -0.971524	 -0.761862	 -0.000267325	 -0.952938	 -0.752444	 -3.24452e-005	 -0.934328	 -0.742828	 -0.000285055	 -0.915823	 -0.733118	 -0.000757964	 -0.89737	 2.20446	 2.20431	 2.20437	 2.20402	 2.2042	 
15.69	 -0.781	 0	 -0.99	 -0.771567	 -0.000417757	 -0.971633	 -0.762065	 -0.000278107	 -0.953299	 -0.752552	 -1.20643e-005	 -0.934972	 -0.743104	 -0.000276858	 -0.916613	 -0.73368	 -0.000788103	 -0.898246	 2.17296	 2.1728	 2.17287	 2.17252	 2.17271	 
15.7	 -0.781	 0	 -0.99	 -0.771811	 -0.000342944	 -0.971747	 -0.762284	 -0.000263984	 -0.953666	 -0.752683	 -8.95726e-005	 -0.935624	 -0.743398	 -0.000314432	 -0.917421	 -0.734257	 -0.000726366	 -0.899147	 2.14055	 2.1404	 2.14048	 2.14012	 2.1403	 
15.71	 -0.781	 0	 -0.99	 -0.771995	 -0.000172619	 -0.971896	 -0.762498	 -0.00022787	 -0.954046	 -0.752887	 -0.000252416	 -0.936256	 -0.743739	 -0.000389096	 -0.918227	 -0.734808	 -0.000585588	 -0.900089	 2.1074	 2.10725	 2.10733	 2.10697	 2.10716	 
15.72	 -0.781	 0	 -0.99	 -0.772073	 3.35478e-005	 -0.972105	 -0.762692	 -0.000178858	 -0.954446	 -0.753207	 -0.000446178	 -0.936842	 -0.744147	 -0.000480575	 -0.919017	 -0.735288	 -0.000410299	 -0.901089	 2.07363	 2.07348	 2.07357	 2.07322	 2.0734	 
15.73	 -0.781	 0	 -0.99	 -0.772037	 0.000187444	 -0.972376	 -0.762868	 -0.000142112	 -0.954862	 -0.753647	 -0.000589288	 -0.937377	 -0.744619	 -0.000547229	 -0.919788	 -0.735689	 -0.000277605	 -0.90215	 2.03936	 2.03921	 2.03931	 2.03896	 2.03915	 
15.74	 -0.781	 0	 -0.99	 -0.771941	 0.000202671	 -0.972683	 -0.763034	 -0.000137383	 -0.95529	 -0.754158	 -0.000601695	 -0.937884	 -0.745136	 -0.000552751	 -0.920549	 -0.736052	 -0.00026131	 -0.903247	 2.00465	 2.00451	 2.00462	 2.00426	 2.00446	 
15.75	 -0.781	 0	 -0.99	 -0.771885	 5.00241e-005	 -0.972973	 -0.763212	 -0.000169517	 -0.955718	 -0.754643	 -0.000455132	 -0.938412	 -0.745654	 -0.000484601	 -0.92132	 -0.736469	 -0.000385729	 -0.904332	 1.96954	 1.9694	 1.96952	 1.96915	 1.96935	 
15.76	 -0.781	 0	 -0.99	 -0.771974	 -0.000199461	 -0.973191	 -0.763432	 -0.000226564	 -0.956131	 -0.755003	 -0.000215116	 -0.939014	 -0.746122	 -0.000367779	 -0.92213	 -0.737027	 -0.000594355	 -0.90536	 1.93402	 1.93388	 1.93399	 1.93363	 1.93382	 
15.77	 -0.781	 0	 -0.99	 -0.772248	 -0.000396708	 -0.973317	 -0.763699	 -0.00027152	 -0.956525	 -0.755206	 -2.59365e-005	 -0.939706	 -0.746525	 -0.000273665	 -0.922986	 -0.73775	 -0.000755138	 -0.906319	 1.89808	 1.89793	 1.89804	 1.89767	 1.89788	 
15.78	 -0.781	 0	 -0.99	 -0.772612	 -0.000389692	 -0.973398	 -0.763996	 -0.000269918	 -0.956911	 -0.755334	 -3.05187e-005	 -0.940448	 -0.746895	 -0.000270779	 -0.923872	 -0.738561	 -0.000743036	 -0.907247	 1.8617	 1.86155	 1.86166	 1.8613	 1.86152	 
15.79	 -0.781	 0	 -0.99	 -0.772886	 -0.000155006	 -0.973528	 -0.764277	 -0.000215704	 -0.95731	 -0.755558	 -0.000249119	 -0.941149	 -0.747315	 -0.000370866	 -0.924744	 -0.739304	 -0.000542531	 -0.908223	 1.82494	 1.82479	 1.82491	 1.82455	 1.82477	 
15.8	 -0.781	 0	 -0.99	 -0.772929	 0.000133744	 -0.973778	 -0.764511	 -0.000144311	 -0.957737	 -0.756015	 -0.000517455	 -0.941737	 -0.747853	 -0.000499972	 -0.925563	 -0.739857	 -0.000296005	 -0.909307	 1.78792	 1.78777	 1.78789	 1.78752	 1.78774	 
15.81	 -0.781	 0	 -0.99	 -0.772789	 0.000216148	 -0.974124	 -0.764709	 -0.000120066	 -0.958184	 -0.75666	 -0.000588541	 -0.942231	 -0.748488	 -0.000534942	 -0.926336	 -0.740263	 -0.000224587	 -0.91047	 1.75079	 1.75063	 1.75075	 1.75038	 1.7506	 
15.82	 -0.781	 0	 -0.99	 -0.772715	 -1.54056e-005	 -0.974437	 -0.764923	 -0.000172527	 -0.958623	 -0.757246	 -0.000364689	 -0.942752	 -0.749101	 -0.000425082	 -0.927118	 -0.740732	 -0.000417495	 -0.911601	 1.71371	 1.71357	 1.7137	 1.71333	 1.71355	 
15.83	 -0.781	 0	 -0.99	 -0.772939	 -0.000343681	 -0.974596	 -0.765202	 -0.000250034	 -0.959024	 -0.757545	 -5.45025e-005	 -0.943412	 -0.749577	 -0.000271925	 -0.92796	 -0.741451	 -0.000688308	 -0.912592	 1.67693	 1.67681	 1.67697	 1.6766	 1.67682	 
15.84	 -0.781	 0	 -0.99	 -0.773381	 -0.000388405	 -0.974639	 -0.765532	 -0.00026224	 -0.959391	 -0.757631	 -1.30181e-005	 -0.94417	 -0.749942	 -0.000248113	 -0.928844	 -0.742355	 -0.00072344	 -0.91347	 1.64071	 1.64057	 1.64073	 1.64037	 1.64062	 
15.85	 -0.781	 0	 -0.99	 -0.773665	 -6.31004e-005	 -0.974756	 -0.765823	 -0.000186458	 -0.959767	 -0.757859	 -0.000320378	 -0.944842	 -0.750372	 -0.00039815	 -0.929675	 -0.743125	 -0.000455078	 -0.914389	 1.60518	 1.60503	 1.60518	 1.60484	 1.6051	 
15.86	 -0.781	 0	 -0.99	 -0.773559	 0.000221835	 -0.975063	 -0.766015	 -0.000118597	 -0.960182	 -0.758449	 -0.000593491	 -0.945314	 -0.75098	 -0.00053884	 -0.930392	 -0.743566	 -0.00022233	 -0.915444	 1.57045	 1.5703	 1.57047	 1.57013	 1.57038	 
15.87	 -0.781	 0	 -0.99	 -0.773362	 4.68073e-005	 -0.975413	 -0.766184	 -0.00016132	 -0.960596	 -0.759121	 -0.000434684	 -0.945724	 -0.751629	 -0.000466559	 -0.931063	 -0.743927	 -0.00037105	 -0.916511	 1.53656	 1.53643	 1.53661	 1.53626	 1.5365	 
15.88	 -0.781	 0	 -0.99	 -0.773567	 -0.000355233	 -0.975556	 -0.766453	 -0.000260594	 -0.960948	 -0.759421	 -5.7834e-005	 -0.946301	 -0.752091	 -0.00027791	 -0.931803	 -0.74461	 -0.00070656	 -0.917385	 1.50352	 1.5034	 1.50358	 1.50323	 1.50349	 
15.89	 -0.781	 0	 -0.99	 -0.774073	 -0.000340973	 -0.97554	 -0.766799	 -0.000259171	 -0.961249	 -0.759439	 -7.07492e-005	 -0.947001	 -0.752403	 -0.000280301	 -0.932594	 -0.745529	 -0.000695695	 -0.918111	 1.47135	 1.47121	 1.4714	 1.47105	 1.47131	 
15.9	 -0.781	 0	 -0.99	 -0.774234	 9.33842e-005	 -0.975687	 -0.767051	 -0.0001529	 -0.961583	 -0.759762	 -0.000480181	 -0.947533	 -0.752858	 -0.000487745	 -0.933289	 -0.74615	 -0.000337975	 -0.91895	 1.44007	 1.43991	 1.44007	 1.43974	 1.44002	 
15.91	 -0.781	 0	 -0.99	 -0.773951	 0.000175583	 -0.976049	 -0.767181	 -0.000130049	 -0.961964	 -0.760476	 -0.000557	 -0.947849	 -0.753505	 -0.000531366	 -0.933861	 -0.746403	 -0.000271587	 -0.919938	 1.40969	 1.40956	 1.40974	 1.4094	 1.40967	 
15.92	 -0.781	 0	 -0.99	 -0.773972	 -0.000274371	 -0.976256	 -0.767378	 -0.000240302	 -0.962297	 -0.760892	 -0.0001328	 -0.948287	 -0.753998	 -0.000315412	 -0.934476	 -0.746898	 -0.000640978	 -0.92077	 1.38038	 1.38028	 1.38048	 1.38013	 1.3804	 
15.93	 -0.781	 0	 -0.99	 -0.774496	 -0.000368655	 -0.976207	 -0.767698	 -0.000266373	 -0.962552	 -0.76083	 -4.43358e-005	 -0.948933	 -0.754239	 -0.000264603	 -0.93518	 -0.747789	 -0.000715078	 -0.921364	 1.3523	 1.35217	 1.35237	 1.35205	 1.35234	 
15.94	 -0.781	 0	 -0.99	 -0.774665	 0.000112027	 -0.976318	 -0.767933	 -0.000145242	 -0.962829	 -0.761101	 -0.000491316	 -0.949392	 -0.754638	 -0.000491136	 -0.935771	 -0.748367	 -0.00031858	 -0.92206	 1.32555	 1.3254	 1.32558	 1.32527	 1.32557	 
15.95	 -0.781	 0	 -0.99	 -0.774325	 0.000125352	 -0.976667	 -0.76803	 -0.000135939	 -0.963153	 -0.761829	 -0.000497288	 -0.949596	 -0.755265	 -0.000497269	 -0.936209	 -0.748518	 -0.000306678	 -0.922913	 1.30016	 1.30004	 1.30025	 1.29993	 1.30023	 
15.96	 -0.781	 0	 -0.99	 -0.77448	 -0.000374647	 -0.97677	 -0.768232	 -0.00026086	 -0.963405	 -0.762056	 -2.87308e-005	 -0.950007	 -0.755626	 -0.000254626	 -0.936731	 -0.749062	 -0.000711688	 -0.923524	 1.27629	 1.2762	 1.27642	 1.2761	 1.27639	 
15.97	 -0.781	 0	 -0.99	 -0.775004	 -0.000204782	 -0.976681	 -0.768522	 -0.00022173	 -0.96359	 -0.761921	 -0.000188598	 -0.950557	 -0.755782	 -0.000330412	 -0.937304	 -0.749883	 -0.000567267	 -0.923941	 1.25411	 1.25399	 1.2542	 1.2539	 1.25423	 
15.98	 -0.781	 0	 -0.99	 -0.774837	 0.000231563	 -0.976905	 -0.768643	 -0.000110347	 -0.963828	 -0.762438	 -0.000593696	 -0.95076	 -0.756262	 -0.000539793	 -0.93767	 -0.75011	 -0.000210391	 -0.924572	 1.23376	 1.23363	 1.23384	 1.23355	 1.23387	 
15.99	 -0.781	 0	 -0.99	 -0.774617	 -0.000170984	 -0.977145	 -0.768735	 -0.000208844	 -0.964052	 -0.762978	 -0.000214862	 -0.950902	 -0.756747	 -0.000346714	 -0.937973	 -0.750271	 -0.00054012	 -0.925163	 1.21541	 1.21534	 1.21558	 1.21529	 1.2156	 
16	 -0.781	 0	 -0.99	 -0.775139	 -0.000370835	 -0.977018	 -0.768994	 -0.000260661	 -0.964163	 -0.762781	 -2.84951e-005	 -0.951342	 -0.756831	 -0.000246821	 -0.938398	 -0.751013	 -0.000701236	 -0.925397	 1.19943	 1.19934	 1.19958	 1.19931	 1.19964	 
16.01	 -0.781	 0	 -0.99	 -0.775218	 0.000166995	 -0.977076	 -0.769131	 -0.000126958	 -0.964295	 -0.762969	 -0.000536208	 -0.951552	 -0.757092	 -0.000512428	 -0.93867	 -0.751366	 -0.000265316	 -0.92572	 1.18592	 1.18581	 1.18604	 1.1858	 1.18614	 
16.02	 -0.781	 0	 -0.99	 -0.774819	 -2.04024e-005	 -0.977341	 -0.769141	 -0.000173773	 -0.964451	 -0.763591	 -0.00036468	 -0.951503	 -0.757569	 -0.000430638	 -0.938769	 -0.751304	 -0.000425134	 -0.92615	 1.17485	 1.17477	 1.17503	 1.17476	 1.17509	 
16.03	 -0.781	 0	 -0.99	 -0.775217	 -0.000418956	 -0.977224	 -0.769343	 -0.000276755	 -0.964485	 -0.763448	 6.39733e-006	 -0.951756	 -0.757636	 -0.000236718	 -0.938989	 -0.751866	 -0.000754145	 -0.92621	 1.16613	 1.16606	 1.16631	 1.16606	 1.16639	 
16.04	 -0.781	 0	 -0.99	 -0.775456	 8.42542e-005	 -0.97716	 -0.76949	 -0.000155548	 -0.964513	 -0.763416	 -0.000473556	 -0.951919	 -0.757738	 -0.000488289	 -0.939138	 -0.752272	 -0.000350459	 -0.926263	 1.15949	 1.15937	 1.15959	 1.15935	 1.1597	 
16.05	 -0.781	 0	 -0.99	 -0.775002	 6.14305e-005	 -0.977402	 -0.769452	 -0.000163228	 -0.964603	 -0.764016	 -0.000460358	 -0.951755	 -0.758161	 -0.00048984	 -0.939091	 -0.752093	 -0.000377207	 -0.926525	 1.15447	 1.15437	 1.1546	 1.15433	 1.15465	 
16.06	 -0.781	 0	 -0.99	 -0.775282	 -0.000425815	 -0.977306	 -0.769601	 -0.000287461	 -0.96459	 -0.76393	 -6.17793e-006	 -0.951869	 -0.758222	 -0.000253762	 -0.939167	 -0.752492	 -0.000777354	 -0.92648	 1.15082	 1.15073	 1.15096	 1.15068	 1.15101	 
16.07	 -0.781	 0	 -0.99	 -0.775617	 1.58031e-005	 -0.97717	 -0.769753	 -0.000177672	 -0.964555	 -0.763766	 -0.000421952	 -0.951998	 -0.758224	 -0.000469941	 -0.939237	 -0.752914	 -0.000419978	 -0.926376	 1.14845	 1.14832	 1.14851	 1.14825	 1.14859	 
16.08	 -0.781	 0	 -0.99	 -0.775151	 0.000112589	 -0.977384	 -0.769685	 -0.000150606	 -0.964601	 -0.764315	 -0.000511957	 -0.951778	 -0.758586	 -0.000521426	 -0.939109	 -0.752672	 -0.000342192	 -0.926523	 1.14731	 1.14721	 1.14743	 1.14716	 1.14749	 
16.09	 -0.781	 0	 -0.99	 -0.775316	 -0.000413222	 -0.977312	 -0.769769	 -0.000283082	 -0.964558	 -0.764261	 -1.79812e-005	 -0.951788	 -0.758627	 -0.000260607	 -0.939075	 -0.752924	 -0.000764943	 -0.926397	 1.14777	 1.14769	 1.14792	 1.14766	 1.148	 
16.1	 -0.781	 0	 -0.99	 -0.775708	 -4.37712e-005	 -0.97712	 -0.769912	 -0.00018988	 -0.96446	 -0.763988	 -0.000359175	 -0.951857	 -0.758534	 -0.000431681	 -0.939046	 -0.753329	 -0.000458134	 -0.926128	 1.15024	 1.15014	 1.15036	 1.15014	 1.15049	 
16.11	 -0.781	 0	 -0.99	 -0.775263	 0.000159291	 -0.977278	 -0.76983	 -0.000133836	 -0.964426	 -0.764469	 -0.000541764	 -0.951545	 -0.758821	 -0.000526997	 -0.938782	 -0.75303	 -0.000290256	 -0.926084	 1.15505	 1.15497	 1.15521	 1.15501	 1.15535	 
16.12	 -0.781	 0	 -0.99	 -0.775301	 -0.000378777	 -0.977212	 -0.769848	 -0.000270256	 -0.964313	 -0.764459	 -3.8832e-005	 -0.951386	 -0.75884	 -0.000264193	 -0.938559	 -0.7531	 -0.000726458	 -0.92579	 1.16244	 1.16239	 1.16265	 1.16245	 1.1628	 
16.13	 -0.781	 0	 -0.99	 -0.775735	 -0.000130195	 -0.976951	 -0.769962	 -0.000210901	 -0.96412	 -0.764062	 -0.00027513	 -0.951343	 -0.758638	 -0.000385706	 -0.93836	 -0.753461	 -0.000526146	 -0.925274	 1.17248	 1.1724	 1.17265	 1.17247	 1.17283	 
16.14	 -0.781	 0	 -0.99	 -0.775358	 0.000201451	 -0.977021	 -0.769866	 -0.000126848	 -0.963982	 -0.76441	 -0.000589917	 -0.95093	 -0.758809	 -0.000557395	 -0.937933	 -0.753137	 -0.000265965	 -0.924967	 1.18489	 1.18481	 1.18505	 1.18487	 1.18523	 
16.15	 -0.781	 0	 -0.99	 -0.775204	 -0.000298582	 -0.976988	 -0.769806	 -0.000256613	 -0.963803	 -0.764511	 -0.00013305	 -0.950575	 -0.758841	 -0.000328981	 -0.937505	 -0.752974	 -0.00068483	 -0.924524	 1.19929	 1.19924	 1.19949	 1.19929	 1.19963	 
16.16	 -0.781	 0	 -0.99	 -0.775656	 -0.000281037	 -0.976681	 -0.769889	 -0.000259802	 -0.963538	 -0.764019	 -0.000161691	 -0.950439	 -0.758549	 -0.000345682	 -0.937171	 -0.753284	 -0.000678681	 -0.92382	 1.21536	 1.21528	 1.21549	 1.2153	 1.21565	 
16.17	 -0.781	 0	 -0.99	 -0.775476	 0.000191355	 -0.97663	 -0.769815	 -0.000144841	 -0.963322	 -0.764117	 -0.000611539	 -0.950031	 -0.758549	 -0.000583476	 -0.936679	 -0.753055	 -0.000301407	 -0.923296	 1.23266	 1.23257	 1.23277	 1.23257	 1.23291	 
16.18	 -0.781	 0	 -0.99	 -0.775089	 -0.000102519	 -0.976664	 -0.769682	 -0.000217772	 -0.963117	 -0.764399	 -0.000337653	 -0.94952	 -0.758642	 -0.000446734	 -0.936118	 -0.752642	 -0.000546619	 -0.92282	 1.25092	 1.25085	 1.25104	 1.25083	 1.25116	 
16.19	 -0.781	 0	 -0.99	 -0.775411	 -0.000414559	 -0.976396	 -0.769716	 -0.00029582	 -0.962831	 -0.763998	 -4.31627e-005	 -0.949276	 -0.758374	 -0.000291821	 -0.935684	 -0.752795	 -0.000800317	 -0.922077	 1.27002	 1.26994	 1.27014	 1.26992	 1.27025	 
16.2	 -0.781	 0	 -0.99	 -0.775586	 7.23844e-006	 -0.976179	 -0.769707	 -0.000192043	 -0.962551	 -0.763713	 -0.000440983	 -0.948973	 -0.758152	 -0.000495413	 -0.935211	 -0.752816	 -0.000453917	 -0.921358	 1.28991	 1.28981	 1.28998	 1.28978	 1.29011	 
16.21	 -0.781	 0	 -0.99	 -0.775141	 0.000154467	 -0.976215	 -0.769539	 -0.000155055	 -0.962326	 -0.764	 -0.000582191	 -0.948414	 -0.758218	 -0.000573238	 -0.934596	 -0.752317	 -0.00033651	 -0.920828	 1.31057	 1.31048	 1.31067	 1.31047	 1.31079	 
16.22	 -0.781	 0	 -0.99	 -0.775027	 -0.000297338	 -0.976111	 -0.76945	 -0.000267585	 -0.962056	 -0.763972	 -0.000159392	 -0.947962	 -0.758119	 -0.000358951	 -0.93402	 -0.752076	 -0.000711771	 -0.920162	 1.33214	 1.33207	 1.33226	 1.33207	 1.33239	 
16.23	 -0.781	 0	 -0.99	 -0.775403	 -0.000343475	 -0.975796	 -0.769475	 -0.000283098	 -0.961723	 -0.763466	 -0.000120125	 -0.947685	 -0.757763	 -0.000337637	 -0.933521	 -0.752216	 -0.000753997	 -0.919298	 1.35483	 1.35476	 1.35495	 1.35476	 1.35509	 
16.24	 -0.781	 0	 -0.99	 -0.775376	 9.47445e-005	 -0.975633	 -0.769389	 -0.000177142	 -0.961417	 -0.76331	 -0.000537014	 -0.94724	 -0.75757	 -0.000552588	 -0.932919	 -0.752007	 -0.000397485	 -0.918527	 1.37885	 1.37877	 1.37896	 1.3788	 1.37912	 
16.25	 -0.781	 0	 -0.99	 -0.774928	 0.000112456	 -0.975634	 -0.769188	 -0.00017183	 -0.961136	 -0.76353	 -0.000556514	 -0.946606	 -0.757558	 -0.000568059	 -0.932198	 -0.751432	 -0.00038536	 -0.917854	 1.40436	 1.4043	 1.40451	 1.40435	 1.40468	 
16.26	 -0.781	 0	 -0.99	 -0.774842	 -0.000305957	 -0.97548	 -0.769069	 -0.000276237	 -0.960799	 -0.763393	 -0.000166918	 -0.94608	 -0.757356	 -0.000372494	 -0.931508	 -0.751135	 -0.000732577	 -0.917013	 1.4315	 1.43144	 1.43166	 1.43151	 1.43184	 
16.27	 -0.781	 0	 -0.99	 -0.775156	 -0.000372378	 -0.975149	 -0.769044	 -0.000297141	 -0.960403	 -0.762868	 -0.000109475	 -0.945682	 -0.756943	 -0.000342832	 -0.93086	 -0.751144	 -0.000792456	 -0.915991	 1.46018	 1.46013	 1.46033	 1.46019	 1.46052	 
16.28	 -0.781	 0	 -0.99	 -0.775198	 5.14184e-006	 -0.974917	 -0.768945	 -0.00020752	 -0.960016	 -0.762583	 -0.000470314	 -0.945162	 -0.75664	 -0.000528259	 -0.930134	 -0.750911	 -0.000488824	 -0.91502	 1.49016	 1.4901	 1.49029	 1.49015	 1.49047	 
16.29	 -0.781	 0	 -0.99	 -0.774813	 0.000174429	 -0.974852	 -0.768733	 -0.000168148	 -0.959663	 -0.762679	 -0.000638389	 -0.944467	 -0.756521	 -0.000621986	 -0.929306	 -0.750313	 -0.00035919	 -0.914166	 1.52105	 1.52098	 1.52115	 1.521	 1.52132	 
16.3	 -0.781	 0	 -0.99	 -0.774522	 -0.000114843	 -0.974749	 -0.768535	 -0.000242523	 -0.959299	 -0.762669	 -0.000376193	 -0.943801	 -0.756341	 -0.000498121	 -0.928488	 -0.749784	 -0.0006086	 -0.913269	 1.55242	 1.55236	 1.55252	 1.55236	 1.55266	 
16.31	 -0.781	 0	 -0.99	 -0.774639	 -0.000409781	 -0.97448	 -0.768431	 -0.000318106	 -0.958893	 -0.762265	 -0.000104756	 -0.94329	 -0.755959	 -0.000364061	 -0.927745	 -0.749579	 -0.000858161	 -0.912234	 1.584	 1.58392	 1.58407	 1.58391	 1.58421	 
16.32	 -0.781	 0	 -0.99	 -0.774871	 -0.00030878	 -0.974161	 -0.768355	 -0.000295385	 -0.958476	 -0.76175	 -0.000202473	 -0.942826	 -0.755514	 -0.000411827	 -0.927029	 -0.749456	 -0.000774391	 -0.911162	 1.6156	 1.61553	 1.61567	 1.6155	 1.6158	 
16.33	 -0.781	 0	 -0.99	 -0.774813	 2.58601e-005	 -0.973958	 -0.768207	 -0.000215348	 -0.958085	 -0.761503	 -0.000518764	 -0.942255	 -0.755193	 -0.000568544	 -0.926261	 -0.749082	 -0.000496749	 -0.910188	 1.64726	 1.64719	 1.64733	 1.64716	 1.64745	 
16.34	 -0.781	 0	 -0.99	 -0.774465	 0.00017201	 -0.973871	 -0.767987	 -0.000180143	 -0.957723	 -0.761518	 -0.000656033	 -0.941573	 -0.754998	 -0.000637978	 -0.925438	 -0.748458	 -0.000377894	 -0.909311	 1.67907	 1.679	 1.67914	 1.67898	 1.67927	 
16.35	 -0.781	 0	 -0.99	 -0.774157	 -1.96614e-005	 -0.973769	 -0.767769	 -0.000223947	 -0.957356	 -0.761489	 -0.000474687	 -0.940901	 -0.754776	 -0.000551823	 -0.924616	 -0.747854	 -0.000538802	 -0.908418	 1.71115	 1.71108	 1.71122	 1.71107	 1.71137	 
16.36	 -0.781	 0	 -0.99	 -0.774123	 -0.000317329	 -0.973556	 -0.767613	 -0.000294352	 -0.95696	 -0.76119	 -0.000194295	 -0.940329	 -0.754415	 -0.000415133	 -0.923841	 -0.747466	 -0.000787156	 -0.907426	 1.74357	 1.7435	 1.74365	 1.74351	 1.7438	 
16.37	 -0.781	 0	 -0.99	 -0.774287	 -0.000419354	 -0.973257	 -0.767498	 -0.000321076	 -0.956541	 -0.760689	 -9.8809e-005	 -0.939833	 -0.753947	 -0.000365753	 -0.9231	 -0.747235	 -0.000872738	 -0.906358	 1.77634	 1.77627	 1.77641	 1.77627	 1.77656	 
16.38	 -0.781	 0	 -0.99	 -0.774403	 -0.000253586	 -0.972975	 -0.767364	 -0.000283423	 -0.956126	 -0.76022	 -0.000257754	 -0.939321	 -0.753488	 -0.000442462	 -0.922349	 -0.746954	 -0.000733997	 -0.905298	 1.80937	 1.8093	 1.80944	 1.80929	 1.80957	 
16.39	 -0.781	 0	 -0.99	 -0.774299	 1.41512e-005	 -0.972779	 -0.767173	 -0.000221113	 -0.955732	 -0.759946	 -0.000513222	 -0.938728	 -0.753118	 -0.000568121	 -0.921557	 -0.746487	 -0.000512547	 -0.904309	 1.84254	 1.84248	 1.84261	 1.84246	 1.84274	 
16.4	 -0.781	 0	 -0.99	 -0.774006	 0.000164788	 -0.972662	 -0.766933	 -0.000187296	 -0.955358	 -0.759842	 -0.000658007	 -0.938065	 -0.752828	 -0.000640692	 -0.920734	 -0.745856	 -0.000391644	 -0.903387	 1.87571	 1.87565	 1.87577	 1.87562	 1.8759	 
16.41	 -0.781	 0	 -0.99	 -0.773689	 9.98511e-005	 -0.972557	 -0.766688	 -0.000202758	 -0.95499	 -0.759761	 -0.000600928	 -0.937394	 -0.752542	 -0.000617836	 -0.919913	 -0.745186	 -0.000448352	 -0.902488	 1.90871	 1.90864	 1.90876	 1.90861	 1.90888	 
16.42	 -0.781	 0	 -0.99	 -0.773497	 -0.000112608	 -0.972405	 -0.766475	 -0.000253108	 -0.954613	 -0.759562	 -0.000402634	 -0.936778	 -0.752191	 -0.00052477	 -0.919127	 -0.744604	 -0.000628165	 -0.901567	 1.94138	 1.9413	 1.94141	 1.94127	 1.94154	 
16.43	 -0.781	 0	 -0.99	 -0.77347	 -0.000326466	 -0.972188	 -0.766295	 -0.000303003	 -0.954229	 -0.759198	 -0.000199298	 -0.936238	 -0.75176	 -0.000426847	 -0.918387	 -0.744161	 -0.000808511	 -0.900605	 1.9736	 1.97352	 1.97363	 1.97348	 1.97375	 
16.44	 -0.781	 0	 -0.99	 -0.773547	 -0.000423266	 -0.971933	 -0.766129	 -0.000324076	 -0.953847	 -0.758722	 -0.000106308	 -0.935756	 -0.751279	 -0.000382406	 -0.917683	 -0.743814	 -0.000889292	 -0.899621	 2.0053	 2.00521	 2.00532	 2.00517	 2.00543	 
16.45	 -0.781	 0	 -0.99	 -0.773625	 -0.00036497	 -0.971678	 -0.765964	 -0.000311909	 -0.953472	 -0.758241	 -0.000160918	 -0.935291	 -0.750793	 -0.000406634	 -0.916998	 -0.743469	 -0.000842834	 -0.898657	 2.0364	 2.03632	 2.03643	 2.03627	 2.03652	 
16.46	 -0.781	 0	 -0.99	 -0.773626	 -0.000199515	 -0.971459	 -0.765784	 -0.000275247	 -0.953112	 -0.757838	 -0.000320417	 -0.934808	 -0.750338	 -0.000482634	 -0.916319	 -0.743043	 -0.000704883	 -0.897746	 2.0669	 2.06683	 2.06693	 2.06677	 2.06701	 
16.47	 -0.781	 0	 -0.99	 -0.773508	 -1.03794e-005	 -0.971294	 -0.765577	 -0.000234034	 -0.952771	 -0.757546	 -0.000503931	 -0.934292	 -0.74993	 -0.000570603	 -0.915637	 -0.742512	 -0.000546925	 -0.896901	 2.09679	 2.09672	 2.09682	 2.09665	 2.09689	 
16.48	 -0.781	 0	 -0.99	 -0.773292	 0.00012475	 -0.971174	 -0.765346	 -0.000205681	 -0.95245	 -0.757343	 -0.000635603	 -0.933753	 -0.749563	 -0.000633225	 -0.914957	 -0.741894	 -0.000434432	 -0.896115	 2.12604	 2.12598	 2.12607	 2.1259	 2.12614	 
16.49	 -0.781	 0	 -0.99	 -0.773031	 0.000161488	 -0.971079	 -0.765102	 -0.000197149	 -0.952145	 -0.757178	 -0.00067351	 -0.93321	 -0.749214	 -0.000653962	 -0.914288	 -0.741237	 -0.00040371	 -0.89537	 2.15465	 2.15458	 2.15466	 2.1545	 2.15474	 
16.5	 -0.781	 0	 -0.99	 -0.772779	 0.000101934	 -0.970987	 -0.764856	 -0.00021139	 -0.95185	 -0.756998	 -0.000618122	 -0.932688	 -0.748859	 -0.000630546	 -0.91364	 -0.740595	 -0.000459339	 -0.894645	 2.18257	 2.18249	 2.18257	 2.1824	 2.18264	 
16.51	 -0.781	 0	 -0.99	 -0.772589	 -2.74106e-005	 -0.970874	 -0.764628	 -0.000240048	 -0.951559	 -0.756768	 -0.000497029	 -0.932202	 -0.748479	 -0.00057729	 -0.913024	 -0.739993	 -0.000570487	 -0.893931	 2.20974	 2.20965	 2.20973	 2.20957	 2.20981	 
16.52	 -0.781	 0	 -0.99	 -0.772476	 -0.000179575	 -0.970735	 -0.764423	 -0.00027414	 -0.951269	 -0.756469	 -0.000351883	 -0.931762	 -0.74806	 -0.00051014	 -0.912448	 -0.739447	 -0.000699895	 -0.893223	 2.2361	 2.236	 2.23608	 2.23593	 2.23617	 
16.53	 -0.781	 0	 -0.99	 -0.772421	 -0.000312266	 -0.970578	 -0.764219	 -0.000301657	 -0.950992	 -0.756101	 -0.000221557	 -0.931371	 -0.747621	 -0.000449302	 -0.911907	 -0.738975	 -0.00081267	 -0.892515	 2.26156	 2.26145	 2.26154	 2.26138	 2.26161	 
16.54	 -0.781	 0	 -0.99	 -0.77241	 -0.000398668	 -0.970409	 -0.764023	 -0.000318681	 -0.950727	 -0.75569	 -0.00013555	 -0.931022	 -0.747169	 -0.00040798	 -0.911401	 -0.738555	 -0.000882983	 -0.891822	 2.28602	 2.28591	 2.28599	 2.28581	 2.28603	 
16.55	 -0.781	 0	 -0.99	 -0.772432	 -0.000426141	 -0.970233	 -0.763851	 -0.000326291	 -0.950467	 -0.755271	 -0.000108939	 -0.930702	 -0.746707	 -0.000391931	 -0.910932	 -0.738145	 -0.000902398	 -0.891164	 2.30932	 2.30922	 2.30928	 2.3091	 2.30932	 
16.56	 -0.781	 0	 -0.99	 -0.772452	 -0.000396815	 -0.970066	 -0.763683	 -0.000320189	 -0.950225	 -0.754867	 -0.000138425	 -0.930405	 -0.746257	 -0.000404518	 -0.910497	 -0.737738	 -0.000873828	 -0.890551	 2.33134	 2.33124	 2.3313	 2.3311	 2.33132	 
16.57	 -0.781	 0	 -0.99	 -0.772437	 -0.000318785	 -0.969924	 -0.763502	 -0.000303542	 -0.950008	 -0.754489	 -0.000210871	 -0.930127	 -0.745833	 -0.000435367	 -0.910091	 -0.737335	 -0.000808316	 -0.889988	 2.35193	 2.35184	 2.3519	 2.3517	 2.35191	 
16.58	 -0.781	 0	 -0.99	 -0.772392	 -0.000213987	 -0.969805	 -0.763321	 -0.000278573	 -0.949812	 -0.754155	 -0.000308477	 -0.929863	 -0.745433	 -0.0004788	 -0.909718	 -0.736905	 -0.000716511	 -0.889488	 2.37106	 2.37098	 2.37104	 2.37082	 2.37102	 
16.59	 -0.781	 0	 -0.99	 -0.772312	 -9.85206e-005	 -0.969711	 -0.763144	 -0.000252435	 -0.949635	 -0.753871	 -0.000414437	 -0.929608	 -0.745055	 -0.000523688	 -0.909376	 -0.736448	 -0.000616414	 -0.889053	 2.38878	 2.3887	 2.38876	 2.38853	 2.38873	 
16.6	 -0.781	 0	 -0.99	 -0.772191	 7.42922e-006	 -0.969645	 -0.762953	 -0.00022763	 -0.949483	 -0.753626	 -0.000513348	 -0.929362	 -0.744709	 -0.000567402	 -0.909056	 -0.735976	 -0.000522789	 -0.888669	 2.40523	 2.40516	 2.40522	 2.40501	 2.4052	 
16.61	 -0.781	 0	 -0.99	 -0.772039	 9.26467e-005	 -0.969601	 -0.762761	 -0.000209095	 -0.949347	 -0.753416	 -0.000593712	 -0.929124	 -0.744384	 -0.00060242	 -0.908758	 -0.735492	 -0.000448531	 -0.888328	 2.42066	 2.42059	 2.42066	 2.42044	 2.42065	 
16.62	 -0.781	 0	 -0.99	 -0.771878	 0.000147489	 -0.969568	 -0.762576	 -0.000197047	 -0.94922	 -0.753237	 -0.000646325	 -0.92889	 -0.744073	 -0.000625456	 -0.908477	 -0.734991	 -0.000398664	 -0.888028	 2.43523	 2.43516	 2.43524	 2.43503	 2.43523	 
16.63	 -0.781	 0	 -0.99	 -0.771711	 0.000169897	 -0.969544	 -0.762397	 -0.000191756	 -0.949102	 -0.753073	 -0.000667427	 -0.928666	 -0.743772	 -0.000634905	 -0.908216	 -0.73449	 -0.000378426	 -0.887758	 2.449	 2.44892	 2.449	 2.44879	 2.449	 
16.64	 -0.781	 0	 -0.99	 -0.771541	 0.000161385	 -0.969529	 -0.762212	 -0.000192429	 -0.949001	 -0.752912	 -0.000657916	 -0.928462	 -0.743487	 -0.000632867	 -0.907976	 -0.734013	 -0.000390117	 -0.887513	 2.46182	 2.46173	 2.4618	 2.46159	 2.46179	 
16.65	 -0.781	 0	 -0.99	 -0.771382	 0.000122399	 -0.969519	 -0.762036	 -0.000201029	 -0.948915	 -0.752752	 -0.000623397	 -0.928284	 -0.743213	 -0.000621612	 -0.907768	 -0.733563	 -0.000428375	 -0.887302	 2.47338	 2.47327	 2.47333	 2.47311	 2.47331	 
16.66	 -0.781	 0	 -0.99	 -0.771254	 5.92866e-005	 -0.969507	 -0.761885	 -0.000218297	 -0.948841	 -0.752594	 -0.000569498	 -0.928141	 -0.742941	 -0.000600316	 -0.907606	 -0.733134	 -0.000486656	 -0.887143	 2.48328	 2.48316	 2.48321	 2.48298	 2.48318	 
16.67	 -0.781	 0	 -0.99	 -0.771145	 -1.92523e-005	 -0.969501	 -0.76174	 -0.000235886	 -0.948794	 -0.752429	 -0.000498625	 -0.928045	 -0.742686	 -0.000572854	 -0.907495	 -0.732757	 -0.000557621	 -0.887034	 2.4912	 2.49107	 2.4911	 2.49086	 2.49105	 
16.68	 -0.781	 0	 -0.99	 -0.771061	 -0.00010391	 -0.9695	 -0.761608	 -0.000254353	 -0.948773	 -0.752259	 -0.000417171	 -0.927999	 -0.742446	 -0.000537431	 -0.907441	 -0.73243	 -0.000634195	 -0.88698	 2.49692	 2.49678	 2.4968	 2.49655	 2.49673	 
16.69	 -0.781	 0	 -0.99	 -0.771016	 -0.000191544	 -0.969497	 -0.761502	 -0.000271506	 -0.948772	 -0.752087	 -0.000332414	 -0.928002	 -0.742214	 -0.000500293	 -0.907448	 -0.732143	 -0.000707903	 -0.886989	 2.50043	 2.50029	 2.5003	 2.50006	 2.50025	 
16.7	 -0.781	 0	 -0.99	 -0.77099	 -0.000271686	 -0.9695	 -0.761405	 -0.000288192	 -0.948797	 -0.751909	 -0.000252483	 -0.928052	 -0.742004	 -0.000462989	 -0.907504	 -0.731918	 -0.00077716	 -0.887042	 2.50192	 2.50177	 2.50179	 2.50154	 2.50173	 
16.71	 -0.781	 0	 -0.99	 -0.770988	 -0.000342708	 -0.969504	 -0.76132	 -0.000302222	 -0.948842	 -0.75173	 -0.000183639	 -0.928143	 -0.741813	 -0.000431239	 -0.907603	 -0.731745	 -0.000833321	 -0.887137	 2.50162	 2.50147	 2.5015	 2.50125	 2.50143	 
16.72	 -0.781	 0	 -0.99	 -0.771017	 -0.000395205	 -0.969504	 -0.761264	 -0.000314279	 -0.948895	 -0.751559	 -0.000131244	 -0.928265	 -0.741631	 -0.000403081	 -0.907742	 -0.731604	 -0.000872948	 -0.887271	 2.49977	 2.49964	 2.49967	 2.49942	 2.49961	 
16.73	 -0.781	 0	 -0.99	 -0.771062	 -0.000426212	 -0.969506	 -0.761217	 -0.000318844	 -0.948965	 -0.751392	 -9.84016e-005	 -0.928415	 -0.741471	 -0.00038554	 -0.907913	 -0.731505	 -0.000893061	 -0.887436	 2.49656	 2.49642	 2.49647	 2.49622	 2.49641	 
16.74	 -0.781	 0	 -0.99	 -0.77111	 -0.000429748	 -0.969516	 -0.761175	 -0.00031853	 -0.949052	 -0.751232	 -9.01635e-005	 -0.928591	 -0.741333	 -0.000378371	 -0.908112	 -0.731448	 -0.000894804	 -0.88763	 2.49202	 2.49189	 2.49194	 2.49168	 2.49186	 
16.75	 -0.781	 0	 -0.99	 -0.771167	 -0.000408795	 -0.969532	 -0.761147	 -0.000312914	 -0.949152	 -0.751092	 -0.000108553	 -0.92879	 -0.741216	 -0.000384775	 -0.908342	 -0.731413	 -0.000873178	 -0.887863	 2.48609	 2.48596	 2.48601	 2.48575	 2.48592	 
16.76	 -0.781	 0	 -0.99	 -0.771225	 -0.000361307	 -0.969557	 -0.761135	 -0.000303877	 -0.949266	 -0.750978	 -0.000153101	 -0.929008	 -0.741122	 -0.000400703	 -0.908606	 -0.731396	 -0.000828481	 -0.888142	 2.47867	 2.47855	 2.4786	 2.47831	 2.47849	 
16.77	 -0.781	 0	 -0.99	 -0.771271	 -0.000289364	 -0.9696	 -0.761126	 -0.000286454	 -0.949402	 -0.750895	 -0.000217839	 -0.929247	 -0.741061	 -0.000426176	 -0.908899	 -0.731399	 -0.000761385	 -0.888469	 2.46969	 2.46957	 2.46962	 2.46933	 2.46949	 
16.78	 -0.781	 0	 -0.99	 -0.771299	 -0.000196929	 -0.969662	 -0.761124	 -0.000263302	 -0.949557	 -0.750851	 -0.000298178	 -0.929502	 -0.741033	 -0.00045693	 -0.909222	 -0.731414	 -0.000676613	 -0.888847	 2.45915	 2.45904	 2.45909	 2.45879	 2.45896	 
16.79	 -0.781	 0	 -0.99	 -0.771313	 -9.44471e-005	 -0.969742	 -0.761136	 -0.000237756	 -0.949727	 -0.750853	 -0.000388453	 -0.929766	 -0.741036	 -0.000492	 -0.909574	 -0.731427	 -0.000581134	 -0.88928	 2.44715	 2.44704	 2.44709	 2.44678	 2.44694	 
16.8	 -0.781	 0	 -0.99	 -0.771296	 8.68155e-006	 -0.969847	 -0.761147	 -0.000211963	 -0.949918	 -0.7509	 -0.000480042	 -0.930038	 -0.741079	 -0.000529389	 -0.909945	 -0.73145	 -0.000486974	 -0.889758	 2.43379	 2.43367	 2.43373	 2.43342	 2.43359	 
16.81	 -0.781	 0	 -0.99	 -0.771252	 9.95059e-005	 -0.969976	 -0.761159	 -0.000190471	 -0.950127	 -0.750994	 -0.000562251	 -0.930315	 -0.741163	 -0.00056325	 -0.910335	 -0.73148	 -0.000404279	 -0.890281	 2.41912	 2.419	 2.41907	 2.41876	 2.41893	 
16.82	 -0.781	 0	 -0.99	 -0.771196	 0.000163491	 -0.970121	 -0.76119	 -0.00017533	 -0.950347	 -0.751138	 -0.000622098	 -0.930598	 -0.741276	 -0.000588385	 -0.910749	 -0.731506	 -0.000342545	 -0.890857	 2.40311	 2.40298	 2.40305	 2.40274	 2.40291	 
16.83	 -0.781	 0	 -0.99	 -0.771125	 0.000192594	 -0.970286	 -0.761227	 -0.000168234	 -0.950587	 -0.751318	 -0.000647635	 -0.930895	 -0.741426	 -0.000599216	 -0.911191	 -0.731551	 -0.000316829	 -0.89148	 2.38555	 2.38542	 2.38548	 2.38516	 2.38532	 
16.84	 -0.781	 0	 -0.99	 -0.771049	 0.000174853	 -0.970467	 -0.761267	 -0.000170002	 -0.950852	 -0.751522	 -0.000630601	 -0.931221	 -0.741612	 -0.000595484	 -0.911669	 -0.731634	 -0.000334743	 -0.892153	 2.36619	 2.36604	 2.36609	 2.36575	 2.36592	 
16.85	 -0.781	 0	 -0.99	 -0.770993	 0.000108635	 -0.970654	 -0.76133	 -0.000185464	 -0.951136	 -0.751739	 -0.000569144	 -0.931584	 -0.741822	 -0.000571338	 -0.912195	 -0.731762	 -0.000398972	 -0.892879	 2.34475	 2.34459	 2.34463	 2.34428	 2.34445	 
16.86	 -0.781	 0	 -0.99	 -0.770978	 -4.02967e-006	 -0.970836	 -0.761416	 -0.000210821	 -0.951441	 -0.751953	 -0.000466745	 -0.931998	 -0.742051	 -0.000530709	 -0.912776	 -0.731952	 -0.000501016	 -0.893655	 2.32111	 2.32095	 2.32098	 2.32063	 2.3208	 
16.87	 -0.781	 0	 -0.99	 -0.771016	 -0.000144163	 -0.971008	 -0.761526	 -0.000244384	 -0.951765	 -0.752144	 -0.000337694	 -0.93247	 -0.742291	 -0.000475025	 -0.913413	 -0.732227	 -0.000627295	 -0.894466	 2.29537	 2.2952	 2.29523	 2.29488	 2.29504	 
16.88	 -0.781	 0	 -0.99	 -0.771122	 -0.000287147	 -0.971159	 -0.761664	 -0.000277591	 -0.952103	 -0.7523	 -0.000205988	 -0.932999	 -0.742538	 -0.000417682	 -0.914101	 -0.73259	 -0.000752614	 -0.895299	 2.26781	 2.26765	 2.26769	 2.26734	 2.26751	 
16.89	 -0.781	 0	 -0.99	 -0.771296	 -0.000396984	 -0.971285	 -0.761831	 -0.000304875	 -0.952444	 -0.752421	 -0.000105825	 -0.933577	 -0.742782	 -0.000372407	 -0.914829	 -0.733034	 -0.000848583	 -0.89614	 2.2389	 2.23875	 2.2388	 2.23846	 2.23863	 
16.9	 -0.781	 0	 -0.99	 -0.771519	 -0.000438523	 -0.971392	 -0.76202	 -0.000317266	 -0.952788	 -0.752519	 -7.01526e-005	 -0.934187	 -0.743028	 -0.00035507	 -0.915583	 -0.733539	 -0.000884661	 -0.896983	 2.2091	 2.20895	 2.20902	 2.20868	 2.20886	 
16.91	 -0.781	 0	 -0.99	 -0.771748	 -0.000387576	 -0.971498	 -0.762217	 -0.000306381	 -0.953136	 -0.752623	 -0.000119294	 -0.934806	 -0.743289	 -0.000376392	 -0.916346	 -0.734073	 -0.000840069	 -0.89783	 2.17875	 2.17861	 2.1787	 2.17836	 2.17855	 
16.92	 -0.781	 0	 -0.99	 -0.771934	 -0.00024457	 -0.971629	 -0.762407	 -0.000273577	 -0.953492	 -0.752778	 -0.000250625	 -0.935408	 -0.743585	 -0.0004333	 -0.917102	 -0.734593	 -0.000717616	 -0.898697	 2.14805	 2.14791	 2.148	 2.14767	 2.14787	 
16.93	 -0.781	 0	 -0.99	 -0.772037	 -5.14592e-005	 -0.971805	 -0.762587	 -0.000226557	 -0.953859	 -0.753029	 -0.000428489	 -0.93597	 -0.743934	 -0.000512998	 -0.917843	 -0.735053	 -0.00054742	 -0.899608	 2.11698	 2.11684	 2.11694	 2.1166	 2.1168	 
16.94	 -0.781	 0	 -0.99	 -0.772039	 0.000123718	 -0.972036	 -0.762757	 -0.000184862	 -0.954238	 -0.753399	 -0.000589344	 -0.936482	 -0.744343	 -0.000584442	 -0.918567	 -0.735436	 -0.000393213	 -0.900578	 2.08541	 2.08526	 2.08537	 2.08502	 2.08521	 
16.95	 -0.781	 0	 -0.99	 -0.771961	 0.000199626	 -0.972313	 -0.762912	 -0.000165096	 -0.954635	 -0.753859	 -0.000658247	 -0.936962	 -0.74481	 -0.000616494	 -0.919282	 -0.735771	 -0.000324504	 -0.901598	 2.05316	 2.05301	 2.05311	 2.05276	 2.05295	 
16.96	 -0.781	 0	 -0.99	 -0.771872	 0.000126163	 -0.972604	 -0.763068	 -0.000179309	 -0.955044	 -0.754339	 -0.000586314	 -0.937449	 -0.745302	 -0.000583941	 -0.920007	 -0.736125	 -0.000384017	 -0.902639	 2.02009	 2.01994	 2.02004	 2.01967	 2.01986	 
16.97	 -0.781	 0	 -0.99	 -0.771876	 -7.79079e-005	 -0.972854	 -0.763253	 -0.000224895	 -0.955452	 -0.754748	 -0.000389423	 -0.937991	 -0.745772	 -0.000489782	 -0.92077	 -0.736575	 -0.000555172	 -0.903664	 1.98614	 1.98599	 1.98609	 1.98571	 1.98589	 
16.98	 -0.781	 0	 -0.99	 -0.772044	 -0.000314364	 -0.973026	 -0.763484	 -0.000277172	 -0.955848	 -0.75502	 -0.000162092	 -0.938622	 -0.746188	 -0.000379917	 -0.921585	 -0.737176	 -0.000750317	 -0.904644	 1.95134	 1.95119	 1.95128	 1.95091	 1.9511	 
16.99	 -0.781	 0	 -0.99	 -0.772359	 -0.000435328	 -0.973129	 -0.763758	 -0.000305346	 -0.956233	 -0.755172	 -4.45213e-005	 -0.939331	 -0.746553	 -0.000318875	 -0.922448	 -0.737918	 -0.00084857	 -0.905578	 1.9158	 1.91565	 1.91575	 1.91538	 1.91558	 
17	 -0.781	 0	 -0.99	 -0.772702	 -0.000341849	 -0.97322	 -0.764046	 -0.000285019	 -0.956619	 -0.755313	 -0.000132201	 -0.940059	 -0.746923	 -0.00035613	 -0.923325	 -0.738695	 -0.000765752	 -0.906514	 1.87971	 1.87956	 1.87967	 1.8793	 1.87951	 
17.01	 -0.781	 0	 -0.99	 -0.772904	 -7.52787e-005	 -0.973384	 -0.764308	 -0.00022217	 -0.957023	 -0.7556	 -0.000383471	 -0.940721	 -0.747367	 -0.000474828	 -0.924176	 -0.739364	 -0.000536703	 -0.907516	 1.84328	 1.84313	 1.84324	 1.84288	 1.8431	 
17.02	 -0.781	 0	 -0.99	 -0.772878	 0.000170344	 -0.973666	 -0.764521	 -0.000161655	 -0.957453	 -0.75611	 -0.00060943	 -0.941272	 -0.747922	 -0.000582099	 -0.924972	 -0.739851	 -0.000328228	 -0.908615	 1.80675	 1.8066	 1.80672	 1.80636	 1.80658	 
17.03	 -0.781	 0	 -0.99	 -0.772729	 0.000171358	 -0.97401	 -0.764707	 -0.000155877	 -0.957897	 -0.756743	 -0.000602002	 -0.941757	 -0.748546	 -0.000578435	 -0.92573	 -0.740241	 -0.00032438	 -0.90976	 1.77033	 1.77018	 1.77031	 1.76995	 1.77017	 
17.04	 -0.781	 0	 -0.99	 -0.772709	 -0.000102365	 -0.974287	 -0.764924	 -0.000217001	 -0.958319	 -0.757261	 -0.000339001	 -0.942291	 -0.749119	 -0.000450131	 -0.926503	 -0.740743	 -0.00054884	 -0.910837	 1.73423	 1.7341	 1.73425	 1.73389	 1.73411	 
17.05	 -0.781	 0	 -0.99	 -0.772984	 -0.00039273	 -0.974412	 -0.765213	 -0.000287339	 -0.958698	 -0.7575	 -6.43293e-005	 -0.942954	 -0.749554	 -0.000312013	 -0.92733	 -0.741491	 -0.000788314	 -0.91177	 1.69868	 1.69856	 1.69873	 1.69838	 1.6986	 
17.06	 -0.781	 0	 -0.99	 -0.773418	 -0.000373031	 -0.974451	 -0.765534	 -0.000284551	 -0.959049	 -0.75758	 -8.34728e-005	 -0.943684	 -0.749906	 -0.000317792	 -0.928179	 -0.742367	 -0.000770545	 -0.912612	 1.66386	 1.66373	 1.66389	 1.66355	 1.66379	 
17.07	 -0.781	 0	 -0.99	 -0.773651	 -3.57677e-005	 -0.974583	 -0.765805	 -0.000204132	 -0.959414	 -0.75784	 -0.000402969	 -0.944307	 -0.75034	 -0.000476232	 -0.928965	 -0.743072	 -0.000491665	 -0.913509	 1.62984	 1.62969	 1.62984	 1.62951	 1.62976	 
17.08	 -0.781	 0	 -0.99	 -0.773519	 0.000210974	 -0.974891	 -0.765985	 -0.000146169	 -0.959812	 -0.758437	 -0.000639968	 -0.944743	 -0.750938	 -0.000598771	 -0.929644	 -0.743472	 -0.000292736	 -0.91453	 1.59659	 1.59645	 1.59661	 1.59627	 1.59652	 
17.09	 -0.781	 0	 -0.99	 -0.77334	 1.60482e-005	 -0.97522	 -0.766151	 -0.000194857	 -0.960208	 -0.759076	 -0.00046171	 -0.945142	 -0.75156	 -0.000515659	 -0.930291	 -0.743829	 -0.000459645	 -0.915549	 1.56404	 1.56392	 1.56409	 1.56374	 1.56398	 
17.1	 -0.781	 0	 -0.99	 -0.77355	 -0.000371218	 -0.975353	 -0.76641	 -0.00028899	 -0.960549	 -0.75935	 -9.86776e-005	 -0.945707	 -0.751999	 -0.000334677	 -0.93101	 -0.744499	 -0.000780006	 -0.916391	 1.5321	 1.53198	 1.53216	 1.5318	 1.53205	 
17.11	 -0.781	 0	 -0.99	 -0.77404	 -0.000361372	 -0.975342	 -0.766743	 -0.000287832	 -0.960846	 -0.759365	 -0.000107414	 -0.946391	 -0.752301	 -0.000334614	 -0.931783	 -0.745392	 -0.000768826	 -0.917103	 1.50071	 1.50057	 1.50074	 1.50039	 1.50064	 
17.12	 -0.781	 0	 -0.99	 -0.774218	 5.78661e-005	 -0.975478	 -0.766999	 -0.000186267	 -0.961172	 -0.759668	 -0.000500715	 -0.946923	 -0.75274	 -0.000530317	 -0.932473	 -0.746021	 -0.000421713	 -0.917923	 1.46988	 1.46971	 1.46986	 1.46952	 1.46979	 
17.13	 -0.781	 0	 -0.99	 -0.773956	 0.000182761	 -0.975826	 -0.767134	 -0.000151239	 -0.961547	 -0.760361	 -0.000612	 -0.947248	 -0.753374	 -0.000588009	 -0.933047	 -0.746283	 -0.000317783	 -0.918898	 1.4397	 1.43956	 1.43973	 1.43939	 1.43966	 
17.14	 -0.781	 0	 -0.99	 -0.77392	 -0.000233093	 -0.97606	 -0.767312	 -0.000248438	 -0.961889	 -0.760824	 -0.000213839	 -0.947661	 -0.753888	 -0.000384855	 -0.933649	 -0.746726	 -0.000654667	 -0.919752	 1.41047	 1.41037	 1.41057	 1.41022	 1.41048	 
17.15	 -0.781	 0	 -0.99	 -0.774406	 -0.000413339	 -0.976031	 -0.76762	 -0.000293737	 -0.962149	 -0.76079	 -4.27404e-005	 -0.948288	 -0.754142	 -0.000291252	 -0.934343	 -0.747582	 -0.000794457	 -0.92036	 1.38254	 1.38242	 1.38262	 1.38229	 1.38258	 
17.16	 -0.781	 0	 -0.99	 -0.774673	 2.19692e-005	 -0.976093	 -0.767874	 -0.000186308	 -0.962412	 -0.760958	 -0.000448382	 -0.948789	 -0.754482	 -0.000493302	 -0.934952	 -0.748236	 -0.000432393	 -0.921008	 1.35611	 1.35597	 1.35616	 1.35586	 1.35616	 
17.17	 -0.781	 0	 -0.99	 -0.774367	 0.000181115	 -0.976418	 -0.767979	 -0.000142772	 -0.962723	 -0.761647	 -0.000592259	 -0.949004	 -0.755081	 -0.000569168	 -0.93539	 -0.748402	 -0.000303224	 -0.921832	 1.33129	 1.33117	 1.33137	 1.33107	 1.33136	 
17.18	 -0.781	 0	 -0.99	 -0.774362	 -0.000296164	 -0.976593	 -0.768141	 -0.000261815	 -0.962985	 -0.762027	 -0.000147572	 -0.949327	 -0.755516	 -0.000344543	 -0.935857	 -0.748802	 -0.000697224	 -0.922489	 1.30808	 1.308	 1.30823	 1.30791	 1.30819	 
17.19	 -0.781	 0	 -0.99	 -0.774895	 -0.000342606	 -0.976498	 -0.768426	 -0.000278261	 -0.963164	 -0.761872	 -0.000111369	 -0.949871	 -0.755661	 -0.000325288	 -0.936417	 -0.749624	 -0.000737625	 -0.922886	 1.28652	 1.2864	 1.28661	 1.28631	 1.28663	 
17.2	 -0.781	 0	 -0.99	 -0.774937	 0.000159697	 -0.976621	 -0.768591	 -0.000155437	 -0.963377	 -0.762174	 -0.000588115	 -0.95017	 -0.756025	 -0.00057457	 -0.93683	 -0.75002	 -0.000333154	 -0.923425	 1.2665	 1.26637	 1.26657	 1.26628	 1.26659	 
17.21	 -0.781	 0	 -0.99	 -0.774585	 -1.04249e-006	 -0.97692	 -0.768655	 -0.000196834	 -0.963615	 -0.762844	 -0.00044369	 -0.950257	 -0.756574	 -0.000507979	 -0.937108	 -0.750073	 -0.000473081	 -0.924069	 1.24807	 1.24797	 1.24819	 1.24788	 1.24819	 
17.22	 -0.781	 0	 -0.99	 -0.774919	 -0.000437878	 -0.976889	 -0.768873	 -0.000307779	 -0.963755	 -0.762837	 -3.51107e-005	 -0.950617	 -0.756763	 -0.000295678	 -0.937499	 -0.750667	 -0.000832258	 -0.924397	 1.23149	 1.23141	 1.23164	 1.23135	 1.23166	 
17.23	 -0.781	 0	 -0.99	 -0.775296	 -3.95737e-005	 -0.976816	 -0.769088	 -0.000208872	 -0.963864	 -0.762754	 -0.000407359	 -0.950972	 -0.756889	 -0.000484933	 -0.93786	 -0.751271	 -0.000505904	 -0.924638	 1.2171	 1.21698	 1.2172	 1.21694	 1.21727	 
17.24	 -0.781	 0	 -0.99	 -0.774915	 0.000163045	 -0.977076	 -0.769104	 -0.000156806	 -0.96403	 -0.763361	 -0.000599069	 -0.950956	 -0.757361	 -0.000588695	 -0.937992	 -0.751233	 -0.000340953	 -0.925088	 1.20507	 1.20497	 1.20522	 1.20497	 1.20529	 
17.25	 -0.781	 0	 -0.99	 -0.77495	 -0.000368665	 -0.977133	 -0.769215	 -0.000288606	 -0.964118	 -0.763562	 -9.85655e-005	 -0.951066	 -0.757612	 -0.000328671	 -0.938149	 -0.751506	 -0.000772529	 -0.925309	 1.19557	 1.1955	 1.19576	 1.19551	 1.19583	 
17.26	 -0.781	 0	 -0.99	 -0.775466	 -0.00020846	 -0.976949	 -0.769437	 -0.00025073	 -0.964119	 -0.763285	 -0.000249493	 -0.951345	 -0.757595	 -0.000403224	 -0.938362	 -0.752143	 -0.000641298	 -0.925275	 1.18853	 1.18843	 1.18867	 1.18844	 1.18879	 
17.27	 -0.781	 0	 -0.99	 -0.775201	 0.000208206	 -0.977101	 -0.769448	 -0.000147648	 -0.964185	 -0.763706	 -0.000645299	 -0.951267	 -0.757921	 -0.000614239	 -0.938361	 -0.752121	 -0.000308137	 -0.925462	 1.18358	 1.18347	 1.1837	 1.18346	 1.1838	 
17.28	 -0.781	 0	 -0.99	 -0.775004	 -0.000261229	 -0.977216	 -0.769467	 -0.00026694	 -0.964225	 -0.764049	 -0.000210168	 -0.951183	 -0.758202	 -0.00039358	 -0.93833	 -0.752133	 -0.00069805	 -0.92558	 1.18023	 1.18015	 1.18038	 1.18012	 1.18044	 
17.29	 -0.781	 0	 -0.99	 -0.775532	 -0.000327576	 -0.976998	 -0.769671	 -0.000289555	 -0.964165	 -0.763712	 -0.000156549	 -0.951376	 -0.758119	 -0.000366078	 -0.938427	 -0.752713	 -0.000758238	 -0.925399	 1.17816	 1.17805	 1.17826	 1.178	 1.17832	 
17.3	 -0.781	 0	 -0.99	 -0.775432	 0.000187457	 -0.977045	 -0.769706	 -0.000161147	 -0.964164	 -0.763937	 -0.000643546	 -0.951304	 -0.758311	 -0.000624313	 -0.938375	 -0.752765	 -0.000346317	 -0.925411	 1.17711	 1.17698	 1.17717	 1.17691	 1.17724	 
17.31	 -0.781	 0	 -0.99	 -0.775074	 -0.000145905	 -0.977205	 -0.769658	 -0.000243883	 -0.964185	 -0.764372	 -0.000333467	 -0.951111	 -0.758608	 -0.000469017	 -0.938243	 -0.752596	 -0.0006228	 -0.925486	 1.1771	 1.17702	 1.17723	 1.17696	 1.17727	 
17.32	 -0.781	 0	 -0.99	 -0.775525	 -0.000405805	 -0.977	 -0.769811	 -0.000313913	 -0.964098	 -0.764042	 -9.64455e-005	 -0.95122	 -0.758496	 -0.000343975	 -0.938247	 -0.753065	 -0.000834187	 -0.925231	 1.17859	 1.1785	 1.17872	 1.17847	 1.17881	 
17.33	 -0.781	 0	 -0.99	 -0.775599	 0.000122453	 -0.976939	 -0.769868	 -0.00018123	 -0.964022	 -0.764053	 -0.000590542	 -0.951145	 -0.758543	 -0.000599948	 -0.93813	 -0.753197	 -0.000404207	 -0.925045	 1.18206	 1.18196	 1.18218	 1.18197	 1.18231	 
17.34	 -0.781	 0	 -0.99	 -0.775146	 -1.84589e-005	 -0.977092	 -0.769776	 -0.000213966	 -0.963978	 -0.764526	 -0.000456476	 -0.950814	 -0.758819	 -0.000533889	 -0.937841	 -0.752878	 -0.000521298	 -0.92497	 1.18795	 1.18789	 1.18814	 1.18794	 1.18828	 
17.35	 -0.781	 0	 -0.99	 -0.775438	 -0.000438302	 -0.976909	 -0.769853	 -0.000322237	 -0.963822	 -0.764266	 -6.59793e-005	 -0.950735	 -0.758698	 -0.000329452	 -0.937642	 -0.75314	 -0.000863448	 -0.924551	 1.19661	 1.19656	 1.19682	 1.19663	 1.19699	 
17.36	 -0.781	 0	 -0.99	 -0.775694	 -3.82292e-006	 -0.976715	 -0.769916	 -0.000214635	 -0.963631	 -0.76402	 -0.000473971	 -0.950599	 -0.758565	 -0.000539445	 -0.937376	 -0.753341	 -0.000509948	 -0.924056	 1.20799	 1.20791	 1.20816	 1.20799	 1.20835	 
17.37	 -0.781	 0	 -0.99	 -0.775234	 0.000120449	 -0.976811	 -0.769794	 -0.000182233	 -0.963487	 -0.764433	 -0.00059285	 -0.950133	 -0.758762	 -0.000607092	 -0.936902	 -0.752935	 -0.000412858	 -0.923738	 1.22167	 1.2216	 1.22184	 1.22167	 1.22202	 
17.38	 -0.781	 0	 -0.99	 -0.775248	 -0.000384064	 -0.976699	 -0.769773	 -0.000309252	 -0.963277	 -0.76437	 -0.000122325	 -0.949825	 -0.758704	 -0.000365635	 -0.936484	 -0.752899	 -0.000827072	 -0.923206	 1.2371	 1.23705	 1.23728	 1.23708	 1.23741	 
17.39	 -0.781	 0	 -0.99	 -0.77566	 -0.000226248	 -0.976407	 -0.769843	 -0.000272621	 -0.96301	 -0.76391	 -0.000272336	 -0.949663	 -0.758425	 -0.000440199	 -0.936128	 -0.753172	 -0.000699007	 -0.9225	 1.25373	 1.25364	 1.25384	 1.25363	 1.25398	 
17.4	 -0.781	 0	 -0.99	 -0.7754	 0.0001859	 -0.976388	 -0.769746	 -0.000172039	 -0.962803	 -0.764078	 -0.000664256	 -0.949227	 -0.758461	 -0.000646087	 -0.935621	 -0.752877	 -0.000366271	 -0.922003	 1.27107	 1.27097	 1.27115	 1.27094	 1.27126	 
17.41	 -0.781	 0	 -0.99	 -0.775062	 -0.000147959	 -0.976404	 -0.769625	 -0.000255188	 -0.9626	 -0.764313	 -0.000353812	 -0.948746	 -0.758529	 -0.000491023	 -0.935084	 -0.752505	 -0.000644004	 -0.921525	 1.28889	 1.28881	 1.28899	 1.28876	 1.28908	 
17.42	 -0.781	 0	 -0.99	 -0.77539	 -0.000428107	 -0.976141	 -0.769662	 -0.00032674	 -0.962324	 -0.763908	 -9.31851e-005	 -0.948518	 -0.758261	 -0.000356727	 -0.93467	 -0.752664	 -0.000876485	 -0.920807	 1.30728	 1.30719	 1.30737	 1.30715	 1.30747	 
17.43	 -0.781	 0	 -0.99	 -0.775563	 -2.28536e-005	 -0.97593	 -0.769655	 -0.000230013	 -0.962054	 -0.763629	 -0.00048103	 -0.948227	 -0.758043	 -0.000557979	 -0.934217	 -0.752684	 -0.000549883	 -0.920116	 1.32642	 1.32632	 1.32649	 1.32629	 1.32661	 
17.44	 -0.781	 0	 -0.99	 -0.775141	 0.000151376	 -0.975958	 -0.769492	 -0.00018805	 -0.961834	 -0.763893	 -0.000650415	 -0.947692	 -0.758095	 -0.000651815	 -0.933624	 -0.752202	 -0.000414972	 -0.919595	 1.34654	 1.34646	 1.34665	 1.34646	 1.34678	 
17.45	 -0.781	 0	 -0.99	 -0.774972	 -0.00027095	 -0.975878	 -0.769386	 -0.000294393	 -0.961574	 -0.763909	 -0.000258771	 -0.947226	 -0.758017	 -0.000456395	 -0.933046	 -0.751912	 -0.000768891	 -0.918956	 1.36791	 1.36785	 1.36805	 1.36787	 1.36819	 
17.46	 -0.781	 0	 -0.99	 -0.775319	 -0.000403592	 -0.975577	 -0.769403	 -0.000331954	 -0.961244	 -0.76343	 -0.000141118	 -0.946934	 -0.757674	 -0.000396932	 -0.932538	 -0.752026	 -0.000882854	 -0.918102	 1.3907	 1.39064	 1.39084	 1.39067	 1.39099	 
17.47	 -0.781	 0	 -0.99	 -0.775396	 2.64981e-008	 -0.975371	 -0.769343	 -0.000234373	 -0.960923	 -0.76318	 -0.000524334	 -0.946523	 -0.757432	 -0.000593505	 -0.93195	 -0.751898	 -0.00055507	 -0.917292	 1.41493	 1.41485	 1.41504	 1.41489	 1.41521	 
17.48	 -0.781	 0	 -0.99	 -0.774984	 0.000150157	 -0.975354	 -0.769152	 -0.00019663	 -0.960638	 -0.763363	 -0.000667385	 -0.945906	 -0.7574	 -0.000671347	 -0.931238	 -0.751354	 -0.000436527	 -0.916603	 1.44048	 1.44042	 1.44061	 1.44046	 1.44078	 
17.49	 -0.781	 0	 -0.99	 -0.77476	 -0.000212674	 -0.975258	 -0.768998	 -0.000287779	 -0.960321	 -0.763355	 -0.000331657	 -0.945337	 -0.757265	 -0.000505789	 -0.930532	 -0.750949	 -0.000740802	 -0.91582	 1.46723	 1.46717	 1.46736	 1.46721	 1.46752	 
17.5	 -0.781	 0	 -0.99	 -0.775002	 -0.000438079	 -0.974966	 -0.768953	 -0.000346707	 -0.959946	 -0.762898	 -0.00012506	 -0.944929	 -0.756894	 -0.000401567	 -0.929894	 -0.75091	 -0.000929729	 -0.914855	 1.49498	 1.49491	 1.4951	 1.49494	 1.49526	 
17.51	 -0.781	 0	 -0.99	 -0.775191	 -0.000168931	 -0.974685	 -0.768893	 -0.000282618	 -0.959565	 -0.76248	 -0.000380555	 -0.944491	 -0.756529	 -0.000529592	 -0.929231	 -0.750809	 -0.000708803	 -0.913882	 1.52354	 1.52348	 1.52365	 1.52349	 1.5238	 
17.52	 -0.781	 0	 -0.99	 -0.774945	 0.000145337	 -0.974574	 -0.768723	 -0.000206844	 -0.959218	 -0.76246	 -0.000679203	 -0.94388	 -0.756353	 -0.00068239	 -0.928474	 -0.75033	 -0.000452544	 -0.913034	 1.5528	 1.55273	 1.5529	 1.55274	 1.55305	 
17.53	 -0.781	 0	 -0.99	 -0.774557	 4.2873e-005	 -0.974518	 -0.768509	 -0.000232278	 -0.95888	 -0.762555	 -0.00058535	 -0.943207	 -0.756229	 -0.000639752	 -0.927677	 -0.749722	 -0.000542345	 -0.91222	 1.58266	 1.58259	 1.58276	 1.5826	 1.58291	 
17.54	 -0.781	 0	 -0.99	 -0.774477	 -0.000305837	 -0.974337	 -0.76836	 -0.000316354	 -0.95851	 -0.762343	 -0.000257955	 -0.942642	 -0.755946	 -0.000478798	 -0.926927	 -0.749357	 -0.000833923	 -0.911291	 1.61308	 1.61302	 1.61318	 1.61302	 1.61333	 
17.55	 -0.781	 0	 -0.99	 -0.774691	 -0.000432172	 -0.974034	 -0.768277	 -0.000347889	 -0.958105	 -0.761843	 -0.000140701	 -0.942184	 -0.755511	 -0.000419984	 -0.926224	 -0.749226	 -0.00093936	 -0.91025	 1.64398	 1.64392	 1.64407	 1.64392	 1.64422	 
17.56	 -0.781	 0	 -0.99	 -0.774825	 -0.000201228	 -0.973757	 -0.768174	 -0.000295718	 -0.957703	 -0.761413	 -0.000361533	 -0.941694	 -0.755105	 -0.000527643	 -0.925503	 -0.749019	 -0.00074868	 -0.909226	 1.67521	 1.67514	 1.67529	 1.67513	 1.67543	 
17.57	 -0.781	 0	 -0.99	 -0.774646	 9.39964e-005	 -0.973604	 -0.767994	 -0.000226271	 -0.957331	 -0.761273	 -0.000642212	 -0.941087	 -0.754835	 -0.000666961	 -0.924724	 -0.748541	 -0.00050422	 -0.908304	 1.70655	 1.70648	 1.70663	 1.70647	 1.70675	 
17.58	 -0.781	 0	 -0.99	 -0.774289	 0.00013385	 -0.973526	 -0.767769	 -0.000215334	 -0.956978	 -0.761295	 -0.000680967	 -0.940415	 -0.75464	 -0.000690028	 -0.923918	 -0.747901	 -0.000473022	 -0.907454	 1.73779	 1.73771	 1.73784	 1.73768	 1.73796	 
17.59	 -0.781	 0	 -0.99	 -0.774043	 -9.86389e-005	 -0.973407	 -0.767568	 -0.000271142	 -0.956621	 -0.761205	 -0.000463598	 -0.939791	 -0.754385	 -0.000586953	 -0.923142	 -0.747347	 -0.000671494	 -0.906582	 1.76872	 1.76864	 1.76876	 1.76859	 1.76887	 
17.6	 -0.781	 0	 -0.99	 -0.774052	 -0.000365413	 -0.973189	 -0.767422	 -0.000336966	 -0.956247	 -0.760867	 -0.000216686	 -0.939275	 -0.754008	 -0.000468771	 -0.922426	 -0.747	 -0.000898579	 -0.905641	 1.79927	 1.79919	 1.79931	 1.79914	 1.79942	 
17.61	 -0.781	 0	 -0.99	 -0.77421	 -0.000433749	 -0.972912	 -0.767305	 -0.000355818	 -0.955865	 -0.760377	 -0.000158013	 -0.938828	 -0.753554	 -0.000442408	 -0.921751	 -0.746777	 -0.000959735	 -0.904659	 1.8295	 1.82941	 1.82953	 1.82937	 1.82964	 
17.62	 -0.781	 0	 -0.99	 -0.774307	 -0.000265925	 -0.972658	 -0.767173	 -0.0003185	 -0.955493	 -0.759936	 -0.000318326	 -0.938368	 -0.753118	 -0.000520076	 -0.921076	 -0.746498	 -0.000824243	 -0.903706	 1.85951	 1.85943	 1.85955	 1.85939	 1.85966	 
17.63	 -0.781	 0	 -0.99	 -0.774215	 -1.20828e-005	 -0.972481	 -0.766996	 -0.000258778	 -0.955138	 -0.759674	 -0.000557746	 -0.937839	 -0.752759	 -0.000635641	 -0.920372	 -0.746041	 -0.000612824	 -0.902826	 1.88946	 1.88939	 1.88952	 1.88935	 1.88962	 
17.64	 -0.781	 0	 -0.99	 -0.773953	 0.000142	 -0.972373	 -0.766778	 -0.000221777	 -0.954801	 -0.759566	 -0.000703539	 -0.937246	 -0.752466	 -0.000706757	 -0.91964	 -0.745426	 -0.000482177	 -0.90201	 1.91944	 1.91936	 1.9195	 1.91934	 1.91961	 
17.65	 -0.781	 0	 -0.99	 -0.773644	 0.000108261	 -0.972285	 -0.76654	 -0.000229569	 -0.954471	 -0.759487	 -0.000671212	 -0.936639	 -0.752185	 -0.000691866	 -0.918902	 -0.744773	 -0.000510467	 -0.90121	 1.94944	 1.94937	 1.9495	 1.94935	 1.94962	 
17.66	 -0.781	 0	 -0.99	 -0.773423	 -7.51104e-005	 -0.972164	 -0.766314	 -0.000270807	 -0.954138	 -0.75931	 -0.00049744	 -0.936071	 -0.751857	 -0.00061029	 -0.918184	 -0.744193	 -0.000663151	 -0.900384	 1.9794	 1.97933	 1.97945	 1.97931	 1.97958	 
17.67	 -0.781	 0	 -0.99	 -0.773351	 -0.000289996	 -0.971984	 -0.766122	 -0.000320359	 -0.953794	 -0.758988	 -0.000293939	 -0.935566	 -0.751455	 -0.000513428	 -0.917501	 -0.743733	 -0.000843806	 -0.899516	 2.00919	 2.00911	 2.00922	 2.00908	 2.00934	 
17.68	 -0.781	 0	 -0.99	 -0.7734	 -0.000422858	 -0.971756	 -0.765956	 -0.000351506	 -0.953444	 -0.758551	 -0.00016751	 -0.935116	 -0.750996	 -0.000452718	 -0.916852	 -0.743368	 -0.000957396	 -0.898621	 2.03861	 2.03853	 2.03863	 2.03848	 2.03874	 
17.69	 -0.781	 0	 -0.99	 -0.773482	 -0.000421938	 -0.971517	 -0.765796	 -0.000352059	 -0.953099	 -0.758076	 -0.000170497	 -0.934695	 -0.750518	 -0.000455192	 -0.916227	 -0.743031	 -0.000958501	 -0.897733	 2.06748	 2.0674	 2.0675	 2.06734	 2.06759	 
17.7	 -0.781	 0	 -0.99	 -0.773518	 -0.000302077	 -0.9713	 -0.765627	 -0.000328733	 -0.952768	 -0.757646	 -0.000289624	 -0.934273	 -0.750057	 -0.000511816	 -0.915617	 -0.742648	 -0.00086148	 -0.896888	 2.09564	 2.09556	 2.09565	 2.09548	 2.09573	 
17.71	 -0.781	 0	 -0.99	 -0.773459	 -0.000125685	 -0.971128	 -0.765437	 -0.00029162	 -0.952457	 -0.757309	 -0.000463757	 -0.933832	 -0.749638	 -0.000596216	 -0.915014	 -0.742181	 -0.000715877	 -0.896108	 2.12295	 2.12288	 2.12297	 2.12278	 2.12302	 
17.72	 -0.781	 0	 -0.99	 -0.773297	 3.79075e-005	 -0.971006	 -0.765223	 -0.000256095	 -0.95217	 -0.757068	 -0.000622562	 -0.93337	 -0.749268	 -0.00067336	 -0.914417	 -0.741635	 -0.000582453	 -0.895395	 2.14934	 2.14927	 2.14935	 2.14916	 2.1494	 
17.73	 -0.781	 0	 -0.99	 -0.77307	 0.000133999	 -0.970919	 -0.764999	 -0.000234164	 -0.951901	 -0.756896	 -0.000713784	 -0.932898	 -0.748929	 -0.00071752	 -0.913834	 -0.741029	 -0.000504052	 -0.894741	 2.17477	 2.17469	 2.17478	 2.17459	 2.17482	 
17.74	 -0.781	 0	 -0.99	 -0.77283	 0.00013873	 -0.970846	 -0.764779	 -0.000230758	 -0.951645	 -0.756748	 -0.000715864	 -0.932437	 -0.748597	 -0.000718301	 -0.913276	 -0.740399	 -0.000496699	 -0.894134	 2.19923	 2.19915	 2.19923	 2.19905	 2.19928	 
17.75	 -0.781	 0	 -0.99	 -0.772607	 6.2042e-005	 -0.970773	 -0.764554	 -0.000246608	 -0.951405	 -0.756571	 -0.000638949	 -0.932008	 -0.748258	 -0.00067966	 -0.912748	 -0.739801	 -0.000556853	 -0.893549	 2.22273	 2.22264	 2.22271	 2.22253	 2.22276	 
17.76	 -0.781	 0	 -0.99	 -0.772432	 -6.74648e-005	 -0.970688	 -0.764332	 -0.000271966	 -0.951178	 -0.756339	 -0.00051046	 -0.931623	 -0.747902	 -0.000618406	 -0.912255	 -0.739263	 -0.000660403	 -0.892975	 2.24525	 2.24514	 2.24521	 2.24503	 2.24526	 
17.77	 -0.781	 0	 -0.99	 -0.772331	 -0.000209959	 -0.970579	 -0.764136	 -0.000300593	 -0.950954	 -0.756049	 -0.000367225	 -0.931283	 -0.747516	 -0.000548599	 -0.911804	 -0.73878	 -0.000776766	 -0.892414	 2.26676	 2.26665	 2.26672	 2.26654	 2.26677	 
17.78	 -0.781	 0	 -0.99	 -0.772297	 -0.00033384	 -0.970449	 -0.76396	 -0.000325013	 -0.950737	 -0.755708	 -0.00024316	 -0.930989	 -0.747109	 -0.000487708	 -0.911392	 -0.738349	 -0.000875158	 -0.891867	 2.28725	 2.28713	 2.2872	 2.28702	 2.28725	 
17.79	 -0.781	 0	 -0.99	 -0.7723	 -0.000413017	 -0.970309	 -0.763793	 -0.000340468	 -0.950531	 -0.755333	 -0.000162382	 -0.930733	 -0.746693	 -0.000446549	 -0.911015	 -0.737968	 -0.00093718	 -0.891338	 2.30665	 2.30653	 2.3066	 2.30641	 2.30664	 
17.8	 -0.781	 0	 -0.99	 -0.772328	 -0.000436673	 -0.970167	 -0.763637	 -0.000345006	 -0.950338	 -0.754947	 -0.000137123	 -0.930509	 -0.746275	 -0.000432693	 -0.910675	 -0.737606	 -0.000955706	 -0.890842	 2.32488	 2.32477	 2.32483	 2.32464	 2.32485	 
17.81	 -0.781	 0	 -0.99	 -0.772353	 -0.000406852	 -0.970033	 -0.763487	 -0.00033925	 -0.950159	 -0.754574	 -0.00016727	 -0.930307	 -0.745866	 -0.000446911	 -0.910367	 -0.737248	 -0.000931304	 -0.890389	 2.34185	 2.34175	 2.34181	 2.3416	 2.34181	 
17.82	 -0.781	 0	 -0.99	 -0.772353	 -0.000332337	 -0.96992	 -0.763331	 -0.000325691	 -0.950003	 -0.75423	 -0.000241745	 -0.930122	 -0.745482	 -0.000480867	 -0.910086	 -0.736892	 -0.000870273	 -0.889982	 2.35753	 2.35743	 2.35749	 2.35728	 2.35748	 
17.83	 -0.781	 0	 -0.99	 -0.772315	 -0.000230093	 -0.969831	 -0.763169	 -0.000304617	 -0.949867	 -0.753926	 -0.000342873	 -0.929947	 -0.745126	 -0.000527684	 -0.90983	 -0.736523	 -0.000783095	 -0.889627	 2.37192	 2.37184	 2.3719	 2.37168	 2.37188	 
17.84	 -0.781	 0	 -0.99	 -0.772242	 -0.000114274	 -0.969767	 -0.763006	 -0.000279509	 -0.949749	 -0.753671	 -0.000452095	 -0.929777	 -0.744797	 -0.000576388	 -0.909596	 -0.736129	 -0.000686124	 -0.889325	 2.38515	 2.38507	 2.38514	 2.38491	 2.38511	 
17.85	 -0.781	 0	 -0.99	 -0.772139	 -5.98228e-006	 -0.969724	 -0.762848	 -0.000253984	 -0.949644	 -0.753464	 -0.000553224	 -0.929607	 -0.744491	 -0.000621537	 -0.909382	 -0.735704	 -0.000590923	 -0.889075	 2.39734	 2.39726	 2.39734	 2.39711	 2.3973	 
17.86	 -0.781	 0	 -0.99	 -0.772007	 8.16348e-005	 -0.969702	 -0.76269	 -0.000235027	 -0.949553	 -0.753296	 -0.000635039	 -0.929441	 -0.744208	 -0.00065552	 -0.909187	 -0.735263	 -0.000512145	 -0.888868	 2.40858	 2.4085	 2.40858	 2.40835	 2.40854	 
17.87	 -0.781	 0	 -0.99	 -0.771848	 0.0001387	 -0.969699	 -0.762521	 -0.000220356	 -0.949482	 -0.753154	 -0.00068652	 -0.929284	 -0.743952	 -0.000677503	 -0.909007	 -0.734829	 -0.000459022	 -0.888695	 2.41883	 2.41875	 2.41882	 2.4186	 2.4188	 
17.88	 -0.781	 0	 -0.99	 -0.771683	 0.000161242	 -0.969709	 -0.762359	 -0.00021363	 -0.949424	 -0.753032	 -0.000704106	 -0.929143	 -0.743712	 -0.000683823	 -0.908855	 -0.734401	 -0.000437579	 -0.888562	 2.42793	 2.42784	 2.4279	 2.42767	 2.42788	 
17.89	 -0.781	 0	 -0.99	 -0.771526	 0.000146427	 -0.969726	 -0.762208	 -0.000215347	 -0.949383	 -0.752922	 -0.000688063	 -0.929028	 -0.743486	 -0.00067605	 -0.908737	 -0.73399	 -0.000447324	 -0.888475	 2.43558	 2.43548	 2.43553	 2.43529	 2.43549	 
17.9	 -0.781	 0	 -0.99	 -0.771381	 9.90522e-005	 -0.969751	 -0.762065	 -0.000224905	 -0.949364	 -0.752815	 -0.000641967	 -0.928949	 -0.743279	 -0.000655829	 -0.908664	 -0.733619	 -0.000487658	 -0.888436	 2.44146	 2.44134	 2.44138	 2.44113	 2.44132	 
17.91	 -0.781	 0	 -0.99	 -0.771268	 2.52616e-005	 -0.969777	 -0.761945	 -0.000240728	 -0.949365	 -0.75271	 -0.000572084	 -0.928914	 -0.743081	 -0.000626669	 -0.908644	 -0.733283	 -0.000553671	 -0.888454	 2.4453	 2.44517	 2.4452	 2.44494	 2.44514	 
17.92	 -0.781	 0	 -0.99	 -0.771188	 -6.77132e-005	 -0.969803	 -0.761846	 -0.000261427	 -0.949387	 -0.752599	 -0.000485554	 -0.928927	 -0.742897	 -0.000589576	 -0.90868	 -0.733	 -0.000634045	 -0.888527	 2.44701	 2.44687	 2.44689	 2.44663	 2.44682	 
17.93	 -0.781	 0	 -0.99	 -0.771134	 -0.000168075	 -0.969833	 -0.761752	 -0.000283921	 -0.949437	 -0.752474	 -0.000390513	 -0.928993	 -0.742733	 -0.000546948	 -0.908768	 -0.732786	 -0.000720328	 -0.888642	 2.44664	 2.44649	 2.44652	 2.44625	 2.44644	 
17.94	 -0.781	 0	 -0.99	 -0.771117	 -0.000265691	 -0.969859	 -0.761678	 -0.000303954	 -0.949505	 -0.752338	 -0.000296567	 -0.929106	 -0.742577	 -0.000505681	 -0.908907	 -0.732627	 -0.000804367	 -0.888801	 2.44439	 2.44424	 2.44426	 2.444	 2.44418	 
17.95	 -0.781	 0	 -0.99	 -0.77114	 -0.000349164	 -0.969877	 -0.761629	 -0.000321991	 -0.949585	 -0.752197	 -0.000215214	 -0.929257	 -0.742431	 -0.000468631	 -0.90909	 -0.732514	 -0.000877791	 -0.888997	 2.44049	 2.44034	 2.44038	 2.44012	 2.4403	 
17.96	 -0.781	 0	 -0.99	 -0.771192	 -0.000411792	 -0.969892	 -0.761598	 -0.000335823	 -0.949678	 -0.752051	 -0.000156732	 -0.929442	 -0.742297	 -0.000442578	 -0.909308	 -0.732448	 -0.000930502	 -0.889223	 2.43519	 2.43505	 2.43509	 2.43484	 2.43502	 
17.97	 -0.781	 0	 -0.99	 -0.771264	 -0.000442221	 -0.969906	 -0.761579	 -0.000344005	 -0.949783	 -0.751906	 -0.000128016	 -0.929654	 -0.74218	 -0.000427575	 -0.909555	 -0.732426	 -0.000956227	 -0.889472	 2.42864	 2.42851	 2.42856	 2.4283	 2.42849	 
17.98	 -0.781	 0	 -0.99	 -0.771343	 -0.000436007	 -0.969924	 -0.761568	 -0.000341202	 -0.949901	 -0.75177	 -0.000131711	 -0.929891	 -0.742083	 -0.00042746	 -0.909829	 -0.732439	 -0.000947865	 -0.88975	 2.42088	 2.42075	 2.42081	 2.42054	 2.42072	 
17.99	 -0.781	 0	 -0.99	 -0.771423	 -0.000390761	 -0.969951	 -0.761569	 -0.00033073	 -0.950034	 -0.751656	 -0.00017037	 -0.930146	 -0.742006	 -0.000439587	 -0.910132	 -0.732471	 -0.000904226	 -0.890065	 2.41181	 2.41168	 2.41174	 2.41146	 2.41163	 
18	 -0.781	 0	 -0.99	 -0.77149	 -0.000311016	 -0.969994	 -0.761575	 -0.000310427	 -0.950185	 -0.751576	 -0.00024013	 -0.930417	 -0.741962	 -0.000465695	 -0.910462	 -0.732517	 -0.000827481	 -0.890428	 2.40127	 2.40115	 2.4012	 2.40091	 2.40108	 
18.01	 -0.781	 0	 -0.99	 -0.771533	 -0.000202656	 -0.970061	 -0.761589	 -0.000283405	 -0.950356	 -0.751544	 -0.000334505	 -0.930701	 -0.741955	 -0.00050222	 -0.910823	 -0.732568	 -0.00072815	 -0.890848	 2.3891	 2.38898	 2.38903	 2.38871	 2.38888	 
18.02	 -0.781	 0	 -0.99	 -0.771551	 -8.17955e-005	 -0.970153	 -0.761615	 -0.000253295	 -0.950547	 -0.751571	 -0.000441903	 -0.930996	 -0.741986	 -0.000545113	 -0.911218	 -0.73261	 -0.000615637	 -0.891338	 2.37515	 2.37502	 2.37507	 2.37474	 2.3749	 
18.03	 -0.781	 0	 -0.99	 -0.771529	 3.50438e-005	 -0.970279	 -0.761641	 -0.000224904	 -0.950766	 -0.751657	 -0.000546758	 -0.931302	 -0.742066	 -0.000587079	 -0.911643	 -0.732656	 -0.000506454	 -0.891894	 2.35936	 2.35923	 2.35928	 2.35894	 2.3591	 
18.04	 -0.781	 0	 -0.99	 -0.771467	 0.000128428	 -0.970438	 -0.761663	 -0.000202136	 -0.951013	 -0.751799	 -0.000631103	 -0.931621	 -0.742194	 -0.000622744	 -0.912097	 -0.732708	 -0.000421754	 -0.892514	 2.34175	 2.34162	 2.34166	 2.34132	 2.34149	 
18.05	 -0.781	 0	 -0.99	 -0.771386	 0.000177967	 -0.97062	 -0.761698	 -0.000189534	 -0.95128	 -0.751993	 -0.000677125	 -0.931951	 -0.742359	 -0.000645354	 -0.912584	 -0.732762	 -0.000379497	 -0.893198	 2.3224	 2.32227	 2.32232	 2.32198	 2.32215	 
18.06	 -0.781	 0	 -0.99	 -0.771301	 0.000168929	 -0.970816	 -0.761746	 -0.000192499	 -0.951564	 -0.752221	 -0.000671013	 -0.932299	 -0.742558	 -0.000645972	 -0.9131	 -0.732837	 -0.000392112	 -0.89393	 2.30145	 2.30131	 2.30136	 2.30103	 2.3012	 
18.07	 -0.781	 0	 -0.99	 -0.771233	 9.43327e-005	 -0.971016	 -0.761809	 -0.000210022	 -0.951863	 -0.752459	 -0.000605682	 -0.932674	 -0.742782	 -0.000622173	 -0.913647	 -0.732961	 -0.000461416	 -0.894694	 2.27903	 2.27889	 2.27895	 2.27862	 2.27879	 
18.08	 -0.781	 0	 -0.99	 -0.771212	 -3.40839e-005	 -0.971203	 -0.761894	 -0.000240329	 -0.95217	 -0.75268	 -0.000487205	 -0.933087	 -0.743016	 -0.000572037	 -0.914229	 -0.733151	 -0.000578337	 -0.895473	 2.25529	 2.25514	 2.2552	 2.25487	 2.25506	 
18.09	 -0.781	 0	 -0.99	 -0.771261	 -0.000193555	 -0.971363	 -0.762005	 -0.000276162	 -0.952482	 -0.752857	 -0.000338247	 -0.933548	 -0.743247	 -0.000506897	 -0.914847	 -0.733425	 -0.00071753	 -0.896256	 2.23032	 2.23018	 2.23024	 2.22991	 2.2301	 
18.1	 -0.781	 0	 -0.99	 -0.771389	 -0.000342239	 -0.971492	 -0.762143	 -0.000310427	 -0.952797	 -0.752979	 -0.000197357	 -0.934062	 -0.743467	 -0.000441206	 -0.915504	 -0.733793	 -0.000844649	 -0.897032	 2.20424	 2.20409	 2.20416	 2.20383	 2.20402	 
18.11	 -0.781	 0	 -0.99	 -0.771587	 -0.000434416	 -0.971593	 -0.762304	 -0.000331242	 -0.953116	 -0.753053	 -0.000108275	 -0.934624	 -0.743678	 -0.000396266	 -0.916197	 -0.734242	 -0.000918243	 -0.897806	 2.17711	 2.17696	 2.17703	 2.1767	 2.17688	 
18.12	 -0.781	 0	 -0.99	 -0.771818	 -0.000430239	 -0.971683	 -0.762481	 -0.000329109	 -0.953441	 -0.753113	 -0.000107889	 -0.935215	 -0.743894	 -0.0003904	 -0.916917	 -0.734741	 -0.000907263	 -0.89859	 2.14899	 2.14884	 2.14892	 2.14858	 2.14877	 
18.13	 -0.781	 0	 -0.99	 -0.772032	 -0.000316221	 -0.971788	 -0.762664	 -0.000301171	 -0.953776	 -0.75321	 -0.000208222	 -0.93581	 -0.744138	 -0.000430006	 -0.917651	 -0.735239	 -0.00080335	 -0.899407	 2.11994	 2.1198	 2.11988	 2.11953	 2.11972	 
18.14	 -0.781	 0	 -0.99	 -0.772169	 -0.000124383	 -0.971937	 -0.762841	 -0.000253946	 -0.954128	 -0.7534	 -0.000382807	 -0.936377	 -0.744432	 -0.00050616	 -0.918385	 -0.735685	 -0.000631608	 -0.900284	 2.09001	 2.08987	 2.08995	 2.0896	 2.08978	 
18.15	 -0.781	 0	 -0.99	 -0.772192	 7.50926e-005	 -0.972151	 -0.763	 -0.000206261	 -0.954501	 -0.753716	 -0.000566092	 -0.936899	 -0.744796	 -0.000588274	 -0.919109	 -0.736053	 -0.00045773	 -0.901231	 2.05923	 2.05908	 2.05917	 2.05882	 2.059	 
18.16	 -0.781	 0	 -0.99	 -0.772113	 0.000187883	 -0.972424	 -0.763139	 -0.000177685	 -0.954897	 -0.754145	 -0.000669851	 -0.937382	 -0.745231	 -0.00063796	 -0.919822	 -0.736361	 -0.000360659	 -0.90224	 2.02761	 2.02747	 2.02756	 2.0272	 2.02739	 
18.17	 -0.781	 0	 -0.99	 -0.772005	 0.000144402	 -0.972719	 -0.763281	 -0.000185907	 -0.955303	 -0.754619	 -0.000627762	 -0.937858	 -0.745702	 -0.000620813	 -0.920539	 -0.73667	 -0.000398048	 -0.903279	 1.99521	 1.99506	 1.99516	 1.9948	 1.99498	 
18.18	 -0.781	 0	 -0.99	 -0.771982	 -5.1404e-005	 -0.972977	 -0.763452	 -0.000230835	 -0.955705	 -0.755036	 -0.000442079	 -0.938378	 -0.746159	 -0.000533918	 -0.921284	 -0.737065	 -0.000564211	 -0.904302	 1.96207	 1.96192	 1.96202	 1.96166	 1.96185	 
18.19	 -0.781	 0	 -0.99	 -0.772126	 -0.000299923	 -0.973154	 -0.763668	 -0.000287219	 -0.956094	 -0.75531	 -0.000205645	 -0.938984	 -0.74656	 -0.000420355	 -0.922076	 -0.737621	 -0.000770509	 -0.905266	 1.92831	 1.92816	 1.92826	 1.9279	 1.9281	 
18.2	 -0.781	 0	 -0.99	 -0.77243	 -0.000439624	 -0.973253	 -0.763927	 -0.000319785	 -0.956468	 -0.755444	 -7.01886e-005	 -0.939674	 -0.746903	 -0.000350168	 -0.922912	 -0.73833	 -0.000883095	 -0.90617	 1.89406	 1.89391	 1.89402	 1.89366	 1.89387	 
18.21	 -0.781	 0	 -0.99	 -0.772773	 -0.000355153	 -0.973334	 -0.764201	 -0.000300179	 -0.956839	 -0.755555	 -0.000146545	 -0.940383	 -0.74724	 -0.000380301	 -0.923762	 -0.739081	 -0.000804941	 -0.907065	 1.85946	 1.85932	 1.85944	 1.85908	 1.8593	 
18.22	 -0.781	 0	 -0.99	 -0.772974	 -8.45964e-005	 -0.973487	 -0.76445	 -0.000235024	 -0.957226	 -0.755813	 -0.000398327	 -0.941024	 -0.747651	 -0.000497245	 -0.924581	 -0.739718	 -0.000569914	 -0.908023	 1.82465	 1.82451	 1.82462	 1.82427	 1.82449	 
18.23	 -0.781	 0	 -0.99	 -0.772939	 0.000164637	 -0.97376	 -0.76465	 -0.000173501	 -0.95764	 -0.756306	 -0.000627618	 -0.94155	 -0.74818	 -0.000605784	 -0.925345	 -0.740167	 -0.000356311	 -0.909084	 1.78968	 1.78953	 1.78964	 1.78929	 1.78951	 
18.24	 -0.781	 0	 -0.99	 -0.772781	 0.00015834	 -0.9741	 -0.764822	 -0.000170331	 -0.958071	 -0.756924	 -0.000614862	 -0.942014	 -0.74878	 -0.000599664	 -0.926077	 -0.740522	 -0.000358056	 -0.910199	 1.75456	 1.75441	 1.75453	 1.75416	 1.75438	 
18.25	 -0.781	 0	 -0.99	 -0.772762	 -0.000125489	 -0.974371	 -0.765028	 -0.000234195	 -0.958487	 -0.757416	 -0.000342643	 -0.942544	 -0.749327	 -0.000466789	 -0.92684	 -0.741004	 -0.000592165	 -0.911256	 1.71929	 1.71915	 1.71928	 1.71891	 1.71913	 
18.26	 -0.781	 0	 -0.99	 -0.773049	 -0.000408706	 -0.974489	 -0.76531	 -0.000302984	 -0.958866	 -0.757624	 -7.53196e-005	 -0.943218	 -0.749737	 -0.000333237	 -0.927673	 -0.741747	 -0.000827777	 -0.912185	 1.68395	 1.68381	 1.68395	 1.68358	 1.6838	 
18.27	 -0.781	 0	 -0.99	 -0.773482	 -0.000361234	 -0.974531	 -0.765628	 -0.000294573	 -0.959226	 -0.757697	 -0.000122876	 -0.943961	 -0.75008	 -0.000354341	 -0.928541	 -0.742616	 -0.000788953	 -0.913048	 1.64865	 1.6485	 1.64863	 1.64827	 1.64851	 
18.28	 -0.781	 0	 -0.99	 -0.773684	 -8.78907e-006	 -0.974685	 -0.765892	 -0.000210784	 -0.95961	 -0.757985	 -0.000457384	 -0.944594	 -0.750528	 -0.000520811	 -0.92935	 -0.743296	 -0.000497925	 -0.913997	 1.61357	 1.61341	 1.61354	 1.61319	 1.61343	 
18.29	 -0.781	 0	 -0.99	 -0.773525	 0.000204882	 -0.975018	 -0.766068	 -0.000159037	 -0.960031	 -0.758613	 -0.000660221	 -0.945045	 -0.751145	 -0.000625671	 -0.930061	 -0.743676	 -0.000324394	 -0.915078	 1.57892	 1.57878	 1.57893	 1.57858	 1.57882	 
18.3	 -0.781	 0	 -0.99	 -0.773374	 -4.0431e-005	 -0.975344	 -0.766243	 -0.000218301	 -0.960443	 -0.759234	 -0.00043089	 -0.945483	 -0.75176	 -0.000514374	 -0.930751	 -0.744058	 -0.000529199	 -0.916136	 1.54498	 1.54485	 1.54502	 1.54467	 1.54491	 
18.31	 -0.781	 0	 -0.99	 -0.773648	 -0.000409003	 -0.975453	 -0.766521	 -0.000307858	 -0.96079	 -0.759452	 -8.34523e-005	 -0.946099	 -0.752171	 -0.00033815	 -0.931515	 -0.74478	 -0.000830354	 -0.916991	 1.51198	 1.51185	 1.51204	 1.5117	 1.51195	 
18.32	 -0.781	 0	 -0.99	 -0.774131	 -0.000311818	 -0.975449	 -0.766848	 -0.000284001	 -0.961097	 -0.759465	 -0.000171539	 -0.946796	 -0.752467	 -0.000376766	 -0.932306	 -0.745661	 -0.000745189	 -0.917726	 1.48006	 1.47993	 1.48011	 1.47978	 1.48004	 
18.33	 -0.781	 0	 -0.99	 -0.774212	 0.000118221	 -0.975631	 -0.767072	 -0.000177601	 -0.961438	 -0.759842	 -0.000572542	 -0.947291	 -0.752936	 -0.000577703	 -0.932981	 -0.746201	 -0.00039008	 -0.918588	 1.44926	 1.44911	 1.44928	 1.44896	 1.44924	 
18.34	 -0.781	 0	 -0.99	 -0.773925	 0.000124785	 -0.975989	 -0.767195	 -0.000173143	 -0.961814	 -0.760546	 -0.000575968	 -0.947601	 -0.753569	 -0.000583018	 -0.933543	 -0.746433	 -0.000386859	 -0.919565	 1.41947	 1.41934	 1.41953	 1.4192	 1.41946	 
18.35	 -0.781	 0	 -0.99	 -0.774009	 -0.000328442	 -0.976163	 -0.767402	 -0.000283753	 -0.962136	 -0.760893	 -0.000149776	 -0.948062	 -0.75402	 -0.000367201	 -0.934165	 -0.746962	 -0.000759277	 -0.920364	 1.39063	 1.39052	 1.39072	 1.39038	 1.39064	 
18.36	 -0.781	 0	 -0.99	 -0.774533	 -0.000359109	 -0.976114	 -0.767721	 -0.000294742	 -0.96239	 -0.760825	 -0.000124608	 -0.948708	 -0.754252	 -0.000351305	 -0.93487	 -0.747843	 -0.000782638	 -0.92096	 1.36269	 1.36256	 1.36274	 1.36241	 1.36269	 
18.37	 -0.781	 0	 -0.99	 -0.774646	 0.000116668	 -0.976253	 -0.767938	 -0.000178352	 -0.96268	 -0.76114	 -0.000573607	 -0.949153	 -0.754669	 -0.000581412	 -0.935463	 -0.748372	 -0.000394451	 -0.921691	 1.33563	 1.33547	 1.33564	 1.33531	 1.3356	 
18.38	 -0.781	 0	 -0.99	 -0.774312	 7.95624e-005	 -0.976605	 -0.768034	 -0.000184903	 -0.963016	 -0.761855	 -0.000536604	 -0.949381	 -0.755289	 -0.000567208	 -0.935928	 -0.748528	 -0.000429585	 -0.922569	 1.30946	 1.30934	 1.30953	 1.3092	 1.30947	 
18.39	 -0.781	 0	 -0.99	 -0.774506	 -0.000405689	 -0.976698	 -0.768248	 -0.000306269	 -0.963279	 -0.762053	 -8.22756e-005	 -0.94983	 -0.755638	 -0.000333269	 -0.936488	 -0.749107	 -0.000826872	 -0.923206	 1.28447	 1.28437	 1.28457	 1.28424	 1.28452	 
18.4	 -0.781	 0	 -0.99	 -0.775018	 -0.000205603	 -0.976625	 -0.768541	 -0.000259307	 -0.963482	 -0.761944	 -0.000272206	 -0.950397	 -0.755815	 -0.00042678	 -0.93709	 -0.749926	 -0.000658975	 -0.923674	 1.26093	 1.2608	 1.261	 1.2607	 1.26101	 
18.41	 -0.781	 0	 -0.99	 -0.774833	 0.000207921	 -0.976868	 -0.76866	 -0.000153094	 -0.963742	 -0.762485	 -0.000656762	 -0.950621	 -0.756314	 -0.000625933	 -0.937491	 -0.750151	 -0.000318437	 -0.924357	 1.23913	 1.239	 1.2392	 1.23891	 1.23922	 
18.42	 -0.781	 0	 -0.99	 -0.774636	 -0.000205248	 -0.977107	 -0.768764	 -0.000252802	 -0.963982	 -0.763016	 -0.000264004	 -0.950801	 -0.756802	 -0.000423047	 -0.937835	 -0.750347	 -0.000652874	 -0.924987	 1.21929	 1.21921	 1.21945	 1.21915	 1.21945	 
18.43	 -0.781	 0	 -0.99	 -0.775166	 -0.000381513	 -0.97699	 -0.769034	 -0.000297117	 -0.964112	 -0.762829	 -9.42785e-005	 -0.95127	 -0.7569	 -0.000328001	 -0.9383	 -0.751113	 -0.000791177	 -0.92527	 1.2017	 1.2016	 1.20184	 1.20156	 1.20188	 
18.44	 -0.781	 0	 -0.99	 -0.775232	 0.000154825	 -0.977066	 -0.769178	 -0.000162199	 -0.964268	 -0.76305	 -0.000595341	 -0.951506	 -0.757189	 -0.000586959	 -0.938614	 -0.751474	 -0.000353088	 -0.925657	 1.18633	 1.18621	 1.18644	 1.18618	 1.18651	 
18.45	 -0.781	 0	 -0.99	 -0.774847	 -5.02112e-005	 -0.977341	 -0.769199	 -0.000213737	 -0.964451	 -0.763678	 -0.000407684	 -0.951505	 -0.757683	 -0.000495921	 -0.938772	 -0.751444	 -0.000525058	 -0.926154	 1.17299	 1.1729	 1.17314	 1.17287	 1.17318	 
18.46	 -0.781	 0	 -0.99	 -0.775263	 -0.000433628	 -0.977238	 -0.769411	 -0.0003139	 -0.964522	 -0.763534	 -5.42532e-005	 -0.951818	 -0.757764	 -0.000312938	 -0.939067	 -0.752045	 -0.000842378	 -0.926299	 1.16147	 1.16138	 1.16161	 1.16134	 1.16166	 
18.47	 -0.781	 0	 -0.99	 -0.775486	 7.9779e-005	 -0.977204	 -0.769567	 -0.000188654	 -0.964594	 -0.763548	 -0.000543397	 -0.952033	 -0.757906	 -0.000571711	 -0.939294	 -0.752467	 -0.000433283	 -0.926465	 1.1515	 1.15137	 1.15158	 1.15131	 1.15164	 
18.48	 -0.781	 0	 -0.99	 -0.775042	 1.77168e-005	 -0.977468	 -0.769549	 -0.000206886	 -0.964728	 -0.764174	 -0.000495735	 -0.951938	 -0.758363	 -0.0005573	 -0.939338	 -0.752329	 -0.000494933	 -0.926842	 1.1428	 1.14269	 1.14291	 1.14262	 1.14293	 
18.49	 -0.781	 0	 -0.99	 -0.775372	 -0.000446086	 -0.977378	 -0.769723	 -0.00032772	 -0.964758	 -0.76407	 -6.7047e-005	 -0.952141	 -0.758433	 -0.000334479	 -0.939518	 -0.752803	 -0.000876928	 -0.926899	 1.13538	 1.13529	 1.13551	 1.13523	 1.13554	 
18.5	 -0.781	 0	 -0.99	 -0.77566	 3.90739e-005	 -0.977287	 -0.769877	 -0.00020689	 -0.964774	 -0.763979	 -0.000522447	 -0.952313	 -0.758492	 -0.00057097	 -0.939665	 -0.753223	 -0.000484677	 -0.926922	 1.12948	 1.12934	 1.12954	 1.12929	 1.12962	 
18.51	 -0.781	 0	 -0.99	 -0.77519	 4.23145e-005	 -0.977526	 -0.769822	 -0.000203069	 -0.964858	 -0.764565	 -0.000522813	 -0.952144	 -0.758894	 -0.000574551	 -0.939607	 -0.75301	 -0.000482694	 -0.927166	 1.12527	 1.12518	 1.12541	 1.12516	 1.12548	 
18.52	 -0.781	 0	 -0.99	 -0.775469	 -0.00044306	 -0.977422	 -0.769949	 -0.000325801	 -0.964833	 -0.764435	 -6.62915e-005	 -0.952241	 -0.758913	 -0.000331238	 -0.939655	 -0.753383	 -0.000870959	 -0.927078	 1.1232	 1.12313	 1.12338	 1.12313	 1.12347	 
18.53	 -0.781	 0	 -0.99	 -0.775765	 2.8284e-005	 -0.977286	 -0.770078	 -0.000206465	 -0.96477	 -0.764276	 -0.000504375	 -0.952307	 -0.758895	 -0.000555483	 -0.939654	 -0.753737	 -0.000482169	 -0.926907	 1.12357	 1.12347	 1.1237	 1.1235	 1.12385	 
18.54	 -0.781	 0	 -0.99	 -0.775282	 5.41038e-005	 -0.977475	 -0.769994	 -0.000194232	 -0.964766	 -0.764813	 -0.000521652	 -0.952012	 -0.759227	 -0.000566307	 -0.939428	 -0.753434	 -0.000459011	 -0.926936	 1.12641	 1.12634	 1.12659	 1.12638	 1.12672	 
18.55	 -0.781	 0	 -0.99	 -0.775521	 -0.000436929	 -0.977338	 -0.770076	 -0.000318149	 -0.964655	 -0.764644	 -6.01304e-005	 -0.951967	 -0.759178	 -0.000321968	 -0.939295	 -0.753691	 -0.000853959	 -0.926637	 1.13172	 1.13166	 1.13192	 1.13171	 1.13206	 
18.56	 -0.781	 0	 -0.99	 -0.775818	 6.5306e-006	 -0.977153	 -0.77017	 -0.000207618	 -0.964506	 -0.764403	 -0.00047527	 -0.951912	 -0.75907	 -0.000535499	 -0.939126	 -0.753968	 -0.000490977	 -0.926245	 1.1393	 1.13921	 1.13944	 1.13924	 1.1396	 
18.57	 -0.781	 0	 -0.99	 -0.775331	 8.4998e-005	 -0.977292	 -0.770053	 -0.000184384	 -0.96442	 -0.764872	 -0.000545798	 -0.951509	 -0.759322	 -0.000575785	 -0.938749	 -0.753586	 -0.000429327	 -0.92607	 1.14874	 1.14866	 1.14889	 1.14868	 1.14902	 
18.58	 -0.781	 0	 -0.99	 -0.775478	 -0.000423668	 -0.977155	 -0.770082	 -0.000314083	 -0.964252	 -0.764722	 -7.06257e-005	 -0.951333	 -0.759244	 -0.000327867	 -0.938466	 -0.753704	 -0.00084462	 -0.925631	 1.15971	 1.15965	 1.15987	 1.15965	 1.15998	 
18.59	 -0.781	 0	 -0.99	 -0.77583	 -6.86673e-005	 -0.976917	 -0.770162	 -0.000228373	 -0.964043	 -0.764371	 -0.000407851	 -0.951223	 -0.759046	 -0.000502059	 -0.938202	 -0.753967	 -0.000557839	 -0.925081	 1.17196	 1.17186	 1.17206	 1.17185	 1.17219	 
18.6	 -0.781	 0	 -0.99	 -0.775387	 0.000145386	 -0.977005	 -0.770041	 -0.000175493	 -0.963903	 -0.76476	 -0.000614355	 -0.950776	 -0.759227	 -0.000617235	 -0.937747	 -0.753568	 -0.000391359	 -0.924772	 1.18528	 1.18519	 1.18539	 1.18517	 1.1855	 
18.61	 -0.781	 0	 -0.99	 -0.775355	 -0.000370672	 -0.97692	 -0.770013	 -0.000307657	 -0.963709	 -0.764748	 -0.000138142	 -0.950467	 -0.759195	 -0.000375436	 -0.937345	 -0.753491	 -0.000820201	 -0.924292	 1.19973	 1.19966	 1.19987	 1.19965	 1.19998	 
18.62	 -0.781	 0	 -0.99	 -0.775783	 -0.00022475	 -0.976628	 -0.770089	 -0.000275703	 -0.963452	 -0.764276	 -0.000281707	 -0.950326	 -0.758908	 -0.000450715	 -0.937014	 -0.75377	 -0.000707875	 -0.923611	 1.21558	 1.21549	 1.21569	 1.21549	 1.21583	 
18.63	 -0.781	 0	 -0.99	 -0.775495	 0.000182938	 -0.97662	 -0.769978	 -0.000176682	 -0.963248	 -0.764455	 -0.000672471	 -0.949882	 -0.758943	 -0.000659712	 -0.936504	 -0.753443	 -0.000383766	 -0.923121	 1.23304	 1.23295	 1.23317	 1.23299	 1.23332	 
18.64	 -0.781	 0	 -0.99	 -0.775183	 -0.000198926	 -0.976614	 -0.769852	 -0.000274319	 -0.963027	 -0.764642	 -0.000321198	 -0.94939	 -0.758976	 -0.000484253	 -0.935939	 -0.753075	 -0.000702509	 -0.922588	 1.25232	 1.25227	 1.25249	 1.25232	 1.25265	 
18.65	 -0.781	 0	 -0.99	 -0.775553	 -0.000407282	 -0.976314	 -0.769887	 -0.000329385	 -0.962711	 -0.764169	 -0.000128753	 -0.949131	 -0.758655	 -0.000383642	 -0.935468	 -0.753242	 -0.000875764	 -0.921768	 1.2735	 1.27345	 1.27367	 1.2735	 1.27384	 
18.66	 -0.781	 0	 -0.99	 -0.775621	 4.90296e-005	 -0.97612	 -0.76984	 -0.000217795	 -0.962405	 -0.763958	 -0.000560698	 -0.948733	 -0.758452	 -0.000607123	 -0.934903	 -0.753143	 -0.000505928	 -0.920994	 1.29637	 1.29629	 1.2965	 1.29634	 1.29668	 
18.67	 -0.781	 0	 -0.99	 -0.775155	 9.00806e-005	 -0.976137	 -0.769653	 -0.000207902	 -0.962138	 -0.764234	 -0.000604365	 -0.948107	 -0.758493	 -0.000636443	 -0.934201	 -0.752592	 -0.000477768	 -0.920361	 1.3205	 1.32043	 1.32063	 1.32046	 1.32079	 
18.68	 -0.781	 0	 -0.99	 -0.775121	 -0.00036224	 -0.975977	 -0.769568	 -0.000322499	 -0.961819	 -0.764096	 -0.000185515	 -0.947627	 -0.758317	 -0.000425412	 -0.933561	 -0.75238	 -0.00085367	 -0.919563	 1.3455	 1.34544	 1.34563	 1.34544	 1.34576	 
18.69	 -0.781	 0	 -0.99	 -0.775482	 -0.000326607	 -0.97565	 -0.769577	 -0.000318455	 -0.961452	 -0.763577	 -0.00022491	 -0.947293	 -0.757935	 -0.000444956	 -0.93299	 -0.752475	 -0.000829111	 -0.918618	 1.37108	 1.37099	 1.37117	 1.37098	 1.37129	 
18.7	 -0.781	 0	 -0.99	 -0.775389	 9.94763e-005	 -0.975499	 -0.769468	 -0.000215149	 -0.961126	 -0.763466	 -0.000628928	 -0.946788	 -0.757749	 -0.000653592	 -0.932329	 -0.752183	 -0.000484754	 -0.91781	 1.3971	 1.39701	 1.39717	 1.39698	 1.39729	 
18.71	 -0.781	 0	 -0.99	 -0.774948	 6.46363e-005	 -0.975488	 -0.769262	 -0.000222595	 -0.960832	 -0.763663	 -0.000598572	 -0.946144	 -0.757715	 -0.000644186	 -0.931589	 -0.751595	 -0.000518659	 -0.917104	 1.42366	 1.42359	 1.42376	 1.42358	 1.42389	 
18.72	 -0.781	 0	 -0.99	 -0.774894	 -0.000343996	 -0.975319	 -0.769143	 -0.00032477	 -0.960492	 -0.763481	 -0.000219242	 -0.945631	 -0.757483	 -0.000455349	 -0.930904	 -0.751314	 -0.000859253	 -0.916249	 1.45103	 1.45097	 1.45115	 1.45098	 1.45129	 
18.73	 -0.781	 0	 -0.99	 -0.775197	 -0.000384746	 -0.974998	 -0.769109	 -0.00033949	 -0.960104	 -0.762954	 -0.000187459	 -0.945238	 -0.757067	 -0.000439174	 -0.930266	 -0.751313	 -0.000897558	 -0.915245	 1.47941	 1.47935	 1.47953	 1.47937	 1.47969	 
18.74	 -0.781	 0	 -0.99	 -0.775223	 -1.40549e-005	 -0.974776	 -0.769004	 -0.00025242	 -0.959729	 -0.762678	 -0.000542008	 -0.944726	 -0.756767	 -0.000620649	 -0.929554	 -0.751067	 -0.00059871	 -0.914298	 1.50883	 1.50876	 1.50894	 1.50879	 1.5091	 
18.75	 -0.781	 0	 -0.99	 -0.774845	 0.000150207	 -0.97471	 -0.768794	 -0.000213503	 -0.959383	 -0.762768	 -0.000703155	 -0.944049	 -0.756642	 -0.000709217	 -0.928747	 -0.750472	 -0.000471961	 -0.913462	 1.53911	 1.53904	 1.53921	 1.53906	 1.53937	 
18.76	 -0.781	 0	 -0.99	 -0.774555	 -0.000125054	 -0.97461	 -0.768597	 -0.00028199	 -0.959026	 -0.762758	 -0.000450275	 -0.943396	 -0.756461	 -0.000589694	 -0.927945	 -0.749936	 -0.000708703	 -0.912587	 1.56994	 1.56987	 1.57003	 1.56988	 1.57017	 
18.77	 -0.781	 0	 -0.99	 -0.774654	 -0.000421387	 -0.974353	 -0.768487	 -0.000356905	 -0.95863	 -0.762368	 -0.000176403	 -0.942888	 -0.756082	 -0.000455414	 -0.927215	 -0.74971	 -0.000960806	 -0.91158	 1.60101	 1.60094	 1.60108	 1.60092	 1.60122	 
18.78	 -0.781	 0	 -0.99	 -0.774882	 -0.000347214	 -0.974042	 -0.768406	 -0.000342344	 -0.958222	 -0.761848	 -0.000251642	 -0.942435	 -0.755632	 -0.000493055	 -0.926514	 -0.74958	 -0.000902646	 -0.91053	 1.63211	 1.63203	 1.63217	 1.632	 1.6323	 
18.79	 -0.781	 0	 -0.99	 -0.774849	 -2.61333e-005	 -0.973832	 -0.76826	 -0.000268546	 -0.957839	 -0.761569	 -0.000560729	 -0.941889	 -0.755294	 -0.000648553	 -0.925769	 -0.749226	 -0.000639631	 -0.909568	 1.66319	 1.66311	 1.66325	 1.66308	 1.66337	 
18.8	 -0.781	 0	 -0.99	 -0.774524	 0.000146237	 -0.973739	 -0.768043	 -0.000229626	 -0.957484	 -0.76156	 -0.000729117	 -0.941232	 -0.755085	 -0.000736041	 -0.924971	 -0.74862	 -0.000501982	 -0.908705	 1.69435	 1.69427	 1.69441	 1.69425	 1.69453	 
18.81	 -0.781	 0	 -0.99	 -0.774198	 -7.11154e-006	 -0.973648	 -0.76782	 -0.000266689	 -0.957129	 -0.761545	 -0.000588249	 -0.940571	 -0.75487	 -0.000671657	 -0.924168	 -0.748002	 -0.00063427	 -0.907842	 1.7257	 1.72563	 1.72577	 1.72562	 1.7259	 
18.82	 -0.781	 0	 -0.99	 -0.774121	 -0.000302255	 -0.973458	 -0.767654	 -0.000336979	 -0.956748	 -0.761288	 -0.000311122	 -0.939999	 -0.75453	 -0.000537689	 -0.923406	 -0.747579	 -0.000881459	 -0.906893	 1.75733	 1.75726	 1.75739	 1.75725	 1.75753	 
18.83	 -0.781	 0	 -0.99	 -0.774263	 -0.000446112	 -0.973177	 -0.767537	 -0.000372	 -0.956344	 -0.760814	 -0.000174623	 -0.93951	 -0.754077	 -0.000467996	 -0.922684	 -0.74733	 -0.00100001	 -0.905866	 1.78918	 1.78911	 1.78924	 1.7891	 1.78938	 
18.84	 -0.781	 0	 -0.99	 -0.774403	 -0.000326238	 -0.972893	 -0.767415	 -0.000343345	 -0.95594	 -0.760334	 -0.000285185	 -0.939025	 -0.753617	 -0.000518132	 -0.921964	 -0.747076	 -0.000896537	 -0.904836	 1.8211	 1.82103	 1.82116	 1.821	 1.82127	 
18.85	 -0.781	 0	 -0.99	 -0.774352	 -6.58717e-005	 -0.972686	 -0.767242	 -0.000280367	 -0.955558	 -0.760023	 -0.000527596	 -0.938476	 -0.753237	 -0.000634178	 -0.921217	 -0.746662	 -0.0006773	 -0.903874	 1.85288	 1.85281	 1.85293	 1.85277	 1.85304	 
18.86	 -0.781	 0	 -0.99	 -0.7741	 0.000123461	 -0.972563	 -0.767019	 -0.000234775	 -0.955202	 -0.759895	 -0.000704358	 -0.93786	 -0.752941	 -0.000719754	 -0.920445	 -0.746072	 -0.000520016	 -0.902995	 1.88434	 1.88426	 1.88438	 1.88421	 1.88448	 
18.87	 -0.781	 0	 -0.99	 -0.773784	 0.000114335	 -0.97247	 -0.766782	 -0.000236335	 -0.954858	 -0.759827	 -0.000696894	 -0.937228	 -0.752664	 -0.000718223	 -0.919677	 -0.745407	 -0.00052728	 -0.902164	 1.91532	 1.91524	 1.91535	 1.91519	 1.91546	 
18.88	 -0.781	 0	 -0.99	 -0.773554	 -6.5857e-005	 -0.972349	 -0.766564	 -0.000278891	 -0.954514	 -0.759673	 -0.000528512	 -0.936641	 -0.752339	 -0.00063899	 -0.918944	 -0.744801	 -0.000677795	 -0.901331	 1.94577	 1.94569	 1.94579	 1.94564	 1.94591	 
18.89	 -0.781	 0	 -0.99	 -0.773479	 -0.000289462	 -0.972169	 -0.766373	 -0.000331012	 -0.954167	 -0.759359	 -0.00031708	 -0.936128	 -0.75194	 -0.000538447	 -0.918255	 -0.744332	 -0.000867367	 -0.90046	 1.9757	 1.97562	 1.97573	 1.97558	 1.97584	 
18.9	 -0.781	 0	 -0.99	 -0.773529	 -0.000428028	 -0.971941	 -0.766205	 -0.000362349	 -0.953818	 -0.758915	 -0.000185753	 -0.93568	 -0.751483	 -0.000477342	 -0.917604	 -0.743979	 -0.000987223	 -0.89956	 2.00516	 2.00508	 2.00518	 2.00503	 2.00528	 
18.91	 -0.781	 0	 -0.99	 -0.773619	 -0.00041945	 -0.971698	 -0.766047	 -0.000362526	 -0.95347	 -0.758435	 -0.000196138	 -0.935259	 -0.751003	 -0.000482907	 -0.916976	 -0.743652	 -0.000984562	 -0.898663	 2.03415	 2.03407	 2.03418	 2.03402	 2.03427	 
18.92	 -0.781	 0	 -0.99	 -0.773653	 -0.000285426	 -0.97148	 -0.765878	 -0.000335377	 -0.953134	 -0.758008	 -0.000329261	 -0.934828	 -0.750546	 -0.000546927	 -0.916354	 -0.743271	 -0.000874234	 -0.897805	 2.06264	 2.06257	 2.06267	 2.06251	 2.06275	 
18.93	 -0.781	 0	 -0.99	 -0.773575	 -9.75992e-005	 -0.971312	 -0.765682	 -0.000295288	 -0.952818	 -0.757685	 -0.000513354	 -0.934367	 -0.750136	 -0.000635512	 -0.91573	 -0.742796	 -0.000718346	 -0.897007	 2.09053	 2.09047	 2.09056	 2.09039	 2.09064	 
18.94	 -0.781	 0	 -0.99	 -0.773394	 6.25152e-005	 -0.971192	 -0.765467	 -0.000260646	 -0.95252	 -0.757467	 -0.000668468	 -0.93388	 -0.749773	 -0.000710197	 -0.915108	 -0.742225	 -0.000586577	 -0.896276	 2.11769	 2.11762	 2.11772	 2.11754	 2.11777	 
18.95	 -0.781	 0	 -0.99	 -0.773149	 0.000136283	 -0.971106	 -0.765238	 -0.000243787	 -0.95224	 -0.757312	 -0.000740292	 -0.933383	 -0.749441	 -0.000746493	 -0.914498	 -0.741602	 -0.000525723	 -0.895599	 2.14397	 2.1439	 2.14398	 2.1438	 2.14403	 
18.96	 -0.781	 0	 -0.99	 -0.772894	 0.000108856	 -0.971032	 -0.765005	 -0.000249945	 -0.951977	 -0.757164	 -0.000714788	 -0.932904	 -0.749119	 -0.000736663	 -0.913911	 -0.740983	 -0.000551991	 -0.894957	 2.16928	 2.16919	 2.16927	 2.16908	 2.16932	 
18.97	 -0.781	 0	 -0.99	 -0.772691	 -1.81471e-006	 -0.970946	 -0.76479	 -0.000274455	 -0.951721	 -0.756979	 -0.000610607	 -0.932461	 -0.748774	 -0.000689794	 -0.913363	 -0.740393	 -0.000645931	 -0.89434	 2.19356	 2.19346	 2.19354	 2.19336	 2.1936	 
18.98	 -0.781	 0	 -0.99	 -0.77256	 -0.000153171	 -0.970837	 -0.764593	 -0.000307839	 -0.951473	 -0.756724	 -0.000465531	 -0.932068	 -0.748395	 -0.000621387	 -0.912858	 -0.73986	 -0.00077113	 -0.893736	 2.21683	 2.21673	 2.2168	 2.21664	 2.21687	 
18.99	 -0.781	 0	 -0.99	 -0.77249	 -0.000297186	 -0.970709	 -0.764395	 -0.000336877	 -0.951238	 -0.756392	 -0.000321685	 -0.931729	 -0.747992	 -0.000552661	 -0.912391	 -0.739409	 -0.000891174	 -0.893132	 2.23914	 2.23903	 2.23911	 2.23894	 2.23917	 
19	 -0.781	 0	 -0.99	 -0.772477	 -0.000400203	 -0.970563	 -0.76421	 -0.0003557	 -0.951012	 -0.756008	 -0.000215754	 -0.931434	 -0.74757	 -0.000500484	 -0.911959	 -0.739016	 -0.000973712	 -0.892537	 2.26052	 2.26041	 2.26049	 2.26031	 2.26053	 
19.01	 -0.781	 0	 -0.99	 -0.772507	 -0.000443752	 -0.970404	 -0.76405	 -0.000365053	 -0.950788	 -0.755606	 -0.000170493	 -0.931167	 -0.747133	 -0.000473269	 -0.911561	 -0.73864	 -0.00100214	 -0.891967	 2.28097	 2.28087	 2.28094	 2.28076	 2.28097	 
19.02	 -0.781	 0	 -0.99	 -0.772541	 -0.000423024	 -0.970249	 -0.763895	 -0.000359692	 -0.950576	 -0.755211	 -0.000188344	 -0.93092	 -0.746702	 -0.000478259	 -0.911189	 -0.73827	 -0.000978985	 -0.891429	 2.30045	 2.30035	 2.30042	 2.30023	 2.30045	 
19.03	 -0.781	 0	 -0.99	 -0.772544	 -0.000346016	 -0.970115	 -0.763731	 -0.000341982	 -0.950383	 -0.754841	 -0.0002588	 -0.930685	 -0.746292	 -0.000509558	 -0.91084	 -0.737893	 -0.000915451	 -0.890932	 2.31885	 2.31876	 2.31883	 2.31863	 2.31884	 
19.04	 -0.781	 0	 -0.99	 -0.772514	 -0.000236809	 -0.970003	 -0.763566	 -0.000318523	 -0.950208	 -0.754518	 -0.000364001	 -0.930458	 -0.745906	 -0.000557321	 -0.910517	 -0.737489	 -0.000821942	 -0.890491	 2.33602	 2.33593	 2.336	 2.33578	 2.33598	 
19.05	 -0.781	 0	 -0.99	 -0.772438	 -0.000115886	 -0.969922	 -0.763396	 -0.000294176	 -0.950056	 -0.754248	 -0.00048268	 -0.930239	 -0.745552	 -0.000611292	 -0.91022	 -0.737062	 -0.000719424	 -0.890111	 2.35181	 2.35173	 2.35179	 2.35156	 2.35175	 
19.06	 -0.781	 0	 -0.99	 -0.772315	 -2.76377e-006	 -0.969871	 -0.763216	 -0.000270014	 -0.949929	 -0.754026	 -0.000592925	 -0.930029	 -0.745234	 -0.000664024	 -0.909949	 -0.736622	 -0.000627511	 -0.88979	 2.36614	 2.36606	 2.36611	 2.36588	 2.36608	 
19.07	 -0.781	 0	 -0.99	 -0.772161	 8.44878e-005	 -0.969846	 -0.763034	 -0.000251604	 -0.949824	 -0.753848	 -0.000678519	 -0.929831	 -0.744942	 -0.000705482	 -0.909708	 -0.736164	 -0.000556828	 -0.889528	 2.37906	 2.37898	 2.37904	 2.3788	 2.379	 
19.08	 -0.781	 0	 -0.99	 -0.771992	 0.000134928	 -0.969837	 -0.76286	 -0.000241386	 -0.949734	 -0.753703	 -0.000727879	 -0.929645	 -0.744669	 -0.000727927	 -0.909495	 -0.735693	 -0.000512837	 -0.88932	 2.3907	 2.39061	 2.39068	 2.39045	 2.39064	 
19.09	 -0.781	 0	 -0.99	 -0.771825	 0.000144837	 -0.969837	 -0.762699	 -0.00023764	 -0.949656	 -0.753578	 -0.000735099	 -0.929473	 -0.744407	 -0.000729824	 -0.90931	 -0.735221	 -0.000499733	 -0.889153	 2.40122	 2.40112	 2.40119	 2.40097	 2.40117	 
19.1	 -0.781	 0	 -0.99	 -0.771659	 0.000117128	 -0.969844	 -0.762535	 -0.000240416	 -0.949593	 -0.753453	 -0.000702044	 -0.929324	 -0.744159	 -0.00071241	 -0.909148	 -0.734779	 -0.000520111	 -0.889011	 2.41072	 2.41062	 2.41068	 2.41047	 2.41067	 
19.11	 -0.781	 0	 -0.99	 -0.771505	 5.49108e-005	 -0.969854	 -0.762371	 -0.000250175	 -0.949546	 -0.753317	 -0.000637109	 -0.929203	 -0.743923	 -0.000682046	 -0.909011	 -0.734381	 -0.000569643	 -0.888889	 2.41917	 2.41906	 2.41912	 2.4189	 2.4191	 
19.12	 -0.781	 0	 -0.99	 -0.771391	 -3.30859e-005	 -0.969856	 -0.762232	 -0.000269257	 -0.949505	 -0.75317	 -0.000551546	 -0.929111	 -0.743684	 -0.00064102	 -0.908912	 -0.734011	 -0.000640338	 -0.888799	 2.42641	 2.42629	 2.42635	 2.42613	 2.42633	 
19.13	 -0.781	 0	 -0.99	 -0.771313	 -0.000134424	 -0.969852	 -0.762108	 -0.000290487	 -0.949479	 -0.753009	 -0.000454333	 -0.929059	 -0.74345	 -0.000597131	 -0.908852	 -0.733688	 -0.000724098	 -0.88874	 2.4322	 2.43207	 2.43212	 2.43189	 2.43209	 
19.14	 -0.781	 0	 -0.99	 -0.771267	 -0.000234504	 -0.969844	 -0.761998	 -0.000311264	 -0.949471	 -0.752832	 -0.000356444	 -0.929052	 -0.743226	 -0.000553324	 -0.908838	 -0.733422	 -0.000811564	 -0.888718	 2.43629	 2.43615	 2.43618	 2.43594	 2.43614	 
19.15	 -0.781	 0	 -0.99	 -0.771266	 -0.00032719	 -0.969831	 -0.761915	 -0.000332136	 -0.949479	 -0.752647	 -0.000269814	 -0.929089	 -0.743008	 -0.00051375	 -0.908876	 -0.733204	 -0.000888144	 -0.888743	 2.43847	 2.43833	 2.43835	 2.4381	 2.4383	 
19.16	 -0.781	 0	 -0.99	 -0.77129	 -0.000398201	 -0.969819	 -0.761844	 -0.000348862	 -0.94951	 -0.752455	 -0.00020348	 -0.929175	 -0.742808	 -0.00048381	 -0.908964	 -0.733045	 -0.000950296	 -0.888811	 2.43867	 2.43852	 2.43855	 2.43829	 2.43848	 
19.17	 -0.781	 0	 -0.99	 -0.77133	 -0.000439902	 -0.969813	 -0.761779	 -0.00035769	 -0.949566	 -0.75226	 -0.000163955	 -0.929305	 -0.742629	 -0.000468135	 -0.909099	 -0.732943	 -0.000990609	 -0.888924	 2.43692	 2.43677	 2.4368	 2.43654	 2.43672	 
19.18	 -0.781	 0	 -0.99	 -0.771392	 -0.000449551	 -0.96981	 -0.761738	 -0.000361848	 -0.949638	 -0.752078	 -0.0001572	 -0.929469	 -0.742466	 -0.000464426	 -0.909281	 -0.732868	 -0.000999032	 -0.88909	 2.43335	 2.43321	 2.43324	 2.43296	 2.43314	 
19.19	 -0.781	 0	 -0.99	 -0.771464	 -0.000423443	 -0.969814	 -0.761715	 -0.000357667	 -0.949725	 -0.751921	 -0.000183628	 -0.92966	 -0.742325	 -0.00047444	 -0.909502	 -0.732814	 -0.000974457	 -0.889307	 2.42809	 2.42796	 2.428	 2.42772	 2.42789	 
19.2	 -0.781	 0	 -0.99	 -0.771525	 -0.000361636	 -0.969833	 -0.761697	 -0.000343639	 -0.949833	 -0.751792	 -0.000241078	 -0.929871	 -0.742215	 -0.000499038	 -0.909753	 -0.732783	 -0.000921283	 -0.889568	 2.42131	 2.42119	 2.42124	 2.42095	 2.42112	 
19.21	 -0.781	 0	 -0.99	 -0.771564	 -0.000271299	 -0.969873	 -0.761679	 -0.000323474	 -0.949961	 -0.751697	 -0.000325096	 -0.930097	 -0.742138	 -0.000534925	 -0.91003	 -0.732766	 -0.000843218	 -0.889874	 2.41312	 2.413	 2.41305	 2.41276	 2.41293	 
19.22	 -0.781	 0	 -0.99	 -0.771576	 -0.000163396	 -0.969935	 -0.761665	 -0.000299258	 -0.950107	 -0.751649	 -0.000426348	 -0.930332	 -0.742095	 -0.000578355	 -0.910331	 -0.732748	 -0.000747033	 -0.890232	 2.40355	 2.40343	 2.40349	 2.4032	 2.40336	 
19.23	 -0.781	 0	 -0.99	 -0.77156	 -4.90762e-005	 -0.970022	 -0.761657	 -0.00027289	 -0.950271	 -0.751653	 -0.000530811	 -0.930572	 -0.742087	 -0.000621772	 -0.910656	 -0.73272	 -0.000644646	 -0.890645	 2.39258	 2.39247	 2.39253	 2.39223	 2.39239	 
19.24	 -0.781	 0	 -0.99	 -0.77151	 5.51928e-005	 -0.970136	 -0.761651	 -0.000245705	 -0.950456	 -0.751711	 -0.000622604	 -0.930818	 -0.742122	 -0.000660026	 -0.911004	 -0.732693	 -0.0005494	 -0.891113	 2.38014	 2.38003	 2.38008	 2.37978	 2.37994	 
19.25	 -0.781	 0	 -0.99	 -0.771435	 0.000132777	 -0.970275	 -0.761654	 -0.000224915	 -0.95066	 -0.751824	 -0.000688283	 -0.931072	 -0.742198	 -0.000685424	 -0.911379	 -0.732669	 -0.000476972	 -0.891639	 2.36611	 2.36598	 2.36604	 2.36572	 2.36589	 
19.26	 -0.781	 0	 -0.99	 -0.77135	 0.000165965	 -0.970432	 -0.761672	 -0.000214509	 -0.950883	 -0.751981	 -0.000715033	 -0.931341	 -0.74231	 -0.000694779	 -0.911787	 -0.732655	 -0.000440994	 -0.892224	 2.35035	 2.35022	 2.35027	 2.34995	 2.35012	 
19.27	 -0.781	 0	 -0.99	 -0.771257	 0.000148147	 -0.970607	 -0.761692	 -0.00021582	 -0.95113	 -0.752161	 -0.000693251	 -0.931639	 -0.742457	 -0.000684532	 -0.912229	 -0.732682	 -0.000455332	 -0.892856	 2.3328	 2.33266	 2.3327	 2.33237	 2.33254	 
19.28	 -0.781	 0	 -0.99	 -0.771182	 7.45293e-005	 -0.970788	 -0.761724	 -0.00022987	 -0.951399	 -0.752347	 -0.000621214	 -0.931973	 -0.74263	 -0.000654278	 -0.912713	 -0.732761	 -0.000520072	 -0.893529	 2.31344	 2.31328	 2.31332	 2.31299	 2.31316	 
19.29	 -0.781	 0	 -0.99	 -0.771159	 -4.79893e-005	 -0.970956	 -0.761788	 -0.000258513	 -0.951677	 -0.752523	 -0.000508077	 -0.932349	 -0.74281	 -0.000604241	 -0.913242	 -0.732897	 -0.00062521	 -0.894237	 2.29235	 2.2922	 2.29224	 2.29191	 2.29209	 
19.3	 -0.781	 0	 -0.99	 -0.771198	 -0.000196336	 -0.971103	 -0.761879	 -0.000293913	 -0.951965	 -0.752667	 -0.00037242	 -0.932774	 -0.742995	 -0.000545301	 -0.913814	 -0.733113	 -0.000755781	 -0.894961	 2.26976	 2.26961	 2.26965	 2.26933	 2.26951	 
19.31	 -0.781	 0	 -0.99	 -0.771306	 -0.000337397	 -0.971227	 -0.761993	 -0.000327508	 -0.952259	 -0.752767	 -0.000243896	 -0.933249	 -0.743176	 -0.000491573	 -0.914424	 -0.733418	 -0.000884923	 -0.895687	 2.24591	 2.24576	 2.24581	 2.24549	 2.24568	 
19.32	 -0.781	 0	 -0.99	 -0.771478	 -0.000434326	 -0.971324	 -0.762131	 -0.00035331	 -0.952556	 -0.752825	 -0.000158538	 -0.933768	 -0.743351	 -0.000455451	 -0.915068	 -0.733796	 -0.000975519	 -0.896413	 2.22103	 2.22089	 2.22095	 2.22063	 2.22082	 
19.33	 -0.781	 0	 -0.99	 -0.771688	 -0.000453717	 -0.971408	 -0.762286	 -0.000361061	 -0.952857	 -0.752865	 -0.000146575	 -0.934317	 -0.743528	 -0.000451467	 -0.915737	 -0.734225	 -0.000995354	 -0.897145	 2.19528	 2.19514	 2.19522	 2.19489	 2.19508	 
19.34	 -0.781	 0	 -0.99	 -0.771893	 -0.000376329	 -0.9715	 -0.762447	 -0.000345864	 -0.953168	 -0.752927	 -0.000221941	 -0.934874	 -0.743727	 -0.000484813	 -0.916421	 -0.734671	 -0.000930831	 -0.897899	 2.16868	 2.16854	 2.16862	 2.16829	 2.16847	 
19.35	 -0.781	 0	 -0.99	 -0.772044	 -0.000217192	 -0.971625	 -0.762606	 -0.000309282	 -0.953493	 -0.75306	 -0.000370982	 -0.935418	 -0.743972	 -0.000551265	 -0.91711	 -0.735095	 -0.000791865	 -0.898699	 2.14113	 2.14099	 2.14107	 2.14073	 2.14091	 
19.36	 -0.781	 0	 -0.99	 -0.772104	 -2.33676e-005	 -0.971804	 -0.762753	 -0.000262758	 -0.953841	 -0.7533	 -0.000548575	 -0.935931	 -0.744281	 -0.000629612	 -0.917799	 -0.735466	 -0.000620586	 -0.899566	 2.1125	 2.11236	 2.11243	 2.11208	 2.11227	 
19.37	 -0.781	 0	 -0.99	 -0.772066	 0.000131071	 -0.972042	 -0.76289	 -0.000222804	 -0.954211	 -0.753659	 -0.000685225	 -0.93641	 -0.744661	 -0.000688219	 -0.918487	 -0.735776	 -0.000479901	 -0.900507	 2.08268	 2.08253	 2.0826	 2.08225	 2.08243	 
19.38	 -0.781	 0	 -0.99	 -0.771972	 0.000172156	 -0.972319	 -0.763026	 -0.000206515	 -0.954599	 -0.754099	 -0.000712021	 -0.936874	 -0.745093	 -0.000695037	 -0.919184	 -0.736056	 -0.00043177	 -0.90151	 2.05164	 2.05148	 2.05157	 2.0512	 2.05139	 
19.39	 -0.781	 0	 -0.99	 -0.771897	 6.62261e-005	 -0.972595	 -0.763177	 -0.000224179	 -0.954998	 -0.754543	 -0.000597797	 -0.937359	 -0.745543	 -0.000634147	 -0.919904	 -0.736377	 -0.000508161	 -0.902534	 2.01948	 2.01933	 2.01941	 2.01905	 2.01924	 
19.4	 -0.781	 0	 -0.99	 -0.77193	 -0.000151102	 -0.972824	 -0.763356	 -0.000267766	 -0.955395	 -0.754898	 -0.000379581	 -0.937909	 -0.745969	 -0.00052462	 -0.920662	 -0.736819	 -0.000679134	 -0.90353	 1.98641	 1.98626	 1.98635	 1.98599	 1.98618	 
19.41	 -0.781	 0	 -0.99	 -0.772124	 -0.000367555	 -0.972976	 -0.763578	 -0.000314204	 -0.95578	 -0.755114	 -0.000165954	 -0.938544	 -0.74634	 -0.000416499	 -0.921468	 -0.737416	 -0.000852178	 -0.904471	 1.95269	 1.95254	 1.95264	 1.95228	 1.95248	 
19.42	 -0.781	 0	 -0.99	 -0.772445	 -0.000445206	 -0.973065	 -0.763839	 -0.000331841	 -0.956151	 -0.755226	 -8.81217e-005	 -0.939241	 -0.746665	 -0.000372817	 -0.922308	 -0.738124	 -0.000910682	 -0.905369	 1.9186	 1.91846	 1.91856	 1.91821	 1.91842	 
19.43	 -0.781	 0	 -0.99	 -0.772758	 -0.00031141	 -0.973158	 -0.764103	 -0.00030122	 -0.956521	 -0.755356	 -0.000213794	 -0.939933	 -0.747	 -0.000429178	 -0.923148	 -0.73883	 -0.000793765	 -0.906272	 1.88439	 1.88425	 1.88436	 1.88402	 1.88423	 
19.44	 -0.781	 0	 -0.99	 -0.772905	 -3.70093e-005	 -0.973333	 -0.764332	 -0.000237756	 -0.956909	 -0.755648	 -0.000473508	 -0.940543	 -0.747417	 -0.000553694	 -0.923945	 -0.739408	 -0.000564954	 -0.907237	 1.85022	 1.85008	 1.8502	 1.84986	 1.85008	 
19.45	 -0.781	 0	 -0.99	 -0.772838	 0.000172457	 -0.973617	 -0.764514	 -0.000188245	 -0.957319	 -0.756151	 -0.000673192	 -0.941043	 -0.747943	 -0.000654701	 -0.924685	 -0.739815	 -0.000395189	 -0.908286	 1.81615	 1.81601	 1.81613	 1.81579	 1.816	 
19.46	 -0.781	 0	 -0.99	 -0.772687	 0.00012539	 -0.973944	 -0.76468	 -0.000198823	 -0.957737	 -0.756744	 -0.000631931	 -0.941496	 -0.74852	 -0.000641687	 -0.925397	 -0.740161	 -0.00044148	 -0.909366	 1.7821	 1.78196	 1.78209	 1.78174	 1.78195	 
19.47	 -0.781	 0	 -0.99	 -0.772693	 -0.000162979	 -0.974194	 -0.764887	 -0.000268463	 -0.958136	 -0.757199	 -0.000363659	 -0.942019	 -0.749039	 -0.000515263	 -0.92614	 -0.74065	 -0.000689025	 -0.910379	 1.74797	 1.74783	 1.74796	 1.7476	 1.74782	 
19.48	 -0.781	 0	 -0.99	 -0.772985	 -0.000427506	 -0.974302	 -0.765164	 -0.000334626	 -0.958502	 -0.757392	 -0.00011951	 -0.942679	 -0.749437	 -0.000396715	 -0.92695	 -0.741388	 -0.000913214	 -0.911273	 1.71364	 1.71351	 1.71364	 1.71328	 1.71349	 
19.49	 -0.781	 0	 -0.99	 -0.773404	 -0.000377386	 -0.974346	 -0.765476	 -0.000326843	 -0.958855	 -0.757471	 -0.000172873	 -0.943402	 -0.749779	 -0.000421903	 -0.927796	 -0.742237	 -0.000871766	 -0.912119	 1.67911	 1.67896	 1.67908	 1.67872	 1.67895	 
19.5	 -0.781	 0	 -0.99	 -0.77361	 -3.95804e-005	 -0.974496	 -0.765739	 -0.000248152	 -0.959233	 -0.757752	 -0.000493982	 -0.94403	 -0.750219	 -0.000579107	 -0.928598	 -0.742912	 -0.00059024	 -0.913055	 1.64441	 1.64425	 1.64437	 1.64401	 1.64425	 
19.51	 -0.781	 0	 -0.99	 -0.773473	 0.00018747	 -0.974817	 -0.765919	 -0.000191001	 -0.959653	 -0.758357	 -0.000704388	 -0.944495	 -0.750821	 -0.000684053	 -0.929318	 -0.743305	 -0.000399955	 -0.914133	 1.60972	 1.60956	 1.6097	 1.60934	 1.60957	 
19.52	 -0.781	 0	 -0.99	 -0.773309	 -1.34337e-005	 -0.975153	 -0.766091	 -0.000234231	 -0.960073	 -0.758988	 -0.000507881	 -0.944939	 -0.751441	 -0.000586357	 -0.930021	 -0.743676	 -0.00056206	 -0.915213	 1.57528	 1.57514	 1.5753	 1.57493	 1.57516	 
19.53	 -0.781	 0	 -0.99	 -0.773526	 -0.0003885	 -0.975297	 -0.766354	 -0.000321705	 -0.960441	 -0.759259	 -0.000146751	 -0.945547	 -0.75188	 -0.000400542	 -0.930796	 -0.744358	 -0.000865048	 -0.916121	 1.5414	 1.54128	 1.54145	 1.54109	 1.54133	 
19.54	 -0.781	 0	 -0.99	 -0.774009	 -0.000372112	 -0.975301	 -0.766684	 -0.000315961	 -0.960763	 -0.759278	 -0.000153529	 -0.946265	 -0.752185	 -0.000394709	 -0.931614	 -0.745249	 -0.000842298	 -0.916892	 1.50838	 1.50825	 1.50842	 1.50808	 1.50834	 
19.55	 -0.781	 0	 -0.99	 -0.774186	 4.2453e-005	 -0.975445	 -0.766936	 -0.000211627	 -0.961106	 -0.759577	 -0.000536007	 -0.946823	 -0.752622	 -0.000581764	 -0.932338	 -0.745874	 -0.000492268	 -0.917753	 1.47646	 1.47631	 1.47648	 1.47615	 1.47642	 
19.56	 -0.781	 0	 -0.99	 -0.773932	 0.000169092	 -0.975793	 -0.767076	 -0.000177605	 -0.961487	 -0.760266	 -0.000652185	 -0.947161	 -0.753251	 -0.000641943	 -0.932929	 -0.746137	 -0.000383914	 -0.918747	 1.44575	 1.44563	 1.44581	 1.44549	 1.44576	 
19.57	 -0.781	 0	 -0.99	 -0.773891	 -0.000239898	 -0.976031	 -0.767256	 -0.000277507	 -0.96183	 -0.760736	 -0.000267823	 -0.947574	 -0.753766	 -0.000447833	 -0.933536	 -0.74657	 -0.000718881	 -0.919612	 1.41637	 1.41628	 1.41648	 1.41616	 1.41642	 
19.58	 -0.781	 0	 -0.99	 -0.774366	 -0.000430855	 -0.976008	 -0.767558	 -0.000326387	 -0.962094	 -0.760709	 -8.82715e-005	 -0.9482	 -0.754022	 -0.000352782	 -0.93423	 -0.747415	 -0.000875169	 -0.920228	 1.38837	 1.38825	 1.38845	 1.38813	 1.38841	 
19.59	 -0.781	 0	 -0.99	 -0.774645	 -9.80566e-006	 -0.976065	 -0.767813	 -0.00022413	 -0.96236	 -0.760863	 -0.000486123	 -0.948715	 -0.754357	 -0.000555857	 -0.934852	 -0.748082	 -0.000532859	 -0.920881	 1.36164	 1.36149	 1.36167	 1.36137	 1.36166	 
19.6	 -0.781	 0	 -0.99	 -0.774352	 0.000166741	 -0.97639	 -0.767922	 -0.000180902	 -0.962681	 -0.761543	 -0.000657673	 -0.94895	 -0.754955	 -0.000651679	 -0.935312	 -0.748267	 -0.000396095	 -0.921724	 1.33606	 1.33593	 1.33612	 1.3358	 1.33609	 
19.61	 -0.781	 0	 -0.99	 -0.774325	 -0.00029943	 -0.976585	 -0.768084	 -0.00029913	 -0.962961	 -0.761952	 -0.000227159	 -0.949286	 -0.755412	 -0.000436371	 -0.935805	 -0.748661	 -0.00078458	 -0.922429	 1.3116	 1.3115	 1.31171	 1.31138	 1.31165	 
19.62	 -0.781	 0	 -0.99	 -0.774857	 -0.000376776	 -0.976503	 -0.768379	 -0.000323685	 -0.963161	 -0.76182	 -0.00016116	 -0.949856	 -0.755578	 -0.000400806	 -0.936404	 -0.749498	 -0.000850647	 -0.922881	 1.28834	 1.28822	 1.28841	 1.28809	 1.2884	 
19.63	 -0.781	 0	 -0.99	 -0.774934	 0.000126232	 -0.976623	 -0.768558	 -0.000198447	 -0.963395	 -0.762106	 -0.000633024	 -0.950206	 -0.755946	 -0.000644787	 -0.936873	 -0.749942	 -0.000442611	 -0.923468	 1.26636	 1.26622	 1.26641	 1.26611	 1.26641	 
19.64	 -0.781	 0	 -0.99	 -0.774577	 2.51141e-006	 -0.97694	 -0.768625	 -0.000224161	 -0.963661	 -0.762791	 -0.000511138	 -0.95033	 -0.756515	 -0.000585236	 -0.9372	 -0.750014	 -0.000545101	 -0.924178	 1.24586	 1.24575	 1.24596	 1.24565	 1.24595	 
19.65	 -0.781	 0	 -0.99	 -0.774893	 -0.000449931	 -0.976933	 -0.76885	 -0.000337358	 -0.963828	 -0.762827	 -8.53022e-005	 -0.950716	 -0.756739	 -0.000361072	 -0.937636	 -0.750614	 -0.000908416	 -0.924579	 1.22717	 1.22708	 1.22732	 1.22702	 1.22732	 
19.66	 -0.781	 0	 -0.99	 -0.775295	 -7.12288e-005	 -0.976863	 -0.769085	 -0.000243564	 -0.963959	 -0.762747	 -0.000438777	 -0.951116	 -0.756881	 -0.000537949	 -0.938052	 -0.751261	 -0.00059146	 -0.924878	 1.21062	 1.21049	 1.21071	 1.21045	 1.21078	 
19.67	 -0.781	 0	 -0.99	 -0.774927	 0.000153527	 -0.977134	 -0.769113	 -0.000182563	 -0.964153	 -0.763364	 -0.000643043	 -0.951146	 -0.757371	 -0.000644642	 -0.938242	 -0.751257	 -0.000405566	 -0.925396	 1.19628	 1.19618	 1.19642	 1.19616	 1.19647	 
19.68	 -0.781	 0	 -0.99	 -0.774956	 -0.000378722	 -0.977213	 -0.769232	 -0.000315359	 -0.964275	 -0.76359	 -0.000142345	 -0.9513	 -0.75765	 -0.000384214	 -0.938461	 -0.751554	 -0.000838662	 -0.9257	 1.1842	 1.18413	 1.18438	 1.18411	 1.18443	 
19.69	 -0.781	 0	 -0.99	 -0.77548	 -0.000216698	 -0.977045	 -0.769467	 -0.000278687	 -0.964312	 -0.763331	 -0.000298467	 -0.951634	 -0.757658	 -0.000462829	 -0.938746	 -0.752226	 -0.000707946	 -0.925754	 1.17426	 1.17415	 1.17438	 1.17414	 1.17448	 
19.7	 -0.781	 0	 -0.99	 -0.77521	 0.000190692	 -0.977222	 -0.769492	 -0.000177872	 -0.964417	 -0.763792	 -0.000686851	 -0.951607	 -0.758024	 -0.000672293	 -0.938819	 -0.752229	 -0.00038501	 -0.926044	 1.16612	 1.16601	 1.16623	 1.16597	 1.16629	 
19.71	 -0.781	 0	 -0.99	 -0.775052	 -0.000302291	 -0.977346	 -0.769537	 -0.000303723	 -0.964494	 -0.764133	 -0.000232218	 -0.951593	 -0.758325	 -0.000443069	 -0.938873	 -0.752305	 -0.000796519	 -0.926253	 1.15945	 1.15937	 1.15959	 1.15931	 1.15963	 
19.72	 -0.781	 0	 -0.99	 -0.775596	 -0.000305045	 -0.977142	 -0.769757	 -0.000308681	 -0.964472	 -0.76381	 -0.000235104	 -0.951852	 -0.758266	 -0.000444267	 -0.939053	 -0.752932	 -0.000804123	 -0.926166	 1.15416	 1.15405	 1.15426	 1.15399	 1.15432	 
19.73	 -0.781	 0	 -0.99	 -0.775423	 0.000184321	 -0.977242	 -0.769788	 -0.000188048	 -0.964514	 -0.764135	 -0.000700906	 -0.951798	 -0.758531	 -0.000691942	 -0.939052	 -0.752959	 -0.000411044	 -0.926292	 1.15021	 1.15009	 1.15028	 1.15003	 1.15036	 
19.74	 -0.781	 0	 -0.99	 -0.775147	 -0.000242262	 -0.977385	 -0.769775	 -0.00029609	 -0.964556	 -0.764526	 -0.000304666	 -0.951675	 -0.758825	 -0.00048909	 -0.938991	 -0.75289	 -0.000760121	 -0.926414	 1.14773	 1.14765	 1.14788	 1.14761	 1.14792	 
19.75	 -0.781	 0	 -0.99	 -0.775662	 -0.000356578	 -0.977166	 -0.769957	 -0.000325443	 -0.964487	 -0.764161	 -0.000194218	 -0.951847	 -0.758711	 -0.000426001	 -0.939058	 -0.75344	 -0.000850837	 -0.926197	 1.1471	 1.147	 1.14723	 1.14699	 1.14733	 
19.76	 -0.781	 0	 -0.99	 -0.775568	 0.000170034	 -0.977192	 -0.769982	 -0.000191512	 -0.964454	 -0.764355	 -0.000685831	 -0.951737	 -0.75887	 -0.000683101	 -0.938951	 -0.753466	 -0.000423616	 -0.92613	 1.14853	 1.14843	 1.14865	 1.14843	 1.14877	 
19.77	 -0.781	 0	 -0.99	 -0.775211	 -0.000178826	 -0.977323	 -0.769925	 -0.000278462	 -0.964427	 -0.764766	 -0.000360519	 -0.951479	 -0.759134	 -0.00051764	 -0.938731	 -0.753256	 -0.000709316	 -0.926093	 1.15211	 1.15205	 1.1523	 1.15207	 1.15241	 
19.78	 -0.781	 0	 -0.99	 -0.775673	 -0.000399462	 -0.977085	 -0.770063	 -0.000336978	 -0.964286	 -0.764383	 -0.000156733	 -0.951516	 -0.758968	 -0.00040865	 -0.938635	 -0.753688	 -0.000888108	 -0.925702	 1.15794	 1.15786	 1.1581	 1.15789	 1.15824	 
19.79	 -0.781	 0	 -0.99	 -0.775672	 0.000132754	 -0.977024	 -0.770077	 -0.00020311	 -0.964165	 -0.764413	 -0.000655812	 -0.951338	 -0.758997	 -0.000669284	 -0.938399	 -0.753715	 -0.000456238	 -0.925403	 1.16587	 1.16577	 1.166	 1.16581	 1.16615	 
19.8	 -0.781	 0	 -0.99	 -0.775235	 -8.6948e-005	 -0.977141	 -0.769969	 -0.000255755	 -0.96407	 -0.76483	 -0.000448502	 -0.950948	 -0.759219	 -0.000564614	 -0.938021	 -0.753366	 -0.000635562	 -0.925199	 1.17573	 1.17567	 1.17591	 1.1757	 1.17604	 
19.81	 -0.781	 0	 -0.99	 -0.775582	 -0.000440851	 -0.976914	 -0.770046	 -0.000346862	 -0.96387	 -0.764483	 -0.000117595	 -0.950838	 -0.759032	 -0.000388639	 -0.937761	 -0.753636	 -0.000920108	 -0.924667	 1.18753	 1.18747	 1.18769	 1.18749	 1.18784	 
19.82	 -0.781	 0	 -0.99	 -0.775742	 4.00145e-005	 -0.976744	 -0.770068	 -0.00022584	 -0.963665	 -0.764291	 -0.000565576	 -0.950631	 -0.758905	 -0.000618212	 -0.937427	 -0.753726	 -0.000526653	 -0.924138	 1.2012	 1.20111	 1.20133	 1.20115	 1.20149	 
19.83	 -0.781	 0	 -0.99	 -0.775262	 5.72279e-005	 -0.976834	 -0.769925	 -0.000217796	 -0.963504	 -0.764689	 -0.000578172	 -0.950134	 -0.759077	 -0.000629057	 -0.936914	 -0.753274	 -0.000516385	 -0.923775	 1.21666	 1.21659	 1.21681	 1.21662	 1.21696	 
19.84	 -0.781	 0	 -0.99	 -0.775375	 -0.00042534	 -0.97667	 -0.769923	 -0.000341305	 -0.963261	 -0.764517	 -0.000131428	 -0.949835	 -0.758946	 -0.000400367	 -0.936477	 -0.753287	 -0.000914911	 -0.923162	 1.23381	 1.23376	 1.23398	 1.23379	 1.23413	 
19.85	 -0.781	 0	 -0.99	 -0.775738	 -0.000168853	 -0.976385	 -0.769975	 -0.000283621	 -0.962974	 -0.764089	 -0.000382718	 -0.949615	 -0.758668	 -0.000532118	 -0.936063	 -0.753487	 -0.000711806	 -0.922415	 1.25248	 1.25239	 1.25259	 1.25241	 1.25275	 
19.86	 -0.781	 0	 -0.99	 -0.775391	 0.000166917	 -0.976383	 -0.769843	 -0.00020282	 -0.962746	 -0.764308	 -0.000706944	 -0.949106	 -0.758713	 -0.000707414	 -0.935482	 -0.753094	 -0.000447501	 -0.92187	 1.27229	 1.27221	 1.2724	 1.27222	 1.27255	 
19.87	 -0.781	 0	 -0.99	 -0.775124	 -0.000232641	 -0.976349	 -0.769723	 -0.000304305	 -0.962502	 -0.764441	 -0.000338535	 -0.948607	 -0.758712	 -0.000524369	 -0.934894	 -0.752754	 -0.000783089	 -0.921277	 1.29295	 1.29289	 1.29308	 1.29287	 1.29319	 
19.88	 -0.781	 0	 -0.99	 -0.775486	 -0.000419394	 -0.976052	 -0.769756	 -0.000354083	 -0.962187	 -0.763974	 -0.000167079	 -0.948342	 -0.758393	 -0.000435379	 -0.934418	 -0.752914	 -0.000939675	 -0.920458	 1.31426	 1.31418	 1.31435	 1.31415	 1.31447	 
19.89	 -0.781	 0	 -0.99	 -0.775569	 1.58195e-005	 -0.97586	 -0.769715	 -0.000248602	 -0.961892	 -0.763756	 -0.00057976	 -0.94797	 -0.758191	 -0.000647648	 -0.933882	 -0.752832	 -0.000585615	 -0.919713	 1.33609	 1.33599	 1.33615	 1.33596	 1.33627	 
19.9	 -0.781	 0	 -0.99	 -0.775126	 0.000105201	 -0.975879	 -0.769537	 -0.000226773	 -0.961646	 -0.764018	 -0.000668462	 -0.947388	 -0.758229	 -0.000699277	 -0.933232	 -0.752307	 -0.000517107	 -0.91913	 1.35847	 1.35839	 1.35856	 1.35837	 1.35868	 
19.91	 -0.781	 0	 -0.99	 -0.77502	 -0.00032569	 -0.975761	 -0.769435	 -0.000334118	 -0.961359	 -0.763951	 -0.000267043	 -0.946918	 -0.758094	 -0.000498415	 -0.932626	 -0.752047	 -0.000876788	 -0.918416	 1.38165	 1.38158	 1.38176	 1.38157	 1.38188	 
19.92	 -0.781	 0	 -0.99	 -0.775365	 -0.000393608	 -0.975452	 -0.769442	 -0.000354297	 -0.961013	 -0.763451	 -0.000207276	 -0.946603	 -0.757728	 -0.000467806	 -0.932086	 -0.75214	 -0.000938408	 -0.91752	 1.40588	 1.40581	 1.406	 1.40583	 1.40614	 
19.93	 -0.781	 0	 -0.99	 -0.775391	 1.25671e-005	 -0.975256	 -0.769365	 -0.000257542	 -0.960681	 -0.763235	 -0.000594619	 -0.94615	 -0.757493	 -0.000666879	 -0.931458	 -0.751952	 -0.000609904	 -0.916687	 1.43141	 1.43134	 1.43152	 1.43137	 1.43168	 
19.94	 -0.781	 0	 -0.99	 -0.774976	 0.000122115	 -0.97523	 -0.769168	 -0.000231103	 -0.960378	 -0.763411	 -0.000702457	 -0.945509	 -0.757446	 -0.000727436	 -0.930715	 -0.751381	 -0.00052465	 -0.91596	 1.45832	 1.45826	 1.45845	 1.45831	 1.45863	 
19.95	 -0.781	 0	 -0.99	 -0.774773	 -0.000241496	 -0.975114	 -0.769012	 -0.000321535	 -0.960041	 -0.763365	 -0.000365352	 -0.944923	 -0.757278	 -0.000561748	 -0.929979	 -0.75097	 -0.000829301	 -0.915126	 1.48658	 1.48653	 1.48672	 1.48658	 1.48689	 
19.96	 -0.781	 0	 -0.99	 -0.775007	 -0.000449991	 -0.974816	 -0.768954	 -0.000376729	 -0.959649	 -0.762892	 -0.000175727	 -0.944486	 -0.756885	 -0.000467435	 -0.929303	 -0.750902	 -0.0010069	 -0.914115	 1.51597	 1.51591	 1.51609	 1.51595	 1.51627	 
19.97	 -0.781	 0	 -0.99	 -0.775182	 -0.000189773	 -0.97453	 -0.76888	 -0.000317431	 -0.959251	 -0.762463	 -0.000427355	 -0.944018	 -0.756503	 -0.000595751	 -0.928602	 -0.750771	 -0.000798547	 -0.913098	 1.54614	 1.54607	 1.54624	 1.54609	 1.5464	 
19.98	 -0.781	 0	 -0.99	 -0.774945	 0.000119728	 -0.974404	 -0.768702	 -0.000244129	 -0.958887	 -0.762414	 -0.000724543	 -0.94339	 -0.756304	 -0.000749867	 -0.927816	 -0.750286	 -0.000550012	 -0.912205	 1.57675	 1.57668	 1.57683	 1.57667	 1.57697	 
19.99	 -0.781	 0	 -0.99	 -0.77456	 4.28689e-005	 -0.97434	 -0.768485	 -0.000263694	 -0.958538	 -0.762497	 -0.000656648	 -0.942704	 -0.756165	 -0.000721368	 -0.927	 -0.749666	 -0.000619555	 -0.911363	 1.60752	 1.60744	 1.60759	 1.60742	 1.60772	 
20	 -0.781	 0	 -0.99	 -0.774447	 -0.000291768	 -0.97417	 -0.768326	 -0.000345492	 -0.958166	 -0.76231	 -0.000343992	 -0.942121	 -0.755887	 -0.000567647	 -0.926238	 -0.74926	 -0.000898363	 -0.910438	 1.6383	 1.63822	 1.63836	 1.6382	 1.63848	 
20.01	 -0.781	 0	 -0.99	 -0.774633	 -0.000454336	 -0.97388	 -0.768234	 -0.000385759	 -0.957768	 -0.76183	 -0.000192222	 -0.941657	 -0.755455	 -0.000490882	 -0.925537	 -0.74909	 -0.00103181	 -0.909418	 1.66908	 1.669	 1.66913	 1.66897	 1.66925	 
20.02	 -0.781	 0	 -0.99	 -0.77479	 -0.000272512	 -0.973598	 -0.768131	 -0.000344372	 -0.957372	 -0.761367	 -0.000365787	 -0.941188	 -0.755024	 -0.0005753	 -0.924837	 -0.748886	 -0.000882016	 -0.908407	 1.69989	 1.69981	 1.69994	 1.69977	 1.70006	 
20.03	 -0.781	 0	 -0.99	 -0.774667	 2.7562e-005	 -0.973425	 -0.76796	 -0.000275111	 -0.957002	 -0.761161	 -0.000653166	 -0.940616	 -0.754712	 -0.00071941	 -0.924087	 -0.74844	 -0.000638003	 -0.907488	 1.73079	 1.73072	 1.73086	 1.73069	 1.73097	 
20.04	 -0.781	 0	 -0.99	 -0.774331	 0.000132068	 -0.973338	 -0.767734	 -0.000251279	 -0.956651	 -0.76115	 -0.0007573	 -0.939962	 -0.754493	 -0.000776568	 -0.923295	 -0.747807	 -0.00055755	 -0.906639	 1.76184	 1.76177	 1.76191	 1.76176	 1.76204	 
20.05	 -0.781	 0	 -0.99	 -0.774038	 -3.91682e-005	 -0.973235	 -0.767515	 -0.000291842	 -0.956297	 -0.761091	 -0.000597691	 -0.939322	 -0.754247	 -0.000702487	 -0.922509	 -0.747204	 -0.000704483	 -0.905777	 1.79303	 1.79297	 1.7931	 1.79296	 1.79324	 
20.06	 -0.781	 0	 -0.99	 -0.773964	 -0.000310515	 -0.973046	 -0.76734	 -0.000354948	 -0.955924	 -0.760812	 -0.000339107	 -0.938765	 -0.753892	 -0.000576182	 -0.921763	 -0.746781	 -0.0009312	 -0.904839	 1.82434	 1.82426	 1.8244	 1.82426	 1.82454	 
20.07	 -0.781	 0	 -0.99	 -0.774076	 -0.000452119	 -0.972781	 -0.767203	 -0.000386948	 -0.955535	 -0.760347	 -0.000202353	 -0.938284	 -0.753443	 -0.00050754	 -0.921054	 -0.74651	 -0.001047	 -0.903839	 1.85567	 1.85559	 1.85573	 1.85558	 1.85586	 
20.08	 -0.781	 0	 -0.99	 -0.774205	 -0.000369586	 -0.972507	 -0.767072	 -0.000368465	 -0.955145	 -0.759865	 -0.000279522	 -0.937813	 -0.752978	 -0.000541645	 -0.920355	 -0.746239	 -0.000975585	 -0.90284	 1.88692	 1.88685	 1.88698	 1.88683	 1.88709	 
20.09	 -0.781	 0	 -0.99	 -0.774198	 -0.000143774	 -0.972287	 -0.766913	 -0.000317159	 -0.954768	 -0.759513	 -0.000493975	 -0.937296	 -0.752565	 -0.000642482	 -0.919641	 -0.745834	 -0.000783559	 -0.9019	 1.91798	 1.91791	 1.91803	 1.91787	 1.91812	 
20.1	 -0.781	 0	 -0.99	 -0.774011	 6.50867e-005	 -0.972142	 -0.766708	 -0.000267551	 -0.954414	 -0.759324	 -0.000690603	 -0.936721	 -0.752226	 -0.000736213	 -0.918907	 -0.745271	 -0.000605808	 -0.901035	 1.94871	 1.94864	 1.94875	 1.94858	 1.94884	 
20.11	 -0.781	 0	 -0.99	 -0.773713	 0.000135468	 -0.972047	 -0.766466	 -0.000248161	 -0.954082	 -0.75922	 -0.000751604	 -0.936119	 -0.751928	 -0.000764533	 -0.918168	 -0.744624	 -0.000545138	 -0.900222	 1.97901	 1.97894	 1.97903	 1.97887	 1.97912	 
20.12	 -0.781	 0	 -0.99	 -0.77343	 4.13106e-005	 -0.971951	 -0.766219	 -0.000266738	 -0.953759	 -0.759089	 -0.000657641	 -0.935537	 -0.751618	 -0.000718968	 -0.917448	 -0.743989	 -0.000620216	 -0.899424	 2.00879	 2.00871	 2.0088	 2.00864	 2.00889	 
20.13	 -0.781	 0	 -0.99	 -0.77326	 -0.00015198	 -0.971815	 -0.766002	 -0.000311192	 -0.953434	 -0.758855	 -0.00047498	 -0.935008	 -0.751252	 -0.00063185	 -0.916766	 -0.743435	 -0.000779763	 -0.898614	 2.038	 2.03791	 2.038	 2.03784	 2.0381	 
20.14	 -0.781	 0	 -0.99	 -0.773222	 -0.000341175	 -0.97163	 -0.765818	 -0.000356738	 -0.953103	 -0.758501	 -0.000299379	 -0.934541	 -0.750829	 -0.00055042	 -0.916126	 -0.742988	 -0.000942362	 -0.897783	 2.06659	 2.06649	 2.06659	 2.06643	 2.06668	 
20.15	 -0.781	 0	 -0.99	 -0.773273	 -0.000444353	 -0.971411	 -0.765655	 -0.000381677	 -0.952773	 -0.758064	 -0.000205352	 -0.934124	 -0.750367	 -0.000510018	 -0.915521	 -0.742617	 -0.00103662	 -0.896944	 2.0945	 2.09441	 2.0945	 2.09434	 2.09458	 
20.16	 -0.781	 0	 -0.99	 -0.773344	 -0.000429635	 -0.971188	 -0.765497	 -0.000380314	 -0.952451	 -0.757607	 -0.000221862	 -0.933733	 -0.749894	 -0.000519089	 -0.914943	 -0.742261	 -0.0010299	 -0.896124	 2.12167	 2.12159	 2.12168	 2.12151	 2.12174	 
20.17	 -0.781	 0	 -0.99	 -0.773366	 -0.000317224	 -0.97099	 -0.765324	 -0.000356301	 -0.952147	 -0.75719	 -0.000330654	 -0.933343	 -0.749441	 -0.000568847	 -0.91438	 -0.741868	 -0.000933767	 -0.895346	 2.14805	 2.14797	 2.14806	 2.14788	 2.14811	 
20.18	 -0.781	 0	 -0.99	 -0.773306	 -0.000155163	 -0.970831	 -0.765133	 -0.000320799	 -0.951863	 -0.756852	 -0.000485836	 -0.93294	 -0.749025	 -0.000639986	 -0.913827	 -0.741407	 -0.000794984	 -0.894627	 2.17358	 2.17351	 2.17359	 2.1734	 2.17363	 
20.19	 -0.781	 0	 -0.99	 -0.773169	 6.97937e-008	 -0.970711	 -0.764933	 -0.00028642	 -0.951595	 -0.7566	 -0.000633877	 -0.93252	 -0.748644	 -0.00070852	 -0.913284	 -0.740866	 -0.000663098	 -0.893974	 2.19823	 2.19816	 2.19824	 2.19805	 2.19827	 
20.2	 -0.781	 0	 -0.99	 -0.772965	 0.000103758	 -0.970626	 -0.764714	 -0.000261806	 -0.951347	 -0.756407	 -0.000730669	 -0.932094	 -0.748294	 -0.000752444	 -0.912754	 -0.740278	 -0.000571762	 -0.893373	 2.22198	 2.22191	 2.22198	 2.22179	 2.22201	 
20.21	 -0.781	 0	 -0.99	 -0.772722	 0.000136194	 -0.970566	 -0.764476	 -0.000250676	 -0.951122	 -0.756235	 -0.000753326	 -0.931678	 -0.747964	 -0.000758932	 -0.912242	 -0.739684	 -0.000538032	 -0.892809	 2.24481	 2.24473	 2.2448	 2.24461	 2.24483	 
20.22	 -0.781	 0	 -0.99	 -0.772494	 9.56766e-005	 -0.970507	 -0.764247	 -0.000253236	 -0.950906	 -0.756059	 -0.000702713	 -0.931283	 -0.74763	 -0.000729315	 -0.911758	 -0.739091	 -0.000560198	 -0.892279	 2.26672	 2.26663	 2.2667	 2.26651	 2.26674	 
20.23	 -0.781	 0	 -0.99	 -0.772316	 2.26466e-007	 -0.970434	 -0.764043	 -0.000268717	 -0.950694	 -0.755857	 -0.000599346	 -0.930918	 -0.747275	 -0.000674672	 -0.911309	 -0.73852	 -0.000630071	 -0.891775	 2.28768	 2.28758	 2.28765	 2.28747	 2.2877	 
20.24	 -0.781	 0	 -0.99	 -0.772185	 -0.00012437	 -0.97035	 -0.763846	 -0.000291517	 -0.950494	 -0.755608	 -0.000472151	 -0.930595	 -0.746911	 -0.000614014	 -0.910894	 -0.73801	 -0.000731743	 -0.891282	 2.30763	 2.30753	 2.30759	 2.30742	 2.30764	 
20.25	 -0.781	 0	 -0.99	 -0.772103	 -0.000252071	 -0.970252	 -0.763657	 -0.000319066	 -0.950306	 -0.755311	 -0.00034888	 -0.930317	 -0.746536	 -0.000556432	 -0.910516	 -0.737565	 -0.000837981	 -0.890801	 2.32647	 2.32636	 2.32642	 2.32624	 2.32645	 
20.26	 -0.781	 0	 -0.99	 -0.772076	 -0.000358897	 -0.970139	 -0.76349	 -0.000344344	 -0.950127	 -0.75498	 -0.000249288	 -0.930083	 -0.746145	 -0.000509219	 -0.910182	 -0.737162	 -0.000925177	 -0.890349	 2.34404	 2.34392	 2.34397	 2.34378	 2.344	 
20.27	 -0.781	 0	 -0.99	 -0.77208	 -0.00042503	 -0.970022	 -0.763333	 -0.000358196	 -0.949964	 -0.754625	 -0.000185087	 -0.929889	 -0.74575	 -0.000479949	 -0.909891	 -0.736797	 -0.00098212	 -0.88993	 2.36019	 2.36007	 2.36012	 2.35992	 2.36013	 
20.28	 -0.781	 0	 -0.99	 -0.772094	 -0.000444908	 -0.96991	 -0.763178	 -0.000362231	 -0.949822	 -0.754264	 -0.000164539	 -0.929732	 -0.745364	 -0.00047045	 -0.90964	 -0.736465	 -0.00100164	 -0.88955	 2.37486	 2.37474	 2.37479	 2.37458	 2.37479	 
20.29	 -0.781	 0	 -0.99	 -0.772111	 -0.000422434	 -0.969807	 -0.763031	 -0.000358707	 -0.949696	 -0.753917	 -0.000188463	 -0.929601	 -0.744991	 -0.000481043	 -0.909424	 -0.736142	 -0.000982144	 -0.889216	 2.3881	 2.388	 2.38805	 2.38783	 2.38803	 
20.3	 -0.781	 0	 -0.99	 -0.772119	 -0.000360028	 -0.969716	 -0.762897	 -0.000345756	 -0.949583	 -0.753603	 -0.000247846	 -0.929483	 -0.744636	 -0.00050703	 -0.909238	 -0.735811	 -0.000930098	 -0.888931	 2.40009	 2.39999	 2.40005	 2.39982	 2.40002	 
20.31	 -0.781	 0	 -0.99	 -0.772103	 -0.000270175	 -0.969644	 -0.762761	 -0.000324138	 -0.949487	 -0.753321	 -0.000329567	 -0.929374	 -0.744302	 -0.000541046	 -0.909073	 -0.73547	 -0.000848835	 -0.888689	 2.41102	 2.41093	 2.411	 2.41077	 2.41096	 
20.32	 -0.781	 0	 -0.99	 -0.772045	 -0.000165916	 -0.969596	 -0.76261	 -0.000299407	 -0.94941	 -0.753073	 -0.000422306	 -0.929271	 -0.743998	 -0.000575832	 -0.908922	 -0.735127	 -0.000749673	 -0.888481	 2.42103	 2.42095	 2.42102	 2.42081	 2.421	 
20.33	 -0.781	 0	 -0.99	 -0.77196	 -6.1265e-005	 -0.969568	 -0.762461	 -0.000273362	 -0.949346	 -0.752868	 -0.000515122	 -0.929168	 -0.743719	 -0.000611924	 -0.908786	 -0.734766	 -0.000650018	 -0.888315	 2.43014	 2.43007	 2.43014	 2.42992	 2.43011	 
20.34	 -0.781	 0	 -0.99	 -0.771858	 3.21714e-005	 -0.969555	 -0.762326	 -0.00025095	 -0.949291	 -0.752708	 -0.000599249	 -0.929069	 -0.743461	 -0.000646674	 -0.908673	 -0.734385	 -0.000565995	 -0.888199	 2.43816	 2.43808	 2.43815	 2.43791	 2.4381	 
20.35	 -0.781	 0	 -0.99	 -0.771729	 0.000103402	 -0.969566	 -0.762185	 -0.000233998	 -0.94926	 -0.752582	 -0.000665211	 -0.928985	 -0.74324	 -0.00067596	 -0.908585	 -0.734017	 -0.000503518	 -0.88813	 2.44477	 2.44468	 2.44473	 2.44448	 2.44466	 
20.36	 -0.781	 0	 -0.99	 -0.771589	 0.000146052	 -0.969595	 -0.762052	 -0.000224324	 -0.949253	 -0.752487	 -0.000704901	 -0.928925	 -0.743045	 -0.000692267	 -0.908536	 -0.73366	 -0.000463307	 -0.888121	 2.44959	 2.44949	 2.44953	 2.44927	 2.44946	 
20.37	 -0.781	 0	 -0.99	 -0.771454	 0.000157144	 -0.969638	 -0.761935	 -0.000220929	 -0.949267	 -0.752417	 -0.000713553	 -0.928897	 -0.742868	 -0.000694262	 -0.908539	 -0.733315	 -0.000449065	 -0.888182	 2.45236	 2.45224	 2.45228	 2.45201	 2.45218	 
20.38	 -0.781	 0	 -0.99	 -0.771318	 0.00013778	 -0.969698	 -0.761821	 -0.000222497	 -0.949312	 -0.752361	 -0.000691272	 -0.928911	 -0.742723	 -0.000685084	 -0.90859	 -0.733013	 -0.000466438	 -0.888303	 2.45295	 2.45282	 2.45285	 2.45257	 2.45274	 
20.39	 -0.781	 0	 -0.99	 -0.771199	 8.67834e-005	 -0.969766	 -0.761721	 -0.000233127	 -0.949382	 -0.752313	 -0.000642466	 -0.928967	 -0.742601	 -0.000664659	 -0.908692	 -0.732757	 -0.000511952	 -0.888481	 2.45141	 2.45128	 2.4513	 2.45102	 2.4512	 
20.4	 -0.781	 0	 -0.99	 -0.771115	 9.48281e-006	 -0.969832	 -0.76165	 -0.000249934	 -0.949466	 -0.752273	 -0.000570123	 -0.92906	 -0.742493	 -0.000633963	 -0.908844	 -0.732537	 -0.000579271	 -0.888712	 2.44795	 2.44782	 2.44785	 2.44758	 2.44777	 
20.41	 -0.781	 0	 -0.99	 -0.77106	 -8.34368e-005	 -0.969896	 -0.761595	 -0.000268428	 -0.949567	 -0.752227	 -0.000478639	 -0.929192	 -0.742399	 -0.000593649	 -0.909036	 -0.732372	 -0.000660695	 -0.888977	 2.44286	 2.44273	 2.44277	 2.44251	 2.4427	 
20.42	 -0.781	 0	 -0.99	 -0.771034	 -0.000186163	 -0.969957	 -0.761548	 -0.000289241	 -0.949684	 -0.752164	 -0.000377994	 -0.929362	 -0.742318	 -0.000546323	 -0.909263	 -0.732268	 -0.000743413	 -0.889264	 2.4364	 2.43626	 2.43631	 2.43605	 2.43624	 
20.43	 -0.781	 0	 -0.99	 -0.771046	 -0.000285226	 -0.970009	 -0.761519	 -0.000310174	 -0.94981	 -0.752086	 -0.00028037	 -0.929567	 -0.742244	 -0.000498641	 -0.909523	 -0.732218	 -0.000822584	 -0.88957	 2.4287	 2.42856	 2.42861	 2.42836	 2.42854	 
20.44	 -0.781	 0	 -0.99	 -0.771098	 -0.000367911	 -0.97005	 -0.761513	 -0.000325558	 -0.949944	 -0.751999	 -0.000196838	 -0.929804	 -0.742177	 -0.000459274	 -0.909815	 -0.732216	 -0.000890605	 -0.889897	 2.41979	 2.41965	 2.4197	 2.41944	 2.41963	 
20.45	 -0.781	 0	 -0.99	 -0.771178	 -0.000422891	 -0.970087	 -0.761523	 -0.000335579	 -0.950089	 -0.751905	 -0.000138526	 -0.930074	 -0.742123	 -0.000428752	 -0.910141	 -0.732267	 -0.000933758	 -0.890249	 2.40954	 2.4094	 2.40945	 2.40918	 2.40937	 
20.46	 -0.781	 0	 -0.99	 -0.771275	 -0.000441515	 -0.970126	 -0.761543	 -0.000336408	 -0.950252	 -0.751812	 -0.000113127	 -0.930378	 -0.742089	 -0.000410625	 -0.910503	 -0.732363	 -0.000939704	 -0.890633	 2.39776	 2.39762	 2.39767	 2.39738	 2.39755	 
20.47	 -0.781	 0	 -0.99	 -0.771388	 -0.000416195	 -0.97017	 -0.761584	 -0.000327567	 -0.95043	 -0.751739	 -0.000127522	 -0.930712	 -0.742073	 -0.000408415	 -0.910908	 -0.732484	 -0.0009069	 -0.89107	 2.38422	 2.38408	 2.38412	 2.38381	 2.38398	 
20.48	 -0.781	 0	 -0.99	 -0.771493	 -0.000347876	 -0.97023	 -0.761634	 -0.000309519	 -0.950632	 -0.751697	 -0.000184888	 -0.931074	 -0.74209	 -0.000427734	 -0.911354	 -0.732631	 -0.000839233	 -0.891565	 2.36874	 2.3686	 2.36864	 2.36831	 2.36847	 
20.49	 -0.781	 0	 -0.99	 -0.77157	 -0.000242233	 -0.97032	 -0.761684	 -0.000285027	 -0.950864	 -0.751701	 -0.000281511	 -0.931457	 -0.742155	 -0.000467886	 -0.911836	 -0.732802	 -0.000745022	 -0.892121	 2.35125	 2.35111	 2.35115	 2.35081	 2.35098	 
20.5	 -0.781	 0	 -0.99	 -0.771618	 -0.000114125	 -0.970437	 -0.761748	 -0.000257305	 -0.951117	 -0.751772	 -0.00040368	 -0.931851	 -0.742264	 -0.000521793	 -0.912353	 -0.732966	 -0.000633424	 -0.892752	 2.33183	 2.33169	 2.33173	 2.33139	 2.33154	 
20.51	 -0.781	 0	 -0.99	 -0.771628	 1.68778e-005	 -0.970586	 -0.761821	 -0.000228116	 -0.951391	 -0.751916	 -0.000528278	 -0.932247	 -0.742421	 -0.000578416	 -0.912897	 -0.733115	 -0.000520772	 -0.893454	 2.31067	 2.31054	 2.31059	 2.31024	 2.31039	 
20.52	 -0.781	 0	 -0.99	 -0.771587	 0.000124981	 -0.970772	 -0.76189	 -0.000202896	 -0.951689	 -0.752127	 -0.000629162	 -0.932642	 -0.74263	 -0.000625441	 -0.913458	 -0.733259	 -0.000430272	 -0.894211	 2.28807	 2.28794	 2.288	 2.28766	 2.28782	 
20.53	 -0.781	 0	 -0.99	 -0.77151	 0.000179355	 -0.970984	 -0.761958	 -0.000189961	 -0.952004	 -0.75239	 -0.000681177	 -0.933033	 -0.742881	 -0.000650845	 -0.914029	 -0.733403	 -0.000383368	 -0.895011	 2.26436	 2.26423	 2.2643	 2.26397	 2.26415	 
20.54	 -0.781	 0	 -0.99	 -0.771428	 0.00016097	 -0.971207	 -0.762038	 -0.000193999	 -0.952325	 -0.752685	 -0.000664037	 -0.933427	 -0.743159	 -0.000643922	 -0.914613	 -0.733559	 -0.000398968	 -0.895836	 2.2398	 2.23967	 2.23975	 2.23943	 2.23961	 
20.55	 -0.781	 0	 -0.99	 -0.771371	 6.56466e-005	 -0.971422	 -0.76213	 -0.000212351	 -0.952651	 -0.752975	 -0.000570224	 -0.933839	 -0.743449	 -0.000602417	 -0.915211	 -0.733757	 -0.000480371	 -0.896667	 2.21454	 2.21441	 2.21449	 2.21418	 2.21436	 
20.56	 -0.781	 0	 -0.99	 -0.771376	 -8.94608e-005	 -0.971612	 -0.762243	 -0.000243869	 -0.952977	 -0.753221	 -0.000416368	 -0.934288	 -0.743732	 -0.000529174	 -0.915833	 -0.734029	 -0.000608577	 -0.897488	 2.18856	 2.18842	 2.1885	 2.18818	 2.18837	 
20.57	 -0.781	 0	 -0.99	 -0.771469	 -0.000264106	 -0.971764	 -0.762383	 -0.000280263	 -0.953303	 -0.753399	 -0.000243583	 -0.93479	 -0.743995	 -0.00044343	 -0.916491	 -0.734395	 -0.000747129	 -0.898294	 2.16171	 2.16157	 2.16165	 2.16132	 2.16151	 
20.58	 -0.781	 0	 -0.99	 -0.771657	 -0.000398243	 -0.971876	 -0.762553	 -0.000308187	 -0.953628	 -0.753508	 -0.000109785	 -0.935351	 -0.744237	 -0.000375095	 -0.917191	 -0.734857	 -0.000852053	 -0.89909	 2.13381	 2.13366	 2.13373	 2.13339	 2.13358	 
20.59	 -0.781	 0	 -0.99	 -0.771907	 -0.000434528	 -0.971965	 -0.762751	 -0.000315391	 -0.953958	 -0.753582	 -7.03065e-005	 -0.935958	 -0.744473	 -0.000350933	 -0.917931	 -0.735389	 -0.000877258	 -0.899896	 2.10468	 2.10452	 2.10459	 2.10424	 2.10442	 
20.6	 -0.781	 0	 -0.99	 -0.772157	 -0.000344573	 -0.972062	 -0.762957	 -0.000294178	 -0.954302	 -0.753678	 -0.000152551	 -0.936583	 -0.744732	 -0.000385187	 -0.918697	 -0.735942	 -0.000796248	 -0.900737	 2.07425	 2.0741	 2.07416	 2.0738	 2.07398	 
20.61	 -0.781	 0	 -0.99	 -0.772325	 -0.000149404	 -0.972209	 -0.763153	 -0.00024904	 -0.954669	 -0.753867	 -0.000334248	 -0.937189	 -0.745052	 -0.000466871	 -0.91947	 -0.736459	 -0.000627877	 -0.901641	 2.04259	 2.04243	 2.04251	 2.04213	 2.04232	 
20.62	 -0.781	 0	 -0.99	 -0.772363	 6.81499e-005	 -0.972429	 -0.763327	 -0.000197369	 -0.955063	 -0.754202	 -0.000537279	 -0.937745	 -0.745456	 -0.000560896	 -0.920231	 -0.736892	 -0.00044011	 -0.902627	 2.00985	 2.0097	 2.00978	 2.00941	 2.0096	 
20.63	 -0.781	 0	 -0.99	 -0.772285	 0.000193299	 -0.972716	 -0.763488	 -0.000166484	 -0.955477	 -0.754671	 -0.000653326	 -0.938251	 -0.745935	 -0.000615907	 -0.92098	 -0.737242	 -0.00033106	 -0.903687	 1.97626	 1.97611	 1.97621	 1.97584	 1.97603	 
20.64	 -0.781	 0	 -0.99	 -0.772177	 0.000139677	 -0.973023	 -0.76365	 -0.000176751	 -0.9559	 -0.755189	 -0.000599581	 -0.938745	 -0.746449	 -0.000591079	 -0.921728	 -0.737584	 -0.000374676	 -0.904776	 1.94205	 1.9419	 1.942	 1.94164	 1.94183	 
20.65	 -0.781	 0	 -0.99	 -0.772169	 -8.20731e-005	 -0.973285	 -0.763837	 -0.000224766	 -0.956316	 -0.755622	 -0.000384924	 -0.93929	 -0.746939	 -0.00048839	 -0.922501	 -0.738032	 -0.000558643	 -0.905827	 1.9074	 1.90726	 1.90737	 1.90701	 1.9072	 
20.66	 -0.781	 0	 -0.99	 -0.772355	 -0.000336246	 -0.973449	 -0.764073	 -0.000281359	 -0.956712	 -0.755882	 -0.000137815	 -0.93993	 -0.747353	 -0.000365269	 -0.92332	 -0.73866	 -0.000766597	 -0.906797	 1.87248	 1.87234	 1.87246	 1.8721	 1.8723	 
20.67	 -0.781	 0	 -0.99	 -0.772705	 -0.000431388	 -0.973531	 -0.764356	 -0.000302303	 -0.957087	 -0.756	 -4.13102e-005	 -0.940646	 -0.747702	 -0.000310268	 -0.924178	 -0.739429	 -0.000835585	 -0.907703	 1.83738	 1.83723	 1.83736	 1.837	 1.83722	 
20.68	 -0.781	 0	 -0.99	 -0.773041	 -0.000266901	 -0.973621	 -0.764641	 -0.000262155	 -0.957462	 -0.756142	 -0.000190753	 -0.941354	 -0.748064	 -0.000373957	 -0.925034	 -0.740188	 -0.000685004	 -0.908616	 1.80214	 1.802	 1.80212	 1.80177	 1.80199	 
20.69	 -0.781	 0	 -0.99	 -0.77316	 4.24688e-005	 -0.973819	 -0.76488	 -0.000186547	 -0.957862	 -0.756497	 -0.000476187	 -0.941958	 -0.748532	 -0.000507663	 -0.925841	 -0.740773	 -0.000418984	 -0.909622	 1.76681	 1.76666	 1.76678	 1.76642	 1.76665	 
20.7	 -0.781	 0	 -0.99	 -0.773037	 0.000211781	 -0.974141	 -0.765064	 -0.000142563	 -0.95829	 -0.757087	 -0.000630452	 -0.942444	 -0.74912	 -0.000583907	 -0.926589	 -0.741164	 -0.000276876	 -0.910729	 1.73138	 1.73123	 1.73135	 1.731	 1.73122	 
20.71	 -0.781	 0	 -0.99	 -0.772902	 4.70033e-005	 -0.974471	 -0.765246	 -0.000179188	 -0.958721	 -0.757695	 -0.000473532	 -0.942921	 -0.749725	 -0.000510638	 -0.927328	 -0.741553	 -0.000416143	 -0.911839	 1.69591	 1.69577	 1.69591	 1.69554	 1.69576	 
20.72	 -0.781	 0	 -0.99	 -0.773044	 -0.000299257	 -0.974662	 -0.765495	 -0.000262709	 -0.959118	 -0.758043	 -0.000148213	 -0.943526	 -0.750207	 -0.000350952	 -0.928127	 -0.74218	 -0.000705516	 -0.912829	 1.66051	 1.66039	 1.66053	 1.66017	 1.66039	 
20.73	 -0.781	 0	 -0.99	 -0.773468	 -0.000421819	 -0.97471	 -0.765809	 -0.000293858	 -0.959478	 -0.758123	 -3.28546e-005	 -0.944261	 -0.750555	 -0.000290236	 -0.928987	 -0.743043	 -0.000805887	 -0.91369	 1.62538	 1.62524	 1.62539	 1.62503	 1.62527	 
20.74	 -0.781	 0	 -0.99	 -0.773804	 -0.000138358	 -0.974795	 -0.766103	 -0.000226161	 -0.959841	 -0.758282	 -0.000299431	 -0.944948	 -0.750939	 -0.000419695	 -0.929816	 -0.743833	 -0.000568528	 -0.91457	 1.5907	 1.59055	 1.59069	 1.59035	 1.5906	 
20.75	 -0.781	 0	 -0.99	 -0.773744	 0.000190895	 -0.975073	 -0.766302	 -0.000146443	 -0.960241	 -0.758816	 -0.000610556	 -0.945434	 -0.751506	 -0.000576705	 -0.930535	 -0.744288	 -0.000296158	 -0.915592	 1.55666	 1.55652	 1.55667	 1.55633	 1.55658	 
20.76	 -0.781	 0	 -0.99	 -0.773522	 7.76891e-005	 -0.975427	 -0.76646	 -0.000172836	 -0.960651	 -0.7595	 -0.000504433	 -0.945827	 -0.752148	 -0.00052705	 -0.931192	 -0.744604	 -0.000390969	 -0.916653	 1.52346	 1.52333	 1.52351	 1.52316	 1.52341	 
20.77	 -0.781	 0	 -0.99	 -0.773669	 -0.000332954	 -0.975594	 -0.766704	 -0.000271145	 -0.961004	 -0.759829	 -0.000114698	 -0.946371	 -0.752611	 -0.000329622	 -0.931908	 -0.745217	 -0.000727444	 -0.917535	 1.49122	 1.4911	 1.49129	 1.49095	 1.4912	 
20.78	 -0.781	 0	 -0.99	 -0.774166	 -0.000370634	 -0.975579	 -0.76703	 -0.000279782	 -0.961302	 -0.759822	 -7.48746e-005	 -0.94706	 -0.752895	 -0.000303171	 -0.932683	 -0.746106	 -0.000752455	 -0.918243	 1.46	 1.45988	 1.46006	 1.45973	 1.45999	 
20.79	 -0.781	 0	 -0.99	 -0.774358	 5.8647e-005	 -0.975704	 -0.767277	 -0.000173261	 -0.961623	 -0.760086	 -0.000474316	 -0.947598	 -0.753305	 -0.000501625	 -0.933369	 -0.746734	 -0.000394753	 -0.919041	 1.4298	 1.42965	 1.42982	 1.4295	 1.42977	 
20.8	 -0.781	 0	 -0.99	 -0.774078	 0.000181564	 -0.976053	 -0.7674	 -0.000139052	 -0.961991	 -0.760779	 -0.000584309	 -0.947904	 -0.753928	 -0.000559015	 -0.933923	 -0.746966	 -0.000292685	 -0.919998	 1.40053	 1.40039	 1.40057	 1.40024	 1.40051	 
20.81	 -0.781	 0	 -0.99	 -0.774068	 -0.000259491	 -0.976268	 -0.767584	 -0.000246382	 -0.962317	 -0.761212	 -0.000168496	 -0.948313	 -0.754419	 -0.000347725	 -0.934512	 -0.747411	 -0.000653638	 -0.920819	 1.37219	 1.37209	 1.37228	 1.37194	 1.3722	 
20.82	 -0.781	 0	 -0.99	 -0.774586	 -0.000382202	 -0.976219	 -0.767899	 -0.000279844	 -0.962564	 -0.761147	 -5.62426e-005	 -0.948942	 -0.754648	 -0.000286949	 -0.935199	 -0.748276	 -0.000751829	 -0.921401	 1.34488	 1.34475	 1.34494	 1.34461	 1.34489	 
20.83	 -0.781	 0	 -0.99	 -0.774767	 9.26473e-005	 -0.976321	 -0.768127	 -0.000161905	 -0.962838	 -0.761384	 -0.00050105	 -0.949406	 -0.755019	 -0.000513864	 -0.93579	 -0.748852	 -0.00036322	 -0.922081	 1.31863	 1.31848	 1.31865	 1.31834	 1.31863	 
20.84	 -0.781	 0	 -0.99	 -0.774421	 0.000121943	 -0.976668	 -0.768212	 -0.000151504	 -0.963162	 -0.762094	 -0.000525798	 -0.949616	 -0.755627	 -0.00053081	 -0.936231	 -0.748985	 -0.000342363	 -0.92293	 1.29354	 1.29342	 1.29362	 1.29329	 1.29357	 
20.85	 -0.781	 0	 -0.99	 -0.774566	 -0.000377676	 -0.976775	 -0.768409	 -0.000277314	 -0.963415	 -0.762326	 -5.92043e-005	 -0.95002	 -0.755984	 -0.000290192	 -0.936749	 -0.749508	 -0.000750002	 -0.923547	 1.26985	 1.26975	 1.26997	 1.26965	 1.26993	 
20.86	 -0.781	 0	 -0.99	 -0.775093	 -0.000212777	 -0.976686	 -0.7687	 -0.000238384	 -0.963597	 -0.76219	 -0.000213957	 -0.950566	 -0.756136	 -0.000364567	 -0.937318	 -0.750317	 -0.000610568	 -0.923965	 1.24784	 1.24772	 1.24793	 1.24764	 1.24795	 
20.87	 -0.781	 0	 -0.99	 -0.774922	 0.00022012	 -0.976909	 -0.768815	 -0.000127499	 -0.963836	 -0.762698	 -0.000617026	 -0.950769	 -0.756606	 -0.000574105	 -0.937685	 -0.750533	 -0.000256153	 -0.924593	 1.22772	 1.2276	 1.22781	 1.22753	 1.22784	 
20.88	 -0.781	 0	 -0.99	 -0.774703	 -0.000185828	 -0.977145	 -0.768901	 -0.000226585	 -0.964058	 -0.763224	 -0.000234273	 -0.950915	 -0.757078	 -0.000378307	 -0.937987	 -0.750691	 -0.000587331	 -0.925176	 1.20962	 1.20955	 1.20979	 1.2095	 1.2098	 
20.89	 -0.781	 0	 -0.99	 -0.775228	 -0.0003704	 -0.977019	 -0.76916	 -0.000274045	 -0.964169	 -0.763021	 -5.95944e-005	 -0.951353	 -0.757157	 -0.000282286	 -0.938411	 -0.751434	 -0.000734183	 -0.92541	 1.19373	 1.19363	 1.19387	 1.1936	 1.19392	 
20.9	 -0.781	 0	 -0.99	 -0.775291	 0.000166525	 -0.977086	 -0.7693	 -0.000140062	 -0.964304	 -0.763236	 -0.000563708	 -0.951559	 -0.757435	 -0.000543772	 -0.938686	 -0.751776	 -0.000296219	 -0.92575	 1.17992	 1.1798	 1.18002	 1.17976	 1.18009	 
20.91	 -0.781	 0	 -0.99	 -0.774905	 -4.52764e-005	 -0.97735	 -0.769316	 -0.000191224	 -0.964471	 -0.763853	 -0.000364679	 -0.951535	 -0.757915	 -0.000444299	 -0.938812	 -0.751732	 -0.000470721	 -0.926204	 1.16794	 1.16785	 1.16809	 1.16781	 1.16812	 
20.92	 -0.781	 0	 -0.99	 -0.775325	 -0.000416394	 -0.977237	 -0.769521	 -0.000285407	 -0.964527	 -0.763688	 -1.55725e-005	 -0.951831	 -0.757976	 -0.000258916	 -0.939082	 -0.752324	 -0.00077125	 -0.926311	 1.15761	 1.15752	 1.15775	 1.15747	 1.15779	 
20.93	 -0.781	 0	 -0.99	 -0.775529	 0.00010376	 -0.977206	 -0.769667	 -0.000156843	 -0.964589	 -0.763707	 -0.00050674	 -0.952019	 -0.758113	 -0.000514752	 -0.939279	 -0.752715	 -0.000348594	 -0.926454	 1.14873	 1.14861	 1.1488	 1.14854	 1.14887	 
20.94	 -0.781	 0	 -0.99	 -0.775086	 2.21111e-005	 -0.97746	 -0.769644	 -0.000175885	 -0.964709	 -0.764322	 -0.000431869	 -0.951908	 -0.758555	 -0.000481394	 -0.9393	 -0.752559	 -0.000418357	 -0.926797	 1.14112	 1.14102	 1.14123	 1.14095	 1.14126	 
20.95	 -0.781	 0	 -0.99	 -0.775428	 -0.00042549	 -0.977356	 -0.769811	 -0.000289582	 -0.964726	 -0.764184	 -1.22755e-005	 -0.9521	 -0.758596	 -0.000260423	 -0.93946	 -0.753024	 -0.000782454	 -0.926818	 1.13488	 1.13479	 1.13501	 1.13473	 1.13505	 
20.96	 -0.781	 0	 -0.99	 -0.775689	 6.97219e-005	 -0.97727	 -0.769946	 -0.000165473	 -0.964731	 -0.764094	 -0.000476015	 -0.952244	 -0.758642	 -0.000500867	 -0.939575	 -0.753403	 -0.000380278	 -0.926814	 1.13025	 1.13013	 1.13033	 1.13008	 1.13042	 
20.97	 -0.781	 0	 -0.99	 -0.775216	 4.93339e-005	 -0.977498	 -0.769884	 -0.000167843	 -0.964799	 -0.764667	 -0.000454955	 -0.952053	 -0.759026	 -0.000493538	 -0.939486	 -0.753168	 -0.000397839	 -0.927017	 1.12742	 1.12734	 1.12757	 1.12732	 1.12764	 
20.98	 -0.781	 0	 -0.99	 -0.775509	 -0.000424056	 -0.977379	 -0.77001	 -0.000289062	 -0.964754	 -0.764513	 -1.25552e-005	 -0.95213	 -0.759022	 -0.000259249	 -0.939504	 -0.753532	 -0.000779508	 -0.926884	 1.12677	 1.1267	 1.12695	 1.12671	 1.12705	 
20.99	 -0.781	 0	 -0.99	 -0.775785	 5.26752e-005	 -0.977242	 -0.770125	 -0.000168972	 -0.964678	 -0.764353	 -0.000456884	 -0.952166	 -0.758994	 -0.000488154	 -0.939468	 -0.753855	 -0.0003901	 -0.926678	 1.12853	 1.12843	 1.12866	 1.12846	 1.12881	 
21	 -0.781	 0	 -0.99	 -0.775301	 6.73176e-005	 -0.977422	 -0.770033	 -0.000162232	 -0.964659	 -0.764874	 -0.000468961	 -0.951851	 -0.759308	 -0.000498653	 -0.939213	 -0.753535	 -0.000380162	 -0.926667	 1.13267	 1.1326	 1.13285	 1.13264	 1.13297	 
21.01	 -0.781	 0	 -0.99	 -0.775537	 -0.000420809	 -0.977278	 -0.770112	 -0.000288352	 -0.964534	 -0.764699	 -1.64592e-005	 -0.951785	 -0.759249	 -0.000262286	 -0.939052	 -0.753778	 -0.000777546	 -0.926335	 1.1391	 1.13904	 1.13929	 1.13908	 1.13942	 
21.02	 -0.781	 0	 -0.99	 -0.775835	 1.46309e-005	 -0.977087	 -0.7702	 -0.000180153	 -0.964375	 -0.764446	 -0.000425497	 -0.951715	 -0.75913	 -0.000474353	 -0.938864	 -0.754045	 -0.000424826	 -0.925918	 1.14755	 1.14745	 1.14767	 1.14747	 1.14782	 
21.03	 -0.781	 0	 -0.99	 -0.775352	 0.000107353	 -0.97722	 -0.77008	 -0.000155014	 -0.964283	 -0.764902	 -0.000513323	 -0.951308	 -0.75937	 -0.000525788	 -0.938477	 -0.753658	 -0.000354212	 -0.925725	 1.15752	 1.15744	 1.15766	 1.15744	 1.15778	 
21.04	 -0.781	 0	 -0.99	 -0.775474	 -0.00040488	 -0.977092	 -0.770101	 -0.000286354	 -0.964115	 -0.764772	 -3.7066e-005	 -0.95112	 -0.759299	 -0.000278321	 -0.938186	 -0.753749	 -0.000772618	 -0.92529	 1.16871	 1.16864	 1.16885	 1.16862	 1.16895	 
21.05	 -0.781	 0	 -0.99	 -0.775844	 -7.99481e-005	 -0.976848	 -0.770186	 -0.000207541	 -0.963905	 -0.764402	 -0.000344167	 -0.951016	 -0.759089	 -0.000435311	 -0.937928	 -0.754023	 -0.000508228	 -0.924739	 1.18092	 1.18081	 1.181	 1.18078	 1.18112	 
21.06	 -0.781	 0	 -0.99	 -0.775422	 0.000173241	 -0.976928	 -0.770068	 -0.000143897	 -0.963766	 -0.764767	 -0.00058446	 -0.950584	 -0.759253	 -0.000565963	 -0.937485	 -0.753635	 -0.000307406	 -0.92443	 1.19408	 1.19399	 1.19418	 1.19396	 1.19428	 
21.07	 -0.781	 0	 -0.99	 -0.775337	 -0.00033127	 -0.976865	 -0.770021	 -0.000271122	 -0.963582	 -0.764792	 -0.000114836	 -0.950264	 -0.759236	 -0.000325991	 -0.937081	 -0.753508	 -0.0007244	 -0.923974	 1.2084	 1.20833	 1.20854	 1.20832	 1.20864	 
21.08	 -0.781	 0	 -0.99	 -0.775773	 -0.000246803	 -0.976572	 -0.770095	 -0.000254322	 -0.963326	 -0.764306	 -0.000199855	 -0.950127	 -0.758937	 -0.000369826	 -0.936754	 -0.753786	 -0.000659984	 -0.923296	 1.22424	 1.22416	 1.22436	 1.22417	 1.22451	 
21.09	 -0.781	 0	 -0.99	 -0.775542	 0.000192744	 -0.976538	 -0.769997	 -0.000147074	 -0.963115	 -0.764428	 -0.000619839	 -0.949704	 -0.758938	 -0.000592692	 -0.936254	 -0.753496	 -0.00030788	 -0.922785	 1.24187	 1.24179	 1.242	 1.24183	 1.24216	 
21.1	 -0.781	 0	 -0.99	 -0.775179	 -0.000130837	 -0.97655	 -0.769854	 -0.000227273	 -0.962895	 -0.764654	 -0.000318113	 -0.949191	 -0.758986	 -0.000441699	 -0.935676	 -0.753078	 -0.000576703	 -0.922261	 1.26143	 1.26138	 1.26161	 1.26144	 1.26178	 
21.11	 -0.781	 0	 -0.99	 -0.775503	 -0.000408207	 -0.976267	 -0.769873	 -0.000297392	 -0.962582	 -0.764214	 -5.67465e-005	 -0.94891	 -0.758677	 -0.000303485	 -0.935189	 -0.7532	 -0.000802333	 -0.921448	 1.28297	 1.28291	 1.28314	 1.28298	 1.28331	 
21.12	 -0.781	 0	 -0.99	 -0.775646	 1.41795e-005	 -0.97604	 -0.769841	 -0.000192879	 -0.962265	 -0.763923	 -0.000451897	 -0.948536	 -0.758428	 -0.000503374	 -0.934632	 -0.753153	 -0.000453494	 -0.92064	 1.3062	 1.30613	 1.30633	 1.30618	 1.30651	 
21.13	 -0.781	 0	 -0.99	 -0.775201	 0.000151554	 -0.976046	 -0.769656	 -0.000156065	 -0.961991	 -0.764173	 -0.00057881	 -0.947915	 -0.758449	 -0.000570567	 -0.933929	 -0.752607	 -0.000339305	 -0.919991	 1.33071	 1.33064	 1.33084	 1.33067	 1.331	 
21.14	 -0.781	 0	 -0.99	 -0.77507	 -0.000284667	 -0.975921	 -0.769544	 -0.000263833	 -0.961678	 -0.764117	 -0.000170032	 -0.947394	 -0.758309	 -0.000362952	 -0.933264	 -0.752306	 -0.000697176	 -0.919216	 1.35608	 1.35601	 1.3562	 1.35602	 1.35634	 
21.15	 -0.781	 0	 -0.99	 -0.77542	 -0.000357265	 -0.975598	 -0.769545	 -0.000285225	 -0.96131	 -0.763598	 -0.000105797	 -0.947052	 -0.757922	 -0.000328722	 -0.932685	 -0.752384	 -0.000759297	 -0.918267	 1.38199	 1.38191	 1.38208	 1.38189	 1.38221	 
21.16	 -0.781	 0	 -0.99	 -0.775429	 6.06e-005	 -0.975405	 -0.769456	 -0.000184646	 -0.960972	 -0.763379	 -0.000502195	 -0.946583	 -0.757677	 -0.000532546	 -0.932039	 -0.752169	 -0.000422024	 -0.917419	 1.4083	 1.40821	 1.40836	 1.40818	 1.40848	 
21.17	 -0.781	 0	 -0.99	 -0.774997	 0.000143391	 -0.975387	 -0.769249	 -0.000165144	 -0.960676	 -0.763561	 -0.000585873	 -0.945942	 -0.757629	 -0.000582257	 -0.931301	 -0.75158	 -0.000361848	 -0.916706	 1.43504	 1.43496	 1.43513	 1.43495	 1.43525	 
21.18	 -0.781	 0	 -0.99	 -0.774829	 -0.000244252	 -0.975263	 -0.769099	 -0.000263229	 -0.960348	 -0.763479	 -0.000229844	 -0.94539	 -0.757442	 -0.000408464	 -0.930597	 -0.751194	 -0.000688505	 -0.915892	 1.46244	 1.46237	 1.46254	 1.46237	 1.46268	 
21.19	 -0.781	 0	 -0.99	 -0.775095	 -0.00040668	 -0.974958	 -0.769051	 -0.000307513	 -0.959967	 -0.762977	 -8.44726e-005	 -0.944989	 -0.757033	 -0.000336655	 -0.929959	 -0.751151	 -0.000829011	 -0.914909	 1.49069	 1.49063	 1.4908	 1.49064	 1.49095	 
21.2	 -0.781	 0	 -0.99	 -0.775226	 -9.41195e-005	 -0.974697	 -0.768966	 -0.000235156	 -0.959587	 -0.76259	 -0.000384383	 -0.944525	 -0.756669	 -0.000489417	 -0.929279	 -0.750979	 -0.000577853	 -0.913943	 1.51987	 1.5198	 1.51997	 1.51982	 1.52013	 
21.21	 -0.781	 0	 -0.99	 -0.774921	 0.000173876	 -0.974604	 -0.76877	 -0.000171036	 -0.95924	 -0.7626	 -0.000641229	 -0.943886	 -0.756498	 -0.000623091	 -0.928498	 -0.750435	 -0.000361831	 -0.913095	 1.54986	 1.5498	 1.54997	 1.54982	 1.55012	 
21.22	 -0.781	 0	 -0.99	 -0.774556	 7.24306e-006	 -0.974534	 -0.768552	 -0.000209646	 -0.958894	 -0.762656	 -0.000483702	 -0.943213	 -0.756346	 -0.000547075	 -0.927693	 -0.749831	 -0.000500455	 -0.912254	 1.58045	 1.58038	 1.58054	 1.58039	 1.58069	 
21.23	 -0.781	 0	 -0.99	 -0.774537	 -0.000330949	 -0.974325	 -0.768414	 -0.000288436	 -0.958512	 -0.762377	 -0.000157934	 -0.942665	 -0.756022	 -0.000380545	 -0.926945	 -0.749507	 -0.000774601	 -0.911292	 1.61135	 1.61128	 1.61143	 1.61128	 1.61157	 
21.24	 -0.781	 0	 -0.99	 -0.774766	 -0.000387804	 -0.974015	 -0.768334	 -0.000299013	 -0.958105	 -0.761859	 -9.51257e-005	 -0.942212	 -0.755574	 -0.000340731	 -0.926245	 -0.749379	 -0.000810843	 -0.910246	 1.64236	 1.64229	 1.64243	 1.64226	 1.64256	 
21.25	 -0.781	 0	 -0.99	 -0.77485	 -0.000114811	 -0.97376	 -0.768217	 -0.000231012	 -0.957712	 -0.761472	 -0.000345476	 -0.94171	 -0.755184	 -0.000458437	 -0.925524	 -0.749121	 -0.000575289	 -0.90925	 1.67335	 1.67328	 1.67341	 1.67324	 1.67353	 
21.26	 -0.781	 0	 -0.99	 -0.774616	 0.000151384	 -0.973633	 -0.768021	 -0.000165777	 -0.957352	 -0.761376	 -0.00059345	 -0.941093	 -0.75493	 -0.000579915	 -0.92475	 -0.748587	 -0.000352196	 -0.908366	 1.70429	 1.70421	 1.70435	 1.70418	 1.70446	 
21.27	 -0.781	 0	 -0.99	 -0.774255	 0.000127178	 -0.973558	 -0.76779	 -0.000171595	 -0.957006	 -0.76139	 -0.00057317	 -0.940431	 -0.754726	 -0.000573686	 -0.923956	 -0.747937	 -0.000375584	 -0.907532	 1.73516	 1.73509	 1.73522	 1.73506	 1.73534	 
21.28	 -0.781	 0	 -0.99	 -0.774057	 -0.000138348	 -0.973421	 -0.767593	 -0.000236633	 -0.956649	 -0.761243	 -0.000328326	 -0.939833	 -0.754437	 -0.000457934	 -0.923198	 -0.74741	 -0.000600209	 -0.906653	 1.76598	 1.7659	 1.76603	 1.76588	 1.76616	 
21.29	 -0.781	 0	 -0.99	 -0.774112	 -0.000375788	 -0.973183	 -0.767452	 -0.000295159	 -0.95627	 -0.760846	 -0.000107689	 -0.939337	 -0.75402	 -0.000350805	 -0.922493	 -0.747085	 -0.000800453	 -0.905696	 1.79671	 1.79663	 1.79676	 1.7966	 1.79688	 
21.3	 -0.781	 0	 -0.99	 -0.774273	 -0.000381616	 -0.972901	 -0.76733	 -0.000296607	 -0.955885	 -0.760337	 -0.000100783	 -0.93889	 -0.753543	 -0.000345546	 -0.921816	 -0.746842	 -0.00080584	 -0.904708	 1.82733	 1.82725	 1.82737	 1.82721	 1.82749	 
21.31	 -0.781	 0	 -0.99	 -0.774324	 -0.000173741	 -0.972663	 -0.767176	 -0.000246769	 -0.955515	 -0.759919	 -0.000294465	 -0.938412	 -0.753106	 -0.0004378	 -0.921128	 -0.746506	 -0.000631525	 -0.903761	 1.85781	 1.85774	 1.85786	 1.8577	 1.85796	 
21.32	 -0.781	 0	 -0.99	 -0.774172	 7.05644e-005	 -0.972507	 -0.766974	 -0.00018974	 -0.955165	 -0.75969	 -0.000525076	 -0.93786	 -0.752755	 -0.000548274	 -0.92041	 -0.745989	 -0.00042625	 -0.902892	 1.88816	 1.88809	 1.88821	 1.88805	 1.88832	 
21.33	 -0.781	 0	 -0.99	 -0.77388	 0.00017696	 -0.97241	 -0.766743	 -0.000164891	 -0.95483	 -0.759597	 -0.000627023	 -0.937255	 -0.752461	 -0.000597986	 -0.919672	 -0.745336	 -0.000335095	 -0.902084	 1.91836	 1.91829	 1.91842	 1.91826	 1.91853	 
21.34	 -0.781	 0	 -0.99	 -0.773587	 9.17411e-005	 -0.972316	 -0.766508	 -0.000183274	 -0.954499	 -0.759499	 -0.000544831	 -0.936655	 -0.752162	 -0.000558701	 -0.91894	 -0.744678	 -0.000403118	 -0.901286	 1.94839	 1.94832	 1.94843	 1.94829	 1.94855	 
21.35	 -0.781	 0	 -0.99	 -0.773406	 -0.000113645	 -0.97218	 -0.766289	 -0.000228516	 -0.954166	 -0.759278	 -0.000345387	 -0.936109	 -0.75181	 -0.000461079	 -0.918238	 -0.744127	 -0.00057114	 -0.900455	 1.97815	 1.97807	 1.97818	 1.97804	 1.9783	 
21.36	 -0.781	 0	 -0.99	 -0.773375	 -0.000313408	 -0.971986	 -0.7661	 -0.000272227	 -0.953826	 -0.758909	 -0.00015181	 -0.935632	 -0.751385	 -0.000366607	 -0.917576	 -0.743701	 -0.000735463	 -0.899587	 2.00754	 2.00744	 2.00755	 2.0074	 2.00765	 
21.37	 -0.781	 0	 -0.99	 -0.773446	 -0.000405197	 -0.971753	 -0.765938	 -0.000293498	 -0.953482	 -0.758445	 -6.39873e-005	 -0.935207	 -0.750909	 -0.000324375	 -0.91695	 -0.743347	 -0.000814462	 -0.898707	 2.03639	 2.0363	 2.0364	 2.03624	 2.03649	 
21.38	 -0.781	 0	 -0.99	 -0.773522	 -0.000357481	 -0.97152	 -0.765776	 -0.000284509	 -0.953148	 -0.757974	 -0.000112055	 -0.934799	 -0.750428	 -0.000348489	 -0.916346	 -0.742998	 -0.000778996	 -0.897848	 2.06459	 2.06451	 2.0646	 2.06444	 2.06468	 
21.39	 -0.781	 0	 -0.99	 -0.773526	 -0.000206582	 -0.971322	 -0.765598	 -0.00025227	 -0.952831	 -0.757572	 -0.000259298	 -0.934381	 -0.74998	 -0.000418553	 -0.915751	 -0.742587	 -0.000653353	 -0.89704	 2.09203	 2.09196	 2.09205	 2.09187	 2.09211	 
21.4	 -0.781	 0	 -0.99	 -0.773427	 -2.37631e-005	 -0.971172	 -0.7654	 -0.00021215	 -0.952533	 -0.757272	 -0.000434112	 -0.933939	 -0.749574	 -0.000498512	 -0.915163	 -0.742079	 -0.000496161	 -0.896302	 2.11864	 2.11857	 2.11866	 2.11847	 2.1187	 
21.41	 -0.781	 0	 -0.99	 -0.773232	 0.000120324	 -0.971069	 -0.765179	 -0.000177479	 -0.952259	 -0.757062	 -0.000567783	 -0.933478	 -0.749213	 -0.000560461	 -0.91458	 -0.741494	 -0.000372455	 -0.895629	 2.14437	 2.1443	 2.14439	 2.1442	 2.14442	 
21.42	 -0.781	 0	 -0.99	 -0.772983	 0.00017999	 -0.970996	 -0.764945	 -0.000161684	 -0.952003	 -0.756901	 -0.000620931	 -0.933015	 -0.748878	 -0.000586411	 -0.914014	 -0.740869	 -0.000323777	 -0.895007	 2.16919	 2.16911	 2.1692	 2.16901	 2.16924	 
21.43	 -0.781	 0	 -0.99	 -0.772743	 0.000141593	 -0.970927	 -0.76472	 -0.000170871	 -0.951757	 -0.756744	 -0.000586127	 -0.932569	 -0.74854	 -0.000570004	 -0.913475	 -0.740238	 -0.000353064	 -0.894422	 2.19306	 2.19298	 2.19305	 2.19287	 2.19311	 
21.44	 -0.781	 0	 -0.99	 -0.772545	 3.0014e-005	 -0.970849	 -0.764502	 -0.000195278	 -0.951523	 -0.756545	 -0.00047914	 -0.932162	 -0.748187	 -0.000518508	 -0.91297	 -0.739652	 -0.000441753	 -0.893854	 2.21596	 2.21586	 2.21593	 2.21576	 2.21599	 
21.45	 -0.781	 0	 -0.99	 -0.772404	 -0.000112774	 -0.970754	 -0.764288	 -0.000222023	 -0.951302	 -0.75628	 -0.000333044	 -0.931805	 -0.747816	 -0.000447893	 -0.912503	 -0.739144	 -0.000558943	 -0.893291	 2.23784	 2.23773	 2.2378	 2.23762	 2.23785	 
21.46	 -0.781	 0	 -0.99	 -0.772336	 -0.000250837	 -0.970636	 -0.764095	 -0.000246724	 -0.951087	 -0.755954	 -0.000189584	 -0.931496	 -0.747418	 -0.000376228	 -0.912076	 -0.738697	 -0.000667592	 -0.892738	 2.25869	 2.25857	 2.25864	 2.25846	 2.25868	 
21.47	 -0.781	 0	 -0.99	 -0.772334	 -0.00035269	 -0.970496	 -0.76393	 -0.000266806	 -0.950875	 -0.755587	 -8.53307e-005	 -0.931228	 -0.746997	 -0.000322008	 -0.91169	 -0.738292	 -0.000745474	 -0.892205	 2.27849	 2.27838	 2.27844	 2.27827	 2.27849	 
21.48	 -0.781	 0	 -0.99	 -0.77236	 -0.000399216	 -0.97035	 -0.763772	 -0.000276377	 -0.950675	 -0.755198	 -3.90548e-005	 -0.930994	 -0.746575	 -0.000297946	 -0.911336	 -0.737925	 -0.000780534	 -0.891693	 2.29724	 2.29713	 2.29719	 2.29701	 2.29723	 
21.49	 -0.781	 0	 -0.99	 -0.772388	 -0.000384691	 -0.970211	 -0.763616	 -0.000273854	 -0.95049	 -0.754813	 -5.26874e-005	 -0.930784	 -0.746163	 -0.000302506	 -0.911011	 -0.737577	 -0.00076728	 -0.891213	 2.31485	 2.31475	 2.31481	 2.31461	 2.31482	 
21.5	 -0.781	 0	 -0.99	 -0.772402	 -0.000317327	 -0.970087	 -0.763466	 -0.00025896	 -0.950321	 -0.754456	 -0.000115969	 -0.930589	 -0.745766	 -0.000330059	 -0.910717	 -0.737218	 -0.000708746	 -0.890783	 2.33119	 2.3311	 2.33116	 2.33095	 2.33115	 
21.51	 -0.781	 0	 -0.99	 -0.772379	 -0.000214329	 -0.969989	 -0.763309	 -0.000236786	 -0.950176	 -0.754141	 -0.000213967	 -0.930409	 -0.745399	 -0.000372851	 -0.910451	 -0.736847	 -0.000618726	 -0.890411	 2.3461	 2.34601	 2.34607	 2.34584	 2.34604	 
21.52	 -0.781	 0	 -0.99	 -0.77231	 -9.60596e-005	 -0.969922	 -0.763143	 -0.000211961	 -0.950058	 -0.753874	 -0.000328321	 -0.930241	 -0.745064	 -0.000424285	 -0.910217	 -0.73646	 -0.000517742	 -0.890102	 2.35944	 2.35936	 2.35941	 2.35918	 2.35937	 
21.53	 -0.781	 0	 -0.99	 -0.772204	 1.90438e-005	 -0.969883	 -0.762978	 -0.000186648	 -0.949963	 -0.753661	 -0.000439356	 -0.930084	 -0.744761	 -0.000477761	 -0.910015	 -0.736049	 -0.000425156	 -0.889863	 2.37118	 2.3711	 2.37115	 2.37091	 2.3711	 
21.54	 -0.781	 0	 -0.99	 -0.77207	 0.000112501	 -0.969869	 -0.762818	 -0.000166805	 -0.949887	 -0.753497	 -0.000529753	 -0.929937	 -0.744487	 -0.000520247	 -0.909844	 -0.735618	 -0.000348044	 -0.889688	 2.38143	 2.38134	 2.3814	 2.38115	 2.38134	 
21.55	 -0.781	 0	 -0.99	 -0.771918	 0.000170553	 -0.969873	 -0.762665	 -0.000154729	 -0.949827	 -0.753371	 -0.000586162	 -0.929801	 -0.744235	 -0.000543622	 -0.9097	 -0.735177	 -0.000291883	 -0.889563	 2.3904	 2.39031	 2.39038	 2.39014	 2.39033	 
21.56	 -0.781	 0	 -0.99	 -0.771749	 0.000191887	 -0.969893	 -0.762506	 -0.000147585	 -0.949784	 -0.753261	 -0.000601517	 -0.929678	 -0.744006	 -0.000548648	 -0.909574	 -0.734754	 -0.000270739	 -0.889468	 2.39838	 2.39829	 2.39836	 2.39813	 2.39832	 
21.57	 -0.781	 0	 -0.99	 -0.771581	 0.000172797	 -0.969918	 -0.762348	 -0.000147877	 -0.949753	 -0.753157	 -0.000578008	 -0.92957	 -0.743793	 -0.000538816	 -0.909464	 -0.734354	 -0.000287542	 -0.889393	 2.40557	 2.40547	 2.40554	 2.40532	 2.40552	 
21.58	 -0.781	 0	 -0.99	 -0.77144	 0.000114709	 -0.969938	 -0.762211	 -0.000160656	 -0.949723	 -0.753053	 -0.000522417	 -0.929478	 -0.743581	 -0.000512938	 -0.909375	 -0.733974	 -0.000335044	 -0.889336	 2.412	 2.4119	 2.41197	 2.41176	 2.41197	 
21.59	 -0.781	 0	 -0.99	 -0.771326	 2.9695e-005	 -0.969952	 -0.762085	 -0.000177679	 -0.949702	 -0.752938	 -0.000439412	 -0.92941	 -0.743378	 -0.000475516	 -0.909309	 -0.733637	 -0.000405796	 -0.889293	 2.41754	 2.41743	 2.4175	 2.41729	 2.41749	 
21.6	 -0.781	 0	 -0.99	 -0.771246	 -6.95347e-005	 -0.969959	 -0.761974	 -0.000196105	 -0.949692	 -0.752806	 -0.00033833	 -0.929377	 -0.74318	 -0.000427922	 -0.909276	 -0.733351	 -0.00048777	 -0.889273	 2.42187	 2.42175	 2.4218	 2.42158	 2.42177	 
21.61	 -0.781	 0	 -0.99	 -0.771211	 -0.000174152	 -0.969957	 -0.761886	 -0.000216607	 -0.949694	 -0.75266	 -0.000233477	 -0.929386	 -0.742984	 -0.000376216	 -0.909291	 -0.733111	 -0.000568905	 -0.88929	 2.42454	 2.42441	 2.42444	 2.42421	 2.42441	 
21.62	 -0.781	 0	 -0.99	 -0.771206	 -0.000269666	 -0.969956	 -0.761809	 -0.000235973	 -0.949722	 -0.752496	 -0.000138839	 -0.92945	 -0.742801	 -0.00033062	 -0.90936	 -0.732935	 -0.000646068	 -0.889353	 2.42516	 2.42502	 2.42504	 2.42479	 2.42498	 
21.63	 -0.781	 0	 -0.99	 -0.771231	 -0.000344895	 -0.969958	 -0.761744	 -0.000251449	 -0.949779	 -0.752323	 -6.50259e-005	 -0.929569	 -0.742636	 -0.000296761	 -0.909489	 -0.732824	 -0.000710799	 -0.889471	 2.42343	 2.42327	 2.42329	 2.42301	 2.42319	 
21.64	 -0.781	 0	 -0.99	 -0.771291	 -0.000390458	 -0.96996	 -0.761709	 -0.000260811	 -0.949858	 -0.752158	 -2.01678e-005	 -0.929741	 -0.742487	 -0.000276456	 -0.909684	 -0.732759	 -0.000751021	 -0.889657	 2.41919	 2.41904	 2.41904	 2.41875	 2.41892	 
21.65	 -0.781	 0	 -0.99	 -0.771372	 -0.000400946	 -0.96997	 -0.761696	 -0.000264156	 -0.949962	 -0.752009	 -1.00636e-005	 -0.92996	 -0.742365	 -0.000268691	 -0.909938	 -0.732738	 -0.000755863	 -0.889913	 2.41248	 2.41233	 2.41233	 2.41203	 2.4122	 
21.66	 -0.781	 0	 -0.99	 -0.771458	 -0.000372297	 -0.969995	 -0.761694	 -0.000258741	 -0.950094	 -0.751883	 -3.76436e-005	 -0.930219	 -0.742275	 -0.0002777	 -0.910246	 -0.732756	 -0.000725982	 -0.890233	 2.40346	 2.40331	 2.40333	 2.40301	 2.40317	 
21.67	 -0.781	 0	 -0.99	 -0.771532	 -0.000303042	 -0.970039	 -0.7617	 -0.000243302	 -0.950254	 -0.751789	 -0.000102001	 -0.930508	 -0.74222	 -0.000305703	 -0.910597	 -0.732803	 -0.00066814	 -0.890615	 2.39236	 2.39222	 2.39225	 2.39194	 2.3921	 
21.68	 -0.781	 0	 -0.99	 -0.771586	 -0.000203302	 -0.970106	 -0.761712	 -0.00022153	 -0.950436	 -0.75174	 -0.000197169	 -0.930815	 -0.742204	 -0.000348249	 -0.910982	 -0.732859	 -0.000582788	 -0.891058	 2.37947	 2.37935	 2.37939	 2.37907	 2.37923	 
21.69	 -0.781	 0	 -0.99	 -0.77161	 -8.40755e-005	 -0.970199	 -0.761732	 -0.000195648	 -0.950637	 -0.751747	 -0.00030923	 -0.931129	 -0.742224	 -0.000395597	 -0.911394	 -0.73291	 -0.000476628	 -0.891558	 2.36509	 2.36497	 2.36502	 2.3647	 2.36486	 
21.7	 -0.781	 0	 -0.99	 -0.771593	 3.93669e-005	 -0.97032	 -0.76175	 -0.000164329	 -0.950856	 -0.751812	 -0.000418997	 -0.931442	 -0.742288	 -0.00044215	 -0.91182	 -0.732954	 -0.000366114	 -0.892108	 2.34947	 2.34936	 2.34942	 2.34911	 2.34928	 
21.71	 -0.781	 0	 -0.99	 -0.77154	 0.000143752	 -0.970467	 -0.761772	 -0.000137094	 -0.951089	 -0.751936	 -0.000509637	 -0.931746	 -0.742391	 -0.000478919	 -0.912257	 -0.732982	 -0.000270253	 -0.892701	 2.33289	 2.33277	 2.33285	 2.33254	 2.33271	 
21.72	 -0.781	 0	 -0.99	 -0.771461	 0.000204505	 -0.970633	 -0.761802	 -0.000121803	 -0.95133	 -0.752109	 -0.00056389	 -0.932044	 -0.742526	 -0.000499788	 -0.912701	 -0.732999	 -0.000209178	 -0.893331	 2.3155	 2.31538	 2.31546	 2.31517	 2.31534	 
21.73	 -0.781	 0	 -0.99	 -0.771364	 0.000208681	 -0.970815	 -0.761829	 -0.000118813	 -0.951582	 -0.752311	 -0.000564676	 -0.932343	 -0.742692	 -0.000499671	 -0.91315	 -0.733035	 -0.000202661	 -0.893978	 2.29739	 2.29727	 2.29735	 2.29705	 2.29723	 
21.74	 -0.781	 0	 -0.99	 -0.771276	 0.000149095	 -0.970998	 -0.761864	 -0.000128931	 -0.951843	 -0.752519	 -0.000503352	 -0.932655	 -0.74288	 -0.000472496	 -0.913612	 -0.73311	 -0.000253651	 -0.894636	 2.27851	 2.27839	 2.27846	 2.27816	 2.27835	 
21.75	 -0.781	 0	 -0.99	 -0.771236	 3.07644e-005	 -0.971165	 -0.761924	 -0.000152461	 -0.952104	 -0.752713	 -0.000386498	 -0.932994	 -0.743071	 -0.000418054	 -0.914098	 -0.733236	 -0.000351371	 -0.895302	 2.25872	 2.25858	 2.25865	 2.25835	 2.25854	 
21.76	 -0.781	 0	 -0.99	 -0.771262	 -0.000122278	 -0.971307	 -0.762011	 -0.00018494	 -0.952369	 -0.752869	 -0.000237333	 -0.933377	 -0.743262	 -0.000347482	 -0.914619	 -0.733443	 -0.000478486	 -0.89597	 2.23777	 2.23763	 2.2377	 2.23739	 2.23758	 
21.77	 -0.781	 0	 -0.99	 -0.771365	 -0.000273842	 -0.971421	 -0.762123	 -0.000218493	 -0.952641	 -0.752972	 -9.26235e-005	 -0.933818	 -0.743446	 -0.000279773	 -0.915184	 -0.733745	 -0.000605214	 -0.896641	 2.21545	 2.2153	 2.21536	 2.21503	 2.21521	 
21.78	 -0.781	 0	 -0.99	 -0.771541	 -0.000378233	 -0.971509	 -0.762265	 -0.000243421	 -0.952923	 -0.753032	 5.64328e-006	 -0.934316	 -0.743624	 -0.000233003	 -0.915799	 -0.734133	 -0.000694037	 -0.897328	 2.19153	 2.19137	 2.19142	 2.19109	 2.19127	 
21.79	 -0.781	 0	 -0.99	 -0.771762	 -0.000396272	 -0.971586	 -0.762428	 -0.000248224	 -0.953218	 -0.753074	 2.24519e-005	 -0.934861	 -0.743809	 -0.000223657	 -0.916461	 -0.734581	 -0.000708725	 -0.898046	 2.16592	 2.16576	 2.16581	 2.16546	 2.16563	 
21.8	 -0.781	 0	 -0.99	 -0.771976	 -0.000310446	 -0.971678	 -0.7626	 -0.000229568	 -0.953533	 -0.753145	 -5.80175e-005	 -0.935428	 -0.744022	 -0.000256714	 -0.917158	 -0.73505	 -0.000631121	 -0.898813	 2.13865	 2.13849	 2.13854	 2.13818	 2.13835	 
21.81	 -0.781	 0	 -0.99	 -0.772128	 -0.000138394	 -0.971812	 -0.762767	 -0.000190361	 -0.953872	 -0.753294	 -0.000218741	 -0.93599	 -0.744284	 -0.000327123	 -0.917873	 -0.73549	 -0.000479353	 -0.89965	 2.10988	 2.10973	 2.10979	 2.10942	 2.10959	 
21.82	 -0.781	 0	 -0.99	 -0.772176	 6.24117e-005	 -0.972008	 -0.762918	 -0.000142331	 -0.954238	 -0.753562	 -0.000405299	 -0.936519	 -0.744616	 -0.000414021	 -0.918591	 -0.735865	 -0.00030879	 -0.900565	 2.07986	 2.07971	 2.07978	 2.07942	 2.0796	 
21.83	 -0.781	 0	 -0.99	 -0.772118	 0.000205267	 -0.972265	 -0.763054	 -0.000107923	 -0.954626	 -0.753948	 -0.000538631	 -0.93701	 -0.745018	 -0.000479168	 -0.919301	 -0.736174	 -0.000191961	 -0.90155	 2.04887	 2.04873	 2.04881	 2.04845	 2.04863	 
21.84	 -0.781	 0	 -0.99	 -0.772011	 0.000210781	 -0.972554	 -0.763188	 -0.000105867	 -0.955026	 -0.754405	 -0.00054528	 -0.937479	 -0.745467	 -0.000485983	 -0.920009	 -0.73646	 -0.000189507	 -0.902575	 2.01715	 2.01701	 2.01711	 2.01675	 2.01694	 
21.85	 -0.781	 0	 -0.99	 -0.771952	 5.89971e-005	 -0.972823	 -0.763345	 -0.000140868	 -0.955422	 -0.75484	 -0.000403033	 -0.937972	 -0.745918	 -0.000420888	 -0.920732	 -0.736803	 -0.000318144	 -0.903592	 1.98488	 1.98474	 1.98485	 1.9845	 1.98469	 
21.86	 -0.781	 0	 -0.99	 -0.772032	 -0.000182673	 -0.973024	 -0.763539	 -0.000196474	 -0.955806	 -0.755158	 -0.000173723	 -0.938533	 -0.746329	 -0.000311848	 -0.921488	 -0.737287	 -0.000521144	 -0.904553	 1.95218	 1.95204	 1.95215	 1.9518	 1.95199	 
21.87	 -0.781	 0	 -0.99	 -0.772281	 -0.000373976	 -0.973143	 -0.763776	 -0.000240478	 -0.956175	 -0.755326	 8.73074e-006	 -0.939179	 -0.74668	 -0.000222631	 -0.922285	 -0.737935	 -0.00068032	 -0.905445	 1.91909	 1.91895	 1.91906	 1.91871	 1.91891	 
21.88	 -0.781	 0	 -0.99	 -0.772623	 -0.000376902	 -0.973216	 -0.764043	 -0.000242089	 -0.956533	 -0.755422	 1.29166e-005	 -0.93987	 -0.747	 -0.000216333	 -0.92311	 -0.738667	 -0.000680144	 -0.906307	 1.88565	 1.88551	 1.88562	 1.88527	 1.88548	 
21.89	 -0.781	 0	 -0.99	 -0.772893	 -0.000165946	 -0.973327	 -0.764302	 -0.000193356	 -0.956899	 -0.755602	 -0.000185269	 -0.940527	 -0.747362	 -0.000307583	 -0.923922	 -0.739345	 -0.000498097	 -0.907207	 1.8519	 1.85175	 1.85187	 1.85152	 1.85173	 
21.9	 -0.781	 0	 -0.99	 -0.772951	 0.00011631	 -0.973547	 -0.764517	 -0.000125156	 -0.957291	 -0.755993	 -0.000448237	 -0.941083	 -0.747833	 -0.000431808	 -0.924687	 -0.739855	 -0.000255394	 -0.908202	 1.81788	 1.81773	 1.81784	 1.81749	 1.8177	 
21.91	 -0.781	 0	 -0.99	 -0.772819	 0.000233597	 -0.973866	 -0.76469	 -9.3115e-005	 -0.957709	 -0.756571	 -0.000551557	 -0.941548	 -0.748403	 -0.000480268	 -0.92541	 -0.740217	 -0.000151781	 -0.909281	 1.78364	 1.78349	 1.7836	 1.78325	 1.78346	 
21.92	 -0.781	 0	 -0.99	 -0.772708	 5.64817e-005	 -0.974176	 -0.764869	 -0.000130282	 -0.958126	 -0.757135	 -0.000376846	 -0.942024	 -0.748972	 -0.000394053	 -0.926136	 -0.740603	 -0.000294311	 -0.910354	 1.74923	 1.74909	 1.74921	 1.74885	 1.74907	 
21.93	 -0.781	 0	 -0.99	 -0.772851	 -0.00026729	 -0.97436	 -0.765109	 -0.000205725	 -0.958513	 -0.757463	 -6.82908e-005	 -0.942619	 -0.749431	 -0.000240737	 -0.926919	 -0.741208	 -0.000560277	 -0.91132	 1.71474	 1.71461	 1.71475	 1.71439	 1.7146	 
21.94	 -0.781	 0	 -0.99	 -0.773248	 -0.000398597	 -0.974415	 -0.765411	 -0.000239472	 -0.958868	 -0.757556	 5.39797e-005	 -0.943332	 -0.749776	 -0.000177639	 -0.92776	 -0.74203	 -0.000668947	 -0.912176	 1.6803	 1.68016	 1.6803	 1.67994	 1.68016	 
21.95	 -0.781	 0	 -0.99	 -0.773597	 -0.000163214	 -0.974491	 -0.765704	 -0.000185543	 -0.959226	 -0.757694	 -0.000170881	 -0.944021	 -0.750142	 -0.000288129	 -0.928587	 -0.742817	 -0.000475929	 -0.913042	 1.64601	 1.64585	 1.64599	 1.64564	 1.64587	 
21.96	 -0.781	 0	 -0.99	 -0.773603	 0.000178613	 -0.974737	 -0.765914	 -0.000103539	 -0.959621	 -0.758153	 -0.000495422	 -0.944543	 -0.750667	 -0.000452694	 -0.929325	 -0.743322	 -0.000197468	 -0.914039	 1.61201	 1.61185	 1.61199	 1.61164	 1.61188	 
21.97	 -0.781	 0	 -0.99	 -0.773383	 0.0001762	 -0.975092	 -0.766068	 -0.000104089	 -0.960037	 -0.758825	 -0.000496157	 -0.944949	 -0.7513	 -0.000459132	 -0.929996	 -0.743641	 -0.000205426	 -0.915112	 1.57845	 1.57831	 1.57847	 1.57812	 1.57835	 
21.98	 -0.781	 0	 -0.99	 -0.773404	 -0.000198653	 -0.975326	 -0.766281	 -0.000196518	 -0.960415	 -0.759276	 -0.000147804	 -0.945448	 -0.751826	 -0.000288502	 -0.930701	 -0.744155	 -0.000519013	 -0.916066	 1.54553	 1.54541	 1.54558	 1.54523	 1.54547	 
21.99	 -0.781	 0	 -0.99	 -0.773833	 -0.000405702	 -0.97535	 -0.766594	 -0.000249606	 -0.960732	 -0.75934	 4.35248e-005	 -0.946122	 -0.752154	 -0.000190872	 -0.93148	 -0.744999	 -0.00069015	 -0.916828	 1.51343	 1.51331	 1.51348	 1.51314	 1.5134	 
22	 -0.781	 0	 -0.99	 -0.7742	 -9.81081e-005	 -0.975397	 -0.76689	 -0.000176036	 -0.961043	 -0.759456	 -0.000246255	 -0.946752	 -0.752497	 -0.000334328	 -0.932226	 -0.745777	 -0.000436221	 -0.917587	 1.48228	 1.48213	 1.4823	 1.48197	 1.48224	 
22.01	 -0.781	 0	 -0.99	 -0.774071	 0.00023367	 -0.975679	 -0.76706	 -9.2785e-005	 -0.961401	 -0.760025	 -0.000555741	 -0.947138	 -0.753061	 -0.0004922	 -0.932835	 -0.746139	 -0.000164084	 -0.918512	 1.45213	 1.45198	 1.45215	 1.45183	 1.4521	 
22.02	 -0.781	 0	 -0.99	 -0.773852	 -5.86771e-006	 -0.976	 -0.767196	 -0.000147724	 -0.961761	 -0.76066	 -0.000325624	 -0.947465	 -0.753657	 -0.00037741	 -0.933394	 -0.746421	 -0.000360389	 -0.91944	 1.42301	 1.42291	 1.4231	 1.42277	 1.42303	 
22.03	 -0.781	 0	 -0.99	 -0.774159	 -0.000394164	 -0.976057	 -0.767454	 -0.000241977	 -0.962045	 -0.760785	 4.3233e-005	 -0.948016	 -0.753989	 -0.000185536	 -0.93405	 -0.747126	 -0.000673908	 -0.920121	 1.39505	 1.39495	 1.39514	 1.39481	 1.39508	 
22.04	 -0.781	 0	 -0.99	 -0.774623	 -0.000166436	 -0.976028	 -0.767752	 -0.000187338	 -0.962293	 -0.760761	 -0.000170017	 -0.948617	 -0.754234	 -0.000288932	 -0.934716	 -0.747943	 -0.000481762	 -0.920706	 1.36824	 1.36811	 1.36829	 1.36798	 1.36827	 
22.05	 -0.781	 0	 -0.99	 -0.774503	 0.000234418	 -0.976271	 -0.767906	 -8.75304e-005	 -0.962593	 -0.76128	 -0.000546813	 -0.948931	 -0.754746	 -0.000483835	 -0.935221	 -0.748265	 -0.00015509	 -0.921486	 1.34259	 1.34244	 1.34262	 1.34231	 1.3426	 
22.06	 -0.781	 0	 -0.99	 -0.774253	 -5.13529e-005	 -0.976571	 -0.768013	 -0.000157569	 -0.962899	 -0.7619	 -0.000280295	 -0.94917	 -0.755306	 -0.000353312	 -0.935667	 -0.74847	 -0.000395871	 -0.922282	 1.31805	 1.31795	 1.31816	 1.31783	 1.31811	 
22.07	 -0.781	 0	 -0.99	 -0.77465	 -0.000408494	 -0.976554	 -0.768271	 -0.000250865	 -0.963116	 -0.76189	 4.74464e-005	 -0.949681	 -0.755536	 -0.000185969	 -0.936234	 -0.749192	 -0.00069284	 -0.922788	 1.29479	 1.29469	 1.29489	 1.29457	 1.29486	 
22.08	 -0.781	 0	 -0.99	 -0.775007	 -1.08386e-005	 -0.976542	 -0.768519	 -0.000156889	 -0.963318	 -0.761908	 -0.000333818	 -0.950153	 -0.755764	 -0.000383186	 -0.936766	 -0.749863	 -0.000371526	 -0.923267	 1.27289	 1.27275	 1.27294	 1.27265	 1.27296	 
22.09	 -0.781	 0	 -0.99	 -0.77468	 0.000200637	 -0.976843	 -0.768593	 -0.000103651	 -0.963579	 -0.762562	 -0.000535469	 -0.950292	 -0.756312	 -0.000493417	 -0.937102	 -0.749954	 -0.00020427	 -0.923964	 1.2525	 1.25238	 1.25258	 1.25228	 1.25258	 
22.1	 -0.781	 0	 -0.99	 -0.774681	 -0.000305168	 -0.976981	 -0.768738	 -0.000229552	 -0.963782	 -0.762891	 -6.09905e-005	 -0.950541	 -0.756687	 -0.000249854	 -0.937465	 -0.750297	 -0.000619169	 -0.924481	 1.23385	 1.23377	 1.23401	 1.23371	 1.234	 
22.11	 -0.781	 0	 -0.99	 -0.775225	 -0.000252009	 -0.976848	 -0.769007	 -0.000216924	 -0.963898	 -0.76268	 -0.000107801	 -0.951	 -0.756765	 -0.000268075	 -0.937911	 -0.751064	 -0.000572428	 -0.924727	 1.21727	 1.21716	 1.21738	 1.21711	 1.21744	 
22.12	 -0.781	 0	 -0.99	 -0.775099	 0.000230514	 -0.977009	 -0.769097	 -9.38843e-005	 -0.964066	 -0.76307	 -0.000556736	 -0.951138	 -0.757138	 -0.000500657	 -0.938159	 -0.751261	 -0.000176993	 -0.925158	 1.2028	 1.20269	 1.20291	 1.20266	 1.20298	 
22.13	 -0.781	 0	 -0.99	 -0.774818	 -0.000136592	 -0.977229	 -0.769143	 -0.000184296	 -0.964225	 -0.763597	 -0.000212402	 -0.951163	 -0.757577	 -0.000324196	 -0.938316	 -0.751312	 -0.00047468	 -0.925584	 1.19038	 1.1903	 1.19055	 1.19027	 1.19058	 
22.14	 -0.781	 0	 -0.99	 -0.775322	 -0.000363465	 -0.977077	 -0.769378	 -0.000243087	 -0.96427	 -0.763371	 3.24169e-007	 -0.951493	 -0.757611	 -0.00020916	 -0.938603	 -0.751977	 -0.000656028	 -0.925662	 1.17988	 1.17979	 1.18002	 1.17975	 1.18008	 
22.15	 -0.781	 0	 -0.99	 -0.775397	 0.000173347	 -0.977104	 -0.769495	 -0.000108708	 -0.964345	 -0.763517	 -0.000503979	 -0.951623	 -0.757819	 -0.000471869	 -0.938769	 -0.752272	 -0.000220249	 -0.925849	 1.17099	 1.17086	 1.17107	 1.17081	 1.17114	 
22.16	 -0.781	 0	 -0.99	 -0.77499	 -2.07859e-005	 -0.977343	 -0.769481	 -0.000157479	 -0.964461	 -0.764099	 -0.000325959	 -0.951525	 -0.758247	 -0.000385792	 -0.938795	 -0.752154	 -0.0003838	 -0.926176	 1.16339	 1.16329	 1.16351	 1.16323	 1.16353	 
22.17	 -0.781	 0	 -0.99	 -0.775391	 -0.000401784	 -0.977212	 -0.769665	 -0.000256362	 -0.964471	 -0.763912	 2.76341e-005	 -0.951742	 -0.758266	 -0.00020054	 -0.938967	 -0.752673	 -0.000696435	 -0.926174	 1.15707	 1.15697	 1.15718	 1.15691	 1.15722	 
22.18	 -0.781	 0	 -0.99	 -0.775597	 0.000110279	 -0.977152	 -0.769794	 -0.000128555	 -0.964483	 -0.763887	 -0.000453139	 -0.951863	 -0.75835	 -0.000450936	 -0.939073	 -0.75301	 -0.000282795	 -0.926199	 1.15218	 1.15205	 1.15224	 1.15199	 1.15231	 
22.19	 -0.781	 0	 -0.99	 -0.775138	 5.00839e-005	 -0.977378	 -0.769738	 -0.000141201	 -0.964554	 -0.764452	 -0.000395703	 -0.951682	 -0.758732	 -0.000425635	 -0.938996	 -0.752791	 -0.000334342	 -0.926411	 1.14893	 1.14885	 1.14907	 1.14882	 1.14914	 
22.2	 -0.781	 0	 -0.99	 -0.775435	 -0.000407902	 -0.977259	 -0.769861	 -0.000257796	 -0.964517	 -0.764289	 3.29632e-005	 -0.951775	 -0.758726	 -0.000198626	 -0.93903	 -0.753164	 -0.000702742	 -0.926289	 1.14779	 1.14772	 1.14796	 1.14773	 1.14806	 
22.21	 -0.781	 0	 -0.99	 -0.775718	 5.53788e-005	 -0.977124	 -0.769983	 -0.000141643	 -0.964446	 -0.764132	 -0.00039944	 -0.95182	 -0.758704	 -0.0004201	 -0.939005	 -0.7535	 -0.000321106	 -0.926096	 1.14903	 1.14893	 1.14916	 1.14896	 1.1493	 
22.22	 -0.781	 0	 -0.99	 -0.775248	 0.0001056	 -0.977302	 -0.769901	 -0.000123697	 -0.96443	 -0.764655	 -0.000440116	 -0.951516	 -0.759026	 -0.000443029	 -0.938763	 -0.753202	 -0.000278507	 -0.926096	 1.1526	 1.15253	 1.15277	 1.15256	 1.1529	 
22.23	 -0.781	 0	 -0.99	 -0.775433	 -0.000395446	 -0.977184	 -0.769969	 -0.000248842	 -0.964319	 -0.764534	 3.31268e-005	 -0.951442	 -0.759002	 -0.000193199	 -0.938607	 -0.753418	 -0.000682547	 -0.9258	 1.15834	 1.15828	 1.15852	 1.15831	 1.15865	 
22.24	 -0.781	 0	 -0.99	 -0.775785	 -1.71093e-005	 -0.976977	 -0.770076	 -0.000154936	 -0.964164	 -0.764243	 -0.000320693	 -0.951407	 -0.758872	 -0.00037331	 -0.938448	 -0.753744	 -0.000371787	 -0.925388	 1.16592	 1.16582	 1.16604	 1.16584	 1.16618	 
22.25	 -0.781	 0	 -0.99	 -0.775338	 0.000170288	 -0.977101	 -0.769974	 -0.000105415	 -0.964078	 -0.764684	 -0.000494837	 -0.951027	 -0.759111	 -0.000467367	 -0.938089	 -0.753398	 -0.000220646	 -0.925212	 1.17494	 1.17485	 1.17506	 1.17484	 1.17517	 
22.26	 -0.781	 0	 -0.99	 -0.775355	 -0.000352126	 -0.977024	 -0.769975	 -0.000237667	 -0.963932	 -0.764664	 -7.21057e-006	 -0.950812	 -0.759104	 -0.000214736	 -0.937797	 -0.753413	 -0.00064723	 -0.924841	 1.18521	 1.18515	 1.18536	 1.18513	 1.18545	 
22.27	 -0.781	 0	 -0.99	 -0.775783	 -0.000146683	 -0.97676	 -0.770071	 -0.000190234	 -0.963725	 -0.764237	 -0.00020514	 -0.950744	 -0.758867	 -0.000315851	 -0.937565	 -0.753739	 -0.000481442	 -0.924289	 1.19685	 1.19675	 1.19695	 1.19674	 1.19708	 
22.28	 -0.781	 0	 -0.99	 -0.775447	 0.000219564	 -0.976804	 -0.769971	 -0.000100379	 -0.963579	 -0.764513	 -0.000555579	 -0.950348	 -0.758983	 -0.00050473	 -0.937142	 -0.753421	 -0.000190677	 -0.923949	 1.21003	 1.20995	 1.21015	 1.20995	 1.21029	 
22.29	 -0.781	 0	 -0.99	 -0.775221	 -0.000228748	 -0.976793	 -0.769891	 -0.000215343	 -0.963398	 -0.764673	 -0.00014411	 -0.949957	 -0.759033	 -0.000299375	 -0.93669	 -0.753174	 -0.000567086	 -0.923517	 1.22506	 1.22501	 1.22524	 1.22505	 1.22538	 
22.3	 -0.781	 0	 -0.99	 -0.775651	 -0.000323035	 -0.976494	 -0.769963	 -0.000244464	 -0.963124	 -0.764192	 -6.38447e-005	 -0.949789	 -0.758736	 -0.00026025	 -0.936324	 -0.753439	 -0.000654244	 -0.922797	 1.24223	 1.24217	 1.24239	 1.24222	 1.24257	 
22.31	 -0.781	 0	 -0.99	 -0.775591	 0.000160811	 -0.976379	 -0.769903	 -0.000127707	 -0.962874	 -0.764144	 -0.000527039	 -0.949401	 -0.758644	 -0.000505452	 -0.935815	 -0.753283	 -0.00027039	 -0.922173	 1.26151	 1.26143	 1.26165	 1.2615	 1.26184	 
22.32	 -0.781	 0	 -0.99	 -0.775138	 2.05348e-005	 -0.976415	 -0.769737	 -0.00016498	 -0.962642	 -0.764449	 -0.000404087	 -0.948824	 -0.758728	 -0.000451099	 -0.93518	 -0.752787	 -0.000394543	 -0.921627	 1.2826	 1.28254	 1.28277	 1.2826	 1.28293	 
22.33	 -0.781	 0	 -0.99	 -0.775303	 -0.00039766	 -0.97619	 -0.769717	 -0.000271628	 -0.962331	 -0.764161	 -1.66369e-005	 -0.94846	 -0.758498	 -0.000252982	 -0.934633	 -0.752778	 -0.000739992	 -0.920834	 1.3051	 1.30504	 1.30525	 1.30507	 1.3054	 
22.34	 -0.781	 0	 -0.99	 -0.775611	 -0.00013434	 -0.975898	 -0.769729	 -0.000208411	 -0.961994	 -0.763723	 -0.000264972	 -0.948142	 -0.758178	 -0.00037779	 -0.934101	 -0.752869	 -0.000523918	 -0.919967	 1.32848	 1.32839	 1.32857	 1.32838	 1.3287	 
22.35	 -0.781	 0	 -0.99	 -0.775299	 0.000205765	 -0.975853	 -0.76958	 -0.000122727	 -0.961716	 -0.763854	 -0.000583208	 -0.947585	 -0.758141	 -0.000541733	 -0.933442	 -0.752442	 -0.0002446	 -0.919294	 1.35228	 1.35219	 1.35235	 1.35216	 1.35247	 
22.36	 -0.781	 0	 -0.99	 -0.774962	 -9.65978e-005	 -0.97582	 -0.769418	 -0.000195313	 -0.96144	 -0.763995	 -0.000296726	 -0.947013	 -0.758108	 -0.000396848	 -0.932771	 -0.751987	 -0.000491245	 -0.918625	 1.37634	 1.37626	 1.37643	 1.37623	 1.37653	 
22.37	 -0.781	 0	 -0.99	 -0.775195	 -0.000401706	 -0.975555	 -0.769394	 -0.00027121	 -0.961104	 -0.763597	 -9.68324e-006	 -0.946652	 -0.757794	 -0.000247463	 -0.932202	 -0.751987	 -0.000738824	 -0.91776	 1.4008	 1.40072	 1.40089	 1.40069	 1.401	 
22.38	 -0.781	 0	 -0.99	 -0.775431	 -0.000118273	 -0.97528	 -0.769369	 -0.000202909	 -0.960756	 -0.763187	 -0.000276274	 -0.946282	 -0.757463	 -0.000380064	 -0.931622	 -0.751973	 -0.000504018	 -0.916871	 1.42597	 1.42589	 1.42606	 1.42588	 1.42619	 
22.39	 -0.781	 0	 -0.99	 -0.775142	 0.000199382	 -0.975208	 -0.769207	 -0.000123992	 -0.960449	 -0.76325	 -0.000574728	 -0.945701	 -0.75736	 -0.000533389	 -0.93092	 -0.75151	 -0.000244626	 -0.916124	 1.45222	 1.45215	 1.45232	 1.45217	 1.45248	 
22.4	 -0.781	 0	 -0.99	 -0.774772	 -1.15141e-005	 -0.975161	 -0.769012	 -0.000175265	 -0.960136	 -0.763365	 -0.000378486	 -0.945067	 -0.757275	 -0.000439165	 -0.930171	 -0.750965	 -0.000423612	 -0.915365	 1.47981	 1.47975	 1.47995	 1.4798	 1.48011	 
22.41	 -0.781	 0	 -0.99	 -0.774847	 -0.000366875	 -0.974928	 -0.768916	 -0.000264702	 -0.959764	 -0.763042	 -4.95718e-005	 -0.944578	 -0.756959	 -0.000276354	 -0.929475	 -0.750769	 -0.000722502	 -0.914418	 1.5088	 1.50874	 1.50894	 1.5088	 1.50912	 
22.42	 -0.781	 0	 -0.99	 -0.775117	 -0.000294872	 -0.974607	 -0.768862	 -0.000250837	 -0.959358	 -0.76252	 -0.000123185	 -0.944145	 -0.756531	 -0.000314222	 -0.928791	 -0.750716	 -0.000668163	 -0.913372	 1.53896	 1.5389	 1.53908	 1.53895	 1.53926	 
22.43	 -0.781	 0	 -0.99	 -0.775063	 6.52946e-005	 -0.974407	 -0.768727	 -0.000165779	 -0.958974	 -0.762294	 -0.000466516	 -0.943581	 -0.75624	 -0.000488431	 -0.928033	 -0.750377	 -0.000375193	 -0.91241	 1.56988	 1.56982	 1.56998	 1.56984	 1.57014	 
22.44	 -0.781	 0	 -0.99	 -0.774686	 0.000183247	 -0.974335	 -0.768509	 -0.000137585	 -0.958618	 -0.762364	 -0.000580482	 -0.94289	 -0.756091	 -0.000548993	 -0.927209	 -0.749758	 -0.000280849	 -0.911551	 1.60113	 1.60106	 1.60121	 1.60105	 1.60134	 
22.45	 -0.781	 0	 -0.99	 -0.774414	 -7.91505e-005	 -0.974224	 -0.768312	 -0.000200003	 -0.958255	 -0.762327	 -0.000333524	 -0.942241	 -0.755886	 -0.000428147	 -0.926406	 -0.749219	 -0.000498249	 -0.910662	 1.63235	 1.63227	 1.63241	 1.63224	 1.63253	 
22.46	 -0.781	 0	 -0.99	 -0.774483	 -0.000365637	 -0.973978	 -0.768192	 -0.00026827	 -0.957863	 -0.761958	 -6.16552e-005	 -0.941727	 -0.755511	 -0.000291729	 -0.925675	 -0.748957	 -0.000734165	 -0.909669	 1.66339	 1.66332	 1.66344	 1.66327	 1.66356	 
22.47	 -0.781	 0	 -0.99	 -0.774697	 -0.000340523	 -0.973674	 -0.768105	 -0.000262729	 -0.957461	 -0.761446	 -8.3878e-005	 -0.941274	 -0.755061	 -0.000299779	 -0.924979	 -0.748806	 -0.000713012	 -0.908636	 1.69427	 1.69419	 1.69431	 1.69414	 1.69443	 
22.48	 -0.781	 0	 -0.99	 -0.774725	 -5.77144e-005	 -0.973443	 -0.767972	 -0.00019615	 -0.957077	 -0.761105	 -0.000351447	 -0.940757	 -0.754688	 -0.000431357	 -0.924256	 -0.748493	 -0.000479423	 -0.907668	 1.72509	 1.72501	 1.72514	 1.72498	 1.72525	 
22.49	 -0.781	 0	 -0.99	 -0.774473	 0.000171404	 -0.973323	 -0.76777	 -0.000142827	 -0.95672	 -0.761022	 -0.00057162	 -0.940135	 -0.754436	 -0.000542438	 -0.923482	 -0.747936	 -0.000291581	 -0.906794	 1.75598	 1.75591	 1.75605	 1.75589	 1.75617	 
22.5	 -0.781	 0	 -0.99	 -0.774128	 0.000133009	 -0.973241	 -0.76754	 -0.000153628	 -0.956372	 -0.761015	 -0.000540602	 -0.939478	 -0.754217	 -0.000531391	 -0.92269	 -0.747292	 -0.000327343	 -0.905952	 1.78702	 1.78695	 1.78709	 1.78694	 1.78722	 
22.51	 -0.781	 0	 -0.99	 -0.773928	 -0.000114741	 -0.973102	 -0.767337	 -0.000213438	 -0.956011	 -0.760856	 -0.000310606	 -0.938877	 -0.753919	 -0.00042312	 -0.921924	 -0.746763	 -0.000537865	 -0.905061	 1.8182	 1.81813	 1.81827	 1.81812	 1.8184	 
22.52	 -0.781	 0	 -0.99	 -0.773952	 -0.000347781	 -0.972873	 -0.767179	 -0.000269092	 -0.955632	 -0.760474	 -9.24722e-005	 -0.938365	 -0.753509	 -0.000318987	 -0.921202	 -0.746414	 -0.000735964	 -0.904094	 1.84946	 1.84939	 1.84952	 1.84937	 1.84965	 
22.53	 -0.781	 0	 -0.99	 -0.774091	 -0.0003896	 -0.972596	 -0.767048	 -0.000280314	 -0.955242	 -0.759978	 -5.39507e-005	 -0.937899	 -0.753037	 -0.000299165	 -0.920506	 -0.746151	 -0.000772023	 -0.903094	 1.88069	 1.88062	 1.88074	 1.88059	 1.88086	 
22.54	 -0.781	 0	 -0.99	 -0.774173	 -0.000230563	 -0.972341	 -0.766906	 -0.000244243	 -0.954858	 -0.759538	 -0.000204523	 -0.937416	 -0.752582	 -0.000368814	 -0.919808	 -0.745821	 -0.000635365	 -0.902124	 1.91178	 1.91171	 1.91183	 1.91167	 1.91193	 
22.55	 -0.781	 0	 -0.99	 -0.774087	 4.48178e-006	 -0.972155	 -0.766725	 -0.00018934	 -0.954493	 -0.759253	 -0.000425475	 -0.936876	 -0.752194	 -0.000471864	 -0.91909	 -0.745339	 -0.000433303	 -0.901222	 1.94265	 1.94258	 1.9427	 1.94253	 1.94278	 
22.56	 -0.781	 0	 -0.99	 -0.773842	 0.000165229	 -0.972036	 -0.766497	 -0.000150043	 -0.954151	 -0.759102	 -0.000573786	 -0.936287	 -0.751872	 -0.00054081	 -0.918353	 -0.744729	 -0.00029453	 -0.900383	 1.97322	 1.97316	 1.97326	 1.9731	 1.97335	 
22.57	 -0.781	 0	 -0.99	 -0.773537	 0.000169387	 -0.971945	 -0.766248	 -0.000145529	 -0.953823	 -0.758993	 -0.000572413	 -0.935688	 -0.751571	 -0.000539836	 -0.917617	 -0.744074	 -0.000288243	 -0.899577	 2.00344	 2.00337	 2.00347	 2.00331	 2.00357	 
22.58	 -0.781	 0	 -0.99	 -0.773292	 3.22201e-005	 -0.971835	 -0.766011	 -0.000174477	 -0.953496	 -0.758828	 -0.0004381	 -0.935119	 -0.751238	 -0.000475911	 -0.916905	 -0.74346	 -0.000402436	 -0.898769	 2.03325	 2.03317	 2.03327	 2.03311	 2.03337	 
22.59	 -0.781	 0	 -0.99	 -0.773168	 -0.00016556	 -0.971679	 -0.765804	 -0.000218693	 -0.953165	 -0.75855	 -0.000248984	 -0.934607	 -0.750851	 -0.00038615	 -0.916231	 -0.742942	 -0.000568051	 -0.897942	 2.06255	 2.06246	 2.06256	 2.0624	 2.06265	 
22.6	 -0.781	 0	 -0.99	 -0.773161	 -0.000328615	 -0.971479	 -0.765626	 -0.000255207	 -0.952831	 -0.758163	 -9.30663e-005	 -0.934153	 -0.750409	 -0.000312887	 -0.915596	 -0.742518	 -0.000706942	 -0.897098	 2.09122	 2.09113	 2.09121	 2.09106	 2.09131	 
22.61	 -0.781	 0	 -0.99	 -0.773221	 -0.000394665	 -0.971256	 -0.765464	 -0.000270518	 -0.952501	 -0.757712	 -2.98595e-005	 -0.933744	 -0.749936	 -0.000283318	 -0.914998	 -0.742145	 -0.000765418	 -0.896261	 2.1191	 2.11901	 2.11909	 2.11893	 2.11917	 
22.62	 -0.781	 0	 -0.99	 -0.773276	 -0.000352269	 -0.971041	 -0.765296	 -0.000262727	 -0.952187	 -0.757259	 -7.24462e-005	 -0.933356	 -0.749464	 -0.000301554	 -0.914426	 -0.741777	 -0.000727357	 -0.895454	 2.14605	 2.14596	 2.14604	 2.14586	 2.1461	 
22.63	 -0.781	 0	 -0.99	 -0.773276	 -0.00022573	 -0.970856	 -0.765116	 -0.000235527	 -0.951893	 -0.75686	 -0.000193872	 -0.93297	 -0.749018	 -0.000356513	 -0.913875	 -0.741364	 -0.000619093	 -0.894702	 2.17195	 2.17186	 2.17194	 2.17175	 2.17198	 
22.64	 -0.781	 0	 -0.99	 -0.773204	 -6.46147e-005	 -0.970708	 -0.764929	 -0.000199244	 -0.951617	 -0.756544	 -0.00034688	 -0.932574	 -0.748606	 -0.00042738	 -0.913341	 -0.740877	 -0.000482358	 -0.894022	 2.19674	 2.19666	 2.19674	 2.19654	 2.19675	 
22.65	 -0.781	 0	 -0.99	 -0.773053	 7.83045e-005	 -0.970601	 -0.764725	 -0.000167932	 -0.951364	 -0.756303	 -0.000483144	 -0.932169	 -0.748231	 -0.000488055	 -0.912823	 -0.740328	 -0.000356021	 -0.893406	 2.22046	 2.22038	 2.22045	 2.22025	 2.22046	 
22.66	 -0.781	 0	 -0.99	 -0.772836	 0.000170022	 -0.970529	 -0.764494	 -0.000145117	 -0.951137	 -0.756108	 -0.000566068	 -0.931765	 -0.747889	 -0.000525014	 -0.912319	 -0.739751	 -0.000275954	 -0.892838	 2.24318	 2.2431	 2.24317	 2.24297	 2.24319	 
22.67	 -0.781	 0	 -0.99	 -0.772599	 0.000192775	 -0.970474	 -0.764259	 -0.000135454	 -0.950924	 -0.755934	 -0.000580681	 -0.93137	 -0.747557	 -0.000531786	 -0.911835	 -0.739157	 -0.00025656	 -0.892309	 2.26504	 2.26496	 2.26503	 2.26484	 2.26507	 
22.68	 -0.781	 0	 -0.99	 -0.772388	 0.000145572	 -0.970414	 -0.764045	 -0.000144377	 -0.950714	 -0.755759	 -0.000532482	 -0.930992	 -0.747216	 -0.000507432	 -0.911377	 -0.738561	 -0.00029225	 -0.89181	 2.28615	 2.28606	 2.28614	 2.28597	 2.2862	 
22.69	 -0.781	 0	 -0.99	 -0.772213	 4.73853e-005	 -0.970345	 -0.76384	 -0.000165527	 -0.950511	 -0.755553	 -0.000438712	 -0.930642	 -0.746866	 -0.000464634	 -0.910943	 -0.738004	 -0.000373521	 -0.891322	 2.30653	 2.30644	 2.30652	 2.30635	 2.30658	 
22.7	 -0.781	 0	 -0.99	 -0.772079	 -7.61199e-005	 -0.970264	 -0.763638	 -0.000193419	 -0.950319	 -0.755301	 -0.000322477	 -0.93033	 -0.746507	 -0.00041311	 -0.910538	 -0.737507	 -0.000480442	 -0.890838	 2.32607	 2.32597	 2.32604	 2.32586	 2.32609	 
22.71	 -0.781	 0	 -0.99	 -0.772002	 -0.0002015	 -0.970167	 -0.763456	 -0.000222915	 -0.950134	 -0.755009	 -0.000207053	 -0.930059	 -0.746131	 -0.000361799	 -0.910173	 -0.737058	 -0.000587715	 -0.890375	 2.34451	 2.3444	 2.34446	 2.34428	 2.3445	 
22.72	 -0.781	 0	 -0.99	 -0.771972	 -0.000304929	 -0.970059	 -0.763291	 -0.000246854	 -0.949963	 -0.754685	 -0.000110786	 -0.929834	 -0.745745	 -0.000319361	 -0.909854	 -0.736654	 -0.000678621	 -0.889942	 2.36154	 2.36142	 2.36147	 2.36127	 2.36149	 
22.73	 -0.781	 0	 -0.99	 -0.771968	 -0.000371926	 -0.969951	 -0.76313	 -0.000261017	 -0.949813	 -0.754338	 -4.61691e-005	 -0.929656	 -0.745363	 -0.00029135	 -0.909581	 -0.7363	 -0.000739574	 -0.889548	 2.37688	 2.37675	 2.3768	 2.37659	 2.37679	 
22.74	 -0.781	 0	 -0.99	 -0.77198	 -0.000397575	 -0.969848	 -0.762979	 -0.00026655	 -0.949686	 -0.75399	 -2.08474e-005	 -0.929518	 -0.74499	 -0.000279153	 -0.909358	 -0.735978	 -0.000761759	 -0.889205	 2.39041	 2.39029	 2.39033	 2.3901	 2.3903	 
22.75	 -0.781	 0	 -0.99	 -0.772003	 -0.000381161	 -0.969753	 -0.762847	 -0.000263041	 -0.949575	 -0.75366	 -3.5298e-005	 -0.929411	 -0.74463	 -0.000283289	 -0.909179	 -0.735664	 -0.000745093	 -0.88892	 2.40221	 2.4021	 2.40213	 2.4019	 2.40209	 
22.76	 -0.781	 0	 -0.99	 -0.772019	 -0.000327933	 -0.96967	 -0.762722	 -0.000251136	 -0.949482	 -0.753355	 -8.4252e-005	 -0.929325	 -0.744287	 -0.000301596	 -0.909035	 -0.73535	 -0.000693665	 -0.888688	 2.41254	 2.41243	 2.41248	 2.41224	 2.41243	 
22.77	 -0.781	 0	 -0.99	 -0.772003	 -0.000246398	 -0.969611	 -0.762584	 -0.000232936	 -0.949412	 -0.753076	 -0.000159253	 -0.929254	 -0.743972	 -0.000330901	 -0.908914	 -0.735045	 -0.000617731	 -0.888495	 2.42169	 2.4216	 2.42166	 2.42143	 2.42163	 
22.78	 -0.781	 0	 -0.99	 -0.771958	 -0.000146613	 -0.96957	 -0.762445	 -0.000208679	 -0.949356	 -0.752835	 -0.00024954	 -0.929186	 -0.743682	 -0.000369917	 -0.908807	 -0.73473	 -0.000531103	 -0.888338	 2.42995	 2.42987	 2.42994	 2.42972	 2.42991	 
22.79	 -0.781	 0	 -0.99	 -0.771897	 -4.35578e-005	 -0.969543	 -0.762319	 -0.000185522	 -0.949305	 -0.752639	 -0.000345616	 -0.929115	 -0.743413	 -0.000411886	 -0.908715	 -0.73439	 -0.000442281	 -0.888223	 2.43741	 2.43733	 2.43741	 2.43718	 2.43737	 
22.8	 -0.781	 0	 -0.99	 -0.771804	 5.01218e-005	 -0.969538	 -0.762189	 -0.00016581	 -0.94927	 -0.752483	 -0.000436291	 -0.929046	 -0.743177	 -0.000452144	 -0.908636	 -0.734051	 -0.000360419	 -0.888143	 2.44394	 2.44386	 2.44393	 2.4437	 2.44389	 
22.81	 -0.781	 0	 -0.99	 -0.771687	 0.000128068	 -0.969552	 -0.762059	 -0.00014851	 -0.949253	 -0.752363	 -0.000510327	 -0.928987	 -0.74297	 -0.000486228	 -0.908578	 -0.733713	 -0.000295341	 -0.888106	 2.44927	 2.44919	 2.44925	 2.44901	 2.44919	 
22.82	 -0.781	 0	 -0.99	 -0.771563	 0.000179212	 -0.969582	 -0.761942	 -0.000137719	 -0.949253	 -0.752277	 -0.000560085	 -0.928946	 -0.742783	 -0.0005079	 -0.908556	 -0.733371	 -0.000248823	 -0.888128	 2.45306	 2.45296	 2.45302	 2.45276	 2.45294	 
22.83	 -0.781	 0	 -0.99	 -0.771428	 0.000202876	 -0.969631	 -0.761826	 -0.000130983	 -0.949279	 -0.752213	 -0.000580105	 -0.928935	 -0.742624	 -0.000517379	 -0.908575	 -0.733054	 -0.00022952	 -0.888208	 2.45499	 2.45488	 2.45492	 2.45465	 2.45482	 
22.84	 -0.781	 0	 -0.99	 -0.771291	 0.000195382	 -0.969697	 -0.761713	 -0.0001297	 -0.949334	 -0.752165	 -0.000568924	 -0.92896	 -0.742494	 -0.000513835	 -0.908641	 -0.732772	 -0.000238102	 -0.888346	 2.45488	 2.45476	 2.45479	 2.45451	 2.45468	 
22.85	 -0.781	 0	 -0.99	 -0.771177	 0.000155024	 -0.969768	 -0.761627	 -0.000137575	 -0.949407	 -0.752134	 -0.000529035	 -0.929021	 -0.742381	 -0.000495603	 -0.908758	 -0.732516	 -0.000270945	 -0.888548	 2.45271	 2.45257	 2.4526	 2.45233	 2.45251	 
22.86	 -0.781	 0	 -0.99	 -0.771087	 8.67454e-005	 -0.969841	 -0.76156	 -0.000151668	 -0.9495	 -0.75211	 -0.000463074	 -0.929123	 -0.742285	 -0.000465459	 -0.908923	 -0.732301	 -0.000326361	 -0.888801	 2.44859	 2.44845	 2.44848	 2.44821	 2.44839	 
22.87	 -0.781	 0	 -0.99	 -0.77102	 -3.04563e-006	 -0.969918	 -0.7615	 -0.000170698	 -0.949614	 -0.752077	 -0.000376728	 -0.929266	 -0.742208	 -0.000425817	 -0.909131	 -0.732146	 -0.000399985	 -0.889091	 2.4427	 2.44256	 2.4426	 2.44233	 2.44251	 
22.88	 -0.781	 0	 -0.99	 -0.770985	 -0.000104764	 -0.96999	 -0.761457	 -0.000192207	 -0.949745	 -0.752035	 -0.000278704	 -0.92945	 -0.742147	 -0.000381851	 -0.90938	 -0.732052	 -0.000486611	 -0.889411	 2.43521	 2.43506	 2.4351	 2.43483	 2.43501	 
22.89	 -0.781	 0	 -0.99	 -0.770995	 -0.000207554	 -0.970053	 -0.761441	 -0.000213848	 -0.949885	 -0.751984	 -0.000179886	 -0.929672	 -0.742095	 -0.000338753	 -0.909669	 -0.732012	 -0.000576886	 -0.889762	 2.42616	 2.42602	 2.42606	 2.42579	 2.42597	 
22.9	 -0.781	 0	 -0.99	 -0.771043	 -0.000300186	 -0.970108	 -0.761444	 -0.000235036	 -0.950039	 -0.751923	 -9.29329e-005	 -0.929934	 -0.742056	 -0.000300043	 -0.909998	 -0.732034	 -0.000657661	 -0.890141	 2.41554	 2.41539	 2.41543	 2.41515	 2.41534	 
22.91	 -0.781	 0	 -0.99	 -0.77112	 -0.000369259	 -0.970161	 -0.761462	 -0.00025112	 -0.950211	 -0.751854	 -2.86985e-005	 -0.930238	 -0.742036	 -0.000270768	 -0.910369	 -0.732119	 -0.000716681	 -0.890552	 2.40323	 2.40308	 2.40311	 2.40282	 2.403	 
22.92	 -0.781	 0	 -0.99	 -0.77123	 -0.000401673	 -0.97021	 -0.761503	 -0.000258805	 -0.950398	 -0.751787	 2.41052e-006	 -0.93058	 -0.742028	 -0.000255226	 -0.910786	 -0.732246	 -0.000744036	 -0.891007	 2.38911	 2.38896	 2.38899	 2.38869	 2.38886	 
22.93	 -0.781	 0	 -0.99	 -0.771354	 -0.000391064	 -0.970266	 -0.76156	 -0.000257354	 -0.950604	 -0.751733	 -7.81521e-006	 -0.930958	 -0.742042	 -0.000256728	 -0.911248	 -0.732411	 -0.000730796	 -0.891511	 2.37317	 2.37302	 2.37305	 2.37273	 2.3729	 
22.94	 -0.781	 0	 -0.99	 -0.771467	 -0.000330972	 -0.97034	 -0.761617	 -0.000243376	 -0.950835	 -0.751702	 -6.18453e-005	 -0.931363	 -0.74209	 -0.000278551	 -0.911743	 -0.73261	 -0.000678126	 -0.89206	 2.35549	 2.35535	 2.35539	 2.35507	 2.35524	 
22.95	 -0.781	 0	 -0.99	 -0.771563	 -0.000227933	 -0.970432	 -0.761686	 -0.000219106	 -0.951082	 -0.751717	 -0.000156321	 -0.931779	 -0.742171	 -0.000319156	 -0.912266	 -0.732813	 -0.000588141	 -0.892662	 2.3363	 2.33618	 2.33623	 2.3359	 2.33607	 
22.96	 -0.781	 0	 -0.99	 -0.77163	 -9.74224e-005	 -0.970548	 -0.761766	 -0.000190516	 -0.951342	 -0.751794	 -0.000279217	 -0.932192	 -0.742289	 -0.000370885	 -0.912808	 -0.732996	 -0.000470246	 -0.89332	 2.31588	 2.31575	 2.31582	 2.31549	 2.31565	 
22.97	 -0.781	 0	 -0.99	 -0.771643	 4.02915e-005	 -0.970698	 -0.761841	 -0.000158938	 -0.95162	 -0.751938	 -0.000407815	 -0.932594	 -0.742454	 -0.000427269	 -0.913357	 -0.733165	 -0.00034833	 -0.894024	 2.29441	 2.29429	 2.29436	 2.29404	 2.2942	 
22.98	 -0.781	 0	 -0.99	 -0.771603	 0.000154924	 -0.970883	 -0.76191	 -0.000132004	 -0.951916	 -0.752149	 -0.00051446	 -0.932985	 -0.742668	 -0.000475531	 -0.913911	 -0.733318	 -0.000248564	 -0.894772	 2.27197	 2.27185	 2.27192	 2.2716	 2.27178	 
22.99	 -0.781	 0	 -0.99	 -0.771527	 0.000214949	 -0.971093	 -0.761983	 -0.000117665	 -0.952225	 -0.75242	 -0.000570439	 -0.933368	 -0.742924	 -0.000501603	 -0.914474	 -0.733464	 -0.000196415	 -0.895563	 2.24849	 2.24836	 2.24843	 2.24811	 2.24828	 
23	 -0.781	 0	 -0.99	 -0.771443	 0.000198802	 -0.971318	 -0.762066	 -0.000118999	 -0.952547	 -0.752726	 -0.00055321	 -0.933759	 -0.743213	 -0.00049644	 -0.915056	 -0.733628	 -0.000212738	 -0.896391	 2.22379	 2.22365	 2.22372	 2.22339	 2.22356	 
23.01	 -0.781	 0	 -0.99	 -0.771385	 9.95543e-005	 -0.97154	 -0.762164	 -0.000139814	 -0.952882	 -0.753029	 -0.00045761	 -0.934183	 -0.74352	 -0.000454581	 -0.91567	 -0.733845	 -0.000299721	 -0.897244	 2.1977	 2.19755	 2.19762	 2.19727	 2.19745	 
23.02	 -0.781	 0	 -0.99	 -0.771396	 -6.42794e-005	 -0.971738	 -0.762287	 -0.000176118	 -0.953226	 -0.75329	 -0.000302045	 -0.934659	 -0.743826	 -0.000383708	 -0.916328	 -0.734147	 -0.0004388	 -0.898108	 2.17015	 2.16999	 2.17005	 2.1697	 2.16988	 
23.03	 -0.781	 0	 -0.99	 -0.771505	 -0.000244642	 -0.971898	 -0.762444	 -0.000217225	 -0.953574	 -0.753484	 -0.000131178	 -0.9352	 -0.744115	 -0.000304471	 -0.917035	 -0.734553	 -0.000592403	 -0.898971	 2.1412	 2.14104	 2.1411	 2.14075	 2.14093	 
23.04	 -0.781	 0	 -0.99	 -0.771714	 -0.000377613	 -0.972015	 -0.762636	 -0.000248889	 -0.953922	 -0.753607	 -6.93726e-006	 -0.935804	 -0.744381	 -0.00024563	 -0.917789	 -0.735058	 -0.000705046	 -0.899827	 2.11105	 2.1109	 2.11096	 2.11061	 2.1108	 
23.05	 -0.781	 0	 -0.99	 -0.77198	 -0.000401563	 -0.972109	 -0.762848	 -0.000256913	 -0.954272	 -0.753692	 1.25982e-005	 -0.936448	 -0.744639	 -0.000235056	 -0.918575	 -0.735631	 -0.000725499	 -0.900681	 2.07999	 2.07984	 2.07992	 2.07957	 2.07976	 
23.06	 -0.781	 0	 -0.99	 -0.772227	 -0.000289644	 -0.972217	 -0.76306	 -0.000234291	 -0.954633	 -0.753805	 -9.71876e-005	 -0.937094	 -0.744922	 -0.00028626	 -0.919367	 -0.736212	 -0.000633408	 -0.901555	 2.04826	 2.04812	 2.0482	 2.04786	 2.04805	 
23.07	 -0.781	 0	 -0.99	 -0.772375	 -7.79856e-005	 -0.972378	 -0.763255	 -0.000187723	 -0.955008	 -0.754024	 -0.000301845	 -0.937697	 -0.745266	 -0.00038517	 -0.920144	 -0.73673	 -0.00045965	 -0.90248	 2.01602	 2.01588	 2.01598	 2.01563	 2.01583	 
23.08	 -0.781	 0	 -0.99	 -0.772386	 0.000133672	 -0.972613	 -0.763431	 -0.000140388	 -0.955402	 -0.754399	 -0.000506436	 -0.938232	 -0.745691	 -0.00048625	 -0.920894	 -0.737142	 -0.000287329	 -0.903477	 1.9833	 1.98316	 1.98326	 1.98291	 1.98311	 
23.09	 -0.781	 0	 -0.99	 -0.772287	 0.000220582	 -0.972909	 -0.763591	 -0.000120877	 -0.955812	 -0.754897	 -0.000592169	 -0.938716	 -0.746188	 -0.000531358	 -0.921624	 -0.737478	 -0.000217634	 -0.904534	 1.95003	 1.94988	 1.94999	 1.94963	 1.94983	 
23.1	 -0.781	 0	 -0.99	 -0.772187	 0.000111603	 -0.973211	 -0.763754	 -0.000144545	 -0.95623	 -0.755409	 -0.000488157	 -0.939206	 -0.746707	 -0.000484074	 -0.922362	 -0.737838	 -0.000309654	 -0.905603	 1.9161	 1.91595	 1.91606	 1.9157	 1.91589	 
23.11	 -0.781	 0	 -0.99	 -0.772228	 -0.000142927	 -0.973446	 -0.763954	 -0.00020051	 -0.956639	 -0.7558	 -0.000241325	 -0.939773	 -0.74718	 -0.000364313	 -0.923142	 -0.738338	 -0.000521224	 -0.906628	 1.88149	 1.88134	 1.88145	 1.88107	 1.88127	 
23.12	 -0.781	 0	 -0.99	 -0.772482	 -0.000371527	 -0.973578	 -0.764212	 -0.000251493	 -0.957028	 -0.756007	 -1.85525e-005	 -0.940446	 -0.747574	 -0.000251266	 -0.923981	 -0.739029	 -0.000705004	 -0.907578	 1.84625	 1.8461	 1.84621	 1.84584	 1.84604	 
23.13	 -0.781	 0	 -0.99	 -0.77286	 -0.00038306	 -0.97365	 -0.764509	 -0.000253742	 -0.957405	 -0.756114	 -2.55916e-006	 -0.941182	 -0.747925	 -0.00023459	 -0.924857	 -0.73983	 -0.000702539	 -0.908488	 1.81054	 1.81039	 1.81051	 1.81014	 1.81035	 
23.14	 -0.781	 0	 -0.99	 -0.773143	 -0.000137989	 -0.973771	 -0.764789	 -0.000194721	 -0.957792	 -0.756322	 -0.000228445	 -0.941873	 -0.748326	 -0.000337095	 -0.925714	 -0.740559	 -0.000488277	 -0.909443	 1.77459	 1.77444	 1.77455	 1.77419	 1.77442	 
23.15	 -0.781	 0	 -0.99	 -0.773162	 0.000160101	 -0.974025	 -0.76501	 -0.000120406	 -0.958211	 -0.756783	 -0.000503509	 -0.942437	 -0.748852	 -0.000470076	 -0.926509	 -0.741072	 -0.000236733	 -0.910508	 1.73862	 1.73846	 1.73859	 1.73823	 1.73846	 
23.16	 -0.781	 0	 -0.99	 -0.772993	 0.000207913	 -0.974374	 -0.765186	 -0.000105629	 -0.95865	 -0.757423	 -0.000544962	 -0.942905	 -0.749472	 -0.000493526	 -0.927252	 -0.741433	 -0.000198888	 -0.911645	 1.7028	 1.70266	 1.70279	 1.70244	 1.70266	 
23.17	 -0.781	 0	 -0.99	 -0.772942	 -7.5203e-005	 -0.974662	 -0.765388	 -0.000172917	 -0.959071	 -0.757954	 -0.000279131	 -0.943422	 -0.750042	 -0.000365605	 -0.928011	 -0.741897	 -0.000437033	 -0.91272	 1.66726	 1.66714	 1.66729	 1.66693	 1.66715	 
23.18	 -0.781	 0	 -0.99	 -0.773229	 -0.000381695	 -0.974779	 -0.765669	 -0.000248455	 -0.959449	 -0.758161	 6.84735e-006	 -0.944093	 -0.750454	 -0.000223862	 -0.928839	 -0.742645	 -0.000692571	 -0.91364	 1.6321	 1.63197	 1.63213	 1.63177	 1.632	 
23.19	 -0.781	 0	 -0.99	 -0.773673	 -0.000317602	 -0.974812	 -0.765986	 -0.000235778	 -0.959801	 -0.758215	 -5.61898e-005	 -0.944834	 -0.750786	 -0.000252792	 -0.929696	 -0.743524	 -0.000639907	 -0.914479	 1.59733	 1.59719	 1.59734	 1.59699	 1.59724	 
23.2	 -0.781	 0	 -0.99	 -0.773843	 6.13964e-005	 -0.974978	 -0.766241	 -0.000146679	 -0.960179	 -0.758532	 -0.000417294	 -0.945435	 -0.751245	 -0.000433711	 -0.930478	 -0.744173	 -0.000328455	 -0.915417	 1.56299	 1.56284	 1.56299	 1.56264	 1.56289	 
23.21	 -0.781	 0	 -0.99	 -0.773641	 0.000221342	 -0.975326	 -0.766408	 -0.000108702	 -0.960593	 -0.759205	 -0.000572567	 -0.945847	 -0.751884	 -0.000517081	 -0.931155	 -0.744511	 -0.000200421	 -0.916491	 1.52916	 1.52901	 1.52916	 1.52881	 1.52906	 
23.22	 -0.781	 0	 -0.99	 -0.773545	 -0.0001084	 -0.975619	 -0.766598	 -0.000188152	 -0.960986	 -0.759776	 -0.000263571	 -0.946294	 -0.752474	 -0.000365704	 -0.931837	 -0.744934	 -0.00047573	 -0.917501	 1.49594	 1.49581	 1.49599	 1.49563	 1.49587	 
23.23	 -0.781	 0	 -0.99	 -0.773927	 -0.000415255	 -0.97567	 -0.766901	 -0.000263805	 -0.961313	 -0.759888	 2.58035e-005	 -0.94695	 -0.752829	 -0.000217503	 -0.932612	 -0.745744	 -0.000728772	 -0.918291	 1.46352	 1.4634	 1.46359	 1.46324	 1.46349	 
23.24	 -0.781	 0	 -0.99	 -0.774358	 -0.000155189	 -0.975688	 -0.767213	 -0.000201981	 -0.961621	 -0.759945	 -0.000219468	 -0.947615	 -0.753146	 -0.000338482	 -0.933379	 -0.746584	 -0.000514242	 -0.919031	 1.43207	 1.43193	 1.4321	 1.43177	 1.43204	 
23.25	 -0.781	 0	 -0.99	 -0.774253	 0.000223002	 -0.97596	 -0.767387	 -0.000108039	 -0.961981	 -0.760489	 -0.000574786	 -0.94802	 -0.753701	 -0.00052136	 -0.934	 -0.746974	 -0.000205141	 -0.919952	 1.40166	 1.40152	 1.40169	 1.40136	 1.40164	 
23.26	 -0.781	 0	 -0.99	 -0.774011	 -1.7634e-005	 -0.976293	 -0.767519	 -0.000165854	 -0.962345	 -0.76115	 -0.000349259	 -0.94834	 -0.754313	 -0.000410761	 -0.934558	 -0.747241	 -0.000404845	 -0.920894	 1.37235	 1.37223	 1.37243	 1.3721	 1.37236	 
23.27	 -0.781	 0	 -0.99	 -0.774354	 -0.000413945	 -0.976335	 -0.767795	 -0.000266623	 -0.962623	 -0.76126	 1.92885e-005	 -0.948901	 -0.75464	 -0.00022112	 -0.935221	 -0.747976	 -0.000729198	 -0.921568	 1.34423	 1.34413	 1.34433	 1.344	 1.34427	 
23.28	 -0.781	 0	 -0.99	 -0.774803	 -0.000118219	 -0.976314	 -0.768093	 -0.000194986	 -0.962872	 -0.761256	 -0.000258347	 -0.949493	 -0.754895	 -0.000359787	 -0.935884	 -0.74878	 -0.00048604	 -0.922161	 1.31738	 1.31723	 1.31742	 1.3171	 1.3174	 
23.29	 -0.781	 0	 -0.99	 -0.774586	 0.000231752	 -0.976602	 -0.768214	 -0.000104842	 -0.963187	 -0.76185	 -0.000583286	 -0.949771	 -0.755445	 -0.000529493	 -0.936369	 -0.749025	 -0.00020227	 -0.922975	 1.29178	 1.29164	 1.29184	 1.29152	 1.29181	 
23.3	 -0.781	 0	 -0.99	 -0.774421	 -0.000181317	 -0.976859	 -0.768336	 -0.000207492	 -0.963482	 -0.762377	 -0.000197995	 -0.950046	 -0.755957	 -0.000334981	 -0.936828	 -0.749299	 -0.000542306	 -0.923726	 1.26759	 1.26749	 1.26771	 1.26739	 1.26767	 
23.31	 -0.781	 0	 -0.99	 -0.774941	 -0.000377676	 -0.976778	 -0.768626	 -0.000260434	 -0.963672	 -0.762253	 -1.81361e-005	 -0.950595	 -0.75612	 -0.000239131	 -0.937405	 -0.750109	 -0.000701458	 -0.924163	 1.24508	 1.24498	 1.24519	 1.24489	 1.2452	 
23.32	 -0.781	 0	 -0.99	 -0.775089	 0.000138307	 -0.976855	 -0.768822	 -0.000132317	 -0.963879	 -0.762464	 -0.000503211	 -0.950948	 -0.756438	 -0.00049033	 -0.937856	 -0.750589	 -0.000282433	 -0.924684	 1.2245	 1.22437	 1.22458	 1.2243	 1.22462	 
23.33	 -0.781	 0	 -0.99	 -0.774704	 4.56756e-005	 -0.97717	 -0.76887	 -0.000154426	 -0.964125	 -0.763151	 -0.000418723	 -0.95103	 -0.756994	 -0.000453394	 -0.938133	 -0.750613	 -0.000364514	 -0.925344	 1.20596	 1.20588	 1.20611	 1.20583	 1.20614	 
23.34	 -0.781	 0	 -0.99	 -0.775016	 -0.000419987	 -0.977146	 -0.769076	 -0.000274153	 -0.964267	 -0.76315	 1.34114e-005	 -0.951382	 -0.757181	 -0.000229372	 -0.938518	 -0.751187	 -0.000747023	 -0.925671	 1.18966	 1.18958	 1.18982	 1.18955	 1.18987	 
23.35	 -0.781	 0	 -0.99	 -0.775393	 -3.35011e-006	 -0.977072	 -0.769294	 -0.000173922	 -0.964371	 -0.763072	 -0.000383421	 -0.951729	 -0.757308	 -0.000435435	 -0.938871	 -0.751787	 -0.000410413	 -0.925905	 1.17552	 1.1754	 1.17562	 1.17536	 1.1757	 
23.36	 -0.781	 0	 -0.99	 -0.774985	 0.000145918	 -0.977347	 -0.769309	 -0.000135779	 -0.964542	 -0.763715	 -0.000526687	 -0.951701	 -0.757802	 -0.000516847	 -0.939001	 -0.751729	 -0.000295302	 -0.926376	 1.16322	 1.16312	 1.16335	 1.16308	 1.1634	 
23.37	 -0.781	 0	 -0.99	 -0.775119	 -0.000394837	 -0.977368	 -0.769443	 -0.00027187	 -0.964636	 -0.763823	 -1.98403e-005	 -0.951881	 -0.75801	 -0.000253504	 -0.939214	 -0.752093	 -0.000738113	 -0.9266	 1.15249	 1.15241	 1.15264	 1.15235	 1.15267	 
23.38	 -0.781	 0	 -0.99	 -0.775585	 -8.60959e-005	 -0.977222	 -0.769657	 -0.000198233	 -0.964675	 -0.763602	 -0.000314257	 -0.952187	 -0.758028	 -0.000405194	 -0.939479	 -0.752707	 -0.000488041	 -0.926661	 1.1431	 1.14297	 1.14317	 1.1429	 1.14323	 
23.39	 -0.781	 0	 -0.99	 -0.775197	 0.000177757	 -0.977454	 -0.769654	 -0.000131879	 -0.964795	 -0.764175	 -0.000565473	 -0.95211	 -0.758451	 -0.00054239	 -0.939529	 -0.752605	 -0.000278312	 -0.927004	 1.13483	 1.13472	 1.13491	 1.13463	 1.13495	 
23.4	 -0.781	 0	 -0.99	 -0.775243	 -0.000376398	 -0.977489	 -0.76975	 -0.000271685	 -0.964855	 -0.764324	 -4.69738e-005	 -0.952192	 -0.758648	 -0.000273055	 -0.939642	 -0.752839	 -0.000731952	 -0.927156	 1.12776	 1.12767	 1.12789	 1.1276	 1.12792	 
23.41	 -0.781	 0	 -0.99	 -0.77573	 -0.000114059	 -0.97731	 -0.769946	 -0.000208459	 -0.964847	 -0.764033	 -0.000295374	 -0.952443	 -0.758597	 -0.000400767	 -0.939825	 -0.753412	 -0.000520736	 -0.927099	 1.12224	 1.12211	 1.12232	 1.12206	 1.1224	 
23.42	 -0.781	 0	 -0.99	 -0.775334	 0.000181875	 -0.97751	 -0.769908	 -0.000132848	 -0.964916	 -0.764542	 -0.000574352	 -0.952299	 -0.75895	 -0.000551793	 -0.939775	 -0.753247	 -0.000284272	 -0.927301	 1.11855	 1.11845	 1.11868	 1.11844	 1.11876	 
23.43	 -0.781	 0	 -0.99	 -0.775348	 -0.000374435	 -0.977518	 -0.769966	 -0.000274474	 -0.964912	 -0.764655	 -5.61436e-005	 -0.952276	 -0.759091	 -0.000281658	 -0.939751	 -0.753393	 -0.000736623	 -0.92729	 1.11713	 1.11707	 1.11732	 1.11709	 1.11742	 
23.44	 -0.781	 0	 -0.99	 -0.775823	 -0.0001149	 -0.9773	 -0.770134	 -0.000210529	 -0.964821	 -0.764316	 -0.000298394	 -0.9524	 -0.758975	 -0.000404137	 -0.939768	 -0.753883	 -0.000523801	 -0.927031	 1.11833	 1.11824	 1.11849	 1.11828	 1.11864	 
23.45	 -0.781	 0	 -0.99	 -0.775412	 0.000179798	 -0.977448	 -0.770062	 -0.000133164	 -0.964796	 -0.764771	 -0.00057213	 -0.952122	 -0.759255	 -0.000550175	 -0.939537	 -0.753627	 -0.000285318	 -0.927002	 1.12219	 1.12211	 1.12236	 1.12217	 1.12251	 
23.46	 -0.781	 0	 -0.99	 -0.775401	 -0.000369166	 -0.977411	 -0.770079	 -0.000273385	 -0.964698	 -0.76483	 -6.153e-005	 -0.951954	 -0.75932	 -0.00028444	 -0.939323	 -0.753672	 -0.000731577	 -0.926756	 1.12858	 1.12853	 1.12879	 1.12859	 1.12893	 
23.47	 -0.781	 0	 -0.99	 -0.775857	 -0.000132856	 -0.977152	 -0.770208	 -0.00021605	 -0.964518	 -0.764431	 -0.000283753	 -0.951941	 -0.759126	 -0.000397646	 -0.939159	 -0.754068	 -0.000540317	 -0.926276	 1.13726	 1.13717	 1.1374	 1.13721	 1.13756	 
23.48	 -0.781	 0	 -0.99	 -0.77546	 0.000189749	 -0.977244	 -0.770109	 -0.000133553	 -0.964411	 -0.764804	 -0.000587675	 -0.951561	 -0.75932	 -0.000562124	 -0.93878	 -0.75375	 -0.000285179	 -0.926037	 1.14769	 1.14761	 1.14783	 1.14762	 1.14796	 
23.49	 -0.781	 0	 -0.99	 -0.775366	 -0.000336266	 -0.977204	 -0.770075	 -0.000269721	 -0.964258	 -0.764874	 -0.00010355	 -0.951275	 -0.759353	 -0.000315614	 -0.938428	 -0.753663	 -0.000720885	 -0.925657	 1.15944	 1.15937	 1.15959	 1.15936	 1.15969	 
23.5	 -0.781	 0	 -0.99	 -0.775829	 -0.000211146	 -0.976916	 -0.770181	 -0.000244205	 -0.964031	 -0.764415	 -0.000230045	 -0.951196	 -0.759096	 -0.000381988	 -0.938172	 -0.75401	 -0.000625057	 -0.925055	 1.17222	 1.17213	 1.17232	 1.1721	 1.17243	 
23.51	 -0.781	 0	 -0.99	 -0.775532	 0.000201557	 -0.97694	 -0.770094	 -0.00014276	 -0.963872	 -0.764661	 -0.000624198	 -0.950804	 -0.759195	 -0.000594475	 -0.937742	 -0.753719	 -0.000298749	 -0.924686	 1.18591	 1.18581	 1.186	 1.18578	 1.18611	 
23.52	 -0.781	 0	 -0.99	 -0.775272	 -0.000237724	 -0.976947	 -0.770001	 -0.000254146	 -0.963701	 -0.764845	 -0.000217995	 -0.950408	 -0.759258	 -0.000389947	 -0.937294	 -0.753446	 -0.000665129	 -0.924277	 1.20063	 1.20056	 1.20077	 1.20055	 1.20087	 
23.53	 -0.781	 0	 -0.99	 -0.775707	 -0.000341753	 -0.976652	 -0.770072	 -0.000284583	 -0.963442	 -0.764354	 -0.000125879	 -0.950266	 -0.758954	 -0.000341176	 -0.936959	 -0.753718	 -0.000753261	 -0.923589	 1.21679	 1.21671	 1.21692	 1.21672	 1.21706	 
23.54	 -0.781	 0	 -0.99	 -0.775631	 0.000151341	 -0.976552	 -0.770011	 -0.000163981	 -0.963211	 -0.764325	 -0.000594268	 -0.949899	 -0.758874	 -0.000586485	 -0.936484	 -0.75355	 -0.000354959	 -0.923017	 1.23471	 1.23463	 1.23484	 1.23467	 1.235	 
23.55	 -0.781	 0	 -0.99	 -0.775183	 -3.02824e-005	 -0.976596	 -0.769845	 -0.000208205	 -0.962996	 -0.764626	 -0.000425544	 -0.949349	 -0.758955	 -0.00050484	 -0.935883	 -0.753055	 -0.000508244	 -0.922514	 1.25458	 1.25453	 1.25476	 1.25459	 1.25493	 
23.56	 -0.781	 0	 -0.99	 -0.775403	 -0.000422372	 -0.976354	 -0.769835	 -0.000307817	 -0.962691	 -0.764277	 -6.00268e-005	 -0.949023	 -0.75869	 -0.000316578	 -0.935369	 -0.753086	 -0.000832172	 -0.921727	 1.27644	 1.27639	 1.27661	 1.27645	 1.27679	 
23.57	 -0.781	 0	 -0.99	 -0.775661	 -8.53539e-005	 -0.976079	 -0.76983	 -0.000228587	 -0.962358	 -0.763876	 -0.000383566	 -0.948688	 -0.758384	 -0.000483902	 -0.934826	 -0.753131	 -0.000561241	 -0.920871	 1.29999	 1.29991	 1.30012	 1.29997	 1.3003	 
23.58	 -0.781	 0	 -0.99	 -0.775272	 0.000177269	 -0.976059	 -0.769659	 -0.000165784	 -0.962075	 -0.764073	 -0.000638219	 -0.948082	 -0.758377	 -0.000622132	 -0.934128	 -0.75263	 -0.000354742	 -0.920194	 1.32474	 1.32467	 1.32486	 1.3247	 1.32502	 
23.59	 -0.781	 0	 -0.99	 -0.775026	 -0.000215609	 -0.975981	 -0.769519	 -0.000266238	 -0.96177	 -0.764127	 -0.000278518	 -0.947515	 -0.758294	 -0.000445679	 -0.933436	 -0.752234	 -0.000686847	 -0.919452	 1.35024	 1.35017	 1.35035	 1.35017	 1.35049	 
23.6	 -0.781	 0	 -0.99	 -0.775343	 -0.000409945	 -0.975671	 -0.769513	 -0.000319793	 -0.961405	 -0.763642	 -0.00010522	 -0.947157	 -0.757927	 -0.00035979	 -0.932848	 -0.752289	 -0.000854892	 -0.918512	 1.37619	 1.37611	 1.37627	 1.37608	 1.37639	 
23.61	 -0.781	 0	 -0.99	 -0.775458	 -2.62996e-005	 -0.975434	 -0.769451	 -0.000228911	 -0.961057	 -0.763328	 -0.000472123	 -0.946727	 -0.757636	 -0.000549413	 -0.932221	 -0.752166	 -0.000547546	 -0.917627	 1.40249	 1.40239	 1.40255	 1.40236	 1.40267	 
23.62	 -0.781	 0	 -0.99	 -0.775058	 0.000162204	 -0.975403	 -0.769254	 -0.000183653	 -0.960755	 -0.763481	 -0.00065495	 -0.946098	 -0.757575	 -0.000648848	 -0.931486	 -0.751608	 -0.000400004	 -0.9169	 1.42927	 1.42919	 1.42936	 1.42918	 1.42949	 
23.63	 -0.781	 0	 -0.99	 -0.774803	 -0.000183642	 -0.975313	 -0.769086	 -0.000270518	 -0.960433	 -0.763486	 -0.000336153	 -0.945506	 -0.757434	 -0.00049307	 -0.930759	 -0.751154	 -0.000690632	 -0.916106	 1.45684	 1.45678	 1.45696	 1.45679	 1.4571	 
23.64	 -0.781	 0	 -0.99	 -0.775024	 -0.000430229	 -0.975024	 -0.769027	 -0.000333825	 -0.960051	 -0.763029	 -0.000108865	 -0.945079	 -0.757049	 -0.000378713	 -0.930101	 -0.751075	 -0.000897716	 -0.915125	 1.48547	 1.48541	 1.48559	 1.48544	 1.48575	 
23.65	 -0.781	 0	 -0.99	 -0.775219	 -0.00017682	 -0.974733	 -0.768956	 -0.000274477	 -0.959657	 -0.762578	 -0.000350059	 -0.944628	 -0.756653	 -0.00050003	 -0.929416	 -0.750955	 -0.000692323	 -0.914116	 1.51524	 1.51518	 1.51536	 1.51522	 1.51553	 
23.66	 -0.781	 0	 -0.99	 -0.774977	 0.000144309	 -0.974609	 -0.768772	 -0.00019708	 -0.959293	 -0.762522	 -0.000655517	 -0.943998	 -0.756444	 -0.00065684	 -0.928628	 -0.750455	 -0.00043184	 -0.913222	 1.54606	 1.546	 1.54618	 1.54604	 1.54635	 
23.67	 -0.781	 0	 -0.99	 -0.77458	 5.3997e-005	 -0.974544	 -0.768542	 -0.00021834	 -0.958937	 -0.762597	 -0.000572082	 -0.943296	 -0.756293	 -0.000619841	 -0.927792	 -0.749814	 -0.000511123	 -0.912359	 1.57767	 1.57761	 1.57778	 1.57764	 1.57794	 
23.68	 -0.781	 0	 -0.99	 -0.774486	 -0.000291516	 -0.974357	 -0.76838	 -0.000301699	 -0.958548	 -0.762376	 -0.00024705	 -0.942699	 -0.755991	 -0.00045948	 -0.927003	 -0.749414	 -0.000799612	 -0.911385	 1.60977	 1.6097	 1.60986	 1.60971	 1.61001	 
23.69	 -0.781	 0	 -0.99	 -0.774691	 -0.000423535	 -0.974048	 -0.768288	 -0.000335233	 -0.958128	 -0.761868	 -0.000124641	 -0.942214	 -0.75554	 -0.000397077	 -0.926266	 -0.749254	 -0.000908819	 -0.910306	 1.64209	 1.64202	 1.64216	 1.64201	 1.64231	 
23.7	 -0.781	 0	 -0.99	 -0.774824	 -0.000200168	 -0.973763	 -0.768178	 -0.000284965	 -0.957712	 -0.761424	 -0.000339567	 -0.941706	 -0.755116	 -0.000502598	 -0.92552	 -0.749027	 -0.000723772	 -0.909249	 1.67445	 1.67438	 1.67451	 1.67435	 1.67464	 
23.71	 -0.781	 0	 -0.99	 -0.774648	 9.30863e-005	 -0.973602	 -0.767992	 -0.00021715	 -0.957328	 -0.761266	 -0.000621046	 -0.941085	 -0.754827	 -0.000643877	 -0.924721	 -0.748532	 -0.000483618	 -0.9083	 1.70677	 1.7067	 1.70683	 1.70667	 1.70695	 
23.72	 -0.781	 0	 -0.99	 -0.774288	 0.000137636	 -0.973517	 -0.767758	 -0.000207297	 -0.956965	 -0.76127	 -0.000667638	 -0.940398	 -0.754611	 -0.000672293	 -0.923894	 -0.747873	 -0.00045274	 -0.907422	 1.73901	 1.73893	 1.73907	 1.73891	 1.73919	 
23.73	 -0.781	 0	 -0.99	 -0.774035	 -8.88843e-005	 -0.973393	 -0.767545	 -0.000261977	 -0.956596	 -0.761166	 -0.000457713	 -0.939755	 -0.754337	 -0.000574621	 -0.923093	 -0.74729	 -0.000647558	 -0.906519	 1.77112	 1.77104	 1.77117	 1.77101	 1.77129	 
23.74	 -0.781	 0	 -0.99	 -0.774031	 -0.000353477	 -0.97317	 -0.767386	 -0.000326084	 -0.956207	 -0.760817	 -0.000210918	 -0.939214	 -0.753938	 -0.000456115	 -0.922346	 -0.746907	 -0.000872271	 -0.905543	 1.80307	 1.80299	 1.80311	 1.80296	 1.80324	 
23.75	 -0.781	 0	 -0.99	 -0.774179	 -0.000426603	 -0.972887	 -0.767258	 -0.000344507	 -0.955809	 -0.760314	 -0.000143161	 -0.93874	 -0.75346	 -0.000422674	 -0.921638	 -0.746646	 -0.000935168	 -0.904522	 1.83483	 1.83475	 1.83487	 1.83471	 1.83498	 
23.76	 -0.781	 0	 -0.99	 -0.774271	 -0.000269143	 -0.972624	 -0.767111	 -0.000308521	 -0.95542	 -0.759851	 -0.000292327	 -0.938257	 -0.752997	 -0.000494184	 -0.92093	 -0.746337	 -0.000805229	 -0.903527	 1.86638	 1.86631	 1.86642	 1.86626	 1.86653	 
23.77	 -0.781	 0	 -0.99	 -0.774178	 -2.09218e-005	 -0.972437	 -0.766919	 -0.000251536	 -0.955052	 -0.759558	 -0.0005289	 -0.93771	 -0.75261	 -0.000609025	 -0.920197	 -0.745862	 -0.000599713	 -0.902604	 1.89775	 1.89768	 1.8978	 1.89764	 1.8979	 
23.78	 -0.781	 0	 -0.99	 -0.773921	 0.000138643	 -0.972318	 -0.766692	 -0.000215556	 -0.954701	 -0.759422	 -0.000683774	 -0.937101	 -0.75229	 -0.000685787	 -0.919441	 -0.74523	 -0.000467276	 -0.901752	 1.92895	 1.92888	 1.92901	 1.92885	 1.92911	 
23.79	 -0.781	 0	 -0.99	 -0.773616	 0.000118295	 -0.972222	 -0.766451	 -0.000221779	 -0.954358	 -0.759328	 -0.00066837	 -0.936478	 -0.751987	 -0.000680763	 -0.918683	 -0.74455	 -0.000484817	 -0.900926	 1.96	 1.95993	 1.96005	 1.9599	 1.96017	 
23.8	 -0.781	 0	 -0.99	 -0.773382	 -5.06712e-005	 -0.9721	 -0.766216	 -0.00026126	 -0.954016	 -0.75915	 -0.000510401	 -0.935892	 -0.751647	 -0.000607821	 -0.917944	 -0.743943	 -0.000628615	 -0.900079	 1.99085	 1.99077	 1.99089	 1.99075	 1.99101	 
23.81	 -0.781	 0	 -0.99	 -0.773286	 -0.000261362	 -0.971924	 -0.766008	 -0.000309413	 -0.953667	 -0.758832	 -0.000311693	 -0.935369	 -0.751241	 -0.000516398	 -0.917241	 -0.743453	 -0.000811159	 -0.899196	 2.02141	 2.02132	 2.02143	 2.02129	 2.02154	 
23.82	 -0.781	 0	 -0.99	 -0.773313	 -0.000406559	 -0.9717	 -0.76583	 -0.000344411	 -0.953312	 -0.758397	 -0.00017708	 -0.934904	 -0.750772	 -0.000455073	 -0.916577	 -0.743053	 -0.000939234	 -0.898292	 2.05152	 2.05143	 2.05153	 2.05138	 2.05164	 
23.83	 -0.781	 0	 -0.99	 -0.773386	 -0.000429254	 -0.97146	 -0.76566	 -0.000353271	 -0.952963	 -0.757915	 -0.000161601	 -0.934474	 -0.750278	 -0.000448928	 -0.915942	 -0.742687	 -0.000960878	 -0.897394	 2.081	 2.08092	 2.08102	 2.08086	 2.08111	 
23.84	 -0.781	 0	 -0.99	 -0.773425	 -0.000332457	 -0.971239	 -0.765483	 -0.000333865	 -0.952627	 -0.757463	 -0.00025747	 -0.934049	 -0.749796	 -0.00049392	 -0.915325	 -0.742289	 -0.000880495	 -0.896537	 2.1097	 2.10962	 2.10971	 2.10954	 2.10978	 
23.85	 -0.781	 0	 -0.99	 -0.773385	 -0.000166506	 -0.971056	 -0.765292	 -0.000296184	 -0.952311	 -0.757093	 -0.000414608	 -0.933611	 -0.749347	 -0.000566973	 -0.914721	 -0.741813	 -0.000741022	 -0.895744	 2.13748	 2.13741	 2.13749	 2.13731	 2.13754	 
23.86	 -0.781	 0	 -0.99	 -0.773245	 1.31282e-006	 -0.970921	 -0.765077	 -0.000256947	 -0.952018	 -0.756814	 -0.000571418	 -0.933156	 -0.748945	 -0.000639339	 -0.914126	 -0.74126	 -0.000598045	 -0.895019	 2.16428	 2.16421	 2.16428	 2.16409	 2.16432	 
23.87	 -0.781	 0	 -0.99	 -0.773032	 0.000115881	 -0.970826	 -0.764845	 -0.000230374	 -0.951747	 -0.756608	 -0.000678551	 -0.932692	 -0.748579	 -0.000688257	 -0.913545	 -0.740649	 -0.000498843	 -0.894355	 2.19007	 2.18999	 2.19007	 2.18988	 2.19011	 
23.88	 -0.781	 0	 -0.99	 -0.772794	 0.00014865	 -0.970749	 -0.764616	 -0.000222556	 -0.95149	 -0.756437	 -0.000709627	 -0.932234	 -0.748225	 -0.000702057	 -0.912986	 -0.740005	 -0.000467658	 -0.893742	 2.21486	 2.21478	 2.21486	 2.21468	 2.21491	 
23.89	 -0.781	 0	 -0.99	 -0.772561	 0.000101431	 -0.970679	 -0.764383	 -0.000232005	 -0.951249	 -0.756256	 -0.000663168	 -0.931799	 -0.747873	 -0.000680023	 -0.912455	 -0.739382	 -0.000505394	 -0.893157	 2.23869	 2.23861	 2.23867	 2.2385	 2.23872	 
23.9	 -0.781	 0	 -0.99	 -0.772362	 -4.19837e-006	 -0.970602	 -0.76415	 -0.000252817	 -0.951022	 -0.756034	 -0.000558412	 -0.931403	 -0.747516	 -0.000631936	 -0.911953	 -0.738816	 -0.000594652	 -0.892583	 2.26155	 2.26145	 2.26152	 2.26133	 2.26156	 
23.91	 -0.781	 0	 -0.99	 -0.772229	 -0.000138298	 -0.970505	 -0.763941	 -0.000280696	 -0.9508	 -0.755766	 -0.000427326	 -0.931047	 -0.747138	 -0.000571463	 -0.91149	 -0.738302	 -0.000707974	 -0.892024	 2.2834	 2.28329	 2.28336	 2.28318	 2.2834	 
23.92	 -0.781	 0	 -0.99	 -0.772166	 -0.000270221	 -0.970385	 -0.763761	 -0.00031032	 -0.950581	 -0.755454	 -0.000301979	 -0.930735	 -0.746738	 -0.000512948	 -0.911067	 -0.737837	 -0.000817877	 -0.891483	 2.30416	 2.30405	 2.30411	 2.30394	 2.30416	 
23.93	 -0.781	 0	 -0.99	 -0.772147	 -0.000371752	 -0.970254	 -0.76359	 -0.000332782	 -0.950375	 -0.755101	 -0.000205456	 -0.930466	 -0.746329	 -0.000468921	 -0.910684	 -0.737426	 -0.000905022	 -0.890962	 2.32372	 2.32361	 2.32367	 2.32349	 2.3237	 
23.94	 -0.781	 0	 -0.99	 -0.772156	 -0.00042653	 -0.97012	 -0.763427	 -0.000344121	 -0.950185	 -0.754727	 -0.000151609	 -0.930238	 -0.745917	 -0.000444611	 -0.910341	 -0.737053	 -0.000954145	 -0.890472	 2.34194	 2.34183	 2.34188	 2.34169	 2.3419	 
23.95	 -0.781	 0	 -0.99	 -0.772178	 -0.000432489	 -0.969989	 -0.763274	 -0.000345876	 -0.950011	 -0.754353	 -0.00014542	 -0.930041	 -0.745509	 -0.000439152	 -0.910039	 -0.736696	 -0.00095527	 -0.890027	 2.35873	 2.35862	 2.35867	 2.35846	 2.35867	 
23.96	 -0.781	 0	 -0.99	 -0.772188	 -0.000391261	 -0.969874	 -0.763118	 -0.000337088	 -0.949859	 -0.753995	 -0.000183274	 -0.929869	 -0.745119	 -0.000452968	 -0.909771	 -0.73635	 -0.000915842	 -0.889627	 2.37408	 2.37397	 2.37403	 2.37381	 2.37402	 
23.97	 -0.781	 0	 -0.99	 -0.772174	 -0.000311966	 -0.969778	 -0.762959	 -0.000317927	 -0.949728	 -0.753666	 -0.000255455	 -0.929713	 -0.744751	 -0.000484754	 -0.909531	 -0.735999	 -0.000848618	 -0.889278	 2.38811	 2.38802	 2.38808	 2.38787	 2.38806	 
23.98	 -0.781	 0	 -0.99	 -0.772134	 -0.000211508	 -0.969701	 -0.762804	 -0.000296031	 -0.949611	 -0.75338	 -0.000350774	 -0.929564	 -0.744403	 -0.000526955	 -0.909315	 -0.735623	 -0.000762813	 -0.888979	 2.40104	 2.40096	 2.40103	 2.40081	 2.40101	 
23.99	 -0.781	 0	 -0.99	 -0.772065	 -0.00010566	 -0.969644	 -0.762653	 -0.000274788	 -0.949505	 -0.753139	 -0.000454579	 -0.929414	 -0.744078	 -0.000572838	 -0.909116	 -0.735222	 -0.000669863	 -0.888726	 2.41305	 2.41297	 2.41305	 2.41283	 2.41302	 
24	 -0.781	 0	 -0.99	 -0.771965	 -5.54226e-006	 -0.969608	 -0.7625	 -0.000254061	 -0.949414	 -0.752937	 -0.000551954	 -0.929266	 -0.743779	 -0.000617406	 -0.90893	 -0.734807	 -0.00058511	 -0.888511	 2.4242	 2.42412	 2.4242	 2.42397	 2.42416	 
24.01	 -0.781	 0	 -0.99	 -0.77183	 7.66045e-005	 -0.969595	 -0.762335	 -0.000236602	 -0.949342	 -0.752768	 -0.000631935	 -0.929124	 -0.743513	 -0.000655641	 -0.908759	 -0.734399	 -0.000518455	 -0.88833	 2.43436	 2.43429	 2.43435	 2.43413	 2.43432	 
24.02	 -0.781	 0	 -0.99	 -0.771682	 0.000131285	 -0.969598	 -0.762176	 -0.000226064	 -0.949287	 -0.752631	 -0.000687799	 -0.928995	 -0.743269	 -0.000683548	 -0.908615	 -0.733992	 -0.000475387	 -0.888196	 2.44325	 2.44316	 2.44323	 2.44299	 2.44318	 
24.03	 -0.781	 0	 -0.99	 -0.771535	 0.000154658	 -0.969614	 -0.762034	 -0.000222419	 -0.949248	 -0.752523	 -0.000713755	 -0.928889	 -0.743045	 -0.000697617	 -0.90851	 -0.733589	 -0.000458246	 -0.888121	 2.45049	 2.45038	 2.45043	 2.45019	 2.45037	 
24.04	 -0.781	 0	 -0.99	 -0.771388	 0.000147451	 -0.969644	 -0.761897	 -0.000223189	 -0.949236	 -0.752431	 -0.000706801	 -0.928818	 -0.742848	 -0.00069693	 -0.908451	 -0.733218	 -0.000467494	 -0.888105	 2.45572	 2.4556	 2.45564	 2.45538	 2.45556	 
24.05	 -0.781	 0	 -0.99	 -0.771258	 0.000109864	 -0.969684	 -0.761777	 -0.000230332	 -0.949248	 -0.75235	 -0.000669308	 -0.928789	 -0.742668	 -0.000680244	 -0.908447	 -0.73288	 -0.000498793	 -0.888155	 2.45876	 2.45863	 2.45866	 2.45839	 2.45858	 
24.06	 -0.781	 0	 -0.99	 -0.771148	 4.46389e-005	 -0.96973	 -0.761672	 -0.000244307	 -0.949285	 -0.752271	 -0.000606832	 -0.928807	 -0.742504	 -0.000650845	 -0.908498	 -0.732584	 -0.000549867	 -0.888264	 2.45963	 2.4595	 2.45952	 2.45926	 2.45944	 
24.07	 -0.781	 0	 -0.99	 -0.771058	 -3.86767e-005	 -0.969782	 -0.761572	 -0.000261192	 -0.949349	 -0.752183	 -0.000525827	 -0.928871	 -0.74236	 -0.00061546	 -0.908599	 -0.732346	 -0.0006225	 -0.888418	 2.45853	 2.45839	 2.45841	 2.45815	 2.45833	 
24.08	 -0.781	 0	 -0.99	 -0.771003	 -0.000133975	 -0.969831	 -0.761492	 -0.000281036	 -0.949429	 -0.752089	 -0.000434855	 -0.928977	 -0.742224	 -0.000577118	 -0.908745	 -0.732154	 -0.000707581	 -0.888613	 2.45571	 2.45557	 2.4556	 2.45534	 2.45552	 
24.09	 -0.781	 0	 -0.99	 -0.77099	 -0.000233567	 -0.969869	 -0.76144	 -0.000304789	 -0.949516	 -0.751988	 -0.00034338	 -0.929117	 -0.742095	 -0.000536518	 -0.908931	 -0.732005	 -0.000792586	 -0.888842	 2.45144	 2.4513	 2.45134	 2.45109	 2.45128	 
24.1	 -0.781	 0	 -0.99	 -0.771008	 -0.000323802	 -0.969902	 -0.761402	 -0.000325021	 -0.949616	 -0.751878	 -0.000258554	 -0.929291	 -0.741979	 -0.00049914	 -0.909149	 -0.731914	 -0.000870515	 -0.88909	 2.44588	 2.44575	 2.44579	 2.44555	 2.44574	 
24.11	 -0.781	 0	 -0.99	 -0.771054	 -0.000393898	 -0.969931	 -0.761377	 -0.000339471	 -0.949728	 -0.751758	 -0.00018973	 -0.929497	 -0.741879	 -0.000468122	 -0.909396	 -0.731881	 -0.000932311	 -0.889355	 2.43909	 2.43896	 2.43901	 2.43876	 2.43894	 
24.12	 -0.781	 0	 -0.99	 -0.771123	 -0.000437164	 -0.969957	 -0.761366	 -0.000348176	 -0.949852	 -0.751638	 -0.000146267	 -0.929733	 -0.741796	 -0.00044605	 -0.909673	 -0.731898	 -0.000966636	 -0.889644	 2.43099	 2.43086	 2.43091	 2.43064	 2.43082	 
24.13	 -0.781	 0	 -0.99	 -0.771212	 -0.000444833	 -0.969984	 -0.761374	 -0.000348309	 -0.949988	 -0.751529	 -0.00013437	 -0.929997	 -0.741732	 -0.000436501	 -0.909985	 -0.731951	 -0.000968831	 -0.889968	 2.42143	 2.42129	 2.42134	 2.42106	 2.42123	 
24.14	 -0.781	 0	 -0.99	 -0.771308	 -0.000413153	 -0.970018	 -0.761397	 -0.000338475	 -0.950141	 -0.751442	 -0.000157386	 -0.930286	 -0.741695	 -0.000441883	 -0.910332	 -0.732036	 -0.000936067	 -0.890337	 2.41023	 2.41009	 2.41013	 2.40984	 2.41001	 
24.15	 -0.781	 0	 -0.99	 -0.771396	 -0.000344404	 -0.970069	 -0.76143	 -0.000321455	 -0.950315	 -0.751389	 -0.000216836	 -0.930599	 -0.741692	 -0.000462792	 -0.910714	 -0.732145	 -0.000869166	 -0.890759	 2.39724	 2.39711	 2.39715	 2.39684	 2.397	 
24.16	 -0.781	 0	 -0.99	 -0.771469	 -0.000245295	 -0.970141	 -0.761476	 -0.000299581	 -0.95051	 -0.751382	 -0.000308752	 -0.93093	 -0.741723	 -0.000498871	 -0.911136	 -0.73226	 -0.00077561	 -0.891247	 2.38238	 2.38225	 2.38229	 2.38196	 2.38211	 
24.17	 -0.781	 0	 -0.99	 -0.771506	 -0.000125941	 -0.970245	 -0.761521	 -0.000273304	 -0.950734	 -0.751428	 -0.000421529	 -0.931278	 -0.7418	 -0.000547283	 -0.911591	 -0.732382	 -0.000669207	 -0.891801	 2.36561	 2.36548	 2.36552	 2.36518	 2.36534	 
24.18	 -0.781	 0	 -0.99	 -0.771501	 -2.29429e-006	 -0.970383	 -0.761564	 -0.000244904	 -0.950985	 -0.751534	 -0.000537234	 -0.931637	 -0.741924	 -0.000599777	 -0.912077	 -0.732503	 -0.000564459	 -0.892423	 2.347	 2.34687	 2.34691	 2.34658	 2.34674	 
24.19	 -0.781	 0	 -0.99	 -0.771465	 0.000102137	 -0.970549	 -0.76162	 -0.000220514	 -0.951256	 -0.751707	 -0.000634778	 -0.932	 -0.742089	 -0.000644276	 -0.912592	 -0.73261	 -0.000474704	 -0.893116	 2.32669	 2.32656	 2.32661	 2.32627	 2.32643	 
24.2	 -0.781	 0	 -0.99	 -0.7714	 0.000165023	 -0.970742	 -0.761683	 -0.000205328	 -0.951546	 -0.751936	 -0.00069236	 -0.932368	 -0.742297	 -0.000669943	 -0.913131	 -0.732715	 -0.0004191	 -0.893866	 2.30486	 2.30472	 2.30478	 2.30445	 2.30461	 
24.21	 -0.781	 0	 -0.99	 -0.771319	 0.000168516	 -0.970953	 -0.761749	 -0.000201543	 -0.951854	 -0.7522	 -0.000691952	 -0.932747	 -0.742542	 -0.000671176	 -0.91369	 -0.732841	 -0.000417026	 -0.894656	 2.28169	 2.28155	 2.28162	 2.28129	 2.28146	 
24.22	 -0.781	 0	 -0.99	 -0.771252	 0.000101902	 -0.971167	 -0.761828	 -0.000214718	 -0.952173	 -0.752472	 -0.000627097	 -0.933146	 -0.742807	 -0.000643506	 -0.914273	 -0.733006	 -0.000475753	 -0.89547	 2.25735	 2.25721	 2.25727	 2.25695	 2.25713	 
24.23	 -0.781	 0	 -0.99	 -0.771231	 -2.91367e-005	 -0.971366	 -0.761926	 -0.000244813	 -0.952498	 -0.752724	 -0.000505184	 -0.93358	 -0.743078	 -0.00058909	 -0.914885	 -0.733234	 -0.000586876	 -0.896292	 2.23194	 2.23179	 2.23186	 2.23154	 2.23172	 
24.24	 -0.781	 0	 -0.99	 -0.771283	 -0.00019501	 -0.971536	 -0.76205	 -0.000283294	 -0.952825	 -0.752927	 -0.000350283	 -0.934061	 -0.743344	 -0.00051886	 -0.91553	 -0.733549	 -0.000728224	 -0.897108	 2.2055	 2.20535	 2.20542	 2.2051	 2.20528	 
24.25	 -0.781	 0	 -0.99	 -0.771422	 -0.000349378	 -0.971669	 -0.762204	 -0.000318153	 -0.953153	 -0.75307	 -0.000203681	 -0.934595	 -0.743596	 -0.000451328	 -0.916212	 -0.733962	 -0.000861096	 -0.897913	 2.17804	 2.17789	 2.17796	 2.17763	 2.17782	 
24.26	 -0.781	 0	 -0.99	 -0.771637	 -0.000440475	 -0.971771	 -0.762385	 -0.000338651	 -0.953481	 -0.753163	 -0.000116169	 -0.935177	 -0.743838	 -0.000409184	 -0.916929	 -0.734459	 -0.000938745	 -0.898712	 2.14955	 2.1494	 2.14947	 2.14913	 2.14932	 
24.27	 -0.781	 0	 -0.99	 -0.771887	 -0.00042599	 -0.971862	 -0.762585	 -0.000336121	 -0.953815	 -0.753245	 -0.000128921	 -0.935789	 -0.744086	 -0.000411909	 -0.917675	 -0.735006	 -0.000925017	 -0.899524	 2.12003	 2.11988	 2.11995	 2.1196	 2.11979	 
24.28	 -0.781	 0	 -0.99	 -0.772109	 -0.000296384	 -0.971973	 -0.76279	 -0.000307423	 -0.954161	 -0.753376	 -0.000251472	 -0.9364	 -0.744366	 -0.000466394	 -0.918433	 -0.735544	 -0.000812585	 -0.900375	 2.08953	 2.08938	 2.08945	 2.0891	 2.08928	 
24.29	 -0.781	 0	 -0.99	 -0.772238	 -9.11873e-005	 -0.972137	 -0.762982	 -0.000261015	 -0.954527	 -0.753612	 -0.000445621	 -0.936976	 -0.744707	 -0.000555141	 -0.919187	 -0.736023	 -0.000635437	 -0.901288	 2.05813	 2.05798	 2.05806	 2.0577	 2.05789	 
24.3	 -0.781	 0	 -0.99	 -0.772238	 0.000102919	 -0.972373	 -0.763149	 -0.000215261	 -0.954917	 -0.753984	 -0.000627568	 -0.937501	 -0.745128	 -0.000639714	 -0.919924	 -0.736422	 -0.000467726	 -0.902271	 2.02595	 2.0258	 2.02589	 2.02553	 2.02572	 
24.31	 -0.781	 0	 -0.99	 -0.772143	 0.000183916	 -0.972664	 -0.763301	 -0.000192945	 -0.955324	 -0.754463	 -0.000698888	 -0.937985	 -0.745612	 -0.000673434	 -0.920647	 -0.736761	 -0.000396372	 -0.903311	 1.99309	 1.99295	 1.99305	 1.99269	 1.99288	 
24.32	 -0.781	 0	 -0.99	 -0.77205	 8.98852e-005	 -0.972958	 -0.763462	 -0.000210488	 -0.955735	 -0.754958	 -0.000603004	 -0.938472	 -0.746114	 -0.000627322	 -0.921378	 -0.737113	 -0.000472681	 -0.904365	 1.95967	 1.95953	 1.95964	 1.95928	 1.95947	 
24.33	 -0.781	 0	 -0.99	 -0.772078	 -0.000145046	 -0.973196	 -0.763656	 -0.000262156	 -0.956137	 -0.755352	 -0.000376029	 -0.93902	 -0.746578	 -0.000517295	 -0.922141	 -0.737581	 -0.00066609	 -0.905379	 1.92579	 1.92564	 1.92575	 1.9254	 1.92559	 
24.34	 -0.781	 0	 -0.99	 -0.772293	 -0.000379826	 -0.973342	 -0.763896	 -0.000316802	 -0.956521	 -0.755577	 -0.000152487	 -0.939662	 -0.746971	 -0.000407004	 -0.922952	 -0.738223	 -0.000858777	 -0.906318	 1.89153	 1.89138	 1.8915	 1.89115	 1.89135	 
24.35	 -0.781	 0	 -0.99	 -0.772643	 -0.00044079	 -0.973419	 -0.764175	 -0.000332187	 -0.956889	 -0.755688	 -9.3895e-005	 -0.94037	 -0.747313	 -0.000374303	 -0.923797	 -0.738988	 -0.000905331	 -0.907203	 1.85699	 1.85685	 1.85697	 1.85661	 1.85683	 
24.36	 -0.781	 0	 -0.99	 -0.772957	 -0.000256541	 -0.973514	 -0.764454	 -0.000288284	 -0.95726	 -0.755849	 -0.000264646	 -0.941058	 -0.747683	 -0.000452384	 -0.924635	 -0.739727	 -0.00074703	 -0.908108	 1.82226	 1.82211	 1.82223	 1.82188	 1.8221	 
24.37	 -0.781	 0	 -0.99	 -0.773055	 4.4366e-005	 -0.97372	 -0.764688	 -0.00021495	 -0.957655	 -0.756224	 -0.000543796	 -0.941642	 -0.74816	 -0.000585883	 -0.925423	 -0.740294	 -0.000493645	 -0.909105	 1.78739	 1.78724	 1.78735	 1.787	 1.78722	 
24.38	 -0.781	 0	 -0.99	 -0.772931	 0.000194183	 -0.974039	 -0.764872	 -0.000177612	 -0.958078	 -0.756815	 -0.000683519	 -0.942118	 -0.748748	 -0.000656252	 -0.926158	 -0.740683	 -0.000369145	 -0.910197	 1.7524	 1.75224	 1.75236	 1.752	 1.75222	 
24.39	 -0.781	 0	 -0.99	 -0.772805	 2.49787e-005	 -0.974362	 -0.765056	 -0.000217353	 -0.958502	 -0.757412	 -0.000526005	 -0.942591	 -0.749348	 -0.000582945	 -0.926889	 -0.74108	 -0.0005116	 -0.911291	 1.71728	 1.71714	 1.71727	 1.7169	 1.71712	 
24.4	 -0.781	 0	 -0.99	 -0.772947	 -0.000312971	 -0.974553	 -0.765305	 -0.000298176	 -0.958896	 -0.757762	 -0.000207671	 -0.94319	 -0.749831	 -0.000426838	 -0.927681	 -0.741708	 -0.000793576	 -0.912273	 1.68208	 1.68195	 1.68209	 1.68172	 1.68193	 
24.41	 -0.781	 0	 -0.99	 -0.773361	 -0.000442417	 -0.974605	 -0.765619	 -0.000329878	 -0.959257	 -0.757855	 -8.40223e-005	 -0.94392	 -0.750189	 -0.000362183	 -0.928537	 -0.742567	 -0.000900168	 -0.913138	 1.64689	 1.64675	 1.64689	 1.64652	 1.64676	 
24.42	 -0.781	 0	 -0.99	 -0.773709	 -0.000181235	 -0.974687	 -0.765918	 -0.000269451	 -0.959622	 -0.75801	 -0.000332858	 -0.944618	 -0.750574	 -0.000483401	 -0.929377	 -0.743373	 -0.000682648	 -0.914023	 1.61185	 1.61169	 1.61183	 1.61147	 1.61172	 
24.43	 -0.781	 0	 -0.99	 -0.77368	 0.00015632	 -0.974954	 -0.766129	 -0.000190047	 -0.960027	 -0.758521	 -0.000655978	 -0.945131	 -0.751135	 -0.000647461	 -0.930119	 -0.743866	 -0.000405145	 -0.91505	 1.57714	 1.57698	 1.57713	 1.57678	 1.57702	 
24.44	 -0.781	 0	 -0.99	 -0.77346	 9.1696e-005	 -0.975315	 -0.766293	 -0.000203941	 -0.960447	 -0.759217	 -0.000595026	 -0.945537	 -0.751791	 -0.000621564	 -0.930795	 -0.744195	 -0.000462214	 -0.91614	 1.543	 1.54286	 1.54303	 1.54267	 1.54291	 
24.45	 -0.781	 0	 -0.99	 -0.773557	 -0.000311113	 -0.975514	 -0.766531	 -0.000300116	 -0.960819	 -0.759609	 -0.000213242	 -0.946073	 -0.752294	 -0.000430284	 -0.931522	 -0.744781	 -0.00079549	 -0.917074	 1.50969	 1.50958	 1.50976	 1.50941	 1.50966	 
24.46	 -0.781	 0	 -0.99	 -0.774039	 -0.000422601	 -0.975514	 -0.76686	 -0.000329198	 -0.961129	 -0.759631	 -0.000108726	 -0.94677	 -0.752602	 -0.000373153	 -0.932315	 -0.745673	 -0.000883423	 -0.917816	 1.47748	 1.47736	 1.47755	 1.47721	 1.47747	 
24.47	 -0.781	 0	 -0.99	 -0.774309	 -2.75683e-005	 -0.975605	 -0.767133	 -0.000231996	 -0.961448	 -0.759837	 -0.00047715	 -0.947353	 -0.752991	 -0.000554927	 -0.933033	 -0.746377	 -0.000553154	 -0.918603	 1.44653	 1.44638	 1.44656	 1.44624	 1.44652	 
24.48	 -0.781	 0	 -0.99	 -0.774073	 0.000189397	 -0.975935	 -0.767272	 -0.00017348	 -0.961814	 -0.760498	 -0.000672676	 -0.947682	 -0.753603	 -0.000653988	 -0.933602	 -0.746653	 -0.000371677	 -0.91955	 1.41692	 1.41678	 1.41697	 1.41666	 1.41693	 
24.49	 -0.781	 0	 -0.99	 -0.773968	 -0.000196819	 -0.976196	 -0.767432	 -0.000266591	 -0.962149	 -0.76102	 -0.000307839	 -0.948043	 -0.754141	 -0.000469022	 -0.934163	 -0.747024	 -0.000686349	 -0.920402	 1.38872	 1.38862	 1.38883	 1.38851	 1.38877	 
24.5	 -0.781	 0	 -0.99	 -0.774431	 -0.00044015	 -0.976169	 -0.767732	 -0.000328662	 -0.962395	 -0.761004	 -7.98827e-005	 -0.948635	 -0.754395	 -0.0003486	 -0.93482	 -0.747844	 -0.000882015	 -0.920983	 1.36202	 1.36191	 1.36212	 1.3618	 1.36209	 
24.51	 -0.781	 0	 -0.99	 -0.774739	 -2.26793e-005	 -0.976202	 -0.767991	 -0.000224458	 -0.962638	 -0.76112	 -0.000468448	 -0.949135	 -0.754701	 -0.000544016	 -0.935412	 -0.748517	 -0.000538455	 -0.921579	 1.33678	 1.33663	 1.33682	 1.33652	 1.33682	 
24.52	 -0.781	 0	 -0.99	 -0.774434	 0.00017032	 -0.97652	 -0.768084	 -0.000175884	 -0.962941	 -0.761785	 -0.000651712	 -0.949342	 -0.75528	 -0.00064372	 -0.935833	 -0.748675	 -0.000385296	 -0.922373	 1.31288	 1.31275	 1.31295	 1.31265	 1.31294	 
24.53	 -0.781	 0	 -0.99	 -0.774404	 -0.000306592	 -0.976703	 -0.768233	 -0.000296709	 -0.963201	 -0.762171	 -0.00021044	 -0.949648	 -0.755712	 -0.000421313	 -0.936283	 -0.749047	 -0.000780519	 -0.923022	 1.29029	 1.29019	 1.29041	 1.29008	 1.29036	 
24.54	 -0.781	 0	 -0.99	 -0.774943	 -0.000356873	 -0.976604	 -0.768522	 -0.000312583	 -0.963374	 -0.762015	 -0.0001661	 -0.950186	 -0.755852	 -0.000395932	 -0.936836	 -0.749864	 -0.000823263	 -0.92341	 1.26903	 1.26891	 1.26911	 1.26881	 1.26912	 
24.55	 -0.781	 0	 -0.99	 -0.774976	 0.000148265	 -0.976728	 -0.768686	 -0.000188591	 -0.963585	 -0.762329	 -0.000644952	 -0.950476	 -0.75622	 -0.0006459	 -0.937244	 -0.750245	 -0.000414774	 -0.923951	 1.24915	 1.24901	 1.2492	 1.24891	 1.24922	 
24.56	 -0.781	 0	 -0.99	 -0.774625	 -3.98992e-005	 -0.977027	 -0.768744	 -0.000233857	 -0.963824	 -0.762986	 -0.000469123	 -0.950567	 -0.75676	 -0.000560581	 -0.937524	 -0.750297	 -0.000572352	 -0.924593	 1.23077	 1.23068	 1.2309	 1.23059	 1.23089	 
24.57	 -0.781	 0	 -0.99	 -0.774993	 -0.000451725	 -0.97698	 -0.768966	 -0.000336265	 -0.963962	 -0.762936	 -7.93676e-005	 -0.950946	 -0.756923	 -0.000354392	 -0.937924	 -0.750915	 -0.000904833	 -0.924907	 1.21427	 1.21419	 1.21442	 1.21413	 1.21444	 
24.58	 -0.781	 0	 -0.99	 -0.775325	 -1.12835e-005	 -0.976926	 -0.769171	 -0.000227619	 -0.964074	 -0.762896	 -0.000492411	 -0.951279	 -0.757069	 -0.000564331	 -0.938274	 -0.751478	 -0.000540605	 -0.925163	 1.19997	 1.19985	 1.20007	 1.19982	 1.20015	 
24.59	 -0.781	 0	 -0.99	 -0.774919	 0.000114463	 -0.977197	 -0.769183	 -0.000191195	 -0.964241	 -0.763532	 -0.000604033	 -0.951248	 -0.757555	 -0.000623272	 -0.938396	 -0.751414	 -0.000435145	 -0.925622	 1.18803	 1.18794	 1.18818	 1.18792	 1.18825	 
24.6	 -0.781	 0	 -0.99	 -0.775046	 -0.000415461	 -0.977213	 -0.769313	 -0.000322283	 -0.964319	 -0.763639	 -0.000102357	 -0.9514	 -0.757756	 -0.00035968	 -0.938576	 -0.751762	 -0.000862943	 -0.925809	 1.17854	 1.17848	 1.17874	 1.17849	 1.17881	 
24.61	 -0.781	 0	 -0.99	 -0.775515	 -0.000142222	 -0.97705	 -0.769518	 -0.000257543	 -0.964329	 -0.763394	 -0.00036295	 -0.951667	 -0.757751	 -0.000492608	 -0.938785	 -0.752359	 -0.000639963	 -0.925794	 1.17145	 1.17135	 1.17158	 1.17135	 1.1717	 
24.62	 -0.781	 0	 -0.99	 -0.775161	 0.000174143	 -0.977242	 -0.76951	 -0.000177313	 -0.964405	 -0.763905	 -0.000662042	 -0.95155	 -0.758126	 -0.000654745	 -0.938766	 -0.752262	 -0.000389704	 -0.92602	 1.16636	 1.16626	 1.16649	 1.16625	 1.16658	 
24.63	 -0.781	 0	 -0.99	 -0.775106	 -0.000357358	 -0.977297	 -0.76957	 -0.000314618	 -0.964429	 -0.764126	 -0.000173428	 -0.951522	 -0.758344	 -0.000407425	 -0.938765	 -0.752386	 -0.000832804	 -0.926093	 1.16289	 1.16281	 1.16305	 1.16278	 1.1631	 
24.64	 -0.781	 0	 -0.99	 -0.775626	 -0.000242447	 -0.977081	 -0.769769	 -0.000292743	 -0.964372	 -0.763789	 -0.000292444	 -0.951719	 -0.758258	 -0.00047172	 -0.938867	 -0.752959	 -0.000748846	 -0.925916	 1.16076	 1.16065	 1.16085	 1.16059	 1.16092	 
24.65	 -0.781	 0	 -0.99	 -0.775356	 0.000186024	 -0.977203	 -0.769755	 -0.000186157	 -0.964392	 -0.764164	 -0.000699409	 -0.951581	 -0.758528	 -0.000690854	 -0.938781	 -0.752876	 -0.000410191	 -0.925988	 1.1597	 1.15958	 1.15977	 1.15951	 1.15984	 
24.66	 -0.781	 0	 -0.99	 -0.775154	 -0.000292824	 -0.977297	 -0.76975	 -0.000309586	 -0.964396	 -0.76446	 -0.00025907	 -0.951447	 -0.758756	 -0.000467298	 -0.938678	 -0.752836	 -0.00080591	 -0.926009	 1.15967	 1.15959	 1.1598	 1.15953	 1.15984	 
24.67	 -0.781	 0	 -0.99	 -0.775671	 -0.000321458	 -0.977062	 -0.769926	 -0.000318741	 -0.964301	 -0.764079	 -0.000231938	 -0.951585	 -0.758619	 -0.000448682	 -0.938701	 -0.753361	 -0.000827413	 -0.925735	 1.16095	 1.16085	 1.16106	 1.16081	 1.16114	 
24.68	 -0.781	 0	 -0.99	 -0.77551	 0.000177726	 -0.977107	 -0.769923	 -0.000190258	 -0.96426	 -0.76431	 -0.000695234	 -0.951428	 -0.758784	 -0.000689529	 -0.938549	 -0.753311	 -0.0004193	 -0.925649	 1.16384	 1.16373	 1.16394	 1.16371	 1.16405	 
24.69	 -0.781	 0	 -0.99	 -0.775184	 -0.000204149	 -0.977216	 -0.769863	 -0.000284821	 -0.964217	 -0.764668	 -0.000337025	 -0.951166	 -0.759008	 -0.000504974	 -0.938311	 -0.753108	 -0.000727961	 -0.925564	 1.16868	 1.16861	 1.16885	 1.16863	 1.16895	 
24.7	 -0.781	 0	 -0.99	 -0.775647	 -0.000389373	 -0.976968	 -0.769994	 -0.00033147	 -0.964058	 -0.764267	 -0.000159721	 -0.951179	 -0.758821	 -0.000406546	 -0.938183	 -0.753518	 -0.000873589	 -0.92513	 1.17593	 1.17586	 1.1761	 1.17591	 1.17625	 
24.71	 -0.781	 0	 -0.99	 -0.775631	 0.000134141	 -0.976899	 -0.769996	 -0.000200127	 -0.963914	 -0.764291	 -0.000650489	 -0.950962	 -0.758832	 -0.000661649	 -0.937898	 -0.753506	 -0.00044733	 -0.924778	 1.18581	 1.18572	 1.18596	 1.1858	 1.18615	 
24.72	 -0.781	 0	 -0.99	 -0.775189	 -7.32605e-005	 -0.976998	 -0.769872	 -0.000251623	 -0.963788	 -0.764681	 -0.000458855	 -0.950527	 -0.759022	 -0.000567631	 -0.937458	 -0.753123	 -0.000620583	 -0.924493	 1.19833	 1.19829	 1.19855	 1.19837	 1.19871	 
24.73	 -0.781	 0	 -0.99	 -0.775498	 -0.000445065	 -0.976764	 -0.769923	 -0.000347714	 -0.963552	 -0.764334	 -0.000113908	 -0.950346	 -0.758815	 -0.000388581	 -0.937112	 -0.753328	 -0.00092739	 -0.923871	 1.21344	 1.21339	 1.21363	 1.21347	 1.21382	 
24.74	 -0.781	 0	 -0.99	 -0.775698	 -5.10698e-006	 -0.976553	 -0.769943	 -0.00024332	 -0.963296	 -0.764076	 -0.00053682	 -0.950088	 -0.758635	 -0.000610971	 -0.936697	 -0.753417	 -0.000576458	 -0.923214	 1.23074	 1.23067	 1.23089	 1.23074	 1.23109	 
24.75	 -0.781	 0	 -0.99	 -0.775233	 9.78092e-005	 -0.97661	 -0.769793	 -0.000219061	 -0.963088	 -0.764432	 -0.000641241	 -0.949535	 -0.758764	 -0.000674864	 -0.936103	 -0.752942	 -0.000504716	 -0.922735	 1.24971	 1.24964	 1.24985	 1.24967	 1.25001	 
24.76	 -0.781	 0	 -0.99	 -0.775224	 -0.000389428	 -0.976476	 -0.769745	 -0.000343733	 -0.962823	 -0.764341	 -0.000191924	 -0.94914	 -0.758657	 -0.000449243	 -0.935574	 -0.752827	 -0.000913737	 -0.922073	 1.26977	 1.26971	 1.26991	 1.26971	 1.27004	 
24.77	 -0.781	 0	 -0.99	 -0.775621	 -0.000280511	 -0.976164	 -0.769791	 -0.000323929	 -0.96251	 -0.763852	 -0.00030618	 -0.948901	 -0.758333	 -0.000510429	 -0.93512	 -0.753029	 -0.00083298	 -0.921254	 1.29048	 1.29038	 1.29056	 1.29035	 1.29068	 
24.78	 -0.781	 0	 -0.99	 -0.775418	 0.000147625	 -0.976094	 -0.769687	 -0.000219537	 -0.962253	 -0.763917	 -0.000713448	 -0.948431	 -0.758285	 -0.000724468	 -0.934545	 -0.752729	 -0.000489642	 -0.920628	 1.31147	 1.31137	 1.31153	 1.31132	 1.31164	 
24.79	 -0.781	 0	 -0.99	 -0.775021	 -8.54174e-005	 -0.976107	 -0.769529	 -0.00027648	 -0.962016	 -0.764157	 -0.000496453	 -0.947878	 -0.758324	 -0.000618407	 -0.933924	 -0.752259	 -0.000685433	 -0.920067	 1.33271	 1.33262	 1.33279	 1.33258	 1.33289	 
24.8	 -0.781	 0	 -0.99	 -0.775227	 -0.000451204	 -0.975873	 -0.769514	 -0.000370089	 -0.961714	 -0.763817	 -0.000157965	 -0.94755	 -0.758061	 -0.000445778	 -0.933412	 -0.752272	 -0.000987708	 -0.919293	 1.35442	 1.35434	 1.35451	 1.35431	 1.35462	 
24.81	 -0.781	 0	 -0.99	 -0.775502	 -0.000178365	 -0.975599	 -0.76951	 -0.000305696	 -0.961396	 -0.763396	 -0.000418076	 -0.947243	 -0.757743	 -0.00057809	 -0.932902	 -0.752327	 -0.000767169	 -0.918469	 1.37696	 1.37687	 1.37704	 1.37686	 1.37717	 
24.82	 -0.781	 0	 -0.99	 -0.775203	 0.0001524	 -0.975548	 -0.769356	 -0.000226267	 -0.96112	 -0.763496	 -0.000735409	 -0.946701	 -0.757681	 -0.000745827	 -0.932256	 -0.751896	 -0.000503756	 -0.917798	 1.40066	 1.40058	 1.40077	 1.40061	 1.40092	 
24.83	 -0.781	 0	 -0.99	 -0.774847	 -0.000106161	 -0.975516	 -0.769181	 -0.000294266	 -0.960835	 -0.763636	 -0.000504636	 -0.946107	 -0.757633	 -0.000638158	 -0.93156	 -0.751401	 -0.000727725	 -0.917107	 1.4258	 1.42574	 1.42594	 1.42579	 1.4261	 
24.84	 -0.781	 0	 -0.99	 -0.775004	 -0.000449223	 -0.975267	 -0.769126	 -0.00038326	 -0.96048	 -0.763281	 -0.000191673	 -0.945679	 -0.757325	 -0.000484142	 -0.930926	 -0.751309	 -0.00101969	 -0.916201	 1.45247	 1.45241	 1.45262	 1.45248	 1.4528	 
24.85	 -0.781	 0	 -0.99	 -0.775273	 -0.000271239	 -0.974958	 -0.769092	 -0.000343289	 -0.960095	 -0.7628	 -0.000364407	 -0.945277	 -0.756937	 -0.000572588	 -0.930286	 -0.751289	 -0.000879459	 -0.915213	 1.48055	 1.48049	 1.48068	 1.48054	 1.48086	 
24.86	 -0.781	 0	 -0.99	 -0.7751	 9.48972e-005	 -0.974816	 -0.768939	 -0.00025604	 -0.959741	 -0.762715	 -0.000714042	 -0.944694	 -0.756736	 -0.000752106	 -0.929541	 -0.750884	 -0.000582331	 -0.914338	 1.50976	 1.5097	 1.50988	 1.50974	 1.51005	 
24.87	 -0.781	 0	 -0.99	 -0.774688	 5.5701e-005	 -0.974769	 -0.76872	 -0.00026575	 -0.959404	 -0.762837	 -0.000680195	 -0.944007	 -0.756631	 -0.000740079	 -0.928733	 -0.750266	 -0.000619156	 -0.913522	 1.53978	 1.53972	 1.53989	 1.53974	 1.54004	 
24.88	 -0.781	 0	 -0.99	 -0.774568	 -0.000302985	 -0.974604	 -0.768565	 -0.000352529	 -0.959033	 -0.76267	 -0.000343344	 -0.943421	 -0.756375	 -0.000573638	 -0.927968	 -0.749877	 -0.000918635	 -0.912598	 1.57034	 1.57027	 1.57043	 1.57027	 1.57057	 
24.89	 -0.781	 0	 -0.99	 -0.77479	 -0.000454392	 -0.974298	 -0.76849	 -0.000391555	 -0.958626	 -0.762174	 -0.000203967	 -0.94296	 -0.755946	 -0.00050336	 -0.927262	 -0.749757	 -0.0010451	 -0.911553	 1.60125	 1.60118	 1.60134	 1.60118	 1.60148	 
24.9	 -0.781	 0	 -0.99	 -0.774937	 -0.000214856	 -0.974016	 -0.768396	 -0.000336957	 -0.958221	 -0.761743	 -0.000433611	 -0.942471	 -0.755542	 -0.000616487	 -0.926541	 -0.749563	 -0.000847212	 -0.910523	 1.63246	 1.63239	 1.63254	 1.63238	 1.63268	 
24.91	 -0.781	 0	 -0.99	 -0.774741	 8.70782e-005	 -0.973868	 -0.768217	 -0.000263881	 -0.957845	 -0.761627	 -0.000717563	 -0.941851	 -0.755287	 -0.000757729	 -0.925751	 -0.749075	 -0.000597584	 -0.9096	 1.66397	 1.6639	 1.66404	 1.66389	 1.66418	 
24.92	 -0.781	 0	 -0.99	 -0.774369	 9.48605e-005	 -0.973791	 -0.767989	 -0.000259283	 -0.957486	 -0.761667	 -0.000722329	 -0.94116	 -0.755106	 -0.000762882	 -0.924923	 -0.748432	 -0.000593242	 -0.908731	 1.69574	 1.69567	 1.69582	 1.69567	 1.69596	 
24.93	 -0.781	 0	 -0.99	 -0.774155	 -0.000175269	 -0.973653	 -0.767794	 -0.000323922	 -0.957111	 -0.761546	 -0.000469752	 -0.940526	 -0.754841	 -0.00064232	 -0.924121	 -0.747912	 -0.000822214	 -0.907808	 1.72774	 1.72767	 1.72781	 1.72766	 1.72795	 
24.94	 -0.781	 0	 -0.99	 -0.774221	 -0.000425291	 -0.973401	 -0.767661	 -0.000387177	 -0.95671	 -0.761154	 -0.000240923	 -0.939998	 -0.754436	 -0.000532847	 -0.923372	 -0.747613	 -0.00103556	 -0.906792	 1.75985	 1.75978	 1.75991	 1.75976	 1.76005	 
24.95	 -0.781	 0	 -0.99	 -0.774398	 -0.000421647	 -0.973103	 -0.767551	 -0.000390358	 -0.9563	 -0.760646	 -0.000251002	 -0.939519	 -0.753968	 -0.000538957	 -0.92265	 -0.747398	 -0.00103663	 -0.905741	 1.79194	 1.79187	 1.792	 1.79184	 1.79212	 
24.96	 -0.781	 0	 -0.99	 -0.774442	 -0.000192393	 -0.972856	 -0.767401	 -0.000338611	 -0.955906	 -0.760248	 -0.00047104	 -0.939001	 -0.753548	 -0.000646447	 -0.921913	 -0.747068	 -0.000848154	 -0.904739	 1.82392	 1.82385	 1.82398	 1.82381	 1.82409	 
24.97	 -0.781	 0	 -0.99	 -0.774257	 5.25032e-005	 -0.972703	 -0.767193	 -0.000281489	 -0.955538	 -0.760055	 -0.000703577	 -0.938404	 -0.753223	 -0.000759773	 -0.921142	 -0.74654	 -0.000644044	 -0.903821	 1.85575	 1.85568	 1.8558	 1.85564	 1.85591	 
24.98	 -0.781	 0	 -0.99	 -0.773938	 0.000125366	 -0.972606	 -0.766953	 -0.000264125	 -0.955185	 -0.759986	 -0.00077357	 -0.937759	 -0.752949	 -0.000795204	 -0.920355	 -0.745884	 -0.000582172	 -0.902961	 1.88742	 1.88735	 1.88747	 1.88731	 1.88759	 
24.99	 -0.781	 0	 -0.99	 -0.77366	 -7.03852e-006	 -0.972496	 -0.766725	 -0.000295215	 -0.95483	 -0.759882	 -0.000650118	 -0.937129	 -0.752652	 -0.000738306	 -0.919579	 -0.745241	 -0.000694787	 -0.902103	 1.91895	 1.91888	 1.919	 1.91885	 1.91913	 
25	 -0.781	 0	 -0.99	 -0.773533	 -0.00023762	 -0.972326	 -0.766529	 -0.000349198	 -0.954464	 -0.759627	 -0.000433963	 -0.93656	 -0.752279	 -0.000637838	 -0.918837	 -0.744722	 -0.000893057	 -0.901201	 1.95037	 1.95029	 1.95041	 1.95028	 1.95055	 
25.01	 -0.781	 0	 -0.99	 -0.773555	 -0.000418662	 -0.972097	 -0.766357	 -0.000392035	 -0.95409	 -0.759214	 -0.000264653	 -0.93606	 -0.751833	 -0.000559045	 -0.918129	 -0.744338	 -0.00104981	 -0.900248	 1.98165	 1.98157	 1.98169	 1.98155	 1.98182	 
25.02	 -0.781	 0	 -0.99	 -0.773646	 -0.000456618	 -0.97184	 -0.766196	 -0.000402718	 -0.953714	 -0.758727	 -0.000230869	 -0.935596	 -0.75135	 -0.000542557	 -0.917443	 -0.74401	 -0.0010833	 -0.899279	 2.01272	 2.01264	 2.01276	 2.01262	 2.01287	 
25.03	 -0.781	 0	 -0.99	 -0.773707	 -0.000348637	 -0.971596	 -0.766031	 -0.000379185	 -0.953344	 -0.75827	 -0.000334482	 -0.935128	 -0.750872	 -0.000590127	 -0.916765	 -0.743641	 -0.000991178	 -0.898336	 2.04347	 2.0434	 2.04351	 2.04335	 2.0436	 
25.04	 -0.781	 0	 -0.99	 -0.773662	 -0.000161303	 -0.971396	 -0.765842	 -0.000337063	 -0.952991	 -0.757913	 -0.000513098	 -0.934632	 -0.750438	 -0.000674512	 -0.916084	 -0.743177	 -0.00083481	 -0.897449	 2.07374	 2.07367	 2.07377	 2.0736	 2.07385	 
25.05	 -0.781	 0	 -0.99	 -0.773499	 1.57544e-005	 -0.971251	 -0.765624	 -0.000297615	 -0.952659	 -0.757664	 -0.000683583	 -0.934104	 -0.750055	 -0.000757754	 -0.9154	 -0.742613	 -0.000691007	 -0.896626	 2.10336	 2.10329	 2.10338	 2.10321	 2.10345	 
25.06	 -0.781	 0	 -0.99	 -0.773257	 0.000113513	 -0.971145	 -0.765388	 -0.000276966	 -0.952346	 -0.757487	 -0.000780947	 -0.933563	 -0.749703	 -0.000807258	 -0.914726	 -0.741979	 -0.000613169	 -0.895863	 2.13217	 2.1321	 2.13218	 2.132	 2.13224	 
25.07	 -0.781	 0	 -0.99	 -0.772992	 0.000106818	 -0.971057	 -0.765143	 -0.000280055	 -0.952051	 -0.757327	 -0.000778473	 -0.933034	 -0.749361	 -0.000808271	 -0.914074	 -0.741329	 -0.000620445	 -0.895141	 2.16005	 2.15997	 2.16005	 2.15987	 2.16011	 
25.08	 -0.781	 0	 -0.99	 -0.772763	 1.12606e-005	 -0.970962	 -0.764906	 -0.000300843	 -0.951767	 -0.757135	 -0.000687714	 -0.932539	 -0.749004	 -0.000767351	 -0.913457	 -0.740708	 -0.000701269	 -0.894444	 2.18692	 2.18683	 2.1869	 2.18672	 2.18696	 
25.09	 -0.781	 0	 -0.99	 -0.772611	 -0.000134249	 -0.970844	 -0.764696	 -0.000332132	 -0.951488	 -0.756883	 -0.000547034	 -0.93209	 -0.748613	 -0.000701879	 -0.912884	 -0.740136	 -0.000823409	 -0.893765	 2.21273	 2.21263	 2.2127	 2.21253	 2.21277	 
25.1	 -0.781	 0	 -0.99	 -0.77253	 -0.000284988	 -0.970703	 -0.764498	 -0.000365231	 -0.951219	 -0.756557	 -0.000402246	 -0.931696	 -0.748193	 -0.000633854	 -0.912353	 -0.739638	 -0.000948962	 -0.893094	 2.23748	 2.23737	 2.23744	 2.23728	 2.23751	 
25.11	 -0.781	 0	 -0.99	 -0.772501	 -0.000400253	 -0.970547	 -0.7643	 -0.000389174	 -0.950964	 -0.75617	 -0.000288751	 -0.931351	 -0.747758	 -0.000579659	 -0.91186	 -0.739211	 -0.00104478	 -0.89243	 2.26119	 2.26108	 2.26116	 2.26098	 2.2612	 
25.12	 -0.781	 0	 -0.99	 -0.772515	 -0.000456952	 -0.97038	 -0.764122	 -0.000398795	 -0.950715	 -0.755755	 -0.000227638	 -0.93104	 -0.747305	 -0.000547148	 -0.911403	 -0.73881	 -0.00108796	 -0.891789	 2.2839	 2.2838	 2.28387	 2.28369	 2.28391	 
25.13	 -0.781	 0	 -0.99	 -0.772545	 -0.000450152	 -0.970211	 -0.763957	 -0.000394068	 -0.950474	 -0.755341	 -0.000226233	 -0.93075	 -0.746848	 -0.000540432	 -0.910976	 -0.738409	 -0.00107382	 -0.891182	 2.30568	 2.30559	 2.30566	 2.30548	 2.3057	 
25.14	 -0.781	 0	 -0.99	 -0.772548	 -0.000388393	 -0.970059	 -0.76378	 -0.000378915	 -0.950251	 -0.754945	 -0.000280091	 -0.930473	 -0.746411	 -0.000560028	 -0.910566	 -0.738009	 -0.00101454	 -0.890605	 2.32658	 2.3265	 2.32658	 2.32639	 2.32661	 
25.15	 -0.781	 0	 -0.99	 -0.772516	 -0.000290825	 -0.969927	 -0.763598	 -0.000359052	 -0.950042	 -0.754588	 -0.000375343	 -0.930198	 -0.745996	 -0.000602032	 -0.910172	 -0.737588	 -0.000928694	 -0.890068	 2.34663	 2.34655	 2.34663	 2.34644	 2.34666	 
25.16	 -0.781	 0	 -0.99	 -0.772451	 -0.000176005	 -0.969817	 -0.763419	 -0.000336829	 -0.949845	 -0.754281	 -0.000490392	 -0.929921	 -0.745601	 -0.0006567	 -0.909795	 -0.737128	 -0.000835071	 -0.88958	 2.3658	 2.36573	 2.3658	 2.3656	 2.36581	 
25.17	 -0.781	 0	 -0.99	 -0.77234	 -6.30703e-005	 -0.969733	 -0.763229	 -0.000313802	 -0.949667	 -0.754018	 -0.000602525	 -0.929647	 -0.745235	 -0.000711504	 -0.909434	 -0.736648	 -0.000745284	 -0.889137	 2.38399	 2.38392	 2.38399	 2.38379	 2.38399	 
25.18	 -0.781	 0	 -0.99	 -0.77219	 3.06321e-005	 -0.969675	 -0.763028	 -0.000295305	 -0.94951	 -0.753791	 -0.000695948	 -0.92938	 -0.744896	 -0.000755916	 -0.909094	 -0.736154	 -0.000668555	 -0.88874	 2.40107	 2.401	 2.40107	 2.40086	 2.40106	 
25.19	 -0.781	 0	 -0.99	 -0.772023	 9.48533e-005	 -0.969635	 -0.762833	 -0.000282803	 -0.949369	 -0.7536	 -0.000760852	 -0.929125	 -0.744576	 -0.000787512	 -0.908782	 -0.735648	 -0.000616492	 -0.888396	 2.41687	 2.41679	 2.41685	 2.41664	 2.41684	 
25.2	 -0.781	 0	 -0.99	 -0.771852	 0.000124819	 -0.969608	 -0.76265	 -0.000277578	 -0.949246	 -0.753435	 -0.000793418	 -0.928891	 -0.744273	 -0.000806269	 -0.908507	 -0.735141	 -0.000596848	 -0.888109	 2.43117	 2.43108	 2.43113	 2.43091	 2.4311	 
25.21	 -0.781	 0	 -0.99	 -0.771683	 0.000118957	 -0.969594	 -0.762472	 -0.000280791	 -0.949144	 -0.753281	 -0.000792748	 -0.928688	 -0.743987	 -0.000809614	 -0.908273	 -0.734655	 -0.000606575	 -0.887876	 2.44375	 2.44365	 2.44369	 2.44346	 2.44365	 
25.22	 -0.781	 0	 -0.99	 -0.771519	 8.24695e-005	 -0.969592	 -0.762295	 -0.000288577	 -0.949071	 -0.753128	 -0.000758795	 -0.928525	 -0.74372	 -0.000796227	 -0.908086	 -0.734208	 -0.00063967	 -0.887693	 2.45445	 2.45433	 2.45436	 2.45412	 2.45431	 
25.23	 -0.781	 0	 -0.99	 -0.771382	 2.20561e-005	 -0.969593	 -0.762138	 -0.000299215	 -0.949016	 -0.752976	 -0.000697017	 -0.928405	 -0.743461	 -0.000768587	 -0.907952	 -0.733792	 -0.000691543	 -0.88757	 2.46317	 2.46304	 2.46307	 2.46282	 2.46302	 
25.24	 -0.781	 0	 -0.99	 -0.771276	 -5.78278e-005	 -0.969593	 -0.762001	 -0.000314522	 -0.948982	 -0.752821	 -0.00061722	 -0.928328	 -0.743211	 -0.000731185	 -0.90787	 -0.733417	 -0.000755997	 -0.887498	 2.46994	 2.46981	 2.46983	 2.4696	 2.46978	 
25.25	 -0.781	 0	 -0.99	 -0.771192	 -0.000148218	 -0.969598	 -0.76187	 -0.000333295	 -0.948971	 -0.752655	 -0.000528976	 -0.928295	 -0.742979	 -0.000689962	 -0.907833	 -0.7331	 -0.000829883	 -0.887467	 2.4749	 2.47476	 2.47479	 2.47455	 2.47474	 
25.26	 -0.781	 0	 -0.99	 -0.771147	 -0.000239813	 -0.969596	 -0.761764	 -0.000351661	 -0.948972	 -0.752483	 -0.000439098	 -0.928302	 -0.742751	 -0.000648719	 -0.907843	 -0.73282	 -0.000906039	 -0.887478	 2.47821	 2.47808	 2.47811	 2.47788	 2.47807	 
25.27	 -0.781	 0	 -0.99	 -0.771132	 -0.00032318	 -0.969591	 -0.761674	 -0.000367016	 -0.948988	 -0.7523	 -0.000353738	 -0.928346	 -0.742529	 -0.000607979	 -0.907892	 -0.732583	 -0.000974753	 -0.887523	 2.48006	 2.47993	 2.47997	 2.47974	 2.47994	 
25.28	 -0.781	 0	 -0.99	 -0.771132	 -0.000392129	 -0.969589	 -0.761583	 -0.000378738	 -0.949023	 -0.752105	 -0.0002813	 -0.928425	 -0.742322	 -0.000572139	 -0.907974	 -0.732401	 -0.00102914	 -0.887591	 2.48058	 2.48045	 2.48049	 2.48026	 2.48045	 
25.29	 -0.781	 0	 -0.99	 -0.771159	 -0.000441578	 -0.969582	 -0.761512	 -0.000388609	 -0.949069	 -0.75191	 -0.000230904	 -0.928534	 -0.742123	 -0.000546155	 -0.90809	 -0.732249	 -0.00106715	 -0.887692	 2.47981	 2.47968	 2.47972	 2.47948	 2.47967	 
25.3	 -0.781	 0	 -0.99	 -0.771207	 -0.000466104	 -0.969575	 -0.761461	 -0.000394273	 -0.949124	 -0.751723	 -0.000207832	 -0.928669	 -0.741937	 -0.000535377	 -0.90824	 -0.732126	 -0.00108801	 -0.887827	 2.4777	 2.47757	 2.47762	 2.47737	 2.47756	 
25.31	 -0.781	 0	 -0.99	 -0.771259	 -0.000463091	 -0.969576	 -0.761414	 -0.000395688	 -0.949197	 -0.751547	 -0.000213605	 -0.92883	 -0.741774	 -0.000537683	 -0.908421	 -0.732039	 -0.001086	 -0.887997	 2.47419	 2.47406	 2.47411	 2.47385	 2.47403	 
25.32	 -0.781	 0	 -0.99	 -0.77131	 -0.000430705	 -0.969587	 -0.761376	 -0.00038957	 -0.949289	 -0.75139	 -0.000245312	 -0.929016	 -0.741636	 -0.000550273	 -0.908634	 -0.73198	 -0.00105635	 -0.888208	 2.46917	 2.46905	 2.4691	 2.46882	 2.469	 
25.33	 -0.781	 0	 -0.99	 -0.771357	 -0.000369185	 -0.969612	 -0.761349	 -0.000374895	 -0.949398	 -0.751264	 -0.000300222	 -0.929222	 -0.741526	 -0.000572072	 -0.908881	 -0.731938	 -0.0010012	 -0.888469	 2.46258	 2.46245	 2.4625	 2.46222	 2.46238	 
25.34	 -0.781	 0	 -0.99	 -0.771392	 -0.000285802	 -0.969654	 -0.761333	 -0.000355787	 -0.949526	 -0.751177	 -0.00037649	 -0.929446	 -0.741449	 -0.000602463	 -0.909159	 -0.731909	 -0.000924441	 -0.888783	 2.45436	 2.45424	 2.45429	 2.45399	 2.45416	 
25.35	 -0.781	 0	 -0.99	 -0.771404	 -0.000187688	 -0.969719	 -0.76132	 -0.000334141	 -0.949676	 -0.751133	 -0.000467843	 -0.929685	 -0.741411	 -0.00063921	 -0.909466	 -0.731894	 -0.00083365	 -0.889149	 2.44452	 2.4444	 2.44445	 2.44415	 2.44431	 
25.36	 -0.781	 0	 -0.99	 -0.771394	 -8.26972e-005	 -0.969806	 -0.761317	 -0.000309433	 -0.949845	 -0.751139	 -0.00056361	 -0.929935	 -0.74141	 -0.000678893	 -0.909803	 -0.731882	 -0.00073871	 -0.889574	 2.43307	 2.43295	 2.433	 2.4327	 2.43286	 
25.37	 -0.781	 0	 -0.99	 -0.771363	 1.66541e-005	 -0.969916	 -0.761325	 -0.000284513	 -0.950032	 -0.751196	 -0.000651642	 -0.930195	 -0.741445	 -0.000714546	 -0.910169	 -0.731868	 -0.000647294	 -0.890058	 2.42003	 2.41991	 2.41996	 2.41965	 2.41981	 
25.38	 -0.781	 0	 -0.99	 -0.771299	 9.66311e-005	 -0.970054	 -0.761328	 -0.000263717	 -0.950245	 -0.751297	 -0.00072099	 -0.930469	 -0.741523	 -0.000741892	 -0.91056	 -0.73187	 -0.000572213	 -0.890593	 2.4054	 2.40528	 2.40533	 2.40501	 2.40518	 
25.39	 -0.781	 0	 -0.99	 -0.771219	 0.000143419	 -0.970212	 -0.761339	 -0.000251093	 -0.950478	 -0.75144	 -0.000761814	 -0.930756	 -0.741638	 -0.000759271	 -0.91098	 -0.731883	 -0.000528732	 -0.891182	 2.38917	 2.38904	 2.3891	 2.38878	 2.38895	 
25.4	 -0.781	 0	 -0.99	 -0.771141	 0.000146149	 -0.970382	 -0.761371	 -0.000250178	 -0.950724	 -0.751618	 -0.000764722	 -0.93106	 -0.741779	 -0.000762001	 -0.911434	 -0.731909	 -0.000526993	 -0.891824	 2.37134	 2.37121	 2.37127	 2.37094	 2.37111	 
25.41	 -0.781	 0	 -0.99	 -0.771069	 9.94085e-005	 -0.970561	 -0.761412	 -0.000260604	 -0.950989	 -0.751812	 -0.000722591	 -0.931391	 -0.74195	 -0.000746462	 -0.91192	 -0.731976	 -0.000570118	 -0.892506	 2.35193	 2.35179	 2.35184	 2.35152	 2.35169	 
25.42	 -0.781	 0	 -0.99	 -0.771023	 5.60633e-006	 -0.97074	 -0.761467	 -0.000281763	 -0.951271	 -0.752003	 -0.00063539	 -0.931758	 -0.742139	 -0.000709911	 -0.912442	 -0.732099	 -0.000653942	 -0.893217	 2.33096	 2.33081	 2.33086	 2.33054	 2.33071	 
25.43	 -0.781	 0	 -0.99	 -0.771029	 -0.000123837	 -0.970904	 -0.761548	 -0.000310345	 -0.951562	 -0.752174	 -0.000513621	 -0.932167	 -0.742334	 -0.000657519	 -0.913006	 -0.732284	 -0.000768586	 -0.893953	 2.30847	 2.30832	 2.30837	 2.30805	 2.30822	 
25.44	 -0.781	 0	 -0.99	 -0.771095	 -0.000266565	 -0.971049	 -0.761652	 -0.000342676	 -0.951862	 -0.752313	 -0.000380083	 -0.932625	 -0.742532	 -0.000600311	 -0.913611	 -0.732551	 -0.000897534	 -0.894702	 2.28452	 2.28437	 2.28442	 2.28409	 2.28427	 
25.45	 -0.781	 0	 -0.99	 -0.771226	 -0.000393437	 -0.971171	 -0.761781	 -0.000373541	 -0.952171	 -0.752413	 -0.000264674	 -0.933134	 -0.742731	 -0.000550215	 -0.914259	 -0.732904	 -0.00101101	 -0.89546	 2.25914	 2.25899	 2.25904	 2.25871	 2.25889	 
25.46	 -0.781	 0	 -0.99	 -0.771413	 -0.000468618	 -0.971274	 -0.761934	 -0.000393334	 -0.952489	 -0.752484	 -0.000197816	 -0.93369	 -0.742933	 -0.000519506	 -0.914946	 -0.733331	 -0.00107632	 -0.896232	 2.23237	 2.23222	 2.23227	 2.23193	 2.23211	 
25.47	 -0.781	 0	 -0.99	 -0.771631	 -0.000461522	 -0.971371	 -0.762107	 -0.000392467	 -0.952816	 -0.752553	 -0.000203792	 -0.934278	 -0.743147	 -0.000519117	 -0.915668	 -0.733804	 -0.00106763	 -0.89703	 2.20424	 2.20408	 2.20414	 2.20379	 2.20397	 
25.48	 -0.781	 0	 -0.99	 -0.771838	 -0.000362478	 -0.971482	 -0.762291	 -0.000368326	 -0.953157	 -0.752658	 -0.000291883	 -0.934876	 -0.74339	 -0.000553476	 -0.916413	 -0.734287	 -0.000975083	 -0.897869	 2.17482	 2.17467	 2.17473	 2.17437	 2.17454	 
25.49	 -0.781	 0	 -0.99	 -0.771983	 -0.000190833	 -0.971632	 -0.762469	 -0.000326449	 -0.953517	 -0.752842	 -0.00044614	 -0.935461	 -0.743683	 -0.000617299	 -0.917167	 -0.734743	 -0.000818475	 -0.898763	 2.14426	 2.14411	 2.14418	 2.14381	 2.14399	 
25.5	 -0.781	 0	 -0.99	 -0.77203	 1.0117e-006	 -0.971839	 -0.76263	 -0.000278403	 -0.953899	 -0.753133	 -0.000618579	 -0.936012	 -0.744043	 -0.000691649	 -0.917914	 -0.735145	 -0.000645777	 -0.899719	 2.11276	 2.11261	 2.11269	 2.11233	 2.11252	 
25.51	 -0.781	 0	 -0.99	 -0.771983	 0.000138715	 -0.972099	 -0.762779	 -0.000241739	 -0.954298	 -0.753533	 -0.000739064	 -0.936522	 -0.744465	 -0.000743921	 -0.918649	 -0.735486	 -0.000521166	 -0.900731	 2.08058	 2.08044	 2.08053	 2.08018	 2.08037	 
25.52	 -0.781	 0	 -0.99	 -0.77189	 0.000152582	 -0.972388	 -0.762928	 -0.000233277	 -0.954704	 -0.753997	 -0.000742971	 -0.937007	 -0.744927	 -0.000742941	 -0.919376	 -0.735798	 -0.000502093	 -0.901776	 2.04797	 2.04783	 2.04794	 2.0476	 2.04778	 
25.53	 -0.781	 0	 -0.99	 -0.771831	 1.83638e-005	 -0.972662	 -0.763088	 -0.000259796	 -0.955108	 -0.754442	 -0.000608702	 -0.937507	 -0.745393	 -0.000677326	 -0.920108	 -0.736159	 -0.000608647	 -0.902806	 2.0151	 2.01497	 2.01508	 2.01474	 2.01493	 
25.54	 -0.781	 0	 -0.99	 -0.771893	 -0.000211472	 -0.972877	 -0.763278	 -0.000310494	 -0.9555	 -0.75478	 -0.000386471	 -0.938065	 -0.745822	 -0.000569784	 -0.920866	 -0.736644	 -0.000798237	 -0.903781	 1.98202	 1.98189	 1.982	 1.98166	 1.98185	 
25.55	 -0.781	 0	 -0.99	 -0.772118	 -0.000415243	 -0.97301	 -0.763513	 -0.000357617	 -0.955874	 -0.754979	 -0.000192506	 -0.938703	 -0.746192	 -0.000475364	 -0.921664	 -0.73728	 -0.000967647	 -0.904693	 1.94861	 1.94846	 1.94857	 1.94822	 1.94842	 
25.56	 -0.781	 0	 -0.99	 -0.772454	 -0.000458599	 -0.97309	 -0.763784	 -0.000369458	 -0.956238	 -0.755094	 -0.000152351	 -0.939397	 -0.746527	 -0.00045298	 -0.922497	 -0.738016	 -0.0010022	 -0.905573	 1.91462	 1.91447	 1.91457	 1.91421	 1.91442	 
25.57	 -0.781	 0	 -0.99	 -0.772753	 -0.000289373	 -0.973193	 -0.764056	 -0.00033119	 -0.956613	 -0.755259	 -0.00031215	 -0.940086	 -0.746894	 -0.000526147	 -0.923339	 -0.738735	 -0.000857379	 -0.906492	 1.87979	 1.87964	 1.87973	 1.87936	 1.87957	 
25.58	 -0.781	 0	 -0.99	 -0.772871	 -7.16606e-006	 -0.973395	 -0.764293	 -0.000263531	 -0.957021	 -0.755612	 -0.000575464	 -0.940701	 -0.747359	 -0.000650893	 -0.924161	 -0.739317	 -0.000617215	 -0.907516	 1.84397	 1.84381	 1.8439	 1.84351	 1.84372	 
25.59	 -0.781	 0	 -0.99	 -0.772785	 0.000171055	 -0.973709	 -0.76449	 -0.000217556	 -0.957464	 -0.756176	 -0.00073725	 -0.941232	 -0.747938	 -0.000728194	 -0.924955	 -0.739743	 -0.000464035	 -0.908658	 1.80714	 1.80697	 1.80706	 1.80667	 1.80687	 
25.6	 -0.781	 0	 -0.99	 -0.772654	 7.2851e-005	 -0.974054	 -0.764682	 -0.000236079	 -0.957922	 -0.756797	 -0.00063735	 -0.941749	 -0.748556	 -0.000678912	 -0.925752	 -0.740147	 -0.000541574	 -0.909841	 1.7695	 1.76934	 1.76944	 1.76905	 1.76926	 
25.61	 -0.781	 0	 -0.99	 -0.772722	 -0.000239646	 -0.974303	 -0.764923	 -0.000307469	 -0.958361	 -0.757237	 -0.000337466	 -0.942364	 -0.749095	 -0.000530325	 -0.926598	 -0.74073	 -0.000797319	 -0.910949	 1.73147	 1.73133	 1.73145	 1.73106	 1.73127	 
25.62	 -0.781	 0	 -0.99	 -0.773075	 -0.000460287	 -0.974406	 -0.765232	 -0.000360013	 -0.958765	 -0.75741	 -0.000126547	 -0.943113	 -0.749507	 -0.000421775	 -0.927507	 -0.74156	 -0.000975618	 -0.911928	 1.69354	 1.69341	 1.69355	 1.69318	 1.6934	 
25.63	 -0.781	 0	 -0.99	 -0.773488	 -0.00032471	 -0.974472	 -0.765555	 -0.000328146	 -0.959152	 -0.757523	 -0.000252043	 -0.943883	 -0.749886	 -0.000478009	 -0.928417	 -0.74244	 -0.000857601	 -0.912859	 1.65618	 1.65603	 1.65618	 1.65583	 1.65608	 
25.64	 -0.781	 0	 -0.99	 -0.773614	 3.90896e-005	 -0.974674	 -0.765808	 -0.00023985	 -0.959562	 -0.757901	 -0.00059275	 -0.944502	 -0.75039	 -0.000645065	 -0.92924	 -0.743078	 -0.000553009	 -0.913879	 1.61969	 1.61953	 1.61969	 1.61936	 1.61961	 
25.65	 -0.781	 0	 -0.99	 -0.773423	 0.00017195	 -0.97503	 -0.765981	 -0.000206123	 -0.959997	 -0.758573	 -0.000717381	 -0.94495	 -0.751038	 -0.000710345	 -0.929959	 -0.743447	 -0.000444295	 -0.914998	 1.5842	 1.58407	 1.58424	 1.58391	 1.58415	 
25.66	 -0.781	 0	 -0.99	 -0.773333	 -0.000136386	 -0.975331	 -0.766176	 -0.000280398	 -0.960406	 -0.759145	 -0.000428516	 -0.945421	 -0.751637	 -0.000569711	 -0.930672	 -0.743893	 -0.000702221	 -0.916043	 1.54976	 1.54964	 1.54983	 1.54948	 1.54972	 
25.67	 -0.781	 0	 -0.99	 -0.773679	 -0.000456952	 -0.975407	 -0.766478	 -0.00035952	 -0.960749	 -0.759309	 -0.000127837	 -0.946075	 -0.752028	 -0.000417555	 -0.93146	 -0.744688	 -0.000967164	 -0.91688	 1.5163	 1.51618	 1.51637	 1.51603	 1.51628	 
25.68	 -0.781	 0	 -0.99	 -0.774138	 -0.000274337	 -0.975417	 -0.766808	 -0.000315993	 -0.961063	 -0.759362	 -0.000298507	 -0.946767	 -0.752353	 -0.000498968	 -0.932256	 -0.745563	 -0.000813712	 -0.91764	 1.48376	 1.48361	 1.48379	 1.48345	 1.48371	 
25.69	 -0.781	 0	 -0.99	 -0.774143	 0.000137271	 -0.975644	 -0.76702	 -0.000213402	 -0.961423	 -0.759826	 -0.000681893	 -0.947239	 -0.752876	 -0.000691309	 -0.93293	 -0.746055	 -0.000471783	 -0.918558	 1.45206	 1.4519	 1.45206	 1.45173	 1.452	 
25.7	 -0.781	 0	 -0.99	 -0.773868	 5.23151e-005	 -0.976005	 -0.767151	 -0.000229459	 -0.961811	 -0.760533	 -0.000595368	 -0.94757	 -0.753521	 -0.000648185	 -0.933517	 -0.746314	 -0.000538333	 -0.919562	 1.42117	 1.42105	 1.42123	 1.42088	 1.42114	 
25.71	 -0.781	 0	 -0.99	 -0.774038	 -0.00039532	 -0.976146	 -0.767385	 -0.000336294	 -0.962136	 -0.76081	 -0.000167326	 -0.948089	 -0.753946	 -0.000426092	 -0.934184	 -0.746933	 -0.000899004	 -0.920358	 1.39123	 1.39113	 1.39132	 1.39097	 1.39124	 
25.72	 -0.781	 0	 -0.99	 -0.774562	 -0.000327396	 -0.976102	 -0.767708	 -0.000318978	 -0.962401	 -0.760754	 -0.000225797	 -0.94875	 -0.75419	 -0.000447747	 -0.93491	 -0.747826	 -0.000834246	 -0.920979	 1.36238	 1.36224	 1.36243	 1.3621	 1.36239	 
25.73	 -0.781	 0	 -0.99	 -0.77459	 0.00014266	 -0.976286	 -0.76791	 -0.000200221	 -0.962707	 -0.761161	 -0.000662249	 -0.949164	 -0.754661	 -0.000668596	 -0.935494	 -0.748295	 -0.000444444	 -0.921761	 1.33472	 1.33457	 1.33475	 1.33443	 1.33472	 
25.74	 -0.781	 0	 -0.99	 -0.774275	 5.3455e-006	 -0.976631	 -0.768015	 -0.000230804	 -0.963041	 -0.761869	 -0.000529712	 -0.9494	 -0.755281	 -0.000603205	 -0.935964	 -0.748471	 -0.000556473	 -0.922639	 1.30832	 1.30821	 1.30842	 1.30809	 1.30838	 
25.75	 -0.781	 0	 -0.99	 -0.774559	 -0.000448196	 -0.976681	 -0.768253	 -0.000345608	 -0.963292	 -0.761983	 -0.000106382	 -0.949886	 -0.755587	 -0.000383966	 -0.936543	 -0.749125	 -0.000926066	 -0.923238	 1.2834	 1.2833	 1.28352	 1.28319	 1.28348	 
25.76	 -0.781	 0	 -0.99	 -0.775022	 -0.000154081	 -0.976629	 -0.768531	 -0.000276032	 -0.963499	 -0.761915	 -0.000386556	 -0.950431	 -0.755782	 -0.000526023	 -0.937131	 -0.749901	 -0.000685709	 -0.923716	 1.26009	 1.25996	 1.26017	 1.25987	 1.26019	 
25.77	 -0.781	 0	 -0.99	 -0.774762	 0.000184177	 -0.976905	 -0.768629	 -0.000190983	 -0.963766	 -0.762521	 -0.000706408	 -0.950618	 -0.756313	 -0.00069721	 -0.937509	 -0.750062	 -0.000415938	 -0.924422	 1.23852	 1.2384	 1.23861	 1.23831	 1.23862	 
25.78	 -0.781	 0	 -0.99	 -0.774651	 -0.000290929	 -0.977105	 -0.768753	 -0.000310552	 -0.963995	 -0.762968	 -0.000265147	 -0.950833	 -0.756757	 -0.000474434	 -0.93787	 -0.750325	 -0.000810592	 -0.925016	 1.21883	 1.21876	 1.219	 1.2187	 1.219	 
25.79	 -0.781	 0	 -0.99	 -0.775204	 -0.000358307	 -0.976975	 -0.769026	 -0.000331081	 -0.964122	 -0.762755	 -0.000205456	 -0.951313	 -0.756841	 -0.000441155	 -0.93834	 -0.751108	 -0.000867543	 -0.925288	 1.20131	 1.2012	 1.20143	 1.20115	 1.20148	 
25.8	 -0.781	 0	 -0.99	 -0.775164	 0.000165292	 -0.977099	 -0.769142	 -0.000199302	 -0.96429	 -0.763073	 -0.000696022	 -0.951505	 -0.75718	 -0.00069682	 -0.938631	 -0.751384	 -0.000442108	 -0.925712	 1.18596	 1.18584	 1.18607	 1.18581	 1.18614	 
25.81	 -0.781	 0	 -0.99	 -0.774831	 -0.000141673	 -0.977352	 -0.769178	 -0.000273486	 -0.964465	 -0.763657	 -0.000405484	 -0.95152	 -0.757653	 -0.000547536	 -0.938794	 -0.751399	 -0.000690005	 -0.926186	 1.17272	 1.17264	 1.17289	 1.17261	 1.17292	 
25.82	 -0.781	 0	 -0.99	 -0.775317	 -0.000429755	 -0.977213	 -0.769413	 -0.000345374	 -0.964521	 -0.763456	 -0.000130123	 -0.951853	 -0.757705	 -0.000396224	 -0.939093	 -0.752057	 -0.000915038	 -0.926292	 1.16152	 1.16143	 1.16167	 1.1614	 1.16173	 
25.83	 -0.781	 0	 -0.99	 -0.775434	 0.00011534	 -0.977223	 -0.769542	 -0.000206241	 -0.964597	 -0.763568	 -0.000635794	 -0.952011	 -0.757898	 -0.000655217	 -0.93928	 -0.752392	 -0.000464201	 -0.926477	 1.15212	 1.15199	 1.1522	 1.15195	 1.15228	 
25.84	 -0.781	 0	 -0.99	 -0.775012	 -5.90025e-005	 -0.977472	 -0.769525	 -0.000246437	 -0.964719	 -0.764167	 -0.00046884	 -0.95191	 -0.758339	 -0.000570724	 -0.939308	 -0.75227	 -0.000604675	 -0.926818	 1.1442	 1.14411	 1.14433	 1.14405	 1.14436	 
25.85	 -0.781	 0	 -0.99	 -0.775423	 -0.000446598	 -0.977338	 -0.769717	 -0.000345055	 -0.964727	 -0.763981	 -0.000104931	 -0.95213	 -0.758363	 -0.000378122	 -0.939483	 -0.752803	 -0.00091997	 -0.926816	 1.13771	 1.13762	 1.13784	 1.13756	 1.13789	 
25.86	 -0.781	 0	 -0.99	 -0.775613	 8.18467e-005	 -0.977285	 -0.769845	 -0.000214386	 -0.964742	 -0.763977	 -0.000604472	 -0.952247	 -0.758461	 -0.00064086	 -0.939588	 -0.753134	 -0.000496241	 -0.926847	 1.13267	 1.13253	 1.13273	 1.13248	 1.13281	 
25.87	 -0.781	 0	 -0.99	 -0.775152	 -2.7824e-005	 -0.977516	 -0.769788	 -0.000243252	 -0.964819	 -0.764547	 -0.00050877	 -0.95207	 -0.758851	 -0.000599788	 -0.939517	 -0.75292	 -0.000595005	 -0.92707	 1.12908	 1.12899	 1.12922	 1.12895	 1.12927	 
25.88	 -0.781	 0	 -0.99	 -0.775509	 -0.000454907	 -0.977376	 -0.769932	 -0.000356069	 -0.964783	 -0.764338	 -0.000116813	 -0.952197	 -0.758824	 -0.000396017	 -0.939579	 -0.75335	 -0.000946914	 -0.92695	 1.12724	 1.12716	 1.12739	 1.12714	 1.12748	 
25.89	 -0.781	 0	 -0.99	 -0.775721	 5.89054e-005	 -0.977277	 -0.770041	 -0.000229429	 -0.964732	 -0.764257	 -0.000602878	 -0.952235	 -0.758846	 -0.00065102	 -0.939569	 -0.753634	 -0.000533206	 -0.926817	 1.12736	 1.12725	 1.12747	 1.12724	 1.12758	 
25.9	 -0.781	 0	 -0.99	 -0.775244	 -1.36273e-005	 -0.97747	 -0.769958	 -0.000245723	 -0.964738	 -0.76479	 -0.000535565	 -0.951956	 -0.759179	 -0.000621474	 -0.939362	 -0.75334	 -0.000596445	 -0.926868	 1.12948	 1.12941	 1.12965	 1.12942	 1.12976	 
25.91	 -0.781	 0	 -0.99	 -0.775554	 -0.000457377	 -0.97731	 -0.770059	 -0.000359798	 -0.964634	 -0.764555	 -0.000122168	 -0.951961	 -0.759098	 -0.000404085	 -0.939271	 -0.753663	 -0.000957295	 -0.926578	 1.13378	 1.13371	 1.13395	 1.13373	 1.13408	 
25.92	 -0.781	 0	 -0.99	 -0.775782	 3.16307e-005	 -0.97716	 -0.770138	 -0.000238078	 -0.964505	 -0.764386	 -0.000581686	 -0.951899	 -0.759033	 -0.000642985	 -0.939116	 -0.753891	 -0.000560803	 -0.926244	 1.14027	 1.14018	 1.1404	 1.14021	 1.14056	 
25.93	 -0.781	 0	 -0.99	 -0.775294	 2.09459e-005	 -0.977307	 -0.770026	 -0.000239492	 -0.964429	 -0.764867	 -0.000573514	 -0.951507	 -0.759296	 -0.000644274	 -0.938755	 -0.753512	 -0.000573629	 -0.926095	 1.14892	 1.14886	 1.1491	 1.1489	 1.14924	 
25.94	 -0.781	 0	 -0.99	 -0.775515	 -0.000456759	 -0.97714	 -0.770074	 -0.000363284	 -0.964254	 -0.764648	 -0.000131062	 -0.951362	 -0.75918	 -0.000413663	 -0.93849	 -0.753688	 -0.000963628	 -0.925635	 1.15981	 1.15976	 1.16	 1.1598	 1.16015	 
25.95	 -0.781	 0	 -0.99	 -0.775806	 -4.29859e-005	 -0.976919	 -0.770133	 -0.000261728	 -0.964041	 -0.764342	 -0.000521359	 -0.951214	 -0.759	 -0.000615148	 -0.938194	 -0.753893	 -0.000627778	 -0.925076	 1.17296	 1.17288	 1.17311	 1.17293	 1.17329	 
25.96	 -0.781	 0	 -0.99	 -0.775333	 9.53256e-005	 -0.977007	 -0.769997	 -0.000225097	 -0.963879	 -0.764742	 -0.000651177	 -0.95072	 -0.759176	 -0.00068784	 -0.937683	 -0.753453	 -0.000519407	 -0.924714	 1.18825	 1.18818	 1.18842	 1.18824	 1.18858	 
25.97	 -0.781	 0	 -0.99	 -0.775367	 -0.000415767	 -0.976875	 -0.769976	 -0.000353984	 -0.963643	 -0.764646	 -0.000173967	 -0.950385	 -0.759087	 -0.000441933	 -0.937225	 -0.753405	 -0.000939512	 -0.924121	 1.20554	 1.20549	 1.20573	 1.20554	 1.20588	 
25.98	 -0.781	 0	 -0.99	 -0.775764	 -0.000204844	 -0.976572	 -0.770034	 -0.000304622	 -0.963347	 -0.764181	 -0.000375941	 -0.950174	 -0.758788	 -0.000545938	 -0.936808	 -0.753634	 -0.000771603	 -0.923346	 1.22459	 1.2245	 1.22472	 1.22454	 1.22489	 
25.99	 -0.781	 0	 -0.99	 -0.775429	 0.000163314	 -0.976562	 -0.769901	 -0.000214872	 -0.963111	 -0.764381	 -0.000728939	 -0.949659	 -0.758821	 -0.000735722	 -0.936216	 -0.753246	 -0.000480056	 -0.922779	 1.24497	 1.24489	 1.24509	 1.24491	 1.24524	 
26	 -0.781	 0	 -0.99	 -0.775151	 -0.000242879	 -0.976528	 -0.769776	 -0.000318971	 -0.962859	 -0.76452	 -0.00035628	 -0.949143	 -0.758818	 -0.000550776	 -0.935608	 -0.752887	 -0.000821187	 -0.922171	 1.2663	 1.26624	 1.26643	 1.26623	 1.26656	 
26.01	 -0.781	 0	 -0.99	 -0.775527	 -0.000419929	 -0.97622	 -0.769809	 -0.000367789	 -0.962533	 -0.764033	 -0.000196895	 -0.948871	 -0.758482	 -0.000468976	 -0.935119	 -0.753044	 -0.000971195	 -0.921326	 1.28833	 1.28825	 1.28843	 1.28823	 1.28855	 
26.02	 -0.781	 0	 -0.99	 -0.775574	 3.51727e-005	 -0.976036	 -0.769754	 -0.000257567	 -0.962235	 -0.763834	 -0.000629224	 -0.948477	 -0.75828	 -0.000692746	 -0.934564	 -0.752919	 -0.000602587	 -0.920573	 1.31086	 1.31075	 1.31092	 1.31072	 1.31104	 
26.03	 -0.781	 0	 -0.99	 -0.77511	 6.95048e-005	 -0.976061	 -0.769564	 -0.000248608	 -0.961985	 -0.764102	 -0.000664502	 -0.947878	 -0.758314	 -0.00071665	 -0.933897	 -0.752367	 -0.000579152	 -0.919981	 1.33383	 1.33375	 1.33392	 1.33372	 1.33403	 
26.04	 -0.781	 0	 -0.99	 -0.775073	 -0.000377939	 -0.975913	 -0.769477	 -0.000361124	 -0.961687	 -0.763966	 -0.000248965	 -0.947427	 -0.758141	 -0.000507867	 -0.933295	 -0.752155	 -0.000952167	 -0.919233	 1.35742	 1.35735	 1.35753	 1.35733	 1.35765	 
26.05	 -0.781	 0	 -0.99	 -0.775432	 -0.000356317	 -0.975594	 -0.769488	 -0.000361995	 -0.961336	 -0.763452	 -0.000279476	 -0.947115	 -0.757765	 -0.000526387	 -0.932754	 -0.752253	 -0.000944641	 -0.918327	 1.38185	 1.38177	 1.38195	 1.38177	 1.38208	 
26.06	 -0.781	 0	 -0.99	 -0.775359	 6.51459e-005	 -0.975439	 -0.769386	 -0.000264664	 -0.961014	 -0.763327	 -0.000689834	 -0.946627	 -0.757574	 -0.000744502	 -0.93211	 -0.751981	 -0.000614776	 -0.917529	 1.40732	 1.40724	 1.40741	 1.40725	 1.40756	 
26.07	 -0.781	 0	 -0.99	 -0.77492	 5.41542e-005	 -0.975427	 -0.769181	 -0.000272739	 -0.960719	 -0.763523	 -0.000695516	 -0.945982	 -0.757537	 -0.000761351	 -0.93137	 -0.751392	 -0.000642882	 -0.916822	 1.43394	 1.43388	 1.43407	 1.43391	 1.43423	 
26.08	 -0.781	 0	 -0.99	 -0.774833	 -0.000352561	 -0.975268	 -0.769051	 -0.000378921	 -0.960378	 -0.763363	 -0.000328298	 -0.94545	 -0.757312	 -0.000585526	 -0.930669	 -0.751077	 -0.000993296	 -0.915965	 1.46177	 1.46171	 1.4619	 1.46175	 1.46207	 
26.09	 -0.781	 0	 -0.99	 -0.775124	 -0.00043266	 -0.974948	 -0.769007	 -0.00040467	 -0.959986	 -0.762834	 -0.000263413	 -0.945047	 -0.756889	 -0.000555711	 -0.930019	 -0.751054	 -0.00106827	 -0.914951	 1.49067	 1.49061	 1.49079	 1.49064	 1.49096	 
26.1	 -0.781	 0	 -0.99	 -0.775184	 -7.9406e-005	 -0.974709	 -0.768905	 -0.000321358	 -0.959605	 -0.762514	 -0.000600249	 -0.944547	 -0.756559	 -0.000726316	 -0.92931	 -0.750825	 -0.000780779	 -0.913986	 1.52042	 1.52035	 1.52052	 1.52037	 1.52068	 
26.11	 -0.781	 0	 -0.99	 -0.774831	 0.000127117	 -0.974633	 -0.768698	 -0.000270893	 -0.959257	 -0.762572	 -0.000796479	 -0.94388	 -0.756412	 -0.000827957	 -0.92851	 -0.75024	 -0.000612401	 -0.913143	 1.55077	 1.5507	 1.55086	 1.5507	 1.55101	 
26.12	 -0.781	 0	 -0.99	 -0.774508	 -0.000105609	 -0.974547	 -0.768491	 -0.000326347	 -0.958904	 -0.76259	 -0.000577647	 -0.943217	 -0.75624	 -0.000721224	 -0.927705	 -0.749669	 -0.000806155	 -0.912283	 1.58156	 1.58149	 1.58164	 1.58149	 1.58179	 
26.13	 -0.781	 0	 -0.99	 -0.774556	 -0.000424073	 -0.97431	 -0.768366	 -0.000402663	 -0.958512	 -0.762242	 -0.000275697	 -0.942689	 -0.755879	 -0.000569457	 -0.926963	 -0.749393	 -0.00106897	 -0.911291	 1.61277	 1.6127	 1.61286	 1.6127	 1.613	 
26.14	 -0.781	 0	 -0.99	 -0.774784	 -0.000409555	 -0.973993	 -0.76828	 -0.000398707	 -0.958097	 -0.76171	 -0.000286292	 -0.942227	 -0.755417	 -0.000570736	 -0.926249	 -0.749255	 -0.00105396	 -0.910221	 1.64451	 1.64444	 1.64459	 1.64445	 1.64475	 
26.15	 -0.781	 0	 -0.99	 -0.774805	 -0.000106869	 -0.973753	 -0.768139	 -0.000326209	 -0.957694	 -0.761363	 -0.000570423	 -0.94168	 -0.755036	 -0.00070917	 -0.925484	 -0.748929	 -0.000800777	 -0.909201	 1.67688	 1.67683	 1.67698	 1.67684	 1.67714	 
26.16	 -0.781	 0	 -0.99	 -0.774519	 0.000116291	 -0.97363	 -0.767922	 -0.000274099	 -0.957311	 -0.761298	 -0.000784453	 -0.941006	 -0.754786	 -0.00081752	 -0.924648	 -0.748334	 -0.000618276	 -0.908265	 1.70997	 1.70992	 1.71008	 1.70994	 1.71023	 
26.17	 -0.781	 0	 -0.99	 -0.774167	 3.09054e-005	 -0.973533	 -0.767686	 -0.000297424	 -0.956929	 -0.761287	 -0.000713081	 -0.940293	 -0.754556	 -0.000790317	 -0.923785	 -0.747668	 -0.000698775	 -0.90734	 1.74366	 1.7436	 1.74376	 1.74362	 1.74392	 
26.18	 -0.781	 0	 -0.99	 -0.774014	 -0.00025148	 -0.973357	 -0.767492	 -0.000369201	 -0.956525	 -0.761079	 -0.000458364	 -0.939651	 -0.754223	 -0.000674784	 -0.922953	 -0.747153	 -0.000947533	 -0.906344	 1.77766	 1.77759	 1.77773	 1.7776	 1.77789	 
26.19	 -0.781	 0	 -0.99	 -0.774097	 -0.000456942	 -0.973085	 -0.767348	 -0.000422446	 -0.956103	 -0.760633	 -0.00027379	 -0.939107	 -0.753768	 -0.00059052	 -0.922174	 -0.746828	 -0.00113047	 -0.905276	 1.81156	 1.81149	 1.81162	 1.81147	 1.81175	 
26.2	 -0.781	 0	 -0.99	 -0.774244	 -0.000422765	 -0.972789	 -0.767212	 -0.000417104	 -0.955684	 -0.760114	 -0.000310444	 -0.938606	 -0.753274	 -0.000609463	 -0.921426	 -0.746555	 -0.00110644	 -0.904202	 1.84497	 1.84489	 1.845	 1.84484	 1.84511	 
26.21	 -0.781	 0	 -0.99	 -0.774262	 -0.000201352	 -0.972548	 -0.767043	 -0.000366225	 -0.955289	 -0.759713	 -0.000520219	 -0.938076	 -0.752835	 -0.000709035	 -0.92068	 -0.746173	 -0.000919546	 -0.903197	 1.87758	 1.8775	 1.8776	 1.87742	 1.87769	 
26.22	 -0.781	 0	 -0.99	 -0.774085	 2.8203e-005	 -0.972392	 -0.766832	 -0.000313135	 -0.954923	 -0.7595	 -0.000737983	 -0.93749	 -0.752484	 -0.000812898	 -0.919923	 -0.745621	 -0.000724942	 -0.902293	 1.90931	 1.90922	 1.90932	 1.90914	 1.9094	 
26.23	 -0.781	 0	 -0.99	 -0.77379	 0.000112641	 -0.972291	 -0.766599	 -0.000293864	 -0.954579	 -0.759405	 -0.000820514	 -0.93687	 -0.752184	 -0.000855252	 -0.919166	 -0.744957	 -0.000655851	 -0.901464	 1.94025	 1.94016	 1.94027	 1.94009	 1.94035	 
26.24	 -0.781	 0	 -0.99	 -0.773507	 1.56362e-005	 -0.972191	 -0.766363	 -0.000317002	 -0.954243	 -0.759292	 -0.00073174	 -0.936267	 -0.751874	 -0.000816926	 -0.918428	 -0.7443	 -0.000741567	 -0.900653	 1.97063	 1.97056	 1.97066	 1.97051	 1.97077	 
26.25	 -0.781	 0	 -0.99	 -0.773333	 -0.000189489	 -0.972051	 -0.766141	 -0.000365116	 -0.953907	 -0.759054	 -0.000539695	 -0.935721	 -0.751507	 -0.000727005	 -0.917721	 -0.743746	 -0.000914819	 -0.899812	 2.00073	 2.00066	 2.00077	 2.00062	 2.00088	 
26.26	 -0.781	 0	 -0.99	 -0.773298	 -0.000383731	 -0.971855	 -0.765945	 -0.000410235	 -0.953562	 -0.758674	 -0.000356394	 -0.935235	 -0.751071	 -0.000639573	 -0.917047	 -0.743309	 -0.00107761	 -0.898927	 2.03071	 2.03062	 2.03074	 2.0306	 2.03085	 
26.27	 -0.781	 0	 -0.99	 -0.773358	 -0.000474095	 -0.971619	 -0.765773	 -0.000431477	 -0.953208	 -0.758206	 -0.000271116	 -0.93479	 -0.750588	 -0.000600449	 -0.916396	 -0.742939	 -0.00115853	 -0.898019	 2.06055	 2.06047	 2.06059	 2.06045	 2.0607	 
26.28	 -0.781	 0	 -0.99	 -0.773427	 -0.000434915	 -0.971379	 -0.765605	 -0.00042531	 -0.952856	 -0.757731	 -0.000313715	 -0.934355	 -0.750096	 -0.000624144	 -0.915758	 -0.742568	 -0.00113361	 -0.897119	 2.09014	 2.09007	 2.09017	 2.09002	 2.09028	 
26.29	 -0.781	 0	 -0.99	 -0.773434	 -0.000297979	 -0.971167	 -0.765423	 -0.00039904	 -0.952517	 -0.757314	 -0.00045274	 -0.933909	 -0.749627	 -0.000692657	 -0.915124	 -0.742134	 -0.00102464	 -0.896262	 2.11924	 2.11917	 2.11927	 2.1191	 2.11935	 
26.3	 -0.781	 0	 -0.99	 -0.773344	 -0.000122974	 -0.971	 -0.765218	 -0.000360948	 -0.952198	 -0.756986	 -0.000622279	 -0.933441	 -0.749197	 -0.000774382	 -0.914497	 -0.741615	 -0.000881646	 -0.895466	 2.14761	 2.14754	 2.14763	 2.14745	 2.14768	 
26.31	 -0.781	 0	 -0.99	 -0.773159	 2.56573e-005	 -0.97088	 -0.764987	 -0.000325475	 -0.951903	 -0.756741	 -0.000760223	 -0.932959	 -0.74881	 -0.000838374	 -0.913878	 -0.741026	 -0.000755219	 -0.894734	 2.17504	 2.17496	 2.17505	 2.17486	 2.17509	 
26.32	 -0.781	 0	 -0.99	 -0.772924	 0.000101735	 -0.97079	 -0.764751	 -0.000307387	 -0.951626	 -0.756554	 -0.000829732	 -0.932474	 -0.748449	 -0.000866823	 -0.913278	 -0.740389	 -0.000682659	 -0.894061	 2.2014	 2.20132	 2.20141	 2.20122	 2.20145	 
26.33	 -0.781	 0	 -0.99	 -0.772687	 9.3335e-005	 -0.97071	 -0.764523	 -0.000307981	 -0.951362	 -0.756383	 -0.000819776	 -0.932005	 -0.748091	 -0.00086034	 -0.912707	 -0.73974	 -0.000684159	 -0.893435	 2.22667	 2.22659	 2.22666	 2.22648	 2.22672	 
26.34	 -0.781	 0	 -0.99	 -0.772467	 1.39121e-005	 -0.970632	 -0.764287	 -0.000323806	 -0.951116	 -0.75618	 -0.000741597	 -0.931571	 -0.74773	 -0.000825108	 -0.912169	 -0.739132	 -0.00075218	 -0.89283	 2.25088	 2.25079	 2.25086	 2.25068	 2.2509	 
26.35	 -0.781	 0	 -0.99	 -0.772291	 -0.000110653	 -0.970543	 -0.764053	 -0.000349757	 -0.950885	 -0.755924	 -0.000620126	 -0.931181	 -0.747354	 -0.000768623	 -0.911665	 -0.738582	 -0.000856148	 -0.892237	 2.2741	 2.27399	 2.27406	 2.27387	 2.2741	 
26.36	 -0.781	 0	 -0.99	 -0.77219	 -0.000245852	 -0.97043	 -0.763851	 -0.00037718	 -0.950654	 -0.755621	 -0.000486304	 -0.930831	 -0.746949	 -0.00070542	 -0.911201	 -0.738072	 -0.00096848	 -0.891661	 2.29638	 2.29627	 2.29633	 2.29616	 2.29639	 
26.37	 -0.781	 0	 -0.99	 -0.772151	 -0.00036338	 -0.970295	 -0.763674	 -0.000401564	 -0.950424	 -0.755278	 -0.000371395	 -0.930519	 -0.746524	 -0.000652558	 -0.910771	 -0.737608	 -0.00106888	 -0.891097	 2.31776	 2.31766	 2.31772	 2.31756	 2.31779	 
26.38	 -0.781	 0	 -0.99	 -0.772141	 -0.00044576	 -0.970153	 -0.763497	 -0.000422626	 -0.950208	 -0.754901	 -0.00029837	 -0.930242	 -0.746098	 -0.000620858	 -0.910369	 -0.737198	 -0.00114138	 -0.890542	 2.33824	 2.33814	 2.33821	 2.33804	 2.33826	 
26.39	 -0.781	 0	 -0.99	 -0.77215	 -0.000480921	 -0.97001	 -0.763326	 -0.000435506	 -0.950003	 -0.75451	 -0.000274498	 -0.929993	 -0.74567	 -0.00061371	 -0.909997	 -0.736813	 -0.00117731	 -0.890012	 2.35772	 2.35762	 2.35768	 2.3575	 2.35772	 
26.4	 -0.781	 0	 -0.99	 -0.772165	 -0.000466584	 -0.969871	 -0.763164	 -0.00043559	 -0.949811	 -0.754128	 -0.000294508	 -0.929767	 -0.745246	 -0.000626005	 -0.909658	 -0.73643	 -0.00117069	 -0.889523	 2.37606	 2.37596	 2.37602	 2.37582	 2.37603	 
26.41	 -0.781	 0	 -0.99	 -0.772159	 -0.000410019	 -0.96975	 -0.762996	 -0.000424103	 -0.949641	 -0.753766	 -0.000349131	 -0.929561	 -0.744842	 -0.000650166	 -0.909348	 -0.73605	 -0.00112333	 -0.889078	 2.39308	 2.39299	 2.39305	 2.39284	 2.39304	 
26.42	 -0.781	 0	 -0.99	 -0.772125	 -0.000323116	 -0.969652	 -0.762826	 -0.000403695	 -0.949492	 -0.75344	 -0.000429425	 -0.929372	 -0.744465	 -0.000686181	 -0.909069	 -0.735669	 -0.00105072	 -0.888688	 2.40863	 2.40855	 2.4086	 2.40838	 2.40858	 
26.43	 -0.781	 0	 -0.99	 -0.772071	 -0.000222344	 -0.969574	 -0.762667	 -0.000382621	 -0.949363	 -0.753162	 -0.000527096	 -0.929198	 -0.744115	 -0.000731263	 -0.908826	 -0.735269	 -0.000967511	 -0.888366	 2.42255	 2.42246	 2.4225	 2.42227	 2.42246	 
26.44	 -0.781	 0	 -0.99	 -0.771995	 -0.000123103	 -0.96952	 -0.762516	 -0.000365258	 -0.949256	 -0.752932	 -0.000629498	 -0.929042	 -0.743792	 -0.000778449	 -0.908624	 -0.734853	 -0.0008825	 -0.888116	 2.43466	 2.43457	 2.43462	 2.43436	 2.43454	 
26.45	 -0.781	 0	 -0.99	 -0.771882	 -3.13367e-005	 -0.969496	 -0.762355	 -0.000347175	 -0.949182	 -0.752737	 -0.000720684	 -0.928912	 -0.743503	 -0.000821117	 -0.908462	 -0.734446	 -0.000806098	 -0.887932	 2.44486	 2.44477	 2.44481	 2.44455	 2.44472	 
26.46	 -0.781	 0	 -0.99	 -0.771742	 4.29304e-005	 -0.969499	 -0.76219	 -0.00032988	 -0.949138	 -0.752576	 -0.000789726	 -0.928808	 -0.743251	 -0.000851838	 -0.90834	 -0.734053	 -0.000741916	 -0.887813	 2.45311	 2.45301	 2.45304	 2.45279	 2.45297	 
26.47	 -0.781	 0	 -0.99	 -0.771605	 9.20717e-005	 -0.969516	 -0.762048	 -0.000317163	 -0.949112	 -0.752455	 -0.000832961	 -0.928727	 -0.743019	 -0.000870093	 -0.908263	 -0.733658	 -0.000698329	 -0.887766	 2.45945	 2.45935	 2.45939	 2.45913	 2.45931	 
26.48	 -0.781	 0	 -0.99	 -0.771465	 0.000112656	 -0.969548	 -0.761916	 -0.000310251	 -0.949107	 -0.75236	 -0.000849239	 -0.928671	 -0.742814	 -0.000878623	 -0.908226	 -0.733281	 -0.000682944	 -0.887774	 2.46405	 2.46394	 2.46398	 2.46372	 2.46389	 
26.49	 -0.781	 0	 -0.99	 -0.771322	 0.000100786	 -0.969593	 -0.761784	 -0.000312397	 -0.949124	 -0.752276	 -0.00083736	 -0.928644	 -0.742635	 -0.000872664	 -0.908222	 -0.732938	 -0.000690445	 -0.887825	 2.46707	 2.46696	 2.467	 2.46675	 2.46694	 
26.5	 -0.781	 0	 -0.99	 -0.771198	 6.14539e-005	 -0.96964	 -0.761671	 -0.000318783	 -0.949154	 -0.752199	 -0.000795362	 -0.928644	 -0.742461	 -0.000850835	 -0.908256	 -0.732612	 -0.000717746	 -0.887919	 2.46872	 2.4686	 2.46865	 2.46841	 2.4686	 
26.51	 -0.781	 0	 -0.99	 -0.77109	 -4.77569e-007	 -0.969689	 -0.761565	 -0.000327041	 -0.949198	 -0.752118	 -0.000726332	 -0.928673	 -0.742301	 -0.000815407	 -0.908319	 -0.732326	 -0.00076292	 -0.888041	 2.46912	 2.469	 2.46905	 2.46882	 2.46901	 
26.52	 -0.781	 0	 -0.99	 -0.771001	 -8.09844e-005	 -0.969739	 -0.761463	 -0.000339937	 -0.949259	 -0.752028	 -0.000640547	 -0.928732	 -0.742156	 -0.000773087	 -0.908411	 -0.732092	 -0.000825992	 -0.888184	 2.46831	 2.46818	 2.46823	 2.46799	 2.46818	 
26.53	 -0.781	 0	 -0.99	 -0.770952	 -0.000173701	 -0.96978	 -0.76139	 -0.000358153	 -0.949326	 -0.751934	 -0.00054935	 -0.928822	 -0.742016	 -0.000732413	 -0.90854	 -0.731894	 -0.000905132	 -0.888357	 2.46619	 2.46606	 2.46611	 2.46586	 2.46606	 
26.54	 -0.781	 0	 -0.99	 -0.77094	 -0.000270906	 -0.969813	 -0.761339	 -0.000381577	 -0.949402	 -0.751834	 -0.00046084	 -0.928947	 -0.741884	 -0.000693783	 -0.908707	 -0.731739	 -0.000988623	 -0.888563	 2.46264	 2.4625	 2.46254	 2.4623	 2.46249	 
26.55	 -0.781	 0	 -0.99	 -0.770952	 -0.000360634	 -0.969846	 -0.761294	 -0.000403374	 -0.949499	 -0.75172	 -0.000379437	 -0.929113	 -0.741768	 -0.000657773	 -0.908913	 -0.731648	 -0.00106469	 -0.888797	 2.45751	 2.45736	 2.4574	 2.45714	 2.45733	 
26.56	 -0.781	 0	 -0.99	 -0.770991	 -0.000430592	 -0.969878	 -0.761263	 -0.000418283	 -0.949615	 -0.751599	 -0.000311674	 -0.929321	 -0.741668	 -0.000627233	 -0.909161	 -0.731614	 -0.00112574	 -0.889064	 2.45067	 2.45052	 2.45056	 2.45029	 2.45047	 
26.57	 -0.781	 0	 -0.99	 -0.771061	 -0.000475267	 -0.969907	 -0.761257	 -0.000427528	 -0.949744	 -0.751485	 -0.000267716	 -0.929565	 -0.741585	 -0.000606462	 -0.909453	 -0.731624	 -0.00116398	 -0.889375	 2.44209	 2.44194	 2.44197	 2.44169	 2.44187	 
26.58	 -0.781	 0	 -0.99	 -0.771152	 -0.000487052	 -0.969938	 -0.76127	 -0.000430065	 -0.949888	 -0.751383	 -0.000255629	 -0.929842	 -0.741525	 -0.000600588	 -0.909785	 -0.731676	 -0.00117621	 -0.889727	 2.43177	 2.43162	 2.43166	 2.43137	 2.43155	 
26.59	 -0.781	 0	 -0.99	 -0.771244	 -0.000462169	 -0.96998	 -0.761291	 -0.000424233	 -0.950053	 -0.751299	 -0.000277691	 -0.930147	 -0.741494	 -0.000608718	 -0.910151	 -0.731767	 -0.00115374	 -0.890121	 2.41979	 2.41965	 2.4197	 2.4194	 2.41957	 
26.6	 -0.781	 0	 -0.99	 -0.771336	 -0.000400907	 -0.970033	 -0.761327	 -0.000410358	 -0.950234	 -0.751245	 -0.0003321	 -0.930472	 -0.741489	 -0.000625967	 -0.910552	 -0.731874	 -0.00109033	 -0.890564	 2.40625	 2.40612	 2.40617	 2.40586	 2.40602	 
26.61	 -0.781	 0	 -0.99	 -0.771412	 -0.000304942	 -0.970105	 -0.761372	 -0.000385562	 -0.950432	 -0.751232	 -0.00041386	 -0.930811	 -0.741516	 -0.000654357	 -0.91098	 -0.73199	 -0.000995392	 -0.891057	 2.39122	 2.39109	 2.39114	 2.39082	 2.39099	 
26.62	 -0.781	 0	 -0.99	 -0.77145	 -0.000186362	 -0.970206	 -0.761411	 -0.000355353	 -0.950655	 -0.751267	 -0.000517075	 -0.931159	 -0.741589	 -0.00069397	 -0.911429	 -0.73212	 -0.000883698	 -0.891598	 2.37471	 2.37459	 2.37464	 2.37432	 2.37449	 
26.63	 -0.781	 0	 -0.99	 -0.771455	 -6.32654e-005	 -0.970334	 -0.761457	 -0.000326601	 -0.950896	 -0.751363	 -0.000630184	 -0.931509	 -0.741704	 -0.000741574	 -0.911902	 -0.73224	 -0.000772556	 -0.892198	 2.35672	 2.35659	 2.35665	 2.35633	 2.3565	 
26.64	 -0.781	 0	 -0.99	 -0.771431	 4.54139e-005	 -0.970488	 -0.761517	 -0.000301984	 -0.951154	 -0.751524	 -0.000733136	 -0.931861	 -0.741857	 -0.000789149	 -0.912401	 -0.732341	 -0.000680039	 -0.892865	 2.33719	 2.33705	 2.33712	 2.33678	 2.33694	 
26.65	 -0.781	 0	 -0.99	 -0.77137	 0.000117086	 -0.970674	 -0.761576	 -0.000286651	 -0.951436	 -0.75174	 -0.000803113	 -0.932221	 -0.742055	 -0.000822846	 -0.912925	 -0.732447	 -0.000620371	 -0.893591	 2.31604	 2.31591	 2.31596	 2.31562	 2.31578	 
26.66	 -0.781	 0	 -0.99	 -0.771289	 0.000132845	 -0.970883	 -0.761637	 -0.000283352	 -0.951741	 -0.751995	 -0.000820453	 -0.932596	 -0.742294	 -0.000834157	 -0.913476	 -0.732573	 -0.000610314	 -0.894367	 2.29325	 2.29311	 2.29316	 2.29282	 2.29298	 
26.67	 -0.781	 0	 -0.99	 -0.771218	 8.19931e-005	 -0.971099	 -0.761714	 -0.000294872	 -0.952062	 -0.75227	 -0.000774973	 -0.932997	 -0.74256	 -0.000819185	 -0.914062	 -0.732734	 -0.000662284	 -0.895187	 2.26882	 2.26867	 2.26873	 2.26838	 2.26855	 
26.68	 -0.781	 0	 -0.99	 -0.771187	 -3.49613e-005	 -0.971308	 -0.761814	 -0.00032259	 -0.952395	 -0.752537	 -0.000669513	 -0.933435	 -0.742841	 -0.000777228	 -0.914686	 -0.732956	 -0.000770614	 -0.896033	 2.24284	 2.24269	 2.24274	 2.2424	 2.24258	 
26.69	 -0.781	 0	 -0.99	 -0.771223	 -0.000195033	 -0.971494	 -0.761938	 -0.000359985	 -0.952736	 -0.752765	 -0.000521427	 -0.933924	 -0.743122	 -0.000712706	 -0.91535	 -0.733265	 -0.000911871	 -0.896888	 2.21546	 2.21531	 2.21537	 2.21503	 2.21521	 
26.7	 -0.781	 0	 -0.99	 -0.771342	 -0.000356135	 -0.971646	 -0.762091	 -0.000394754	 -0.953081	 -0.752933	 -0.000365245	 -0.934469	 -0.743392	 -0.000638752	 -0.916056	 -0.733671	 -0.00104622	 -0.897738	 2.18688	 2.18673	 2.18679	 2.18645	 2.18663	 
26.71	 -0.781	 0	 -0.99	 -0.771545	 -0.000466884	 -0.971762	 -0.762273	 -0.000416182	 -0.953425	 -0.753047	 -0.000250594	 -0.935065	 -0.743648	 -0.000576864	 -0.916798	 -0.734164	 -0.00112753	 -0.898578	 2.15732	 2.15717	 2.15724	 2.1569	 2.15708	 
26.72	 -0.781	 0	 -0.99	 -0.771797	 -0.00048002	 -0.971857	 -0.762479	 -0.000414831	 -0.953767	 -0.753138	 -0.000225312	 -0.93569	 -0.743903	 -0.000552306	 -0.917563	 -0.734714	 -0.00112058	 -0.899417	 2.12699	 2.12685	 2.12692	 2.12658	 2.12677	 
26.73	 -0.781	 0	 -0.99	 -0.772036	 -0.000374542	 -0.971962	 -0.76269	 -0.000385717	 -0.954116	 -0.753256	 -0.000311894	 -0.936316	 -0.74418	 -0.000581635	 -0.918335	 -0.735271	 -0.00101597	 -0.900273	 2.09609	 2.09595	 2.09604	 2.09569	 2.09588	 
26.74	 -0.781	 0	 -0.99	 -0.772191	 -0.000177776	 -0.972112	 -0.762883	 -0.000336444	 -0.95448	 -0.753462	 -0.000487549	 -0.936907	 -0.744512	 -0.000656169	 -0.919092	 -0.735782	 -0.000838883	 -0.901167	 2.06476	 2.06462	 2.06471	 2.06437	 2.06456	 
26.75	 -0.781	 0	 -0.99	 -0.772221	 3.09854e-005	 -0.972329	 -0.763054	 -0.000285596	 -0.954861	 -0.753799	 -0.000678819	 -0.937439	 -0.744915	 -0.000741107	 -0.919824	 -0.736207	 -0.000652694	 -0.902119	 2.03304	 2.0329	 2.033	 2.03267	 2.03286	 
26.76	 -0.781	 0	 -0.99	 -0.772144	 0.000149129	 -0.972605	 -0.76321	 -0.000255342	 -0.955255	 -0.754258	 -0.00078549	 -0.937918	 -0.745383	 -0.000789367	 -0.920535	 -0.73655	 -0.000546062	 -0.903131	 2.00089	 2.00075	 2.00086	 2.00051	 2.00071	 
26.77	 -0.781	 0	 -0.99	 -0.772041	 0.000100209	 -0.9729	 -0.763369	 -0.000262626	 -0.955658	 -0.754762	 -0.000733284	 -0.938385	 -0.745886	 -0.000765324	 -0.921245	 -0.736888	 -0.000586038	 -0.904168	 1.96815	 1.968	 1.96811	 1.96775	 1.96794	 
26.78	 -0.781	 0	 -0.99	 -0.772028	 -0.000109114	 -0.973157	 -0.763553	 -0.000307845	 -0.956061	 -0.755194	 -0.000530746	 -0.938907	 -0.74637	 -0.000669943	 -0.921989	 -0.737327	 -0.000763132	 -0.905186	 1.93458	 1.93443	 1.93453	 1.93416	 1.93435	 
26.79	 -0.781	 0	 -0.99	 -0.772198	 -0.000361579	 -0.973328	 -0.763785	 -0.000366176	 -0.956454	 -0.755469	 -0.000290485	 -0.939531	 -0.746793	 -0.00055371	 -0.922795	 -0.73794	 -0.000974756	 -0.906153	 1.89998	 1.89983	 1.89992	 1.89954	 1.89973	 
26.8	 -0.781	 0	 -0.99	 -0.772532	 -0.000479731	 -0.973422	 -0.764066	 -0.000394709	 -0.956838	 -0.755608	 -0.000177927	 -0.940251	 -0.747156	 -0.000495579	 -0.923665	 -0.738703	 -0.00107009	 -0.907085	 1.86425	 1.86409	 1.86417	 1.86379	 1.86399	 
26.81	 -0.781	 0	 -0.99	 -0.772881	 -0.000351521	 -0.973515	 -0.764361	 -0.000363807	 -0.957231	 -0.755752	 -0.000294581	 -0.940993	 -0.747528	 -0.000545647	 -0.924562	 -0.739488	 -0.000955406	 -0.908042	 1.82745	 1.82729	 1.82738	 1.827	 1.8272	 
26.82	 -0.781	 0	 -0.99	 -0.773047	 -5.32808e-005	 -0.973705	 -0.764621	 -0.000289733	 -0.957653	 -0.756084	 -0.000566968	 -0.941658	 -0.747999	 -0.00067139	 -0.925433	 -0.740134	 -0.0006972	 -0.909097	 1.78989	 1.78973	 1.78983	 1.78945	 1.78965	 
26.83	 -0.781	 0	 -0.99	 -0.772969	 0.000159483	 -0.974023	 -0.764829	 -0.000234177	 -0.958106	 -0.756661	 -0.000758535	 -0.942206	 -0.748595	 -0.000761804	 -0.926249	 -0.740586	 -0.000512531	 -0.910263	 1.752	 1.75184	 1.75195	 1.75157	 1.75179	 
26.84	 -0.781	 0	 -0.99	 -0.772822	 6.17059e-005	 -0.974376	 -0.765021	 -0.000254404	 -0.958565	 -0.757307	 -0.000662855	 -0.942713	 -0.749233	 -0.000715832	 -0.927038	 -0.740989	 -0.000590735	 -0.911451	 1.71423	 1.71409	 1.71423	 1.71387	 1.71409	 
26.85	 -0.781	 0	 -0.99	 -0.772899	 -0.000274498	 -0.974614	 -0.765263	 -0.000335101	 -0.958991	 -0.757738	 -0.000347058	 -0.943313	 -0.74977	 -0.000561038	 -0.92786	 -0.741584	 -0.000869247	 -0.912521	 1.67706	 1.67694	 1.67711	 1.67675	 1.67698	 
26.86	 -0.781	 0	 -0.99	 -0.773284	 -0.000476359	 -0.974689	 -0.765576	 -0.000384433	 -0.959369	 -0.757871	 -0.000156089	 -0.944047	 -0.750157	 -0.000463097	 -0.928733	 -0.742435	 -0.00103421	 -0.913429	 1.6408	 1.64067	 1.64084	 1.6405	 1.64074	 
26.87	 -0.781	 0	 -0.99	 -0.77368	 -0.000273006	 -0.974748	 -0.765889	 -0.000335295	 -0.959731	 -0.757986	 -0.000344473	 -0.94477	 -0.750527	 -0.000551525	 -0.929587	 -0.743289	 -0.000861648	 -0.914297	 1.60552	 1.60538	 1.60554	 1.60521	 1.60547	 
26.88	 -0.781	 0	 -0.99	 -0.773717	 9.71592e-005	 -0.974979	 -0.766114	 -0.000245263	 -0.960123	 -0.758434	 -0.000691968	 -0.945307	 -0.751058	 -0.000724305	 -0.930334	 -0.743837	 -0.000553783	 -0.915284	 1.57116	 1.57102	 1.57118	 1.57085	 1.57111	 
26.89	 -0.781	 0	 -0.99	 -0.773487	 0.000111501	 -0.975341	 -0.766274	 -0.000239732	 -0.960536	 -0.759133	 -0.000704574	 -0.945699	 -0.751713	 -0.000734332	 -0.930994	 -0.744158	 -0.000543517	 -0.916358	 1.53759	 1.53746	 1.53763	 1.53728	 1.53753	 
26.9	 -0.781	 0	 -0.99	 -0.773514	 -0.000280313	 -0.975572	 -0.766494	 -0.000332389	 -0.960911	 -0.759589	 -0.000332029	 -0.946193	 -0.752246	 -0.000547821	 -0.931693	 -0.744684	 -0.000867049	 -0.917307	 1.50471	 1.50459	 1.50477	 1.50441	 1.50466	 
26.91	 -0.781	 0	 -0.99	 -0.773974	 -0.000465017	 -0.975583	 -0.766817	 -0.00037826	 -0.961224	 -0.759631	 -0.000156635	 -0.946879	 -0.752565	 -0.000454409	 -0.932479	 -0.745557	 -0.0010148	 -0.918057	 1.47253	 1.47241	 1.47259	 1.47224	 1.47249	 
26.92	 -0.781	 0	 -0.99	 -0.774305	 -0.000105565	 -0.975646	 -0.767105	 -0.000291991	 -0.961541	 -0.75978	 -0.000495135	 -0.947499	 -0.752927	 -0.000620928	 -0.933223	 -0.746315	 -0.000712873	 -0.918831	 1.44119	 1.44103	 1.44119	 1.44086	 1.44114	 
26.93	 -0.781	 0	 -0.99	 -0.774105	 0.000174729	 -0.975964	 -0.767254	 -0.00021893	 -0.961913	 -0.760412	 -0.000751984	 -0.94786	 -0.753527	 -0.000750773	 -0.93382	 -0.746626	 -0.000478333	 -0.919789	 1.41079	 1.41065	 1.41082	 1.41049	 1.41076	 
26.94	 -0.781	 0	 -0.99	 -0.773949	 -0.000169916	 -0.976258	 -0.767407	 -0.000298581	 -0.962266	 -0.760993	 -0.000420128	 -0.948214	 -0.7541	 -0.000581522	 -0.934394	 -0.746966	 -0.000758152	 -0.920695	 1.38155	 1.38144	 1.38164	 1.3813	 1.38157	 
26.95	 -0.781	 0	 -0.99	 -0.774382	 -0.00047054	 -0.976254	 -0.767705	 -0.000374121	 -0.96253	 -0.761017	 -0.000137375	 -0.948812	 -0.754383	 -0.000433052	 -0.935071	 -0.747776	 -0.00100069	 -0.921323	 1.35365	 1.35354	 1.35375	 1.35343	 1.35371	 
26.96	 -0.781	 0	 -0.99	 -0.774744	 -8.37652e-005	 -0.976269	 -0.767984	 -0.000279476	 -0.962782	 -0.761099	 -0.000500335	 -0.949357	 -0.754682	 -0.000615541	 -0.935703	 -0.748508	 -0.000681686	 -0.921935	 1.32718	 1.32703	 1.32722	 1.32691	 1.32721	 
26.97	 -0.781	 0	 -0.99	 -0.774462	 0.000161461	 -0.976586	 -0.768092	 -0.000216791	 -0.963096	 -0.761761	 -0.000730092	 -0.949592	 -0.755269	 -0.000737505	 -0.936156	 -0.7487	 -0.0004836	 -0.922758	 1.30204	 1.30191	 1.30211	 1.30179	 1.30209	 
26.98	 -0.781	 0	 -0.99	 -0.774395	 -0.000305832	 -0.976796	 -0.768238	 -0.000334128	 -0.963375	 -0.762195	 -0.000295508	 -0.9499	 -0.755734	 -0.000517144	 -0.936625	 -0.749056	 -0.000868003	 -0.923458	 1.27822	 1.27813	 1.27834	 1.27802	 1.27829	 
26.99	 -0.781	 0	 -0.99	 -0.774938	 -0.000390627	 -0.976702	 -0.768533	 -0.000356307	 -0.963561	 -0.762048	 -0.00021395	 -0.950459	 -0.755886	 -0.000469877	 -0.937206	 -0.74989	 -0.000934554	 -0.92388	 1.25581	 1.25569	 1.2559	 1.25559	 1.2559	 
27	 -0.781	 0	 -0.99	 -0.774994	 0.000126219	 -0.976823	 -0.768709	 -0.000224882	 -0.963781	 -0.762353	 -0.000694083	 -0.950777	 -0.756257	 -0.000716233	 -0.937642	 -0.750301	 -0.000510464	 -0.924442	 1.23491	 1.23477	 1.23496	 1.23467	 1.23498	 
27.01	 -0.781	 0	 -0.99	 -0.774637	 -5.67911e-005	 -0.977132	 -0.768767	 -0.000268758	 -0.964033	 -0.763021	 -0.000522284	 -0.950879	 -0.756808	 -0.000630773	 -0.93794	 -0.750356	 -0.000658978	 -0.925114	 1.21569	 1.2156	 1.21583	 1.21553	 1.21583	 
27.02	 -0.781	 0	 -0.99	 -0.775014	 -0.000469754	 -0.977084	 -0.768993	 -0.000371659	 -0.964177	 -0.762966	 -0.000131192	 -0.951273	 -0.756971	 -0.000422776	 -0.938357	 -0.750989	 -0.000990332	 -0.925442	 1.1986	 1.19852	 1.19875	 1.19847	 1.19879	 
27.03	 -0.781	 0	 -0.99	 -0.775331	 -8.79176e-006	 -0.977038	 -0.769197	 -0.000256121	 -0.964294	 -0.762945	 -0.000560855	 -0.951606	 -0.757129	 -0.000642014	 -0.938712	 -0.751544	 -0.000611511	 -0.925713	 1.18394	 1.18383	 1.18406	 1.18381	 1.18415	 
27.04	 -0.781	 0	 -0.99	 -0.774913	 7.45353e-005	 -0.977318	 -0.769207	 -0.000233632	 -0.964465	 -0.763595	 -0.000640025	 -0.951571	 -0.757624	 -0.00068817	 -0.938835	 -0.751471	 -0.000546406	 -0.926184	 1.17181	 1.17173	 1.17198	 1.17172	 1.17205	 
27.05	 -0.781	 0	 -0.99	 -0.775097	 -0.000452862	 -0.977309	 -0.769353	 -0.000367919	 -0.964538	 -0.763651	 -0.000148483	 -0.951749	 -0.757799	 -0.000433158	 -0.93903	 -0.751865	 -0.000978647	 -0.926355	 1.16219	 1.16212	 1.16238	 1.16213	 1.16246	 
27.06	 -0.781	 0	 -0.99	 -0.77553	 -0.000110871	 -0.977162	 -0.76955	 -0.000288452	 -0.964555	 -0.763443	 -0.000479785	 -0.952007	 -0.757813	 -0.000607984	 -0.939239	 -0.752434	 -0.000708206	 -0.926361	 1.15484	 1.15472	 1.15495	 1.15472	 1.15507	 
27.07	 -0.781	 0	 -0.99	 -0.775126	 0.0001218	 -0.977382	 -0.769531	 -0.000231946	 -0.964643	 -0.764005	 -0.000707227	 -0.951876	 -0.758218	 -0.000737788	 -0.939219	 -0.7523	 -0.000533981	 -0.926621	 1.14925	 1.14915	 1.14937	 1.14911	 1.14944	 
27.08	 -0.781	 0	 -0.99	 -0.775181	 -0.000429447	 -0.977394	 -0.769622	 -0.000375621	 -0.964665	 -0.76413	 -0.000201804	 -0.951906	 -0.758392	 -0.0004816	 -0.939259	 -0.752523	 -0.000995145	 -0.926678	 1.14502	 1.14494	 1.14517	 1.14489	 1.14521	 
27.09	 -0.781	 0	 -0.99	 -0.775663	 -0.000180295	 -0.977198	 -0.769813	 -0.000321127	 -0.964623	 -0.763833	 -0.000449168	 -0.952108	 -0.75833	 -0.000613054	 -0.939378	 -0.753077	 -0.000800353	 -0.926541	 1.14196	 1.14183	 1.14202	 1.14176	 1.14209	 
27.1	 -0.781	 0	 -0.99	 -0.775286	 0.000138223	 -0.977376	 -0.769777	 -0.000239167	 -0.964668	 -0.764317	 -0.000747554	 -0.951941	 -0.758666	 -0.000773323	 -0.93929	 -0.75292	 -0.000545247	 -0.926681	 1.13991	 1.13979	 1.13999	 1.13972	 1.14004	 
27.11	 -0.781	 0	 -0.99	 -0.775249	 -0.000402897	 -0.977405	 -0.76982	 -0.000373291	 -0.964662	 -0.764476	 -0.000236318	 -0.951883	 -0.75883	 -0.000504562	 -0.939238	 -0.753025	 -0.000981022	 -0.926669	 1.13906	 1.13898	 1.13919	 1.13892	 1.13924	 
27.12	 -0.781	 0	 -0.99	 -0.775749	 -0.000221837	 -0.977179	 -0.769998	 -0.000327017	 -0.964574	 -0.764121	 -0.000399828	 -0.952025	 -0.75871	 -0.000581215	 -0.93927	 -0.753543	 -0.000824048	 -0.926414	 1.1398	 1.13969	 1.1399	 1.13966	 1.14	 
27.13	 -0.781	 0	 -0.99	 -0.775408	 0.000155759	 -0.977304	 -0.76995	 -0.000226627	 -0.964556	 -0.764524	 -0.000745308	 -0.951797	 -0.75897	 -0.000760563	 -0.939084	 -0.753355	 -0.000512145	 -0.926398	 1.1424	 1.1423	 1.14253	 1.1423	 1.14264	 
27.14	 -0.781	 0	 -0.99	 -0.775281	 -0.000363553	 -0.977331	 -0.76994	 -0.00035745	 -0.964493	 -0.764698	 -0.000260252	 -0.951614	 -0.7591	 -0.000509211	 -0.938888	 -0.753317	 -0.000934937	 -0.926247	 1.14715	 1.14709	 1.14733	 1.14711	 1.14745	 
27.15	 -0.781	 0	 -0.99	 -0.775777	 -0.000275387	 -0.977066	 -0.770082	 -0.000339196	 -0.96433	 -0.76427	 -0.000347178	 -0.951645	 -0.758898	 -0.00055326	 -0.938771	 -0.753753	 -0.000866844	 -0.925804	 1.15428	 1.1542	 1.15444	 1.15424	 1.15459	 
27.16	 -0.781	 0	 -0.99	 -0.775498	 0.000159889	 -0.977112	 -0.770017	 -0.000232044	 -0.96422	 -0.76454	 -0.000763045	 -0.95133	 -0.759038	 -0.000777104	 -0.938441	 -0.753529	 -0.000522081	 -0.925555	 1.16381	 1.16373	 1.16397	 1.16379	 1.16414	 
27.17	 -0.781	 0	 -0.99	 -0.775242	 -0.000294573	 -0.977141	 -0.769938	 -0.00034929	 -0.964085	 -0.76475	 -0.000345877	 -0.95098	 -0.759136	 -0.000566864	 -0.938056	 -0.7533	 -0.000899701	 -0.92523	 1.17571	 1.17567	 1.17592	 1.17573	 1.17607	 
27.18	 -0.781	 0	 -0.99	 -0.775702	 -0.000369579	 -0.976845	 -0.77003	 -0.000369367	 -0.963842	 -0.764268	 -0.000274418	 -0.950877	 -0.758856	 -0.000526019	 -0.937765	 -0.753626	 -0.000961088	 -0.924583	 1.19001	 1.18994	 1.19018	 1.19001	 1.19036	 
27.19	 -0.781	 0	 -0.99	 -0.775582	 0.000131736	 -0.976771	 -0.769975	 -0.000242764	 -0.963628	 -0.764318	 -0.000743291	 -0.950507	 -0.758836	 -0.000769948	 -0.937304	 -0.753452	 -0.000553168	 -0.924061	 1.20656	 1.20648	 1.20671	 1.20655	 1.20689	 
27.2	 -0.781	 0	 -0.99	 -0.775167	 -0.000132762	 -0.976816	 -0.769833	 -0.00030846	 -0.963422	 -0.764623	 -0.00049782	 -0.949978	 -0.758942	 -0.000647847	 -0.936728	 -0.753019	 -0.00077242	 -0.92358	 1.22516	 1.22511	 1.22535	 1.22517	 1.22551	 
27.21	 -0.781	 0	 -0.99	 -0.77548	 -0.000464355	 -0.976543	 -0.769861	 -0.000395738	 -0.96312	 -0.764219	 -0.000193958	 -0.949706	 -0.758669	 -0.000492455	 -0.936257	 -0.753164	 -0.00104991	 -0.922795	 1.24561	 1.24556	 1.24578	 1.2456	 1.24595	 
27.22	 -0.781	 0	 -0.99	 -0.775651	 -3.67443e-005	 -0.976311	 -0.769848	 -0.000297489	 -0.962812	 -0.763933	 -0.00061166	 -0.949362	 -0.758441	 -0.000715526	 -0.93573	 -0.753172	 -0.000715535	 -0.922009	 1.26752	 1.26743	 1.26763	 1.26746	 1.2678	 
27.23	 -0.781	 0	 -0.99	 -0.775193	 8.40844e-005	 -0.976336	 -0.769675	 -0.000273085	 -0.962557	 -0.764228	 -0.000741612	 -0.948753	 -0.758507	 -0.000796576	 -0.935053	 -0.752652	 -0.000636133	 -0.921409	 1.2904	 1.29032	 1.29052	 1.29033	 1.29066	 
27.24	 -0.781	 0	 -0.99	 -0.775116	 -0.000382284	 -0.976206	 -0.76959	 -0.000394043	 -0.96226	 -0.764154	 -0.000315963	 -0.948277	 -0.75838	 -0.000586303	 -0.934435	 -0.752431	 -0.00103136	 -0.920669	 1.31387	 1.3138	 1.31398	 1.31378	 1.3141	 
27.25	 -0.781	 0	 -0.99	 -0.775495	 -0.000373539	 -0.975882	 -0.769612	 -0.000397221	 -0.961913	 -0.763637	 -0.00033203	 -0.947982	 -0.758015	 -0.00059444	 -0.933908	 -0.752572	 -0.00102805	 -0.919766	 1.33769	 1.3376	 1.33776	 1.33756	 1.33788	 
27.26	 -0.781	 0	 -0.99	 -0.775406	 7.00552e-005	 -0.975742	 -0.769514	 -0.00028581	 -0.961609	 -0.763547	 -0.00074507	 -0.94751	 -0.757858	 -0.000804055	 -0.93329	 -0.752317	 -0.000662015	 -0.919011	 1.36177	 1.36168	 1.36184	 1.36164	 1.36195	 
27.27	 -0.781	 0	 -0.99	 -0.774962	 1.10601e-005	 -0.975749	 -0.769322	 -0.00029463	 -0.961339	 -0.76378	 -0.000681037	 -0.946892	 -0.757863	 -0.000771218	 -0.932591	 -0.751759	 -0.000706575	 -0.918367	 1.38629	 1.3862	 1.38637	 1.38618	 1.38649	 
27.28	 -0.781	 0	 -0.99	 -0.774969	 -0.000408495	 -0.975571	 -0.769237	 -0.000396865	 -0.961016	 -0.76358	 -0.000284189	 -0.94643	 -0.757641	 -0.000567362	 -0.931961	 -0.751556	 -0.00104787	 -0.917555	 1.41156	 1.41149	 1.41168	 1.4115	 1.41181	 
27.29	 -0.781	 0	 -0.99	 -0.775296	 -0.000371927	 -0.975251	 -0.769224	 -0.000389846	 -0.960646	 -0.763062	 -0.000319208	 -0.946078	 -0.757245	 -0.000581582	 -0.931371	 -0.751599	 -0.00101603	 -0.9166	 1.43796	 1.43789	 1.43808	 1.43792	 1.43823	 
27.3	 -0.781	 0	 -0.99	 -0.775237	 3.01375e-005	 -0.975074	 -0.769108	 -0.000291986	 -0.960298	 -0.762888	 -0.000698467	 -0.945561	 -0.757009	 -0.000773802	 -0.930681	 -0.751307	 -0.000686239	 -0.91573	 1.46571	 1.46565	 1.46583	 1.46569	 1.466	 
27.31	 -0.781	 0	 -0.99	 -0.774814	 8.33527e-005	 -0.975036	 -0.768893	 -0.000279277	 -0.959971	 -0.763036	 -0.000752132	 -0.944882	 -0.756928	 -0.000806032	 -0.929886	 -0.7507	 -0.000646461	 -0.914939	 1.49487	 1.49482	 1.49501	 1.49487	 1.49519	 
27.32	 -0.781	 0	 -0.99	 -0.774637	 -0.000277528	 -0.974896	 -0.76873	 -0.000368726	 -0.959605	 -0.762938	 -0.000417487	 -0.944269	 -0.756717	 -0.000642482	 -0.929105	 -0.75028	 -0.000950737	 -0.91403	 1.52535	 1.5253	 1.52549	 1.52536	 1.52567	 
27.33	 -0.781	 0	 -0.99	 -0.774856	 -0.000471177	 -0.974586	 -0.768659	 -0.000419673	 -0.959187	 -0.762454	 -0.000242016	 -0.94379	 -0.756301	 -0.000557783	 -0.928376	 -0.75017	 -0.00111991	 -0.912958	 1.55692	 1.55687	 1.55705	 1.55691	 1.55723	 
27.34	 -0.781	 0	 -0.99	 -0.775025	 -0.000234506	 -0.974287	 -0.768572	 -0.000369718	 -0.958762	 -0.762006	 -0.000479094	 -0.943284	 -0.755891	 -0.000682351	 -0.927625	 -0.749999	 -0.000936956	 -0.911878	 1.58928	 1.58922	 1.58939	 1.58925	 1.58956	 
27.35	 -0.781	 0	 -0.99	 -0.774818	 7.34482e-005	 -0.974133	 -0.768389	 -0.000303712	 -0.958369	 -0.761899	 -0.000787446	 -0.942632	 -0.75564	 -0.000845789	 -0.926796	 -0.7495	 -0.000696179	 -0.910912	 1.62214	 1.62208	 1.62223	 1.62208	 1.62238	 
27.36	 -0.781	 0	 -0.99	 -0.774432	 5.29817e-005	 -0.974053	 -0.768156	 -0.000313203	 -0.957994	 -0.761947	 -0.000780032	 -0.94191	 -0.755461	 -0.000850648	 -0.925931	 -0.748842	 -0.00072322	 -0.910003	 1.65522	 1.65515	 1.6553	 1.65515	 1.65544	 
27.37	 -0.781	 0	 -0.99	 -0.774245	 -0.000246122	 -0.973897	 -0.767964	 -0.00038489	 -0.957603	 -0.761796	 -0.000499874	 -0.941264	 -0.755179	 -0.000714748	 -0.925104	 -0.748342	 -0.000973935	 -0.909034	 1.68831	 1.68824	 1.68838	 1.68823	 1.68851	 
27.38	 -0.781	 0	 -0.99	 -0.774354	 -0.000470508	 -0.973622	 -0.767838	 -0.000437494	 -0.957186	 -0.761355	 -0.000285101	 -0.940737	 -0.75475	 -0.000606689	 -0.92434	 -0.74808	 -0.00115874	 -0.907973	 1.72129	 1.72122	 1.72134	 1.72118	 1.72147	 
27.39	 -0.781	 0	 -0.99	 -0.774533	 -0.000397161	 -0.973317	 -0.767727	 -0.000420417	 -0.956766	 -0.760843	 -0.00035284	 -0.940245	 -0.754278	 -0.000637693	 -0.923599	 -0.747866	 -0.00109796	 -0.906896	 1.75411	 1.75403	 1.75415	 1.75399	 1.75427	 
27.4	 -0.781	 0	 -0.99	 -0.774521	 -0.000125	 -0.973087	 -0.767569	 -0.00035771	 -0.956364	 -0.760504	 -0.000613352	 -0.939689	 -0.753882	 -0.000766889	 -0.922832	 -0.747479	 -0.000875863	 -0.905888	 1.78684	 1.78676	 1.78689	 1.78673	 1.787	 
27.41	 -0.781	 0	 -0.99	 -0.774268	 8.47526e-005	 -0.972953	 -0.767349	 -0.000311162	 -0.955987	 -0.760383	 -0.000819008	 -0.939042	 -0.753588	 -0.000872749	 -0.92202	 -0.746883	 -0.000709225	 -0.904962	 1.81965	 1.81958	 1.81972	 1.81956	 1.81984	 
27.42	 -0.781	 0	 -0.99	 -0.773929	 6.59866e-005	 -0.972856	 -0.767102	 -0.000317602	 -0.955617	 -0.76033	 -0.000807686	 -0.938359	 -0.753324	 -0.000873783	 -0.921188	 -0.746211	 -0.000733484	 -0.90406	 1.85273	 1.85266	 1.8528	 1.85266	 1.85293	 
27.43	 -0.781	 0	 -0.99	 -0.773699	 -0.000143672	 -0.972714	 -0.766875	 -0.000366715	 -0.955235	 -0.760164	 -0.000611908	 -0.937712	 -0.753002	 -0.000783511	 -0.920368	 -0.745624	 -0.000913858	 -0.903113	 1.88617	 1.8861	 1.88624	 1.88611	 1.88638	 
27.44	 -0.781	 0	 -0.99	 -0.773663	 -0.000377907	 -0.972491	 -0.766694	 -0.00042195	 -0.95483	 -0.759812	 -0.000391288	 -0.937133	 -0.752581	 -0.00067765	 -0.919579	 -0.74518	 -0.00111061	 -0.902097	 1.91992	 1.91986	 1.91999	 1.91987	 1.92014	 
27.45	 -0.781	 0	 -0.99	 -0.77376	 -0.000484007	 -0.972213	 -0.766544	 -0.000448603	 -0.95441	 -0.759331	 -0.000293059	 -0.936606	 -0.752088	 -0.0006293	 -0.918817	 -0.744829	 -0.00119929	 -0.901039	 1.95379	 1.95372	 1.95385	 1.95371	 1.95398	 
27.46	 -0.781	 0	 -0.99	 -0.773852	 -0.000413197	 -0.971936	 -0.766383	 -0.000433141	 -0.953998	 -0.758838	 -0.000361273	 -0.936091	 -0.751587	 -0.000661958	 -0.918067	 -0.744477	 -0.00114233	 -0.899988	 1.98741	 1.98734	 1.98745	 1.98731	 1.98757	 
27.47	 -0.781	 0	 -0.99	 -0.773834	 -0.000224299	 -0.971707	 -0.766189	 -0.000389013	 -0.953608	 -0.758435	 -0.000538147	 -0.935555	 -0.751131	 -0.000744928	 -0.917317	 -0.744039	 -0.000983897	 -0.898994	 2.0204	 2.02033	 2.02042	 2.02026	 2.02051	 
27.48	 -0.781	 0	 -0.99	 -0.773683	 -2.63602e-005	 -0.971538	 -0.765968	 -0.000342024	 -0.953242	 -0.758162	 -0.000721442	 -0.934986	 -0.750732	 -0.000826403	 -0.916571	 -0.743481	 -0.000807019	 -0.898082	 2.05243	 2.05236	 2.05244	 2.05227	 2.05252	 
27.49	 -0.781	 0	 -0.99	 -0.773437	 9.07358e-005	 -0.971418	 -0.765729	 -0.000313342	 -0.952901	 -0.757985	 -0.000827497	 -0.9344	 -0.750376	 -0.000870096	 -0.915839	 -0.742836	 -0.000695057	 -0.897248	 2.08333	 2.08326	 2.08333	 2.08315	 2.0834	 
27.5	 -0.781	 0	 -0.99	 -0.773161	 9.00009e-005	 -0.97132	 -0.765482	 -0.000310967	 -0.952579	 -0.757836	 -0.000822732	 -0.933827	 -0.750036	 -0.000867319	 -0.915132	 -0.742171	 -0.000693809	 -0.896463	 2.1131	 2.11302	 2.11309	 2.11291	 2.11316	 
27.51	 -0.781	 0	 -0.99	 -0.772927	 -1.48535e-005	 -0.971214	 -0.765245	 -0.000333136	 -0.952268	 -0.757649	 -0.000723153	 -0.933288	 -0.749678	 -0.000826402	 -0.91446	 -0.741538	 -0.000791476	 -0.895703	 2.14187	 2.14178	 2.14186	 2.14169	 2.14193	 
27.52	 -0.781	 0	 -0.99	 -0.772775	 -0.000176946	 -0.97108	 -0.765027	 -0.000371651	 -0.951961	 -0.757384	 -0.000573729	 -0.932799	 -0.749283	 -0.000760538	 -0.913827	 -0.740972	 -0.000934277	 -0.894944	 2.16984	 2.16974	 2.16982	 2.16967	 2.16991	 
27.53	 -0.781	 0	 -0.99	 -0.772706	 -0.000336367	 -0.970916	 -0.764825	 -0.000408735	 -0.951657	 -0.757036	 -0.000424124	 -0.932358	 -0.748853	 -0.000690054	 -0.913227	 -0.740485	 -0.00106639	 -0.894176	 2.19715	 2.19706	 2.19715	 2.19699	 2.19723	 
27.54	 -0.781	 0	 -0.99	 -0.772706	 -0.000443565	 -0.970727	 -0.764642	 -0.000430228	 -0.951353	 -0.756628	 -0.000316581	 -0.931956	 -0.748393	 -0.000637446	 -0.912657	 -0.740051	 -0.00115401	 -0.893406	 2.22387	 2.22378	 2.22387	 2.22372	 2.22395	 
27.55	 -0.781	 0	 -0.99	 -0.772738	 -0.000480189	 -0.970528	 -0.764467	 -0.000437487	 -0.951054	 -0.756191	 -0.000278685	 -0.931582	 -0.747916	 -0.000616998	 -0.912114	 -0.73964	 -0.00118173	 -0.892649	 2.24994	 2.24985	 2.24994	 2.24978	 2.25001	 
27.56	 -0.781	 0	 -0.99	 -0.772755	 -0.000446781	 -0.970339	 -0.764279	 -0.000431945	 -0.950772	 -0.755756	 -0.000313175	 -0.931226	 -0.74745	 -0.000632254	 -0.91159	 -0.739237	 -0.00115291	 -0.891917	 2.27522	 2.27513	 2.27522	 2.27505	 2.27528	 
27.57	 -0.781	 0	 -0.99	 -0.77274	 -0.00035706	 -0.97017	 -0.764088	 -0.000413659	 -0.950506	 -0.755355	 -0.000400976	 -0.930876	 -0.746998	 -0.000673195	 -0.911087	 -0.738807	 -0.00107919	 -0.891229	 2.29958	 2.2995	 2.29958	 2.2994	 2.29962	 
27.58	 -0.781	 0	 -0.99	 -0.772689	 -0.000236888	 -0.970023	 -0.763902	 -0.000386732	 -0.950251	 -0.755009	 -0.000514024	 -0.930526	 -0.746566	 -0.000722525	 -0.910605	 -0.738327	 -0.000973805	 -0.890599	 2.32292	 2.32284	 2.32292	 2.32272	 2.32293	 
27.59	 -0.781	 0	 -0.99	 -0.772584	 -0.000109403	 -0.969907	 -0.763702	 -0.000355041	 -0.950018	 -0.754713	 -0.000628046	 -0.930176	 -0.746165	 -0.000771982	 -0.910142	 -0.737817	 -0.000863659	 -0.89002	 2.34518	 2.3451	 2.34517	 2.34497	 2.34518	 
27.6	 -0.781	 0	 -0.99	 -0.772431	 -1.45583e-006	 -0.96982	 -0.763487	 -0.000329899	 -0.949807	 -0.75446	 -0.000728733	 -0.929832	 -0.745791	 -0.000817518	 -0.909697	 -0.737285	 -0.000771065	 -0.889491	 2.36636	 2.36629	 2.36636	 2.36616	 2.36637	 
27.61	 -0.781	 0	 -0.99	 -0.772255	 6.99099e-005	 -0.969752	 -0.763275	 -0.000318714	 -0.949611	 -0.754241	 -0.000804656	 -0.929495	 -0.74543	 -0.000852648	 -0.909277	 -0.736725	 -0.000708919	 -0.889012	 2.38651	 2.38644	 2.38651	 2.38631	 2.38652	 
27.62	 -0.781	 0	 -0.99	 -0.772063	 0.000104939	 -0.969699	 -0.76306	 -0.000312363	 -0.949431	 -0.754041	 -0.000842138	 -0.929172	 -0.745084	 -0.000873398	 -0.908881	 -0.736163	 -0.000683764	 -0.888573	 2.40561	 2.40553	 2.40559	 2.40539	 2.4056	 
27.63	 -0.781	 0	 -0.99	 -0.771869	 0.000103664	 -0.969656	 -0.762846	 -0.000309984	 -0.949268	 -0.753848	 -0.00083701	 -0.928871	 -0.744752	 -0.00087207	 -0.908513	 -0.735616	 -0.000686783	 -0.888172	 2.42353	 2.42345	 2.4235	 2.4233	 2.42351	 
27.64	 -0.781	 0	 -0.99	 -0.771693	 6.60585e-005	 -0.969616	 -0.762647	 -0.000316091	 -0.949119	 -0.753657	 -0.000796442	 -0.928598	 -0.744424	 -0.000849329	 -0.908182	 -0.735088	 -0.000710423	 -0.887812	 2.44009	 2.43999	 2.44004	 2.43983	 2.44004	 
27.65	 -0.781	 0	 -0.99	 -0.771542	 3.36216e-006	 -0.969577	 -0.762461	 -0.000326893	 -0.948987	 -0.753462	 -0.00073188	 -0.928363	 -0.744103	 -0.000819778	 -0.907896	 -0.734591	 -0.000763029	 -0.887499	 2.455	 2.45488	 2.45493	 2.45471	 2.45491	 
27.66	 -0.781	 0	 -0.99	 -0.771417	 -7.79633e-005	 -0.969541	 -0.762287	 -0.00034427	 -0.948879	 -0.753253	 -0.000655087	 -0.928175	 -0.743788	 -0.000788766	 -0.907664	 -0.734137	 -0.000837936	 -0.887238	 2.468	 2.46787	 2.4679	 2.46767	 2.46787	 
27.67	 -0.781	 0	 -0.99	 -0.771317	 -0.000170631	 -0.96951	 -0.76212	 -0.000367056	 -0.948798	 -0.753031	 -0.000571845	 -0.928038	 -0.743485	 -0.000752215	 -0.907486	 -0.733736	 -0.000916006	 -0.887028	 2.47889	 2.47875	 2.47877	 2.47854	 2.47872	 
27.68	 -0.781	 0	 -0.99	 -0.771252	 -0.000259501	 -0.969478	 -0.761975	 -0.000384926	 -0.948738	 -0.752805	 -0.000483989	 -0.92795	 -0.74319	 -0.000710935	 -0.907367	 -0.733379	 -0.00098871	 -0.886877	 2.48765	 2.48751	 2.48752	 2.48728	 2.48747	 
27.69	 -0.781	 0	 -0.99	 -0.771223	 -0.000338093	 -0.969443	 -0.761855	 -0.000396927	 -0.948695	 -0.752576	 -0.000399278	 -0.927907	 -0.742905	 -0.000669093	 -0.907302	 -0.733061	 -0.00105067	 -0.886779	 2.49441	 2.49427	 2.49429	 2.49406	 2.49425	 
27.7	 -0.781	 0	 -0.99	 -0.771209	 -0.000403737	 -0.969414	 -0.76174	 -0.000408441	 -0.948676	 -0.752342	 -0.00033025	 -0.927905	 -0.742638	 -0.000634209	 -0.907279	 -0.732795	 -0.0011016	 -0.886721	 2.49944	 2.4993	 2.49933	 2.4991	 2.49929	 
27.71	 -0.781	 0	 -0.99	 -0.771218	 -0.000452752	 -0.969385	 -0.76164	 -0.000419476	 -0.94867	 -0.752108	 -0.000283583	 -0.927935	 -0.74238	 -0.000611304	 -0.907294	 -0.732561	 -0.0011393	 -0.8867	 2.50303	 2.5029	 2.50294	 2.50271	 2.5029	 
27.72	 -0.781	 0	 -0.99	 -0.771242	 -0.000478821	 -0.969357	 -0.761554	 -0.000425424	 -0.948676	 -0.751879	 -0.000257532	 -0.92799	 -0.742134	 -0.000596479	 -0.90734	 -0.732355	 -0.00115723	 -0.88671	 2.50542	 2.5053	 2.50535	 2.50512	 2.50531	 
27.73	 -0.781	 0	 -0.99	 -0.771267	 -0.000477625	 -0.969336	 -0.761468	 -0.000421197	 -0.948698	 -0.751658	 -0.000250574	 -0.928065	 -0.74191	 -0.00058955	 -0.907407	 -0.732182	 -0.00115161	 -0.886743	 2.50674	 2.50662	 2.50668	 2.50645	 2.50663	 
27.74	 -0.781	 0	 -0.99	 -0.771299	 -0.000454251	 -0.969318	 -0.761398	 -0.000414379	 -0.948728	 -0.751455	 -0.000266765	 -0.928157	 -0.7417	 -0.000589616	 -0.9075	 -0.732022	 -0.00112162	 -0.88681	 2.50696	 2.50685	 2.5069	 2.50666	 2.50684	 
27.75	 -0.781	 0	 -0.99	 -0.771328	 -0.000408513	 -0.969311	 -0.761337	 -0.000403517	 -0.948771	 -0.751274	 -0.000307987	 -0.928266	 -0.741509	 -0.000606007	 -0.907621	 -0.731874	 -0.00108036	 -0.886917	 2.50597	 2.50586	 2.50591	 2.50566	 2.50583	 
27.76	 -0.781	 0	 -0.99	 -0.771341	 -0.000343836	 -0.969321	 -0.761273	 -0.000390719	 -0.948836	 -0.751116	 -0.000371896	 -0.928394	 -0.741346	 -0.000636756	 -0.907769	 -0.731744	 -0.00103039	 -0.887065	 2.50359	 2.50348	 2.50353	 2.50327	 2.50344	 
27.77	 -0.781	 0	 -0.99	 -0.771341	 -0.000267616	 -0.969348	 -0.761215	 -0.000377754	 -0.948921	 -0.75099	 -0.000450275	 -0.928542	 -0.741211	 -0.000670802	 -0.907949	 -0.731626	 -0.000962471	 -0.887265	 2.49966	 2.49955	 2.4996	 2.49933	 2.49949	 
27.78	 -0.781	 0	 -0.99	 -0.771328	 -0.000178466	 -0.969394	 -0.761168	 -0.000357198	 -0.949025	 -0.750906	 -0.000531926	 -0.928708	 -0.741108	 -0.000704722	 -0.908164	 -0.731516	 -0.000883413	 -0.887522	 2.49406	 2.49395	 2.494	 2.49371	 2.49387	 
27.79	 -0.781	 0	 -0.99	 -0.7713	 -8.50134e-005	 -0.96946	 -0.761133	 -0.000332288	 -0.94915	 -0.750865	 -0.00061231	 -0.92889	 -0.741041	 -0.000738177	 -0.908413	 -0.731415	 -0.000801388	 -0.887839	 2.4867	 2.48659	 2.48664	 2.48633	 2.48649	 
27.8	 -0.781	 0	 -0.99	 -0.771251	 -3.53782e-007	 -0.96955	 -0.761102	 -0.000312485	 -0.949299	 -0.750866	 -0.000689272	 -0.929092	 -0.741013	 -0.000768931	 -0.908695	 -0.731331	 -0.000723046	 -0.888214	 2.47756	 2.47745	 2.47749	 2.47719	 2.47734	 
27.81	 -0.781	 0	 -0.99	 -0.771187	 7.01347e-005	 -0.96966	 -0.761081	 -0.000295711	 -0.949469	 -0.75091	 -0.000753611	 -0.929311	 -0.741021	 -0.000795735	 -0.909011	 -0.73126	 -0.000658375	 -0.888648	 2.46664	 2.46653	 2.46657	 2.46626	 2.46642	 
27.82	 -0.781	 0	 -0.99	 -0.771114	 0.000119466	 -0.969788	 -0.761072	 -0.000281009	 -0.949659	 -0.750994	 -0.00079283	 -0.929549	 -0.741064	 -0.000809193	 -0.909362	 -0.731206	 -0.000608649	 -0.889139	 2.45399	 2.45387	 2.45391	 2.4536	 2.45376	 
27.83	 -0.781	 0	 -0.99	 -0.77103	 0.000139886	 -0.969935	 -0.761069	 -0.000270179	 -0.94987	 -0.75111	 -0.000799284	 -0.929807	 -0.741146	 -0.000804658	 -0.909742	 -0.731184	 -0.000578238	 -0.889675	 2.43967	 2.43954	 2.43959	 2.43928	 2.43944	 
27.84	 -0.781	 0	 -0.99	 -0.770954	 0.000124321	 -0.97009	 -0.761084	 -0.000267429	 -0.950097	 -0.751251	 -0.000772355	 -0.930087	 -0.741254	 -0.000785862	 -0.910155	 -0.731187	 -0.000579018	 -0.890258	 2.42378	 2.42364	 2.42369	 2.42338	 2.42355	 
27.85	 -0.781	 0	 -0.99	 -0.770897	 6.9175e-005	 -0.970247	 -0.761118	 -0.000276789	 -0.950335	 -0.751405	 -0.000714673	 -0.930393	 -0.74138	 -0.000757374	 -0.910602	 -0.731224	 -0.000620552	 -0.890878	 2.40641	 2.40627	 2.40633	 2.40602	 2.4062	 
27.86	 -0.781	 0	 -0.99	 -0.77086	 -2.16154e-005	 -0.970404	 -0.761159	 -0.000296092	 -0.950591	 -0.751552	 -0.000628994	 -0.930732	 -0.741526	 -0.00072208	 -0.911081	 -0.731316	 -0.000701788	 -0.891523	 2.38766	 2.38752	 2.38757	 2.38727	 2.38744	 
27.87	 -0.781	 0	 -0.99	 -0.770863	 -0.000139888	 -0.970552	 -0.761219	 -0.000324327	 -0.950857	 -0.751683	 -0.000521117	 -0.931109	 -0.74168	 -0.000675754	 -0.911595	 -0.731468	 -0.00080533	 -0.892188	 2.36755	 2.3674	 2.36745	 2.36714	 2.36732	 
27.88	 -0.781	 0	 -0.99	 -0.77092	 -0.000268144	 -0.970684	 -0.761305	 -0.000354256	 -0.951131	 -0.751794	 -0.000402424	 -0.931528	 -0.741838	 -0.000622509	 -0.912149	 -0.731683	 -0.000914683	 -0.892875	 2.34602	 2.34586	 2.34591	 2.3456	 2.34578	 
27.89	 -0.781	 0	 -0.99	 -0.771029	 -0.000380933	 -0.9708	 -0.761413	 -0.000378196	 -0.951417	 -0.751878	 -0.000293663	 -0.931994	 -0.742003	 -0.000575378	 -0.912746	 -0.731972	 -0.00101775	 -0.89358	 2.32295	 2.32279	 2.32284	 2.32251	 2.32269	 
27.9	 -0.781	 0	 -0.99	 -0.771187	 -0.000459004	 -0.970903	 -0.761544	 -0.000396681	 -0.951715	 -0.751941	 -0.000221568	 -0.932509	 -0.742175	 -0.000544162	 -0.913388	 -0.732331	 -0.00108925	 -0.894312	 2.29821	 2.29805	 2.2981	 2.29776	 2.29793	 
27.91	 -0.781	 0	 -0.99	 -0.77138	 -0.000479219	 -0.971001	 -0.761696	 -0.000404622	 -0.95203	 -0.752001	 -0.000206909	 -0.933065	 -0.742362	 -0.000536039	 -0.914075	 -0.732746	 -0.00110573	 -0.895079	 2.27172	 2.27156	 2.2716	 2.27124	 2.27141	 
27.92	 -0.781	 0	 -0.99	 -0.771577	 -0.000423083	 -0.971109	 -0.761862	 -0.00039201	 -0.952362	 -0.752084	 -0.00025822	 -0.933649	 -0.742579	 -0.000555987	 -0.914799	 -0.733197	 -0.00105412	 -0.895892	 2.24346	 2.2433	 2.24334	 2.24298	 2.24314	 
27.93	 -0.781	 0	 -0.99	 -0.771746	 -0.000294628	 -0.971242	 -0.762036	 -0.000360173	 -0.952714	 -0.752224	 -0.000372013	 -0.934241	 -0.742841	 -0.000600891	 -0.915549	 -0.733655	 -0.000934249	 -0.896761	 2.21357	 2.21341	 2.21346	 2.21309	 2.21325	 
27.94	 -0.781	 0	 -0.99	 -0.77185	 -0.000121513	 -0.971418	 -0.762206	 -0.000317838	 -0.953089	 -0.752451	 -0.000527197	 -0.934819	 -0.743162	 -0.000663963	 -0.91631	 -0.73409	 -0.000773516	 -0.897692	 2.18228	 2.18213	 2.18219	 2.18182	 2.18199	 
27.95	 -0.781	 0	 -0.99	 -0.771869	 4.68985e-005	 -0.971645	 -0.762367	 -0.000276045	 -0.953485	 -0.75278	 -0.000679437	 -0.935369	 -0.743547	 -0.000729992	 -0.917069	 -0.73448	 -0.000621918	 -0.898685	 2.14994	 2.14979	 2.14986	 2.1495	 2.14968	 
27.96	 -0.781	 0	 -0.99	 -0.771819	 0.000149181	 -0.971915	 -0.762524	 -0.000249008	 -0.953892	 -0.753202	 -0.000770007	 -0.935887	 -0.743986	 -0.000771488	 -0.917822	 -0.734823	 -0.000533223	 -0.89973	 2.11688	 2.11673	 2.11683	 2.11648	 2.11666	 
27.97	 -0.781	 0	 -0.99	 -0.771739	 0.000132941	 -0.972203	 -0.762682	 -0.000248557	 -0.954306	 -0.753667	 -0.000748566	 -0.93639	 -0.744455	 -0.000761611	 -0.91857	 -0.735158	 -0.000544965	 -0.900794	 2.08341	 2.08327	 2.08338	 2.08304	 2.08323	 
27.98	 -0.781	 0	 -0.99	 -0.771701	 -1.19418e-005	 -0.972473	 -0.762849	 -0.000277619	 -0.954718	 -0.754098	 -0.000604422	 -0.936914	 -0.744922	 -0.000692271	 -0.919325	 -0.73555	 -0.000662723	 -0.901838	 2.04975	 2.04962	 2.04974	 2.0494	 2.04959	 
27.99	 -0.781	 0	 -0.99	 -0.77178	 -0.000233069	 -0.972684	 -0.763046	 -0.000325204	 -0.955117	 -0.754427	 -0.00038846	 -0.937493	 -0.74535	 -0.000587107	 -0.920104	 -0.736056	 -0.000843493	 -0.902829	 2.01596	 2.01583	 2.01595	 2.0156	 2.01579	 
28	 -0.781	 0	 -0.99	 -0.77201	 -0.000423412	 -0.972819	 -0.763286	 -0.000368353	 -0.955498	 -0.754628	 -0.000205235	 -0.938143	 -0.745722	 -0.000495707	 -0.920919	 -0.736694	 -0.000997238	 -0.903762	 1.98193	 1.9818	 1.9819	 1.98155	 1.98176	 
28.01	 -0.781	 0	 -0.99	 -0.772335	 -0.000465082	 -0.972908	 -0.763555	 -0.000378927	 -0.95587	 -0.754753	 -0.000164262	 -0.938844	 -0.746064	 -0.00047085	 -0.921764	 -0.737425	 -0.00102718	 -0.904663	 1.94743	 1.94728	 1.94738	 1.94703	 1.94724	 
28.02	 -0.781	 0	 -0.99	 -0.77263	 -0.000308941	 -0.973016	 -0.763823	 -0.000341935	 -0.956254	 -0.754918	 -0.000308407	 -0.939542	 -0.746433	 -0.000535946	 -0.922617	 -0.738148	 -0.000893371	 -0.905595	 1.91219	 1.91203	 1.91213	 1.91176	 1.91197	 
28.03	 -0.781	 0	 -0.99	 -0.772765	 -3.72664e-005	 -0.973213	 -0.764062	 -0.000276274	 -0.956666	 -0.755254	 -0.000560437	 -0.940175	 -0.746893	 -0.000654447	 -0.923453	 -0.738751	 -0.000661995	 -0.906622	 1.876	 1.87584	 1.87593	 1.87556	 1.87576	 
28.04	 -0.781	 0	 -0.99	 -0.772703	 0.000157885	 -0.973517	 -0.764264	 -0.000228107	 -0.957111	 -0.755793	 -0.00074073	 -0.940725	 -0.747462	 -0.000739568	 -0.924262	 -0.739205	 -0.000492357	 -0.907762	 1.83883	 1.83867	 1.83876	 1.83837	 1.83857	 
28.05	 -0.781	 0	 -0.99	 -0.772571	 0.000104895	 -0.973865	 -0.764456	 -0.000237463	 -0.957574	 -0.756417	 -0.000686549	 -0.941248	 -0.748084	 -0.000712983	 -0.925066	 -0.739615	 -0.000531283	 -0.908955	 1.80084	 1.80068	 1.80077	 1.80038	 1.80058	 
28.06	 -0.781	 0	 -0.99	 -0.772593	 -0.000179251	 -0.97414	 -0.76469	 -0.000302147	 -0.958024	 -0.756909	 -0.000414484	 -0.941847	 -0.748653	 -0.00058037	 -0.925911	 -0.740166	 -0.000766827	 -0.910096	 1.76237	 1.76222	 1.76234	 1.76194	 1.76215	 
28.07	 -0.781	 0	 -0.99	 -0.772895	 -0.000442709	 -0.974273	 -0.764993	 -0.000365071	 -0.958438	 -0.757143	 -0.000164799	 -0.942577	 -0.749099	 -0.000455712	 -0.926818	 -0.740956	 -0.000984751	 -0.911115	 1.7239	 1.72376	 1.7239	 1.72353	 1.72374	 
28.08	 -0.781	 0	 -0.99	 -0.773326	 -0.000399354	 -0.974335	 -0.765328	 -0.00035639	 -0.958829	 -0.757254	 -0.000205676	 -0.943362	 -0.749481	 -0.000470731	 -0.927746	 -0.741854	 -0.000943292	 -0.912061	 1.6859	 1.68575	 1.68591	 1.68555	 1.68578	 
28.09	 -0.781	 0	 -0.99	 -0.773552	 -6.23583e-005	 -0.974493	 -0.765611	 -0.000273939	 -0.959234	 -0.757552	 -0.000518068	 -0.944037	 -0.74995	 -0.000619719	 -0.928607	 -0.742578	 -0.000656259	 -0.913064	 1.64869	 1.64853	 1.64868	 1.64835	 1.64859	 
28.1	 -0.781	 0	 -0.99	 -0.773428	 0.000179032	 -0.97482	 -0.765805	 -0.000210068	 -0.95967	 -0.758168	 -0.000735228	 -0.944531	 -0.750575	 -0.000725163	 -0.929362	 -0.743012	 -0.000450818	 -0.914179	 1.6124	 1.61226	 1.61242	 1.61209	 1.61233	 
28.11	 -0.781	 0	 -0.99	 -0.773257	 -8.63736e-006	 -0.975167	 -0.765981	 -0.000250753	 -0.960102	 -0.758819	 -0.000551876	 -0.944983	 -0.751218	 -0.000634233	 -0.930079	 -0.743403	 -0.000602885	 -0.915284	 1.57705	 1.57693	 1.57711	 1.57676	 1.577	 
28.12	 -0.781	 0	 -0.99	 -0.773461	 -0.00039262	 -0.975322	 -0.766246	 -0.00034336	 -0.960478	 -0.759114	 -0.000188972	 -0.945593	 -0.751681	 -0.000450617	 -0.93086	 -0.744096	 -0.00091634	 -0.916208	 1.54258	 1.54246	 1.54264	 1.54229	 1.54254	 
28.13	 -0.781	 0	 -0.99	 -0.773952	 -0.000397345	 -0.975326	 -0.766586	 -0.000344799	 -0.960804	 -0.759146	 -0.000181061	 -0.94632	 -0.752005	 -0.000440057	 -0.931689	 -0.745013	 -0.000914248	 -0.916991	 1.50888	 1.50875	 1.50893	 1.50859	 1.50885	 
28.14	 -0.781	 0	 -0.99	 -0.774154	 1.63773e-005	 -0.975464	 -0.766857	 -0.000241804	 -0.961152	 -0.759448	 -0.000564453	 -0.946898	 -0.752457	 -0.000628585	 -0.932434	 -0.745679	 -0.000567555	 -0.917867	 1.47598	 1.47583	 1.47598	 1.47565	 1.47591	 
28.15	 -0.781	 0	 -0.99	 -0.773909	 0.000164422	 -0.975818	 -0.76701	 -0.000201758	 -0.961547	 -0.760152	 -0.000698868	 -0.947258	 -0.753107	 -0.00069759	 -0.933055	 -0.745972	 -0.000442297	 -0.918897	 1.44391	 1.44377	 1.44394	 1.4436	 1.44387	 
28.16	 -0.781	 0	 -0.99	 -0.773855	 -0.000238826	 -0.976075	 -0.767195	 -0.000296876	 -0.961912	 -0.760653	 -0.000313699	 -0.947691	 -0.753652	 -0.000501428	 -0.933695	 -0.746418	 -0.000770437	 -0.919817	 1.41286	 1.41276	 1.41296	 1.41261	 1.41287	 
28.17	 -0.781	 0	 -0.99	 -0.774331	 -0.000446439	 -0.976063	 -0.767504	 -0.00034774	 -0.962197	 -0.760641	 -0.000114477	 -0.948348	 -0.753927	 -0.000394282	 -0.93443	 -0.747286	 -0.000936541	 -0.920483	 1.38313	 1.38301	 1.3832	 1.38287	 1.38316	 
28.18	 -0.781	 0	 -0.99	 -0.774626	 -2.66522e-005	 -0.976123	 -0.76777	 -0.000246989	 -0.962481	 -0.760795	 -0.000512576	 -0.948899	 -0.754273	 -0.000596061	 -0.935093	 -0.747986	 -0.000591623	 -0.921176	 1.35482	 1.35468	 1.35487	 1.35456	 1.35486	 
28.19	 -0.781	 0	 -0.99	 -0.774338	 0.000160083	 -0.976457	 -0.76789	 -0.000200451	 -0.962814	 -0.761493	 -0.000691045	 -0.949151	 -0.75489	 -0.000693044	 -0.935579	 -0.748188	 -0.000442746	 -0.922056	 1.32799	 1.32787	 1.32806	 1.32775	 1.32804	 
28.2	 -0.781	 0	 -0.99	 -0.774315	 -0.000310119	 -0.976657	 -0.768063	 -0.000315868	 -0.963102	 -0.76192	 -0.000248692	 -0.949497	 -0.755365	 -0.000467871	 -0.936089	 -0.748599	 -0.000829408	 -0.922787	 1.30262	 1.30253	 1.30276	 1.30243	 1.30271	 
28.21	 -0.781	 0	 -0.99	 -0.774855	 -0.000379507	 -0.976574	 -0.768362	 -0.000335408	 -0.963308	 -0.761786	 -0.000183942	 -0.950083	 -0.755537	 -0.0004295	 -0.936704	 -0.749455	 -0.000882561	 -0.923251	 1.27873	 1.27861	 1.2788	 1.27849	 1.2788	 
28.22	 -0.781	 0	 -0.99	 -0.774916	 0.000131133	 -0.976704	 -0.76854	 -0.000205924	 -0.963551	 -0.762091	 -0.000658172	 -0.950435	 -0.75592	 -0.000671374	 -0.937181	 -0.749898	 -0.000461218	 -0.923857	 1.25621	 1.25607	 1.25627	 1.25597	 1.25627	 
28.23	 -0.781	 0	 -0.99	 -0.774564	 -2.08781e-005	 -0.977025	 -0.768614	 -0.00023844	 -0.963823	 -0.762785	 -0.000508143	 -0.950566	 -0.7565	 -0.000594675	 -0.937519	 -0.749983	 -0.000581709	 -0.924584	 1.23513	 1.23502	 1.23523	 1.23491	 1.23522	 
28.24	 -0.781	 0	 -0.99	 -0.774917	 -0.0004598	 -0.977005	 -0.768855	 -0.000348829	 -0.963993	 -0.762799	 -9.51042e-005	 -0.950978	 -0.756718	 -0.000376184	 -0.937977	 -0.750622	 -0.000933537	 -0.924991	 1.21574	 1.21565	 1.21588	 1.21558	 1.21588	 
28.25	 -0.781	 0	 -0.99	 -0.77529	 -3.97391e-005	 -0.976953	 -0.769084	 -0.000242913	 -0.964137	 -0.762754	 -0.000484468	 -0.951381	 -0.756883	 -0.000572582	 -0.938407	 -0.751254	 -0.000585909	 -0.925324	 1.19839	 1.19825	 1.19847	 1.1982	 1.19853	 
28.26	 -0.781	 0	 -0.99	 -0.774893	 0.000125798	 -0.977245	 -0.769106	 -0.000198203	 -0.964346	 -0.763398	 -0.000637065	 -0.951413	 -0.757392	 -0.000655073	 -0.938611	 -0.751236	 -0.000451624	 -0.925879	 1.18323	 1.18313	 1.18337	 1.18311	 1.18342	 
28.27	 -0.781	 0	 -0.99	 -0.774999	 -0.000417603	 -0.977294	 -0.769247	 -0.000337473	 -0.964467	 -0.763562	 -0.000133081	 -0.95161	 -0.757643	 -0.000394475	 -0.938863	 -0.7516	 -0.000895558	 -0.926178	 1.17044	 1.17037	 1.17062	 1.17036	 1.17068	 
28.28	 -0.781	 0	 -0.99	 -0.775499	 -0.000162342	 -0.977139	 -0.769483	 -0.000276777	 -0.964511	 -0.763337	 -0.000376077	 -0.951943	 -0.757671	 -0.000519529	 -0.939155	 -0.752256	 -0.000691177	 -0.926256	 1.15997	 1.15986	 1.16009	 1.15985	 1.16019	 
28.29	 -0.781	 0	 -0.99	 -0.775151	 0.000167873	 -0.977355	 -0.769487	 -0.000195609	 -0.964631	 -0.763868	 -0.0006938	 -0.95189	 -0.758075	 -0.000694708	 -0.939219	 -0.752199	 -0.000434906	 -0.926586	 1.15146	 1.15136	 1.15159	 1.15133	 1.15166	 
28.3	 -0.781	 0	 -0.99	 -0.775103	 -0.000375997	 -0.977432	 -0.769556	 -0.000337546	 -0.9647	 -0.764101	 -0.000196627	 -0.951928	 -0.758319	 -0.000444258	 -0.939304	 -0.752366	 -0.000890927	 -0.926763	 1.14459	 1.1445	 1.14474	 1.14446	 1.14479	 
28.31	 -0.781	 0	 -0.99	 -0.775636	 -0.000231177	 -0.97723	 -0.769776	 -0.000308045	 -0.96468	 -0.76379	 -0.000343606	 -0.952187	 -0.758266	 -0.000523626	 -0.939486	 -0.752983	 -0.00078359	 -0.926682	 1.13917	 1.13905	 1.13926	 1.139	 1.13933	 
28.32	 -0.781	 0	 -0.99	 -0.775333	 0.00017119	 -0.97739	 -0.769772	 -0.000209865	 -0.964739	 -0.764235	 -0.00073079	 -0.952081	 -0.758593	 -0.000734581	 -0.93946	 -0.752902	 -0.000467189	 -0.926862	 1.13509	 1.13497	 1.13517	 1.13491	 1.13525	 
28.33	 -0.781	 0	 -0.99	 -0.7752	 -0.000351528	 -0.977474	 -0.769793	 -0.000341204	 -0.964769	 -0.764487	 -0.000241776	 -0.95202	 -0.758814	 -0.000481457	 -0.939434	 -0.752949	 -0.000894218	 -0.926938	 1.13246	 1.13239	 1.13261	 1.13234	 1.13266	 
28.34	 -0.781	 0	 -0.99	 -0.775728	 -0.000263959	 -0.977246	 -0.769979	 -0.000319947	 -0.964698	 -0.764113	 -0.000320668	 -0.952203	 -0.758694	 -0.000515528	 -0.93951	 -0.75351	 -0.000816276	 -0.92672	 1.13166	 1.13157	 1.13179	 1.13155	 1.1319	 
28.35	 -0.781	 0	 -0.99	 -0.775451	 0.000175551	 -0.977354	 -0.769962	 -0.000205498	 -0.964686	 -0.764486	 -0.00072683	 -0.952017	 -0.75895	 -0.00072653	 -0.939364	 -0.75339	 -0.000453497	 -0.926723	 1.13292	 1.13282	 1.13304	 1.13282	 1.13316	 
28.36	 -0.781	 0	 -0.99	 -0.775265	 -0.000320943	 -0.977415	 -0.76995	 -0.000325782	 -0.964644	 -0.764741	 -0.000253205	 -0.951827	 -0.759136	 -0.000477108	 -0.939182	 -0.753324	 -0.000851893	 -0.926631	 1.13633	 1.13628	 1.13653	 1.1363	 1.13664	 
28.37	 -0.781	 0	 -0.99	 -0.775774	 -0.000292257	 -0.977154	 -0.770098	 -0.000320798	 -0.964498	 -0.764309	 -0.000280313	 -0.951891	 -0.758943	 -0.000486541	 -0.939103	 -0.753796	 -0.000825708	 -0.926224	 1.14203	 1.14195	 1.14218	 1.14197	 1.14233	 
28.38	 -0.781	 0	 -0.99	 -0.775533	 0.00017637	 -0.977197	 -0.770052	 -0.000202681	 -0.964405	 -0.764566	 -0.000721587	 -0.951618	 -0.759091	 -0.000720342	 -0.938818	 -0.753629	 -0.000448233	 -0.926013	 1.14983	 1.14974	 1.14997	 1.14977	 1.15012	 
28.39	 -0.781	 0	 -0.99	 -0.775261	 -0.000267613	 -0.977248	 -0.769987	 -0.000314119	 -0.964294	 -0.76483	 -0.000307672	 -0.951292	 -0.759236	 -0.00050878	 -0.938475	 -0.753413	 -0.000813197	 -0.925759	 1.15957	 1.15951	 1.15975	 1.15954	 1.15987	 
28.4	 -0.781	 0	 -0.99	 -0.775734	 -0.000356097	 -0.976965	 -0.770093	 -0.000339143	 -0.964083	 -0.76436	 -0.000226353	 -0.951241	 -0.758978	 -0.000462635	 -0.93825	 -0.753778	 -0.000883637	 -0.925188	 1.17125	 1.17117	 1.17139	 1.17119	 1.17155	 
28.41	 -0.781	 0	 -0.99	 -0.775606	 0.000155077	 -0.976917	 -0.77004	 -0.000207275	 -0.96391	 -0.764433	 -0.000698965	 -0.950924	 -0.758986	 -0.000706372	 -0.937862	 -0.753629	 -0.000464041	 -0.924762	 1.18482	 1.18474	 1.18496	 1.18477	 1.18512	 
28.42	 -0.781	 0	 -0.99	 -0.775206	 -0.000142029	 -0.976977	 -0.769916	 -0.000278553	 -0.963741	 -0.764753	 -0.000416692	 -0.950454	 -0.759116	 -0.000561088	 -0.937362	 -0.753236	 -0.000703652	 -0.924376	 1.20033	 1.20027	 1.2005	 1.20031	 1.20065	 
28.43	 -0.781	 0	 -0.99	 -0.775573	 -0.000435372	 -0.976702	 -0.769975	 -0.00035482	 -0.963468	 -0.764336	 -0.000144322	 -0.950251	 -0.758853	 -0.000417545	 -0.936972	 -0.753447	 -0.000942626	 -0.923666	 1.21783	 1.21777	 1.218	 1.21782	 1.21816	 
28.44	 -0.781	 0	 -0.99	 -0.775682	 4.00707e-005	 -0.976513	 -0.769958	 -0.000239606	 -0.963198	 -0.76413	 -0.000597297	 -0.949927	 -0.75868	 -0.000655745	 -0.936494	 -0.753429	 -0.00056384	 -0.922979	 1.23722	 1.23714	 1.23735	 1.23719	 1.23753	 
28.45	 -0.781	 0	 -0.99	 -0.775197	 5.29768e-005	 -0.976565	 -0.769779	 -0.000242453	 -0.962972	 -0.764458	 -0.000627163	 -0.949343	 -0.758774	 -0.000685834	 -0.935857	 -0.752908	 -0.000572524	 -0.922447	 1.25821	 1.25814	 1.25837	 1.25819	 1.25852	 
28.46	 -0.781	 0	 -0.99	 -0.775249	 -0.000424204	 -0.976389	 -0.769731	 -0.000370404	 -0.962676	 -0.764274	 -0.000199033	 -0.948938	 -0.758599	 -0.000476303	 -0.935293	 -0.752809	 -0.000981415	 -0.921699	 1.2805	 1.28044	 1.28065	 1.28046	 1.2808	 
28.47	 -0.781	 0	 -0.99	 -0.775617	 -0.000253903	 -0.976071	 -0.76976	 -0.000335269	 -0.962334	 -0.763786	 -0.000371368	 -0.948645	 -0.758254	 -0.000569154	 -0.934774	 -0.752948	 -0.000854604	 -0.920815	 1.30377	 1.30368	 1.30387	 1.30368	 1.30401	 
28.48	 -0.781	 0	 -0.99	 -0.775363	 0.000144404	 -0.976001	 -0.769625	 -0.000238296	 -0.962047	 -0.76386	 -0.000750891	 -0.948108	 -0.758187	 -0.000768892	 -0.934124	 -0.752566	 -0.000534786	 -0.920117	 1.32771	 1.32762	 1.32779	 1.3276	 1.32793	 
28.49	 -0.781	 0	 -0.99	 -0.774978	 -0.000115092	 -0.975986	 -0.769448	 -0.000299768	 -0.961772	 -0.76404	 -0.000504587	 -0.94751	 -0.758169	 -0.000644892	 -0.933433	 -0.752064	 -0.000747021	 -0.919453	 1.3522	 1.35213	 1.3523	 1.35211	 1.35242	 
28.5	 -0.781	 0	 -0.99	 -0.775184	 -0.000457667	 -0.975728	 -0.769413	 -0.000382893	 -0.96143	 -0.763657	 -0.000177616	 -0.947127	 -0.757857	 -0.000473162	 -0.932845	 -0.752033	 -0.00102288	 -0.918577	 1.37732	 1.37724	 1.37742	 1.37723	 1.37755	 
28.51	 -0.781	 0	 -0.99	 -0.775441	 -0.000187959	 -0.975437	 -0.76939	 -0.000317781	 -0.961072	 -0.763218	 -0.00043065	 -0.946757	 -0.757505	 -0.000597699	 -0.932254	 -0.752026	 -0.000797423	 -0.91766	 1.40319	 1.40311	 1.40328	 1.4031	 1.40342	 
28.52	 -0.781	 0	 -0.99	 -0.775154	 0.000144974	 -0.97536	 -0.769228	 -0.000235217	 -0.960757	 -0.763276	 -0.000743481	 -0.946167	 -0.757395	 -0.000758054	 -0.93154	 -0.751557	 -0.0005238	 -0.916896	 1.42996	 1.42988	 1.43005	 1.42989	 1.43021	 
28.53	 -0.781	 0	 -0.99	 -0.774779	 -7.31646e-005	 -0.975316	 -0.769031	 -0.000286213	 -0.960442	 -0.763396	 -0.000536349	 -0.945525	 -0.757311	 -0.00065594	 -0.930785	 -0.751003	 -0.000704738	 -0.916136	 1.45772	 1.45766	 1.45784	 1.45769	 1.458	 
28.54	 -0.781	 0	 -0.99	 -0.774872	 -0.000429539	 -0.975078	 -0.768938	 -0.000373932	 -0.960072	 -0.763055	 -0.000201601	 -0.945046	 -0.756987	 -0.000486437	 -0.930096	 -0.750823	 -0.000998911	 -0.915189	 1.48654	 1.48648	 1.48667	 1.48652	 1.48683	 
28.55	 -0.781	 0	 -0.99	 -0.775144	 -0.00032593	 -0.974756	 -0.768885	 -0.000351561	 -0.959671	 -0.762531	 -0.000302372	 -0.944623	 -0.756559	 -0.000536111	 -0.929423	 -0.750775	 -0.000915652	 -0.914151	 1.51635	 1.51628	 1.51646	 1.51631	 1.51663	 
28.56	 -0.781	 0	 -0.99	 -0.775051	 4.31995e-005	 -0.974573	 -0.76874	 -0.000265062	 -0.959293	 -0.762342	 -0.000657128	 -0.944051	 -0.756288	 -0.000719106	 -0.928665	 -0.750407	 -0.000619948	 -0.91321	 1.547	 1.54694	 1.54711	 1.54696	 1.54727	 
28.57	 -0.781	 0	 -0.99	 -0.774652	 0.000111049	 -0.974509	 -0.768517	 -0.0002543	 -0.958938	 -0.762431	 -0.000736367	 -0.943349	 -0.756147	 -0.000771117	 -0.927833	 -0.749769	 -0.000580642	 -0.912354	 1.57838	 1.57831	 1.57847	 1.57832	 1.57863	 
28.58	 -0.781	 0	 -0.99	 -0.774421	 -0.000198379	 -0.974379	 -0.768326	 -0.000337521	 -0.958563	 -0.762348	 -0.000465015	 -0.9427	 -0.755914	 -0.000648581	 -0.927019	 -0.749253	 -0.000854432	 -0.911431	 1.61032	 1.61026	 1.61042	 1.61027	 1.61057	 
28.59	 -0.781	 0	 -0.99	 -0.774545	 -0.000457518	 -0.974102	 -0.768214	 -0.000407284	 -0.958149	 -0.761914	 -0.00023517	 -0.942182	 -0.755497	 -0.000540138	 -0.926266	 -0.749018	 -0.00107945	 -0.910379	 1.64276	 1.64269	 1.64284	 1.6427	 1.64299	 
28.6	 -0.781	 0	 -0.99	 -0.774746	 -0.000359245	 -0.973788	 -0.768114	 -0.000386675	 -0.957723	 -0.761394	 -0.000331467	 -0.941694	 -0.755028	 -0.000586688	 -0.925524	 -0.748835	 -0.000999449	 -0.909288	 1.67556	 1.67549	 1.67564	 1.67549	 1.67578	 
28.61	 -0.781	 0	 -0.99	 -0.774695	 -4.80695e-005	 -0.973571	 -0.767949	 -0.000311025	 -0.95732	 -0.761099	 -0.000621693	 -0.941113	 -0.754663	 -0.000727992	 -0.924735	 -0.748433	 -0.000739765	 -0.908275	 1.70863	 1.70856	 1.70871	 1.70855	 1.70884	 
28.62	 -0.781	 0	 -0.99	 -0.774378	 0.000127688	 -0.973461	 -0.767718	 -0.00026611	 -0.956941	 -0.761047	 -0.000783507	 -0.940429	 -0.754412	 -0.000809149	 -0.923895	 -0.7478	 -0.000594903	 -0.907351	 1.74185	 1.74178	 1.74192	 1.74177	 1.74205	 
28.63	 -0.781	 0	 -0.99	 -0.774045	 8.19694e-006	 -0.97336	 -0.76748	 -0.000292877	 -0.956566	 -0.761006	 -0.000670024	 -0.939736	 -0.754162	 -0.000756693	 -0.923052	 -0.747142	 -0.000696968	 -0.906438	 1.7751	 1.77503	 1.77517	 1.77502	 1.7753	 
28.64	 -0.781	 0	 -0.99	 -0.773919	 -0.000268621	 -0.973178	 -0.767289	 -0.000358943	 -0.956172	 -0.760764	 -0.000409981	 -0.939124	 -0.753809	 -0.00063006	 -0.92225	 -0.746647	 -0.000926912	 -0.905461	 1.80834	 1.80826	 1.80839	 1.80825	 1.80853	 
28.65	 -0.781	 0	 -0.99	 -0.774006	 -0.000451938	 -0.97291	 -0.767142	 -0.000402239	 -0.955761	 -0.760309	 -0.000235311	 -0.9386	 -0.75335	 -0.000541818	 -0.921492	 -0.746328	 -0.00107551	 -0.904414	 1.84153	 1.84146	 1.84159	 1.84144	 1.84172	 
28.66	 -0.781	 0	 -0.99	 -0.77414	 -0.000407077	 -0.972619	 -0.767	 -0.000389765	 -0.955347	 -0.759797	 -0.000271908	 -0.938101	 -0.75286	 -0.000554981	 -0.920749	 -0.746046	 -0.00103336	 -0.90335	 1.87471	 1.87464	 1.87477	 1.87462	 1.8749	 
28.67	 -0.781	 0	 -0.99	 -0.774155	 -0.000191841	 -0.972375	 -0.76683	 -0.000338385	 -0.954945	 -0.759396	 -0.000471843	 -0.937559	 -0.752414	 -0.000648171	 -0.919989	 -0.745647	 -0.000850126	 -0.902333	 1.90788	 1.90782	 1.90794	 1.90779	 1.90806	 
28.68	 -0.781	 0	 -0.99	 -0.77399	 3.07295e-005	 -0.972205	 -0.766622	 -0.000288529	 -0.954558	 -0.759164	 -0.000686316	 -0.93695	 -0.752038	 -0.000752003	 -0.919202	 -0.745075	 -0.000664253	 -0.901387	 1.94101	 1.94095	 1.94107	 1.94092	 1.94118	 
28.69	 -0.781	 0	 -0.99	 -0.773702	 0.000125706	 -0.972087	 -0.766378	 -0.000268677	 -0.954189	 -0.759037	 -0.000782512	 -0.9363	 -0.751707	 -0.000803821	 -0.9184	 -0.744393	 -0.000592676	 -0.900494	 1.97399	 1.97393	 1.97404	 1.97389	 1.97415	 
28.7	 -0.781	 0	 -0.99	 -0.773403	 5.60721e-005	 -0.971978	 -0.766118	 -0.00028398	 -0.953831	 -0.758898	 -0.000718105	 -0.93566	 -0.751374	 -0.000779581	 -0.917608	 -0.743714	 -0.000660815	 -0.899613	 2.00664	 2.00657	 2.00667	 2.00652	 2.00679	 
28.71	 -0.781	 0	 -0.99	 -0.7732	 -0.000125226	 -0.971835	 -0.765876	 -0.000324399	 -0.953475	 -0.758662	 -0.000544865	 -0.93507	 -0.750994	 -0.000697748	 -0.916851	 -0.743114	 -0.000812117	 -0.89872	 2.03876	 2.03867	 2.03877	 2.03861	 2.03887	 
28.72	 -0.781	 0	 -0.99	 -0.773131	 -0.000321172	 -0.971643	 -0.765671	 -0.000370166	 -0.953114	 -0.758306	 -0.000358845	 -0.934546	 -0.750552	 -0.000604749	 -0.91614	 -0.742614	 -0.000966822	 -0.897813	 2.07012	 2.07002	 2.07011	 2.06996	 2.07021	 
28.73	 -0.781	 0	 -0.99	 -0.77316	 -0.000443265	 -0.971416	 -0.765489	 -0.000398501	 -0.952756	 -0.75786	 -0.000242828	 -0.934079	 -0.750068	 -0.000548457	 -0.915473	 -0.742196	 -0.00106783	 -0.896903	 2.10057	 2.10047	 2.10056	 2.10039	 2.10064	 
28.74	 -0.781	 0	 -0.99	 -0.773221	 -0.000451491	 -0.97118	 -0.765316	 -0.000399858	 -0.952408	 -0.757385	 -0.000234855	 -0.933647	 -0.749572	 -0.000548609	 -0.914839	 -0.741807	 -0.00108485	 -0.896015	 2.13004	 2.12995	 2.13003	 2.12986	 2.1301	 
28.75	 -0.781	 0	 -0.99	 -0.773253	 -0.00036106	 -0.970962	 -0.765139	 -0.000381822	 -0.952075	 -0.756941	 -0.000324541	 -0.933224	 -0.749087	 -0.000590936	 -0.914229	 -0.74139	 -0.0010106	 -0.895172	 2.15855	 2.15846	 2.15855	 2.15837	 2.1586	 
28.76	 -0.781	 0	 -0.99	 -0.77321	 -0.000212441	 -0.970781	 -0.764942	 -0.000350282	 -0.951763	 -0.756565	 -0.000467183	 -0.932792	 -0.748638	 -0.000652347	 -0.913631	 -0.740917	 -0.000875867	 -0.894384	 2.18617	 2.18609	 2.18618	 2.18599	 2.18622	 
28.77	 -0.781	 0	 -0.99	 -0.773085	 -5.19011e-005	 -0.970641	 -0.764728	 -0.000310433	 -0.95147	 -0.75627	 -0.000612241	 -0.932344	 -0.748226	 -0.000717356	 -0.91304	 -0.740374	 -0.000737649	 -0.893654	 2.21298	 2.21291	 2.21299	 2.21281	 2.21304	 
28.78	 -0.781	 0	 -0.99	 -0.772899	 6.95327e-005	 -0.970532	 -0.764506	 -0.000280939	 -0.951192	 -0.756039	 -0.000724245	 -0.931886	 -0.747838	 -0.000769779	 -0.912461	 -0.739768	 -0.000636168	 -0.89298	 2.23902	 2.23895	 2.23904	 2.23885	 2.23907	 
28.79	 -0.781	 0	 -0.99	 -0.772668	 0.000123149	 -0.97045	 -0.764264	 -0.000272113	 -0.950934	 -0.755838	 -0.00078177	 -0.931431	 -0.747472	 -0.00079859	 -0.911896	 -0.739142	 -0.000592511	 -0.892345	 2.26425	 2.26418	 2.26425	 2.26407	 2.26429	 
28.8	 -0.781	 0	 -0.99	 -0.772426	 0.000109661	 -0.97038	 -0.764014	 -0.000276837	 -0.950694	 -0.755639	 -0.000774071	 -0.930994	 -0.747115	 -0.00079968	 -0.911354	 -0.738524	 -0.000609412	 -0.891742	 2.28856	 2.28848	 2.28854	 2.28836	 2.28859	 
28.81	 -0.781	 0	 -0.99	 -0.772223	 3.9064e-005	 -0.970302	 -0.763789	 -0.000292267	 -0.950459	 -0.755429	 -0.000706735	 -0.930585	 -0.746744	 -0.00076841	 -0.910848	 -0.737915	 -0.000667048	 -0.891174	 2.31179	 2.3117	 2.31177	 2.31159	 2.31182	 
28.82	 -0.781	 0	 -0.99	 -0.772067	 -6.6647e-005	 -0.970214	 -0.763581	 -0.000312412	 -0.950233	 -0.755188	 -0.000599905	 -0.930214	 -0.746361	 -0.000716985	 -0.910382	 -0.737345	 -0.000752528	 -0.890633	 2.33381	 2.33371	 2.33377	 2.33359	 2.33382	 
28.83	 -0.781	 0	 -0.99	 -0.771948	 -0.00018477	 -0.970119	 -0.763374	 -0.000334815	 -0.950027	 -0.754904	 -0.000481746	 -0.929891	 -0.745975	 -0.000664265	 -0.909956	 -0.73684	 -0.000855758	 -0.890113	 2.35451	 2.3544	 2.35445	 2.35427	 2.35449	 
28.84	 -0.781	 0	 -0.99	 -0.771877	 -0.000300613	 -0.970012	 -0.763183	 -0.000363012	 -0.949833	 -0.754584	 -0.000376062	 -0.929613	 -0.745576	 -0.000616487	 -0.909575	 -0.736382	 -0.000953543	 -0.88962	 2.37389	 2.37377	 2.37382	 2.37363	 2.37384	 
28.85	 -0.781	 0	 -0.99	 -0.771847	 -0.000391436	 -0.969897	 -0.763008	 -0.000384377	 -0.949651	 -0.754238	 -0.000292091	 -0.929374	 -0.745167	 -0.000579002	 -0.909234	 -0.73596	 -0.00103153	 -0.889156	 2.39202	 2.39189	 2.39195	 2.39177	 2.39198	 
28.86	 -0.781	 0	 -0.99	 -0.771834	 -0.000444049	 -0.96978	 -0.762834	 -0.000392253	 -0.949483	 -0.753874	 -0.000234976	 -0.929167	 -0.744762	 -0.000552082	 -0.908923	 -0.735576	 -0.0010768	 -0.888715	 2.40905	 2.40894	 2.409	 2.40882	 2.40903	 
28.87	 -0.781	 0	 -0.99	 -0.771836	 -0.000463388	 -0.969664	 -0.76267	 -0.000395993	 -0.949325	 -0.753511	 -0.000212869	 -0.928982	 -0.744361	 -0.00053437	 -0.908639	 -0.735208	 -0.00108032	 -0.888301	 2.42511	 2.42501	 2.42507	 2.42488	 2.42509	 
28.88	 -0.781	 0	 -0.99	 -0.771842	 -0.000445668	 -0.969552	 -0.762519	 -0.000391606	 -0.949176	 -0.753164	 -0.000227412	 -0.928814	 -0.74397	 -0.000537771	 -0.908382	 -0.734842	 -0.00106143	 -0.887923	 2.44017	 2.44007	 2.44013	 2.43993	 2.44014	 
28.89	 -0.781	 0	 -0.99	 -0.771839	 -0.000395313	 -0.969453	 -0.762371	 -0.000379229	 -0.949043	 -0.752837	 -0.000274141	 -0.928662	 -0.743595	 -0.000563003	 -0.908152	 -0.734479	 -0.00102835	 -0.887587	 2.45403	 2.45393	 2.45399	 2.45378	 2.45398	 
28.9	 -0.781	 0	 -0.99	 -0.771811	 -0.000327179	 -0.969375	 -0.762216	 -0.000367767	 -0.948935	 -0.752536	 -0.000344137	 -0.928534	 -0.743246	 -0.000593602	 -0.907955	 -0.734127	 -0.000968571	 -0.887301	 2.46636	 2.46627	 2.46632	 2.46609	 2.46629	 
28.91	 -0.781	 0	 -0.99	 -0.771762	 -0.000242644	 -0.969321	 -0.762063	 -0.00034922	 -0.948854	 -0.752271	 -0.000422675	 -0.92843	 -0.74293	 -0.000624273	 -0.907799	 -0.733783	 -0.000888613	 -0.88708	 2.47681	 2.47672	 2.47675	 2.47651	 2.47669	 
28.92	 -0.781	 0	 -0.99	 -0.771707	 -0.00014928	 -0.969285	 -0.761932	 -0.000324403	 -0.948794	 -0.752055	 -0.000501819	 -0.928351	 -0.74264	 -0.00065391	 -0.907694	 -0.73343	 -0.000800705	 -0.886943	 2.48509	 2.48499	 2.48502	 2.48475	 2.48492	 
28.93	 -0.781	 0	 -0.99	 -0.77163	 -6.0176e-005	 -0.969276	 -0.761805	 -0.000302286	 -0.948766	 -0.75188	 -0.000580091	 -0.928303	 -0.742389	 -0.000683326	 -0.907637	 -0.733091	 -0.00071602	 -0.886882	 2.4911	 2.491	 2.49102	 2.49074	 2.49091	 
28.94	 -0.781	 0	 -0.99	 -0.771532	 1.96714e-005	 -0.969292	 -0.761679	 -0.00028271	 -0.948768	 -0.751743	 -0.00065192	 -0.928285	 -0.742175	 -0.000713658	 -0.907627	 -0.732771	 -0.000644986	 -0.886891	 2.49495	 2.49484	 2.49487	 2.49459	 2.49476	 
28.95	 -0.781	 0	 -0.99	 -0.771429	 8.27897e-005	 -0.969326	 -0.761569	 -0.000267154	 -0.948792	 -0.751642	 -0.000707605	 -0.928291	 -0.741985	 -0.000734425	 -0.907659	 -0.732455	 -0.000583793	 -0.886968	 2.4969	 2.49679	 2.49683	 2.49655	 2.49672	 
28.96	 -0.781	 0	 -0.99	 -0.77131	 0.000128056	 -0.969379	 -0.761458	 -0.000252016	 -0.948839	 -0.751567	 -0.000740266	 -0.928319	 -0.741829	 -0.00074411	 -0.907723	 -0.732163	 -0.000536991	 -0.887092	 2.49726	 2.49716	 2.4972	 2.49694	 2.49711	 
28.97	 -0.781	 0	 -0.99	 -0.771188	 0.000147343	 -0.969444	 -0.761355	 -0.000244551	 -0.948902	 -0.751516	 -0.000751377	 -0.928364	 -0.741697	 -0.000743321	 -0.907813	 -0.731891	 -0.000509693	 -0.887256	 2.49631	 2.49621	 2.49626	 2.49601	 2.49619	 
28.98	 -0.781	 0	 -0.99	 -0.771078	 0.000138506	 -0.969512	 -0.761272	 -0.000246433	 -0.948972	 -0.751484	 -0.000742976	 -0.928426	 -0.741578	 -0.000738404	 -0.907932	 -0.731628	 -0.000513561	 -0.887459	 2.4942	 2.49409	 2.49415	 2.4939	 2.49409	 
28.99	 -0.781	 0	 -0.99	 -0.770973	 0.000106886	 -0.969587	 -0.761193	 -0.000251977	 -0.949058	 -0.751458	 -0.000713464	 -0.928509	 -0.741478	 -0.000732591	 -0.908076	 -0.731398	 -0.000553246	 -0.88769	 2.49093	 2.49082	 2.49088	 2.49062	 2.49081	 
29	 -0.781	 0	 -0.99	 -0.770876	 4.73495e-005	 -0.969668	 -0.761116	 -0.000267206	 -0.949162	 -0.75143	 -0.000662097	 -0.928622	 -0.741395	 -0.000712446	 -0.908249	 -0.731209	 -0.000606482	 -0.887949	 2.4864	 2.48628	 2.48632	 2.48607	 2.48626	 
29.01	 -0.781	 0	 -0.99	 -0.770805	 -3.08184e-005	 -0.969747	 -0.761056	 -0.000284585	 -0.949279	 -0.751402	 -0.000587859	 -0.928766	 -0.741323	 -0.000677437	 -0.908458	 -0.73106	 -0.000668551	 -0.888241	 2.48044	 2.48031	 2.48035	 2.48009	 2.48027	 
29.02	 -0.781	 0	 -0.99	 -0.770767	 -0.000117819	 -0.969822	 -0.761018	 -0.000298435	 -0.949408	 -0.751373	 -0.000496409	 -0.928944	 -0.741265	 -0.000635998	 -0.908707	 -0.730954	 -0.000743085	 -0.88857	 2.47291	 2.47277	 2.47281	 2.47254	 2.47273	 
29.03	 -0.781	 0	 -0.99	 -0.770761	 -0.000213799	 -0.969894	 -0.760999	 -0.000317657	 -0.949553	 -0.751338	 -0.000401031	 -0.929162	 -0.741221	 -0.000590353	 -0.908997	 -0.730904	 -0.000820637	 -0.888933	 2.46372	 2.46357	 2.46361	 2.46333	 2.46352	 
29.04	 -0.781	 0	 -0.99	 -0.770786	 -0.000306067	 -0.969963	 -0.760994	 -0.000335985	 -0.949715	 -0.751296	 -0.000309188	 -0.929421	 -0.741197	 -0.000546444	 -0.909328	 -0.730917	 -0.000895356	 -0.889327	 2.45284	 2.45269	 2.45272	 2.45244	 2.45262	 
29.05	 -0.781	 0	 -0.99	 -0.77085	 -0.000381793	 -0.970024	 -0.761015	 -0.000347611	 -0.949889	 -0.751251	 -0.00022662	 -0.929719	 -0.741185	 -0.000504232	 -0.909702	 -0.730982	 -0.000953708	 -0.889756	 2.44028	 2.44013	 2.44016	 2.43988	 2.44006	 
29.06	 -0.781	 0	 -0.99	 -0.770941	 -0.000434356	 -0.970084	 -0.761053	 -0.000354487	 -0.950079	 -0.751205	 -0.000164583	 -0.930055	 -0.741195	 -0.000465341	 -0.910115	 -0.731109	 -0.000981693	 -0.890216	 2.42607	 2.42592	 2.42597	 2.42567	 2.42585	 
29.07	 -0.781	 0	 -0.99	 -0.771051	 -0.000452727	 -0.970146	 -0.761104	 -0.000354636	 -0.950286	 -0.751166	 -0.000136701	 -0.930424	 -0.741231	 -0.000443115	 -0.910562	 -0.73129	 -0.000982729	 -0.890708	 2.41023	 2.41008	 2.41012	 2.40981	 2.40999	 
29.08	 -0.781	 0	 -0.99	 -0.771182	 -0.000432284	 -0.970209	 -0.761184	 -0.000349848	 -0.950505	 -0.75115	 -0.000153337	 -0.930819	 -0.741288	 -0.000445357	 -0.91105	 -0.731499	 -0.000957831	 -0.891248	 2.39271	 2.39256	 2.3926	 2.39228	 2.39245	 
29.09	 -0.781	 0	 -0.99	 -0.771308	 -0.000368647	 -0.970286	 -0.761273	 -0.000336745	 -0.950743	 -0.751163	 -0.000214846	 -0.931238	 -0.741377	 -0.000473077	 -0.911573	 -0.731733	 -0.000905537	 -0.891839	 2.37345	 2.3733	 2.37334	 2.37301	 2.37318	 
29.1	 -0.781	 0	 -0.99	 -0.771407	 -0.000265	 -0.97039	 -0.761361	 -0.000313874	 -0.951008	 -0.751218	 -0.000313244	 -0.931677	 -0.741507	 -0.000518707	 -0.912128	 -0.731988	 -0.00082117	 -0.892485	 2.3524	 2.35226	 2.3523	 2.35197	 2.35213	 
29.11	 -0.781	 0	 -0.99	 -0.771473	 -0.000137485	 -0.970524	 -0.761455	 -0.000286981	 -0.951297	 -0.751331	 -0.000435341	 -0.932125	 -0.741677	 -0.000570624	 -0.912714	 -0.732235	 -0.00070652	 -0.893199	 2.3296	 2.32946	 2.32951	 2.32916	 2.32932	 
29.12	 -0.781	 0	 -0.99	 -0.771497	 -2.27178e-006	 -0.970691	 -0.761555	 -0.000255558	 -0.951607	 -0.751515	 -0.000560826	 -0.932574	 -0.741894	 -0.000626207	 -0.913327	 -0.732466	 -0.00058936	 -0.893983	 2.30513	 2.30499	 2.30505	 2.30469	 2.30485	 
29.13	 -0.781	 0	 -0.99	 -0.771472	 0.000111427	 -0.970894	 -0.761653	 -0.000227382	 -0.95194	 -0.751768	 -0.000665243	 -0.933021	 -0.74216	 -0.000676255	 -0.913958	 -0.732682	 -0.000496319	 -0.89483	 2.27918	 2.27904	 2.2791	 2.27875	 2.27891	 
29.14	 -0.781	 0	 -0.99	 -0.77141	 0.000168539	 -0.971126	 -0.761753	 -0.00021504	 -0.95229	 -0.752079	 -0.000720522	 -0.933466	 -0.742468	 -0.000700946	 -0.914605	 -0.73289	 -0.000443481	 -0.895728	 2.25197	 2.25183	 2.2519	 2.25155	 2.25172	 
29.15	 -0.781	 0	 -0.99	 -0.771339	 0.000150823	 -0.971371	 -0.761862	 -0.000216155	 -0.952652	 -0.752424	 -0.000698844	 -0.933916	 -0.742807	 -0.000688439	 -0.915267	 -0.733115	 -0.000450832	 -0.896657	 2.22368	 2.22354	 2.22362	 2.22328	 2.22346	 
29.16	 -0.781	 0	 -0.99	 -0.771296	 5.33412e-005	 -0.971611	 -0.761987	 -0.000230417	 -0.953021	 -0.752765	 -0.000592466	 -0.93439	 -0.743162	 -0.000635473	 -0.91595	 -0.73339	 -0.000526444	 -0.897598	 2.19442	 2.19428	 2.19436	 2.19402	 2.1942	 
29.17	 -0.781	 0	 -0.99	 -0.771322	 -0.000110458	 -0.971822	 -0.762138	 -0.00026163	 -0.953391	 -0.753063	 -0.000425535	 -0.934906	 -0.743515	 -0.000552198	 -0.916662	 -0.733753	 -0.000655123	 -0.898531	 2.16418	 2.16404	 2.16412	 2.16378	 2.16396	 
29.18	 -0.781	 0	 -0.99	 -0.771444	 -0.000293211	 -0.971992	 -0.762317	 -0.000301585	 -0.953762	 -0.753289	 -0.000248156	 -0.935482	 -0.743855	 -0.000465244	 -0.917412	 -0.734231	 -0.000802841	 -0.899443	 2.13292	 2.13277	 2.13285	 2.1325	 2.13268	 
29.19	 -0.781	 0	 -0.99	 -0.771666	 -0.000424402	 -0.972118	 -0.76253	 -0.000332187	 -0.954131	 -0.753444	 -0.000123995	 -0.936119	 -0.744177	 -0.000406202	 -0.918203	 -0.734819	 -0.000914608	 -0.900338	 2.10059	 2.10044	 2.10051	 2.10015	 2.10034	 
29.2	 -0.781	 0	 -0.99	 -0.771951	 -0.000440517	 -0.972219	 -0.762772	 -0.00033767	 -0.9545	 -0.753569	 -0.000110537	 -0.936794	 -0.744492	 -0.000398565	 -0.919027	 -0.73547	 -0.000928815	 -0.901237	 2.06724	 2.06709	 2.06716	 2.0668	 2.06698	 
29.21	 -0.781	 0	 -0.99	 -0.772216	 -0.000316105	 -0.972335	 -0.76302	 -0.000310769	 -0.954879	 -0.753732	 -0.000228788	 -0.937471	 -0.744834	 -0.000449931	 -0.919864	 -0.736119	 -0.000818688	 -0.902167	 2.03303	 2.03287	 2.03295	 2.03258	 2.03278	 
29.22	 -0.781	 0	 -0.99	 -0.772369	 -9.19046e-005	 -0.972512	 -0.763244	 -0.000257744	 -0.955279	 -0.754006	 -0.000436994	 -0.938104	 -0.74524	 -0.000544633	 -0.920687	 -0.736698	 -0.000624421	 -0.903157	 1.99818	 1.99803	 1.99812	 1.99776	 1.99796	 
29.23	 -0.781	 0	 -0.99	 -0.77237	 0.000120354	 -0.97277	 -0.763436	 -0.000204893	 -0.9557	 -0.754435	 -0.000631486	 -0.938667	 -0.745726	 -0.000636173	 -0.921479	 -0.737161	 -0.000443765	 -0.904219	 1.96295	 1.96281	 1.96292	 1.96256	 1.96276	 
29.24	 -0.781	 0	 -0.99	 -0.772266	 0.000186447	 -0.973085	 -0.763612	 -0.000186657	 -0.956134	 -0.754977	 -0.000689959	 -0.939174	 -0.746273	 -0.000664267	 -0.922246	 -0.737541	 -0.000385791	 -0.905333	 1.92755	 1.9274	 1.92753	 1.92717	 1.92737	 
29.25	 -0.781	 0	 -0.99	 -0.772186	 4.26976e-005	 -0.97339	 -0.763798	 -0.000218029	 -0.956564	 -0.75551	 -0.000551379	 -0.939688	 -0.746823	 -0.000597673	 -0.923014	 -0.73795	 -0.000502391	 -0.906437	 1.89202	 1.89188	 1.89201	 1.89166	 1.89186	 
29.26	 -0.781	 0	 -0.99	 -0.772274	 -0.000230811	 -0.97361	 -0.764026	 -0.000279146	 -0.956975	 -0.755892	 -0.00028744	 -0.940281	 -0.747311	 -0.000468688	 -0.923818	 -0.738514	 -0.000727785	 -0.907468	 1.85634	 1.8562	 1.85633	 1.85597	 1.85618	 
29.27	 -0.781	 0	 -0.99	 -0.772579	 -0.0004318	 -0.973722	 -0.76431	 -0.000323439	 -0.957361	 -0.756081	 -8.98632e-005	 -0.940981	 -0.747712	 -0.000367906	 -0.924675	 -0.739271	 -0.000890744	 -0.908411	 1.82038	 1.82023	 1.82036	 1.81999	 1.82021	 
29.28	 -0.781	 0	 -0.99	 -0.772969	 -0.000376598	 -0.973791	 -0.764622	 -0.000309368	 -0.95774	 -0.756204	 -0.000136591	 -0.941725	 -0.748085	 -0.000383722	 -0.925561	 -0.740108	 -0.000837619	 -0.909328	 1.78397	 1.78382	 1.78394	 1.78357	 1.78378	 
29.29	 -0.781	 0	 -0.99	 -0.773204	 -8.45994e-005	 -0.973942	 -0.764906	 -0.000241026	 -0.95814	 -0.756488	 -0.000411675	 -0.9424	 -0.748541	 -0.000514276	 -0.92642	 -0.740826	 -0.000589503	 -0.910324	 1.74705	 1.74689	 1.747	 1.74662	 1.74683	 
29.3	 -0.781	 0	 -0.99	 -0.773155	 0.000175261	 -0.974241	 -0.765125	 -0.000179493	 -0.95858	 -0.757048	 -0.000658768	 -0.942945	 -0.749139	 -0.000637356	 -0.927221	 -0.741318	 -0.000373101	 -0.911453	 1.70967	 1.7095	 1.7096	 1.70922	 1.70944	 
29.31	 -0.781	 0	 -0.99	 -0.772983	 0.000112621	 -0.974606	 -0.765312	 -0.000191786	 -0.95904	 -0.75772	 -0.000597629	 -0.943437	 -0.749798	 -0.000610342	 -0.927997	 -0.741719	 -0.000425569	 -0.912638	 1.672	 1.67185	 1.67198	 1.67159	 1.67182	 
29.32	 -0.781	 0	 -0.99	 -0.773037	 -0.000232566	 -0.974858	 -0.765549	 -0.000269916	 -0.959475	 -0.758177	 -0.000263571	 -0.944034	 -0.750356	 -0.000442451	 -0.928821	 -0.742312	 -0.00070743	 -0.913723	 1.63444	 1.63431	 1.63446	 1.63408	 1.6343	 
29.33	 -0.781	 0	 -0.99	 -0.773436	 -0.000444253	 -0.974932	 -0.765869	 -0.000318317	 -0.959859	 -0.758306	 -5.54892e-005	 -0.944786	 -0.750748	 -0.000330685	 -0.929713	 -0.743188	 -0.000873049	 -0.914646	 1.59742	 1.59729	 1.59744	 1.59708	 1.59732	 
29.34	 -0.781	 0	 -0.99	 -0.773839	 -0.000213913	 -0.974993	 -0.766192	 -0.000262672	 -0.960229	 -0.758429	 -0.000268815	 -0.945522	 -0.751128	 -0.000429859	 -0.930585	 -0.744057	 -0.000673257	 -0.915537	 1.56131	 1.56117	 1.56134	 1.561	 1.56127	 
29.35	 -0.781	 0	 -0.99	 -0.773837	 0.00016036	 -0.975248	 -0.766415	 -0.000169966	 -0.960629	 -0.75893	 -0.000617915	 -0.946044	 -0.751689	 -0.000603519	 -0.931332	 -0.744576	 -0.000360342	 -0.916558	 1.52644	 1.52631	 1.52648	 1.52616	 1.52642	 
29.36	 -0.781	 0	 -0.99	 -0.773599	 0.000100364	 -0.975613	 -0.766578	 -0.000180571	 -0.96104	 -0.759648	 -0.000556604	 -0.946425	 -0.752355	 -0.00057487	 -0.931984	 -0.744887	 -0.000409537	 -0.917632	 1.49297	 1.49285	 1.49304	 1.49271	 1.49297	 
29.37	 -0.781	 0	 -0.99	 -0.773717	 -0.000325903	 -0.975793	 -0.766821	 -0.000283905	 -0.961391	 -0.760017	 -0.000153942	 -0.946943	 -0.752843	 -0.000370416	 -0.93268	 -0.74548	 -0.000757672	 -0.918515	 1.46094	 1.46085	 1.46106	 1.46073	 1.46099	 
29.38	 -0.781	 0	 -0.99	 -0.774221	 -0.000384902	 -0.975769	 -0.767146	 -0.000299618	 -0.961679	 -0.759997	 -9.69917e-005	 -0.947626	 -0.753121	 -0.000335072	 -0.933441	 -0.74638	 -0.000799051	 -0.919194	 1.43039	 1.43026	 1.43046	 1.43013	 1.43041	 
29.39	 -0.781	 0	 -0.99	 -0.774409	 5.85127e-005	 -0.975888	 -0.767385	 -0.000188278	 -0.96199	 -0.760252	 -0.00050776	 -0.948147	 -0.753524	 -0.000539394	 -0.934102	 -0.747006	 -0.000429384	 -0.919957	 1.40114	 1.40099	 1.40117	 1.40086	 1.40115	 
29.4	 -0.781	 0	 -0.99	 -0.774112	 0.000160857	 -0.976238	 -0.767501	 -0.000160159	 -0.962343	 -0.760958	 -0.000601473	 -0.948419	 -0.754153	 -0.000590466	 -0.934616	 -0.747221	 -0.000346392	 -0.920877	 1.37309	 1.37296	 1.37316	 1.37283	 1.37311	 
29.41	 -0.781	 0	 -0.99	 -0.77414	 -0.000304631	 -0.976424	 -0.767695	 -0.000276435	 -0.962643	 -0.761355	 -0.000167744	 -0.948813	 -0.754623	 -0.000371664	 -0.935173	 -0.74769	 -0.000731026	 -0.921634	 1.3462	 1.3461	 1.3463	 1.34597	 1.34624	 
29.42	 -0.781	 0	 -0.99	 -0.774676	 -0.000361348	 -0.976353	 -0.768011	 -0.000292869	 -0.962866	 -0.761263	 -0.000115808	 -0.94942	 -0.754831	 -0.000341947	 -0.935823	 -0.748561	 -0.000778045	 -0.922153	 1.32052	 1.32039	 1.32059	 1.32026	 1.32055	 
29.43	 -0.781	 0	 -0.99	 -0.774772	 0.000132226	 -0.976482	 -0.76821	 -0.000170443	 -0.963127	 -0.761564	 -0.000579709	 -0.949815	 -0.755228	 -0.000580863	 -0.936349	 -0.749056	 -0.000375675	 -0.922806	 1.29605	 1.2959	 1.29608	 1.29578	 1.29608	 
29.44	 -0.781	 0	 -0.99	 -0.774417	 4.68928e-005	 -0.976821	 -0.768283	 -0.00018935	 -0.96343	 -0.762263	 -0.000499016	 -0.949988	 -0.755823	 -0.000543717	 -0.936741	 -0.749171	 -0.000447018	 -0.923596	 1.27283	 1.27272	 1.27293	 1.27261	 1.27289	 
29.45	 -0.781	 0	 -0.99	 -0.774682	 -0.000426796	 -0.976858	 -0.768508	 -0.000305902	 -0.963642	 -0.762376	 -4.9579e-005	 -0.950406	 -0.756111	 -0.000307634	 -0.937236	 -0.749774	 -0.000829402	 -0.924106	 1.25106	 1.25096	 1.25118	 1.25086	 1.25117	 
29.46	 -0.781	 0	 -0.99	 -0.775152	 -0.000119634	 -0.97678	 -0.768788	 -0.000230329	 -0.963802	 -0.762294	 -0.000335776	 -0.950886	 -0.756282	 -0.000449407	 -0.937742	 -0.750518	 -0.000572712	 -0.924485	 1.23095	 1.23082	 1.23102	 1.23073	 1.23104	 
29.47	 -0.781	 0	 -0.99	 -0.774855	 0.000198833	 -0.97705	 -0.768859	 -0.000148738	 -0.964034	 -0.762897	 -0.000633466	 -0.951005	 -0.756791	 -0.000606131	 -0.938036	 -0.750615	 -0.000312459	 -0.925101	 1.21266	 1.21254	 1.21276	 1.21248	 1.2128	 
29.48	 -0.781	 0	 -0.99	 -0.774774	 -0.0003061	 -0.977209	 -0.768962	 -0.000273439	 -0.964221	 -0.763257	 -0.000158115	 -0.951185	 -0.757165	 -0.000360737	 -0.938329	 -0.750871	 -0.000724218	 -0.925571	 1.19645	 1.19637	 1.19662	 1.19633	 1.19664	 
29.49	 -0.781	 0	 -0.99	 -0.775329	 -0.000287881	 -0.977053	 -0.769221	 -0.000272952	 -0.964303	 -0.763006	 -0.000179639	 -0.951603	 -0.757203	 -0.000369175	 -0.938714	 -0.751613	 -0.00070941	 -0.925731	 1.18258	 1.18248	 1.18272	 1.18246	 1.1828	 
29.5	 -0.781	 0	 -0.99	 -0.77519	 0.000206173	 -0.977196	 -0.7693	 -0.000148746	 -0.964432	 -0.763389	 -0.000644593	 -0.951682	 -0.757551	 -0.000614765	 -0.938889	 -0.751758	 -0.000311941	 -0.926078	 1.17107	 1.17097	 1.1712	 1.17095	 1.17129	 
29.51	 -0.781	 0	 -0.99	 -0.774916	 -0.000197956	 -0.977391	 -0.769329	 -0.000249511	 -0.964554	 -0.763869	 -0.000267579	 -0.95166	 -0.757941	 -0.00042388	 -0.938977	 -0.751772	 -0.000647139	 -0.926409	 1.16178	 1.16171	 1.16197	 1.1617	 1.16202	 
29.52	 -0.781	 0	 -0.99	 -0.775439	 -0.000365264	 -0.977208	 -0.769545	 -0.000297425	 -0.964561	 -0.763572	 -0.000118718	 -0.951951	 -0.75791	 -0.000345818	 -0.9392	 -0.75241	 -0.000787321	 -0.926382	 1.15457	 1.15447	 1.15471	 1.15446	 1.1548	 
29.53	 -0.781	 0	 -0.99	 -0.775416	 0.000177233	 -0.977253	 -0.769624	 -0.00016255	 -0.964603	 -0.763778	 -0.000631402	 -0.95198	 -0.758126	 -0.000616483	 -0.939263	 -0.75258	 -0.000351927	 -0.926499	 1.14911	 1.149	 1.14921	 1.14896	 1.14929	 
29.54	 -0.781	 0	 -0.99	 -0.775049	 -0.000132685	 -0.977448	 -0.76961	 -0.000241444	 -0.964667	 -0.764299	 -0.000346626	 -0.95183	 -0.758503	 -0.00047475	 -0.939207	 -0.752457	 -0.000610089	 -0.9267	 1.14512	 1.14504	 1.14527	 1.145	 1.14532	 
29.55	 -0.781	 0	 -0.99	 -0.775522	 -0.000402097	 -0.977258	 -0.769791	 -0.000312911	 -0.964623	 -0.763997	 -9.81894e-005	 -0.952017	 -0.758439	 -0.000342826	 -0.939307	 -0.753	 -0.000829232	 -0.926551	 1.14261	 1.14251	 1.14273	 1.14246	 1.1428	 
29.56	 -0.781	 0	 -0.99	 -0.775569	 0.000147632	 -0.97724	 -0.769857	 -0.000172312	 -0.964608	 -0.764073	 -0.000609004	 -0.95201	 -0.758553	 -0.000607822	 -0.939289	 -0.753178	 -0.000380914	 -0.926505	 1.1416	 1.14148	 1.14169	 1.14144	 1.14178	 
29.57	 -0.781	 0	 -0.99	 -0.775146	 -8.13886e-005	 -0.977423	 -0.769801	 -0.00022722	 -0.964624	 -0.764584	 -0.000392396	 -0.951769	 -0.758891	 -0.000497747	 -0.93912	 -0.752951	 -0.000566464	 -0.926583	 1.14222	 1.14214	 1.14237	 1.14212	 1.14244	 
29.58	 -0.781	 0	 -0.99	 -0.775563	 -0.000418753	 -0.977226	 -0.769947	 -0.000312777	 -0.964524	 -0.764288	 -7.40054e-005	 -0.951841	 -0.758793	 -0.000326569	 -0.939088	 -0.753382	 -0.000836694	 -0.926304	 1.14478	 1.1447	 1.14493	 1.1447	 1.14504	 
29.59	 -0.781	 0	 -0.99	 -0.775677	 0.000112641	 -0.977138	 -0.770004	 -0.000179677	 -0.964431	 -0.764241	 -0.000572121	 -0.951765	 -0.758803	 -0.000585581	 -0.938951	 -0.75354	 -0.000404974	 -0.926064	 1.14947	 1.14937	 1.14959	 1.14939	 1.14974	 
29.6	 -0.781	 0	 -0.99	 -0.775207	 -2.18149e-005	 -0.977293	 -0.769898	 -0.000214397	 -0.964377	 -0.764713	 -0.000452235	 -0.951411	 -0.759072	 -0.000530199	 -0.938636	 -0.753198	 -0.000520497	 -0.925963	 1.15638	 1.15632	 1.15656	 1.15635	 1.15669	 
29.61	 -0.781	 0	 -0.99	 -0.775522	 -0.000436072	 -0.977095	 -0.769983	 -0.000321756	 -0.964209	 -0.764432	 -6.82366e-005	 -0.951329	 -0.758937	 -0.000330252	 -0.938426	 -0.753469	 -0.000861155	 -0.925518	 1.16566	 1.1656	 1.16585	 1.16566	 1.166	 
29.62	 -0.781	 0	 -0.99	 -0.775737	 3.47779e-005	 -0.976916	 -0.770034	 -0.000206002	 -0.964019	 -0.76422	 -0.000513421	 -0.951172	 -0.758815	 -0.000562177	 -0.938146	 -0.753626	 -0.000480911	 -0.92503	 1.17735	 1.17726	 1.1775	 1.17732	 1.17768	 
29.63	 -0.781	 0	 -0.99	 -0.775245	 7.42739e-005	 -0.977024	 -0.769889	 -0.000193541	 -0.963881	 -0.764632	 -0.000549612	 -0.950698	 -0.759003	 -0.000585406	 -0.937666	 -0.753185	 -0.000450888	 -0.924716	 1.19133	 1.19127	 1.19151	 1.19133	 1.19167	 
29.64	 -0.781	 0	 -0.99	 -0.775364	 -0.000417822	 -0.976862	 -0.769888	 -0.000315237	 -0.963651	 -0.764456	 -8.37222e-005	 -0.950422	 -0.758876	 -0.000340634	 -0.937256	 -0.753217	 -0.000848536	 -0.924129	 1.20749	 1.20744	 1.20768	 1.2075	 1.20785	 
29.65	 -0.781	 0	 -0.99	 -0.775726	 -0.000125384	 -0.976579	 -0.769948	 -0.000243772	 -0.963367	 -0.764044	 -0.000357864	 -0.95021	 -0.75861	 -0.000478122	 -0.936853	 -0.753421	 -0.000606529	 -0.923397	 1.2256	 1.22552	 1.22574	 1.22556	 1.22591	 
29.66	 -0.781	 0	 -0.99	 -0.77534	 0.000180548	 -0.976597	 -0.76981	 -0.0001662	 -0.963144	 -0.764309	 -0.000645066	 -0.949682	 -0.758683	 -0.000630058	 -0.936265	 -0.752996	 -0.000359035	 -0.922873	 1.24521	 1.24513	 1.24534	 1.24516	 1.2455	 
29.67	 -0.781	 0	 -0.99	 -0.775132	 -0.000268286	 -0.97654	 -0.769703	 -0.000279073	 -0.962895	 -0.764385	 -0.000228117	 -0.949205	 -0.758653	 -0.000419389	 -0.935685	 -0.752707	 -0.000731179	 -0.922258	 1.26591	 1.26585	 1.26606	 1.26586	 1.26619	 
29.68	 -0.781	 0	 -0.99	 -0.775531	 -0.00036397	 -0.976223	 -0.769743	 -0.000308953	 -0.962573	 -0.763879	 -0.000147845	 -0.948955	 -0.758313	 -0.000379294	 -0.935214	 -0.752899	 -0.00081535	 -0.921416	 1.2874	 1.28732	 1.2875	 1.2873	 1.28763	 
29.69	 -0.781	 0	 -0.99	 -0.775505	 0.000103124	 -0.976073	 -0.769678	 -0.00019555	 -0.962286	 -0.763767	 -0.000592294	 -0.948535	 -0.758166	 -0.000611358	 -0.934651	 -0.752729	 -0.000440091	 -0.920701	 1.30941	 1.30931	 1.30948	 1.30928	 1.3096	 
29.7	 -0.781	 0	 -0.99	 -0.775048	 5.25996e-005	 -0.976101	 -0.769501	 -0.000207892	 -0.962038	 -0.764052	 -0.000548246	 -0.947938	 -0.758219	 -0.000595412	 -0.933989	 -0.752195	 -0.000488301	 -0.92012	 1.3319	 1.33182	 1.33199	 1.33179	 1.33211	 
29.71	 -0.781	 0	 -0.99	 -0.77509	 -0.000388524	 -0.975923	 -0.769437	 -0.000319309	 -0.961736	 -0.763849	 -0.00013846	 -0.947523	 -0.758018	 -0.000387826	 -0.933411	 -0.752059	 -0.000854048	 -0.919355	 1.35506	 1.35499	 1.35517	 1.35498	 1.35529	 
29.72	 -0.781	 0	 -0.99	 -0.775436	 -0.000280757	 -0.97561	 -0.769442	 -0.000295082	 -0.961391	 -0.763343	 -0.000241536	 -0.947216	 -0.757648	 -0.000438725	 -0.932876	 -0.752158	 -0.000767928	 -0.918457	 1.37918	 1.3791	 1.37928	 1.3791	 1.37943	 
29.73	 -0.781	 0	 -0.99	 -0.775286	 0.00013304	 -0.975487	 -0.769322	 -0.000193637	 -0.96108	 -0.763293	 -0.000632631	 -0.9467	 -0.757499	 -0.000640322	 -0.932219	 -0.75183	 -0.000431598	 -0.917688	 1.40451	 1.40444	 1.40462	 1.40446	 1.40478	 
29.74	 -0.781	 0	 -0.99	 -0.774859	 4.10509e-005	 -0.975471	 -0.769126	 -0.000216383	 -0.96078	 -0.76349	 -0.00054979	 -0.94605	 -0.757468	 -0.000603417	 -0.931472	 -0.751255	 -0.000510695	 -0.916972	 1.43123	 1.43117	 1.43137	 1.43122	 1.43154	 
29.75	 -0.781	 0	 -0.99	 -0.774855	 -0.000361026	 -0.975276	 -0.769024	 -0.00031506	 -0.960422	 -0.763269	 -0.000171426	 -0.945537	 -0.757217	 -0.000411356	 -0.930773	 -0.751011	 -0.000841382	 -0.916074	 1.45938	 1.45933	 1.45953	 1.45939	 1.45971	 
29.76	 -0.781	 0	 -0.99	 -0.775157	 -0.000355632	 -0.974946	 -0.768988	 -0.000314079	 -0.960019	 -0.76274	 -0.000173978	 -0.945124	 -0.756796	 -0.000407786	 -0.930108	 -0.751003	 -0.000833327	 -0.915034	 1.48882	 1.48876	 1.48895	 1.48881	 1.48913	 
29.77	 -0.781	 0	 -0.99	 -0.775145	 2.17099e-005	 -0.974732	 -0.768867	 -0.000222542	 -0.959635	 -0.762487	 -0.000529296	 -0.944581	 -0.756503	 -0.000585427	 -0.929364	 -0.75072	 -0.000520244	 -0.914066	 1.51927	 1.5192	 1.51937	 1.51923	 1.51955	 
29.78	 -0.781	 0	 -0.99	 -0.774754	 0.000158521	 -0.974667	 -0.768648	 -0.00018985	 -0.959281	 -0.762576	 -0.000662016	 -0.943884	 -0.756374	 -0.000657106	 -0.928532	 -0.750112	 -0.000412392	 -0.913205	 1.55044	 1.55038	 1.55055	 1.55039	 1.5507	 
29.79	 -0.781	 0	 -0.99	 -0.774482	 -0.000129122	 -0.974554	 -0.768453	 -0.000262047	 -0.95891	 -0.762546	 -0.000398542	 -0.94322	 -0.75618	 -0.00053283	 -0.92771	 -0.749587	 -0.000660998	 -0.912294	 1.58215	 1.58208	 1.58224	 1.58208	 1.58238	 
29.8	 -0.781	 0	 -0.99	 -0.774593	 -0.000416193	 -0.974284	 -0.768348	 -0.000336756	 -0.958498	 -0.762147	 -0.000139223	 -0.942694	 -0.755795	 -0.000409071	 -0.926953	 -0.749363	 -0.000908486	 -0.911248	 1.61427	 1.6142	 1.61435	 1.6142	 1.6145	 
29.81	 -0.781	 0	 -0.99	 -0.774815	 -0.000335367	 -0.973964	 -0.768265	 -0.000322595	 -0.95807	 -0.76163	 -0.000224357	 -0.942211	 -0.755339	 -0.000452678	 -0.926214	 -0.749216	 -0.000845682	 -0.910154	 1.64679	 1.64672	 1.64687	 1.64672	 1.64702	 
29.82	 -0.781	 0	 -0.99	 -0.774778	 -1.62241e-005	 -0.973742	 -0.768113	 -0.000247205	 -0.957664	 -0.761342	 -0.000525709	 -0.941629	 -0.754986	 -0.000600036	 -0.925424	 -0.748837	 -0.00057943	 -0.909137	 1.67971	 1.67964	 1.67979	 1.67964	 1.67993	 
29.83	 -0.781	 0	 -0.99	 -0.774454	 0.000160589	 -0.973635	 -0.767887	 -0.000201718	 -0.957282	 -0.761311	 -0.000687294	 -0.940935	 -0.754752	 -0.000678638	 -0.924575	 -0.748208	 -0.0004291	 -0.908208	 1.71299	 1.71292	 1.71308	 1.71293	 1.71322	 
29.84	 -0.781	 0	 -0.99	 -0.774122	 2.31322e-005	 -0.973532	 -0.767653	 -0.000231172	 -0.956901	 -0.761278	 -0.000553878	 -0.940233	 -0.754512	 -0.000614825	 -0.923719	 -0.747559	 -0.00054322	 -0.907281	 1.74654	 1.74647	 1.74662	 1.74648	 1.74677	 
29.85	 -0.781	 0	 -0.99	 -0.774019	 -0.000264257	 -0.973337	 -0.767468	 -0.000299163	 -0.956498	 -0.761018	 -0.00028274	 -0.939619	 -0.754156	 -0.000484206	 -0.922906	 -0.747093	 -0.000786151	 -0.906276	 1.78023	 1.78016	 1.7803	 1.78016	 1.78045	 
29.86	 -0.781	 0	 -0.99	 -0.774133	 -0.000427821	 -0.973053	 -0.76733	 -0.000339062	 -0.956076	 -0.760542	 -0.000129691	 -0.939092	 -0.753689	 -0.000409103	 -0.922137	 -0.746802	 -0.000923906	 -0.905199	 1.81394	 1.81387	 1.814	 1.81386	 1.81414	 
29.87	 -0.781	 0	 -0.99	 -0.774269	 -0.000343611	 -0.972759	 -0.767191	 -0.000320175	 -0.955654	 -0.760034	 -0.000209265	 -0.938582	 -0.753203	 -0.000444797	 -0.921379	 -0.746526	 -0.000850778	 -0.904117	 1.84758	 1.84751	 1.84764	 1.84749	 1.84777	 
29.88	 -0.781	 0	 -0.99	 -0.774245	 -0.000101644	 -0.972528	 -0.767012	 -0.000263523	 -0.95525	 -0.75967	 -0.00043616	 -0.938017	 -0.752782	 -0.00055166	 -0.920598	 -0.746111	 -0.000645841	 -0.903093	 1.88112	 1.88106	 1.88118	 1.88103	 1.8813	 
29.89	 -0.781	 0	 -0.99	 -0.77403	 0.0001083	 -0.972376	 -0.766791	 -0.000214049	 -0.954865	 -0.759488	 -0.000634984	 -0.937381	 -0.752442	 -0.000648515	 -0.919788	 -0.745521	 -0.000470699	 -0.902144	 1.91456	 1.91449	 1.91462	 1.91447	 1.91474	 
29.9	 -0.781	 0	 -0.99	 -0.773723	 0.000151975	 -0.972264	 -0.76655	 -0.000205052	 -0.954489	 -0.759395	 -0.00068089	 -0.936709	 -0.752136	 -0.000675322	 -0.918966	 -0.744836	 -0.000439422	 -0.901239	 1.94788	 1.94782	 1.94794	 1.94779	 1.94807	 
29.91	 -0.781	 0	 -0.99	 -0.773455	 2.27288e-005	 -0.972139	 -0.766311	 -0.000236793	 -0.954116	 -0.759252	 -0.000563686	 -0.936059	 -0.751804	 -0.000624842	 -0.918158	 -0.74418	 -0.000555756	 -0.90033	 1.98105	 1.98098	 1.9811	 1.98096	 1.98123	 
29.92	 -0.781	 0	 -0.99	 -0.773308	 -0.000187875	 -0.971967	 -0.766088	 -0.000284905	 -0.95374	 -0.758974	 -0.000365166	 -0.935469	 -0.75141	 -0.000533232	 -0.917383	 -0.743633	 -0.000736333	 -0.899385	 2.01399	 2.0139	 2.01402	 2.01388	 2.01414	 
29.93	 -0.781	 0	 -0.99	 -0.773293	 -0.000364356	 -0.971743	 -0.76589	 -0.000324629	 -0.953358	 -0.758561	 -0.000195038	 -0.934943	 -0.750947	 -0.000449607	 -0.916646	 -0.743192	 -0.000880643	 -0.89841	 2.04655	 2.04646	 2.04658	 2.04643	 2.04669	 
29.94	 -0.781	 0	 -0.99	 -0.773356	 -0.000430796	 -0.97149	 -0.765714	 -0.000339579	 -0.952975	 -0.758077	 -0.000128917	 -0.934458	 -0.750441	 -0.000412467	 -0.915942	 -0.742799	 -0.00092723	 -0.897433	 2.07859	 2.07851	 2.07861	 2.07846	 2.07871	 
29.95	 -0.781	 0	 -0.99	 -0.773415	 -0.000372497	 -0.971242	 -0.765539	 -0.00032644	 -0.9526	 -0.7576	 -0.000183031	 -0.933985	 -0.749936	 -0.000434567	 -0.915258	 -0.742395	 -0.000873385	 -0.896483	 2.10997	 2.1099	 2.10999	 2.10983	 2.11007	 
29.96	 -0.781	 0	 -0.99	 -0.773404	 -0.000226196	 -0.971027	 -0.765347	 -0.000293423	 -0.952244	 -0.757187	 -0.000321596	 -0.933505	 -0.74946	 -0.000500052	 -0.914585	 -0.741932	 -0.000753888	 -0.895584	 2.14057	 2.1405	 2.14059	 2.14041	 2.14065	 
29.97	 -0.781	 0	 -0.99	 -0.773299	 -5.55109e-005	 -0.970857	 -0.765133	 -0.000254494	 -0.951909	 -0.75686	 -0.000483772	 -0.933007	 -0.749023	 -0.000576752	 -0.91392	 -0.741391	 -0.000611524	 -0.894749	 2.17031	 2.17024	 2.17033	 2.17015	 2.17038	 
29.98	 -0.781	 0	 -0.99	 -0.773109	 8.23809e-005	 -0.970729	 -0.764896	 -0.000223563	 -0.951596	 -0.75661	 -0.000613641	 -0.932496	 -0.748627	 -0.000634289	 -0.913264	 -0.740786	 -0.000489922	 -0.893973	 2.19916	 2.19909	 2.19916	 2.19899	 2.19922	 
29.99	 -0.781	 0	 -0.99	 -0.772876	 0.000153859	 -0.970627	 -0.764657	 -0.000205076	 -0.951298	 -0.756412	 -0.000677692	 -0.931982	 -0.748253	 -0.000663153	 -0.912625	 -0.740138	 -0.00042713	 -0.893249	 2.22708	 2.227	 2.22708	 2.2269	 2.22713	 
